[2026-03-27T17:29:16.107+0000] {processor.py:161} INFO - Started process (PID=167) to work on /opt/airflow/dags/dag-dbt-transformation-pipeline.py
[2026-03-27T17:29:16.110+0000] {processor.py:830} INFO - Processing file /opt/airflow/dags/dag-dbt-transformation-pipeline.py for tasks to queue
[2026-03-27T17:29:16.117+0000] {logging_mixin.py:188} INFO - [2026-03-27T17:29:16.116+0000] {dagbag.py:545} INFO - Filling up the DagBag from /opt/airflow/dags/dag-dbt-transformation-pipeline.py
[2026-03-27T17:29:16.201+0000] {processor.py:840} INFO - DAG(s) 'dbt_transformation_pipeline' retrieved from /opt/airflow/dags/dag-dbt-transformation-pipeline.py
[2026-03-27T17:29:16.741+0000] {logging_mixin.py:188} INFO - [2026-03-27T17:29:16.740+0000] {override.py:1858} INFO - Created Permission View: can edit on DAG:dbt_transformation_pipeline
[2026-03-27T17:29:16.759+0000] {logging_mixin.py:188} INFO - [2026-03-27T17:29:16.758+0000] {override.py:1858} INFO - Created Permission View: can read on DAG:dbt_transformation_pipeline
[2026-03-27T17:29:16.772+0000] {logging_mixin.py:188} INFO - [2026-03-27T17:29:16.771+0000] {override.py:1858} INFO - Created Permission View: can delete on DAG:dbt_transformation_pipeline
[2026-03-27T17:29:16.773+0000] {logging_mixin.py:188} INFO - [2026-03-27T17:29:16.773+0000] {dag.py:3089} INFO - Sync 1 DAGs
[2026-03-27T17:29:16.793+0000] {logging_mixin.py:188} INFO - [2026-03-27T17:29:16.793+0000] {dag.py:3111} INFO - Creating ORM DAG for dbt_transformation_pipeline
[2026-03-27T17:29:16.817+0000] {logging_mixin.py:188} INFO - [2026-03-27T17:29:16.817+0000] {dag.py:3947} INFO - Setting next_dagrun for dbt_transformation_pipeline to 2026-03-27 17:10:00+00:00, run_after=2026-03-27 17:20:00+00:00
[2026-03-27T17:29:16.855+0000] {processor.py:183} INFO - Processing /opt/airflow/dags/dag-dbt-transformation-pipeline.py took 0.763 seconds
[2026-03-27T17:29:47.151+0000] {processor.py:161} INFO - Started process (PID=192) to work on /opt/airflow/dags/dag-dbt-transformation-pipeline.py
[2026-03-27T17:29:47.155+0000] {processor.py:830} INFO - Processing file /opt/airflow/dags/dag-dbt-transformation-pipeline.py for tasks to queue
[2026-03-27T17:29:47.161+0000] {logging_mixin.py:188} INFO - [2026-03-27T17:29:47.160+0000] {dagbag.py:545} INFO - Filling up the DagBag from /opt/airflow/dags/dag-dbt-transformation-pipeline.py
[2026-03-27T17:29:47.226+0000] {processor.py:840} INFO - DAG(s) 'dbt_transformation_pipeline' retrieved from /opt/airflow/dags/dag-dbt-transformation-pipeline.py
[2026-03-27T17:29:47.304+0000] {logging_mixin.py:188} INFO - [2026-03-27T17:29:47.304+0000] {dag.py:3089} INFO - Sync 1 DAGs
[2026-03-27T17:29:47.359+0000] {logging_mixin.py:188} INFO - [2026-03-27T17:29:47.359+0000] {dag.py:3947} INFO - Setting next_dagrun for dbt_transformation_pipeline to 2026-03-27 17:10:00+00:00, run_after=2026-03-27 17:20:00+00:00
[2026-03-27T17:29:47.401+0000] {processor.py:183} INFO - Processing /opt/airflow/dags/dag-dbt-transformation-pipeline.py took 0.265 seconds
[2026-03-27T17:30:17.854+0000] {processor.py:161} INFO - Started process (PID=226) to work on /opt/airflow/dags/dag-dbt-transformation-pipeline.py
[2026-03-27T17:30:17.857+0000] {processor.py:830} INFO - Processing file /opt/airflow/dags/dag-dbt-transformation-pipeline.py for tasks to queue
[2026-03-27T17:30:17.864+0000] {logging_mixin.py:188} INFO - [2026-03-27T17:30:17.863+0000] {dagbag.py:545} INFO - Filling up the DagBag from /opt/airflow/dags/dag-dbt-transformation-pipeline.py
[2026-03-27T17:30:17.925+0000] {processor.py:840} INFO - DAG(s) 'dbt_transformation_pipeline' retrieved from /opt/airflow/dags/dag-dbt-transformation-pipeline.py
[2026-03-27T17:30:18.023+0000] {logging_mixin.py:188} INFO - [2026-03-27T17:30:18.022+0000] {dag.py:3089} INFO - Sync 1 DAGs
[2026-03-27T17:30:18.102+0000] {logging_mixin.py:188} INFO - [2026-03-27T17:30:18.102+0000] {dag.py:3947} INFO - Setting next_dagrun for dbt_transformation_pipeline to 2026-03-27 17:30:00+00:00, run_after=2026-03-27 17:40:00+00:00
[2026-03-27T17:30:18.151+0000] {processor.py:183} INFO - Processing /opt/airflow/dags/dag-dbt-transformation-pipeline.py took 0.317 seconds
[2026-03-27T17:30:48.463+0000] {processor.py:161} INFO - Started process (PID=257) to work on /opt/airflow/dags/dag-dbt-transformation-pipeline.py
[2026-03-27T17:30:48.466+0000] {processor.py:830} INFO - Processing file /opt/airflow/dags/dag-dbt-transformation-pipeline.py for tasks to queue
[2026-03-27T17:30:48.470+0000] {logging_mixin.py:188} INFO - [2026-03-27T17:30:48.469+0000] {dagbag.py:545} INFO - Filling up the DagBag from /opt/airflow/dags/dag-dbt-transformation-pipeline.py
[2026-03-27T17:30:48.522+0000] {processor.py:840} INFO - DAG(s) 'dbt_transformation_pipeline' retrieved from /opt/airflow/dags/dag-dbt-transformation-pipeline.py
[2026-03-27T17:30:48.576+0000] {logging_mixin.py:188} INFO - [2026-03-27T17:30:48.575+0000] {dag.py:3089} INFO - Sync 1 DAGs
[2026-03-27T17:30:48.618+0000] {logging_mixin.py:188} INFO - [2026-03-27T17:30:48.618+0000] {dag.py:3947} INFO - Setting next_dagrun for dbt_transformation_pipeline to 2026-03-27 17:30:00+00:00, run_after=2026-03-27 17:40:00+00:00
[2026-03-27T17:30:48.662+0000] {processor.py:183} INFO - Processing /opt/airflow/dags/dag-dbt-transformation-pipeline.py took 0.216 seconds
[2026-03-27T17:31:18.978+0000] {processor.py:161} INFO - Started process (PID=282) to work on /opt/airflow/dags/dag-dbt-transformation-pipeline.py
[2026-03-27T17:31:18.981+0000] {processor.py:830} INFO - Processing file /opt/airflow/dags/dag-dbt-transformation-pipeline.py for tasks to queue
[2026-03-27T17:31:18.988+0000] {logging_mixin.py:188} INFO - [2026-03-27T17:31:18.987+0000] {dagbag.py:545} INFO - Filling up the DagBag from /opt/airflow/dags/dag-dbt-transformation-pipeline.py
[2026-03-27T17:31:19.059+0000] {processor.py:840} INFO - DAG(s) 'dbt_transformation_pipeline' retrieved from /opt/airflow/dags/dag-dbt-transformation-pipeline.py
[2026-03-27T17:31:19.137+0000] {logging_mixin.py:188} INFO - [2026-03-27T17:31:19.137+0000] {dag.py:3089} INFO - Sync 1 DAGs
[2026-03-27T17:31:19.188+0000] {logging_mixin.py:188} INFO - [2026-03-27T17:31:19.188+0000] {dag.py:3947} INFO - Setting next_dagrun for dbt_transformation_pipeline to 2026-03-27 17:30:00+00:00, run_after=2026-03-27 17:40:00+00:00
[2026-03-27T17:31:19.267+0000] {processor.py:183} INFO - Processing /opt/airflow/dags/dag-dbt-transformation-pipeline.py took 0.308 seconds
[2026-03-27T17:31:44.596+0000] {processor.py:161} INFO - Started process (PID=307) to work on /opt/airflow/dags/dag-dbt-transformation-pipeline.py
[2026-03-27T17:31:44.599+0000] {processor.py:830} INFO - Processing file /opt/airflow/dags/dag-dbt-transformation-pipeline.py for tasks to queue
[2026-03-27T17:31:44.602+0000] {logging_mixin.py:188} INFO - [2026-03-27T17:31:44.602+0000] {dagbag.py:545} INFO - Filling up the DagBag from /opt/airflow/dags/dag-dbt-transformation-pipeline.py
[2026-03-27T17:31:44.691+0000] {processor.py:840} INFO - DAG(s) 'dbt_transformation_pipeline' retrieved from /opt/airflow/dags/dag-dbt-transformation-pipeline.py
[2026-03-27T17:31:44.900+0000] {logging_mixin.py:188} INFO - [2026-03-27T17:31:44.900+0000] {dag.py:3089} INFO - Sync 1 DAGs
[2026-03-27T17:31:44.919+0000] {logging_mixin.py:188} INFO - [2026-03-27T17:31:44.919+0000] {dag.py:3947} INFO - Setting next_dagrun for dbt_transformation_pipeline to None, run_after=None
[2026-03-27T17:31:44.993+0000] {processor.py:183} INFO - Processing /opt/airflow/dags/dag-dbt-transformation-pipeline.py took 0.409 seconds
[2026-03-27T17:32:15.276+0000] {processor.py:161} INFO - Started process (PID=332) to work on /opt/airflow/dags/dag-dbt-transformation-pipeline.py
[2026-03-27T17:32:15.278+0000] {processor.py:830} INFO - Processing file /opt/airflow/dags/dag-dbt-transformation-pipeline.py for tasks to queue
[2026-03-27T17:32:15.282+0000] {logging_mixin.py:188} INFO - [2026-03-27T17:32:15.281+0000] {dagbag.py:545} INFO - Filling up the DagBag from /opt/airflow/dags/dag-dbt-transformation-pipeline.py
[2026-03-27T17:32:15.330+0000] {processor.py:840} INFO - DAG(s) 'dbt_transformation_pipeline' retrieved from /opt/airflow/dags/dag-dbt-transformation-pipeline.py
[2026-03-27T17:32:15.377+0000] {logging_mixin.py:188} INFO - [2026-03-27T17:32:15.376+0000] {dag.py:3089} INFO - Sync 1 DAGs
[2026-03-27T17:32:15.398+0000] {logging_mixin.py:188} INFO - [2026-03-27T17:32:15.398+0000] {dag.py:3947} INFO - Setting next_dagrun for dbt_transformation_pipeline to None, run_after=None
[2026-03-27T17:32:15.463+0000] {processor.py:183} INFO - Processing /opt/airflow/dags/dag-dbt-transformation-pipeline.py took 0.198 seconds
[2026-03-27T17:33:30.363+0000] {processor.py:161} INFO - Started process (PID=164) to work on /opt/airflow/dags/dag-dbt-transformation-pipeline.py
[2026-03-27T17:33:30.366+0000] {processor.py:830} INFO - Processing file /opt/airflow/dags/dag-dbt-transformation-pipeline.py for tasks to queue
[2026-03-27T17:33:30.374+0000] {logging_mixin.py:188} INFO - [2026-03-27T17:33:30.373+0000] {dagbag.py:545} INFO - Filling up the DagBag from /opt/airflow/dags/dag-dbt-transformation-pipeline.py
[2026-03-27T17:33:30.433+0000] {processor.py:840} INFO - DAG(s) 'dbt_transformation_pipeline' retrieved from /opt/airflow/dags/dag-dbt-transformation-pipeline.py
[2026-03-27T17:33:31.039+0000] {logging_mixin.py:188} INFO - [2026-03-27T17:33:31.037+0000] {override.py:1858} INFO - Created Permission View: can read on DAG:dbt_transformation_pipeline
[2026-03-27T17:33:31.069+0000] {logging_mixin.py:188} INFO - [2026-03-27T17:33:31.068+0000] {override.py:1858} INFO - Created Permission View: can edit on DAG:dbt_transformation_pipeline
[2026-03-27T17:33:31.086+0000] {logging_mixin.py:188} INFO - [2026-03-27T17:33:31.085+0000] {override.py:1858} INFO - Created Permission View: can delete on DAG:dbt_transformation_pipeline
[2026-03-27T17:33:31.087+0000] {logging_mixin.py:188} INFO - [2026-03-27T17:33:31.087+0000] {dag.py:3089} INFO - Sync 1 DAGs
[2026-03-27T17:33:31.122+0000] {logging_mixin.py:188} INFO - [2026-03-27T17:33:31.121+0000] {dag.py:3111} INFO - Creating ORM DAG for dbt_transformation_pipeline
[2026-03-27T17:33:31.125+0000] {logging_mixin.py:188} INFO - [2026-03-27T17:33:31.124+0000] {dag.py:3947} INFO - Setting next_dagrun for dbt_transformation_pipeline to None, run_after=None
[2026-03-27T17:33:31.182+0000] {processor.py:183} INFO - Processing /opt/airflow/dags/dag-dbt-transformation-pipeline.py took 0.837 seconds
[2026-03-27T17:34:01.608+0000] {processor.py:161} INFO - Started process (PID=189) to work on /opt/airflow/dags/dag-dbt-transformation-pipeline.py
[2026-03-27T17:34:01.609+0000] {processor.py:830} INFO - Processing file /opt/airflow/dags/dag-dbt-transformation-pipeline.py for tasks to queue
[2026-03-27T17:34:01.613+0000] {logging_mixin.py:188} INFO - [2026-03-27T17:34:01.613+0000] {dagbag.py:545} INFO - Filling up the DagBag from /opt/airflow/dags/dag-dbt-transformation-pipeline.py
[2026-03-27T17:34:01.660+0000] {processor.py:840} INFO - DAG(s) 'dbt_transformation_pipeline' retrieved from /opt/airflow/dags/dag-dbt-transformation-pipeline.py
[2026-03-27T17:34:01.738+0000] {logging_mixin.py:188} INFO - [2026-03-27T17:34:01.737+0000] {dag.py:3089} INFO - Sync 1 DAGs
[2026-03-27T17:34:01.774+0000] {logging_mixin.py:188} INFO - [2026-03-27T17:34:01.773+0000] {dag.py:3947} INFO - Setting next_dagrun for dbt_transformation_pipeline to None, run_after=None
[2026-03-27T17:34:01.816+0000] {processor.py:183} INFO - Processing /opt/airflow/dags/dag-dbt-transformation-pipeline.py took 0.219 seconds
[2026-03-27T17:34:32.832+0000] {processor.py:161} INFO - Started process (PID=216) to work on /opt/airflow/dags/dag-dbt-transformation-pipeline.py
[2026-03-27T17:34:32.835+0000] {processor.py:830} INFO - Processing file /opt/airflow/dags/dag-dbt-transformation-pipeline.py for tasks to queue
[2026-03-27T17:34:32.838+0000] {logging_mixin.py:188} INFO - [2026-03-27T17:34:32.838+0000] {dagbag.py:545} INFO - Filling up the DagBag from /opt/airflow/dags/dag-dbt-transformation-pipeline.py
[2026-03-27T17:34:32.883+0000] {processor.py:840} INFO - DAG(s) 'dbt_transformation_pipeline' retrieved from /opt/airflow/dags/dag-dbt-transformation-pipeline.py
[2026-03-27T17:34:32.944+0000] {logging_mixin.py:188} INFO - [2026-03-27T17:34:32.943+0000] {dag.py:3089} INFO - Sync 1 DAGs
[2026-03-27T17:34:32.971+0000] {logging_mixin.py:188} INFO - [2026-03-27T17:34:32.971+0000] {dag.py:3947} INFO - Setting next_dagrun for dbt_transformation_pipeline to None, run_after=None
[2026-03-27T17:34:33.012+0000] {processor.py:183} INFO - Processing /opt/airflow/dags/dag-dbt-transformation-pipeline.py took 0.192 seconds
[2026-03-27T17:35:03.284+0000] {processor.py:161} INFO - Started process (PID=241) to work on /opt/airflow/dags/dag-dbt-transformation-pipeline.py
[2026-03-27T17:35:03.286+0000] {processor.py:830} INFO - Processing file /opt/airflow/dags/dag-dbt-transformation-pipeline.py for tasks to queue
[2026-03-27T17:35:03.291+0000] {logging_mixin.py:188} INFO - [2026-03-27T17:35:03.290+0000] {dagbag.py:545} INFO - Filling up the DagBag from /opt/airflow/dags/dag-dbt-transformation-pipeline.py
[2026-03-27T17:35:03.339+0000] {processor.py:840} INFO - DAG(s) 'dbt_transformation_pipeline' retrieved from /opt/airflow/dags/dag-dbt-transformation-pipeline.py
[2026-03-27T17:35:03.403+0000] {logging_mixin.py:188} INFO - [2026-03-27T17:35:03.402+0000] {dag.py:3089} INFO - Sync 1 DAGs
[2026-03-27T17:35:03.438+0000] {logging_mixin.py:188} INFO - [2026-03-27T17:35:03.438+0000] {dag.py:3947} INFO - Setting next_dagrun for dbt_transformation_pipeline to None, run_after=None
[2026-03-27T17:35:03.504+0000] {processor.py:183} INFO - Processing /opt/airflow/dags/dag-dbt-transformation-pipeline.py took 0.233 seconds
[2026-03-27T17:35:33.608+0000] {processor.py:161} INFO - Started process (PID=268) to work on /opt/airflow/dags/dag-dbt-transformation-pipeline.py
[2026-03-27T17:35:33.610+0000] {processor.py:830} INFO - Processing file /opt/airflow/dags/dag-dbt-transformation-pipeline.py for tasks to queue
[2026-03-27T17:35:33.614+0000] {logging_mixin.py:188} INFO - [2026-03-27T17:35:33.613+0000] {dagbag.py:545} INFO - Filling up the DagBag from /opt/airflow/dags/dag-dbt-transformation-pipeline.py
[2026-03-27T17:35:33.669+0000] {processor.py:840} INFO - DAG(s) 'dbt_transformation_pipeline' retrieved from /opt/airflow/dags/dag-dbt-transformation-pipeline.py
[2026-03-27T17:35:33.736+0000] {logging_mixin.py:188} INFO - [2026-03-27T17:35:33.735+0000] {dag.py:3089} INFO - Sync 1 DAGs
[2026-03-27T17:35:33.783+0000] {logging_mixin.py:188} INFO - [2026-03-27T17:35:33.782+0000] {dag.py:3947} INFO - Setting next_dagrun for dbt_transformation_pipeline to None, run_after=None
[2026-03-27T17:35:33.845+0000] {processor.py:183} INFO - Processing /opt/airflow/dags/dag-dbt-transformation-pipeline.py took 0.248 seconds
[2026-03-27T17:36:04.435+0000] {processor.py:161} INFO - Started process (PID=387) to work on /opt/airflow/dags/dag-dbt-transformation-pipeline.py
[2026-03-27T17:36:04.440+0000] {processor.py:830} INFO - Processing file /opt/airflow/dags/dag-dbt-transformation-pipeline.py for tasks to queue
[2026-03-27T17:36:04.448+0000] {logging_mixin.py:188} INFO - [2026-03-27T17:36:04.447+0000] {dagbag.py:545} INFO - Filling up the DagBag from /opt/airflow/dags/dag-dbt-transformation-pipeline.py
[2026-03-27T17:36:04.538+0000] {processor.py:840} INFO - DAG(s) 'dbt_transformation_pipeline' retrieved from /opt/airflow/dags/dag-dbt-transformation-pipeline.py
[2026-03-27T17:36:04.670+0000] {logging_mixin.py:188} INFO - [2026-03-27T17:36:04.669+0000] {dag.py:3089} INFO - Sync 1 DAGs
[2026-03-27T17:36:04.765+0000] {logging_mixin.py:188} INFO - [2026-03-27T17:36:04.764+0000] {dag.py:3947} INFO - Setting next_dagrun for dbt_transformation_pipeline to None, run_after=None
[2026-03-27T17:36:04.846+0000] {processor.py:183} INFO - Processing /opt/airflow/dags/dag-dbt-transformation-pipeline.py took 0.441 seconds
[2026-03-27T17:36:35.621+0000] {processor.py:161} INFO - Started process (PID=563) to work on /opt/airflow/dags/dag-dbt-transformation-pipeline.py
[2026-03-27T17:36:35.624+0000] {processor.py:830} INFO - Processing file /opt/airflow/dags/dag-dbt-transformation-pipeline.py for tasks to queue
[2026-03-27T17:36:35.637+0000] {logging_mixin.py:188} INFO - [2026-03-27T17:36:35.636+0000] {dagbag.py:545} INFO - Filling up the DagBag from /opt/airflow/dags/dag-dbt-transformation-pipeline.py
[2026-03-27T17:36:35.693+0000] {processor.py:840} INFO - DAG(s) 'dbt_transformation_pipeline' retrieved from /opt/airflow/dags/dag-dbt-transformation-pipeline.py
[2026-03-27T17:36:35.796+0000] {logging_mixin.py:188} INFO - [2026-03-27T17:36:35.796+0000] {dag.py:3089} INFO - Sync 1 DAGs
[2026-03-27T17:36:35.848+0000] {logging_mixin.py:188} INFO - [2026-03-27T17:36:35.848+0000] {dag.py:3947} INFO - Setting next_dagrun for dbt_transformation_pipeline to None, run_after=None
[2026-03-27T17:36:35.912+0000] {processor.py:183} INFO - Processing /opt/airflow/dags/dag-dbt-transformation-pipeline.py took 0.317 seconds
[2026-03-27T17:37:06.436+0000] {processor.py:161} INFO - Started process (PID=1173) to work on /opt/airflow/dags/dag-dbt-transformation-pipeline.py
[2026-03-27T17:37:06.439+0000] {processor.py:830} INFO - Processing file /opt/airflow/dags/dag-dbt-transformation-pipeline.py for tasks to queue
[2026-03-27T17:37:06.444+0000] {logging_mixin.py:188} INFO - [2026-03-27T17:37:06.443+0000] {dagbag.py:545} INFO - Filling up the DagBag from /opt/airflow/dags/dag-dbt-transformation-pipeline.py
[2026-03-27T17:37:06.492+0000] {processor.py:840} INFO - DAG(s) 'dbt_transformation_pipeline' retrieved from /opt/airflow/dags/dag-dbt-transformation-pipeline.py
[2026-03-27T17:37:06.566+0000] {logging_mixin.py:188} INFO - [2026-03-27T17:37:06.566+0000] {dag.py:3089} INFO - Sync 1 DAGs
[2026-03-27T17:37:06.612+0000] {logging_mixin.py:188} INFO - [2026-03-27T17:37:06.612+0000] {dag.py:3947} INFO - Setting next_dagrun for dbt_transformation_pipeline to None, run_after=None
[2026-03-27T17:37:06.674+0000] {processor.py:183} INFO - Processing /opt/airflow/dags/dag-dbt-transformation-pipeline.py took 0.259 seconds
[2026-03-27T17:37:37.206+0000] {processor.py:161} INFO - Started process (PID=1235) to work on /opt/airflow/dags/dag-dbt-transformation-pipeline.py
[2026-03-27T17:37:37.209+0000] {processor.py:830} INFO - Processing file /opt/airflow/dags/dag-dbt-transformation-pipeline.py for tasks to queue
[2026-03-27T17:37:37.215+0000] {logging_mixin.py:188} INFO - [2026-03-27T17:37:37.214+0000] {dagbag.py:545} INFO - Filling up the DagBag from /opt/airflow/dags/dag-dbt-transformation-pipeline.py
[2026-03-27T17:37:37.287+0000] {processor.py:840} INFO - DAG(s) 'dbt_transformation_pipeline' retrieved from /opt/airflow/dags/dag-dbt-transformation-pipeline.py
[2026-03-27T17:37:37.360+0000] {logging_mixin.py:188} INFO - [2026-03-27T17:37:37.360+0000] {dag.py:3089} INFO - Sync 1 DAGs
[2026-03-27T17:37:37.394+0000] {logging_mixin.py:188} INFO - [2026-03-27T17:37:37.394+0000] {dag.py:3947} INFO - Setting next_dagrun for dbt_transformation_pipeline to None, run_after=None
[2026-03-27T17:37:37.446+0000] {processor.py:183} INFO - Processing /opt/airflow/dags/dag-dbt-transformation-pipeline.py took 0.259 seconds
[2026-03-27T17:38:07.675+0000] {processor.py:161} INFO - Started process (PID=1260) to work on /opt/airflow/dags/dag-dbt-transformation-pipeline.py
[2026-03-27T17:38:07.678+0000] {processor.py:830} INFO - Processing file /opt/airflow/dags/dag-dbt-transformation-pipeline.py for tasks to queue
[2026-03-27T17:38:07.682+0000] {logging_mixin.py:188} INFO - [2026-03-27T17:38:07.682+0000] {dagbag.py:545} INFO - Filling up the DagBag from /opt/airflow/dags/dag-dbt-transformation-pipeline.py
[2026-03-27T17:38:07.746+0000] {processor.py:840} INFO - DAG(s) 'dbt_transformation_pipeline' retrieved from /opt/airflow/dags/dag-dbt-transformation-pipeline.py
[2026-03-27T17:38:07.829+0000] {logging_mixin.py:188} INFO - [2026-03-27T17:38:07.829+0000] {dag.py:3089} INFO - Sync 1 DAGs
[2026-03-27T17:38:07.872+0000] {logging_mixin.py:188} INFO - [2026-03-27T17:38:07.872+0000] {dag.py:3947} INFO - Setting next_dagrun for dbt_transformation_pipeline to None, run_after=None
[2026-03-27T17:38:07.950+0000] {processor.py:183} INFO - Processing /opt/airflow/dags/dag-dbt-transformation-pipeline.py took 0.286 seconds
[2026-03-27T17:38:38.278+0000] {processor.py:161} INFO - Started process (PID=1287) to work on /opt/airflow/dags/dag-dbt-transformation-pipeline.py
[2026-03-27T17:38:38.280+0000] {processor.py:830} INFO - Processing file /opt/airflow/dags/dag-dbt-transformation-pipeline.py for tasks to queue
[2026-03-27T17:38:38.285+0000] {logging_mixin.py:188} INFO - [2026-03-27T17:38:38.284+0000] {dagbag.py:545} INFO - Filling up the DagBag from /opt/airflow/dags/dag-dbt-transformation-pipeline.py
[2026-03-27T17:38:38.337+0000] {processor.py:840} INFO - DAG(s) 'dbt_transformation_pipeline' retrieved from /opt/airflow/dags/dag-dbt-transformation-pipeline.py
[2026-03-27T17:38:38.396+0000] {logging_mixin.py:188} INFO - [2026-03-27T17:38:38.396+0000] {dag.py:3089} INFO - Sync 1 DAGs
[2026-03-27T17:38:38.424+0000] {logging_mixin.py:188} INFO - [2026-03-27T17:38:38.424+0000] {dag.py:3947} INFO - Setting next_dagrun for dbt_transformation_pipeline to None, run_after=None
[2026-03-27T17:38:38.486+0000] {processor.py:183} INFO - Processing /opt/airflow/dags/dag-dbt-transformation-pipeline.py took 0.220 seconds
[2026-03-27T17:39:08.843+0000] {processor.py:161} INFO - Started process (PID=1312) to work on /opt/airflow/dags/dag-dbt-transformation-pipeline.py
[2026-03-27T17:39:08.849+0000] {processor.py:830} INFO - Processing file /opt/airflow/dags/dag-dbt-transformation-pipeline.py for tasks to queue
[2026-03-27T17:39:08.859+0000] {logging_mixin.py:188} INFO - [2026-03-27T17:39:08.858+0000] {dagbag.py:545} INFO - Filling up the DagBag from /opt/airflow/dags/dag-dbt-transformation-pipeline.py
[2026-03-27T17:39:08.940+0000] {processor.py:840} INFO - DAG(s) 'dbt_transformation_pipeline' retrieved from /opt/airflow/dags/dag-dbt-transformation-pipeline.py
[2026-03-27T17:39:09.021+0000] {logging_mixin.py:188} INFO - [2026-03-27T17:39:09.020+0000] {dag.py:3089} INFO - Sync 1 DAGs
[2026-03-27T17:39:09.105+0000] {logging_mixin.py:188} INFO - [2026-03-27T17:39:09.105+0000] {dag.py:3947} INFO - Setting next_dagrun for dbt_transformation_pipeline to None, run_after=None
[2026-03-27T17:39:09.166+0000] {processor.py:183} INFO - Processing /opt/airflow/dags/dag-dbt-transformation-pipeline.py took 0.363 seconds
[2026-03-27T17:39:40.053+0000] {processor.py:161} INFO - Started process (PID=1339) to work on /opt/airflow/dags/dag-dbt-transformation-pipeline.py
[2026-03-27T17:39:40.055+0000] {processor.py:830} INFO - Processing file /opt/airflow/dags/dag-dbt-transformation-pipeline.py for tasks to queue
[2026-03-27T17:39:40.061+0000] {logging_mixin.py:188} INFO - [2026-03-27T17:39:40.060+0000] {dagbag.py:545} INFO - Filling up the DagBag from /opt/airflow/dags/dag-dbt-transformation-pipeline.py
[2026-03-27T17:39:40.114+0000] {processor.py:840} INFO - DAG(s) 'dbt_transformation_pipeline' retrieved from /opt/airflow/dags/dag-dbt-transformation-pipeline.py
[2026-03-27T17:39:40.188+0000] {logging_mixin.py:188} INFO - [2026-03-27T17:39:40.188+0000] {dag.py:3089} INFO - Sync 1 DAGs
[2026-03-27T17:39:40.218+0000] {logging_mixin.py:188} INFO - [2026-03-27T17:39:40.218+0000] {dag.py:3947} INFO - Setting next_dagrun for dbt_transformation_pipeline to None, run_after=None
[2026-03-27T17:39:40.264+0000] {processor.py:183} INFO - Processing /opt/airflow/dags/dag-dbt-transformation-pipeline.py took 0.226 seconds
[2026-03-27T17:40:10.577+0000] {processor.py:161} INFO - Started process (PID=1364) to work on /opt/airflow/dags/dag-dbt-transformation-pipeline.py
[2026-03-27T17:40:10.580+0000] {processor.py:830} INFO - Processing file /opt/airflow/dags/dag-dbt-transformation-pipeline.py for tasks to queue
[2026-03-27T17:40:10.585+0000] {logging_mixin.py:188} INFO - [2026-03-27T17:40:10.584+0000] {dagbag.py:545} INFO - Filling up the DagBag from /opt/airflow/dags/dag-dbt-transformation-pipeline.py
[2026-03-27T17:40:10.638+0000] {processor.py:840} INFO - DAG(s) 'dbt_transformation_pipeline' retrieved from /opt/airflow/dags/dag-dbt-transformation-pipeline.py
[2026-03-27T17:40:10.713+0000] {logging_mixin.py:188} INFO - [2026-03-27T17:40:10.712+0000] {dag.py:3089} INFO - Sync 1 DAGs
[2026-03-27T17:40:10.754+0000] {logging_mixin.py:188} INFO - [2026-03-27T17:40:10.754+0000] {dag.py:3947} INFO - Setting next_dagrun for dbt_transformation_pipeline to None, run_after=None
[2026-03-27T17:40:10.818+0000] {processor.py:183} INFO - Processing /opt/airflow/dags/dag-dbt-transformation-pipeline.py took 0.255 seconds
[2026-03-27T17:40:41.456+0000] {processor.py:161} INFO - Started process (PID=1390) to work on /opt/airflow/dags/dag-dbt-transformation-pipeline.py
[2026-03-27T17:40:41.459+0000] {processor.py:830} INFO - Processing file /opt/airflow/dags/dag-dbt-transformation-pipeline.py for tasks to queue
[2026-03-27T17:40:41.465+0000] {logging_mixin.py:188} INFO - [2026-03-27T17:40:41.464+0000] {dagbag.py:545} INFO - Filling up the DagBag from /opt/airflow/dags/dag-dbt-transformation-pipeline.py
[2026-03-27T17:40:41.526+0000] {processor.py:840} INFO - DAG(s) 'dbt_transformation_pipeline' retrieved from /opt/airflow/dags/dag-dbt-transformation-pipeline.py
[2026-03-27T17:40:41.605+0000] {logging_mixin.py:188} INFO - [2026-03-27T17:40:41.604+0000] {dag.py:3089} INFO - Sync 1 DAGs
[2026-03-27T17:40:41.636+0000] {logging_mixin.py:188} INFO - [2026-03-27T17:40:41.636+0000] {dag.py:3947} INFO - Setting next_dagrun for dbt_transformation_pipeline to None, run_after=None
[2026-03-27T17:40:41.686+0000] {processor.py:183} INFO - Processing /opt/airflow/dags/dag-dbt-transformation-pipeline.py took 0.250 seconds
[2026-03-27T17:41:12.165+0000] {processor.py:161} INFO - Started process (PID=1417) to work on /opt/airflow/dags/dag-dbt-transformation-pipeline.py
[2026-03-27T17:41:12.168+0000] {processor.py:830} INFO - Processing file /opt/airflow/dags/dag-dbt-transformation-pipeline.py for tasks to queue
[2026-03-27T17:41:12.174+0000] {logging_mixin.py:188} INFO - [2026-03-27T17:41:12.173+0000] {dagbag.py:545} INFO - Filling up the DagBag from /opt/airflow/dags/dag-dbt-transformation-pipeline.py
[2026-03-27T17:41:12.236+0000] {processor.py:840} INFO - DAG(s) 'dbt_transformation_pipeline' retrieved from /opt/airflow/dags/dag-dbt-transformation-pipeline.py
[2026-03-27T17:41:12.308+0000] {logging_mixin.py:188} INFO - [2026-03-27T17:41:12.308+0000] {dag.py:3089} INFO - Sync 1 DAGs
[2026-03-27T17:41:12.347+0000] {logging_mixin.py:188} INFO - [2026-03-27T17:41:12.346+0000] {dag.py:3947} INFO - Setting next_dagrun for dbt_transformation_pipeline to None, run_after=None
[2026-03-27T17:41:12.398+0000] {processor.py:183} INFO - Processing /opt/airflow/dags/dag-dbt-transformation-pipeline.py took 0.254 seconds
[2026-03-27T17:41:42.990+0000] {processor.py:161} INFO - Started process (PID=1444) to work on /opt/airflow/dags/dag-dbt-transformation-pipeline.py
[2026-03-27T17:41:42.992+0000] {processor.py:830} INFO - Processing file /opt/airflow/dags/dag-dbt-transformation-pipeline.py for tasks to queue
[2026-03-27T17:41:42.999+0000] {logging_mixin.py:188} INFO - [2026-03-27T17:41:42.998+0000] {dagbag.py:545} INFO - Filling up the DagBag from /opt/airflow/dags/dag-dbt-transformation-pipeline.py
[2026-03-27T17:41:43.057+0000] {processor.py:840} INFO - DAG(s) 'dbt_transformation_pipeline' retrieved from /opt/airflow/dags/dag-dbt-transformation-pipeline.py
[2026-03-27T17:41:43.127+0000] {logging_mixin.py:188} INFO - [2026-03-27T17:41:43.127+0000] {dag.py:3089} INFO - Sync 1 DAGs
[2026-03-27T17:41:43.162+0000] {logging_mixin.py:188} INFO - [2026-03-27T17:41:43.162+0000] {dag.py:3947} INFO - Setting next_dagrun for dbt_transformation_pipeline to None, run_after=None
[2026-03-27T17:41:43.212+0000] {processor.py:183} INFO - Processing /opt/airflow/dags/dag-dbt-transformation-pipeline.py took 0.242 seconds
[2026-03-27T17:42:13.616+0000] {processor.py:161} INFO - Started process (PID=1702) to work on /opt/airflow/dags/dag-dbt-transformation-pipeline.py
[2026-03-27T17:42:13.619+0000] {processor.py:830} INFO - Processing file /opt/airflow/dags/dag-dbt-transformation-pipeline.py for tasks to queue
[2026-03-27T17:42:13.626+0000] {logging_mixin.py:188} INFO - [2026-03-27T17:42:13.626+0000] {dagbag.py:545} INFO - Filling up the DagBag from /opt/airflow/dags/dag-dbt-transformation-pipeline.py
[2026-03-27T17:42:13.679+0000] {processor.py:840} INFO - DAG(s) 'dbt_transformation_pipeline' retrieved from /opt/airflow/dags/dag-dbt-transformation-pipeline.py
[2026-03-27T17:42:13.778+0000] {logging_mixin.py:188} INFO - [2026-03-27T17:42:13.777+0000] {dag.py:3089} INFO - Sync 1 DAGs
[2026-03-27T17:42:13.827+0000] {logging_mixin.py:188} INFO - [2026-03-27T17:42:13.826+0000] {dag.py:3947} INFO - Setting next_dagrun for dbt_transformation_pipeline to None, run_after=None
[2026-03-27T17:42:13.925+0000] {processor.py:183} INFO - Processing /opt/airflow/dags/dag-dbt-transformation-pipeline.py took 0.325 seconds
[2026-03-27T17:42:44.247+0000] {processor.py:161} INFO - Started process (PID=3305) to work on /opt/airflow/dags/dag-dbt-transformation-pipeline.py
[2026-03-27T17:42:44.256+0000] {processor.py:830} INFO - Processing file /opt/airflow/dags/dag-dbt-transformation-pipeline.py for tasks to queue
[2026-03-27T17:42:44.267+0000] {logging_mixin.py:188} INFO - [2026-03-27T17:42:44.265+0000] {dagbag.py:545} INFO - Filling up the DagBag from /opt/airflow/dags/dag-dbt-transformation-pipeline.py
[2026-03-27T17:42:44.386+0000] {processor.py:840} INFO - DAG(s) 'dbt_transformation_pipeline' retrieved from /opt/airflow/dags/dag-dbt-transformation-pipeline.py
[2026-03-27T17:42:44.515+0000] {logging_mixin.py:188} INFO - [2026-03-27T17:42:44.515+0000] {dag.py:3089} INFO - Sync 1 DAGs
[2026-03-27T17:42:44.567+0000] {logging_mixin.py:188} INFO - [2026-03-27T17:42:44.567+0000] {dag.py:3947} INFO - Setting next_dagrun for dbt_transformation_pipeline to None, run_after=None
[2026-03-27T17:42:44.630+0000] {processor.py:183} INFO - Processing /opt/airflow/dags/dag-dbt-transformation-pipeline.py took 0.426 seconds
[2026-03-27T17:43:15.086+0000] {processor.py:161} INFO - Started process (PID=3574) to work on /opt/airflow/dags/dag-dbt-transformation-pipeline.py
[2026-03-27T17:43:15.090+0000] {processor.py:830} INFO - Processing file /opt/airflow/dags/dag-dbt-transformation-pipeline.py for tasks to queue
[2026-03-27T17:43:15.095+0000] {logging_mixin.py:188} INFO - [2026-03-27T17:43:15.094+0000] {dagbag.py:545} INFO - Filling up the DagBag from /opt/airflow/dags/dag-dbt-transformation-pipeline.py
[2026-03-27T17:43:15.150+0000] {processor.py:840} INFO - DAG(s) 'dbt_transformation_pipeline' retrieved from /opt/airflow/dags/dag-dbt-transformation-pipeline.py
[2026-03-27T17:43:15.216+0000] {logging_mixin.py:188} INFO - [2026-03-27T17:43:15.215+0000] {dag.py:3089} INFO - Sync 1 DAGs
[2026-03-27T17:43:15.255+0000] {logging_mixin.py:188} INFO - [2026-03-27T17:43:15.255+0000] {dag.py:3947} INFO - Setting next_dagrun for dbt_transformation_pipeline to None, run_after=None
[2026-03-27T17:43:15.307+0000] {processor.py:183} INFO - Processing /opt/airflow/dags/dag-dbt-transformation-pipeline.py took 0.236 seconds
[2026-03-27T17:43:45.826+0000] {processor.py:161} INFO - Started process (PID=3599) to work on /opt/airflow/dags/dag-dbt-transformation-pipeline.py
[2026-03-27T17:43:45.829+0000] {processor.py:830} INFO - Processing file /opt/airflow/dags/dag-dbt-transformation-pipeline.py for tasks to queue
[2026-03-27T17:43:45.834+0000] {logging_mixin.py:188} INFO - [2026-03-27T17:43:45.833+0000] {dagbag.py:545} INFO - Filling up the DagBag from /opt/airflow/dags/dag-dbt-transformation-pipeline.py
[2026-03-27T17:43:45.874+0000] {processor.py:840} INFO - DAG(s) 'dbt_transformation_pipeline' retrieved from /opt/airflow/dags/dag-dbt-transformation-pipeline.py
[2026-03-27T17:43:45.936+0000] {logging_mixin.py:188} INFO - [2026-03-27T17:43:45.935+0000] {dag.py:3089} INFO - Sync 1 DAGs
[2026-03-27T17:43:45.968+0000] {logging_mixin.py:188} INFO - [2026-03-27T17:43:45.967+0000] {dag.py:3947} INFO - Setting next_dagrun for dbt_transformation_pipeline to None, run_after=None
[2026-03-27T17:43:46.043+0000] {processor.py:183} INFO - Processing /opt/airflow/dags/dag-dbt-transformation-pipeline.py took 0.235 seconds
[2026-03-27T17:44:16.398+0000] {processor.py:161} INFO - Started process (PID=3624) to work on /opt/airflow/dags/dag-dbt-transformation-pipeline.py
[2026-03-27T17:44:16.400+0000] {processor.py:830} INFO - Processing file /opt/airflow/dags/dag-dbt-transformation-pipeline.py for tasks to queue
[2026-03-27T17:44:16.404+0000] {logging_mixin.py:188} INFO - [2026-03-27T17:44:16.404+0000] {dagbag.py:545} INFO - Filling up the DagBag from /opt/airflow/dags/dag-dbt-transformation-pipeline.py
[2026-03-27T17:44:16.449+0000] {processor.py:840} INFO - DAG(s) 'dbt_transformation_pipeline' retrieved from /opt/airflow/dags/dag-dbt-transformation-pipeline.py
[2026-03-27T17:44:16.507+0000] {logging_mixin.py:188} INFO - [2026-03-27T17:44:16.507+0000] {dag.py:3089} INFO - Sync 1 DAGs
[2026-03-27T17:44:16.539+0000] {logging_mixin.py:188} INFO - [2026-03-27T17:44:16.539+0000] {dag.py:3947} INFO - Setting next_dagrun for dbt_transformation_pipeline to None, run_after=None
[2026-03-27T17:44:16.611+0000] {processor.py:183} INFO - Processing /opt/airflow/dags/dag-dbt-transformation-pipeline.py took 0.228 seconds
[2026-03-27T17:44:46.841+0000] {processor.py:161} INFO - Started process (PID=3649) to work on /opt/airflow/dags/dag-dbt-transformation-pipeline.py
[2026-03-27T17:44:46.843+0000] {processor.py:830} INFO - Processing file /opt/airflow/dags/dag-dbt-transformation-pipeline.py for tasks to queue
[2026-03-27T17:44:46.851+0000] {logging_mixin.py:188} INFO - [2026-03-27T17:44:46.850+0000] {dagbag.py:545} INFO - Filling up the DagBag from /opt/airflow/dags/dag-dbt-transformation-pipeline.py
[2026-03-27T17:44:46.901+0000] {processor.py:840} INFO - DAG(s) 'dbt_transformation_pipeline' retrieved from /opt/airflow/dags/dag-dbt-transformation-pipeline.py
[2026-03-27T17:44:46.959+0000] {logging_mixin.py:188} INFO - [2026-03-27T17:44:46.958+0000] {dag.py:3089} INFO - Sync 1 DAGs
[2026-03-27T17:44:46.988+0000] {logging_mixin.py:188} INFO - [2026-03-27T17:44:46.988+0000] {dag.py:3947} INFO - Setting next_dagrun for dbt_transformation_pipeline to None, run_after=None
[2026-03-27T17:44:47.028+0000] {processor.py:183} INFO - Processing /opt/airflow/dags/dag-dbt-transformation-pipeline.py took 0.206 seconds
[2026-03-27T17:45:17.231+0000] {processor.py:161} INFO - Started process (PID=3674) to work on /opt/airflow/dags/dag-dbt-transformation-pipeline.py
[2026-03-27T17:45:17.233+0000] {processor.py:830} INFO - Processing file /opt/airflow/dags/dag-dbt-transformation-pipeline.py for tasks to queue
[2026-03-27T17:45:17.238+0000] {logging_mixin.py:188} INFO - [2026-03-27T17:45:17.237+0000] {dagbag.py:545} INFO - Filling up the DagBag from /opt/airflow/dags/dag-dbt-transformation-pipeline.py
[2026-03-27T17:45:17.287+0000] {processor.py:840} INFO - DAG(s) 'dbt_transformation_pipeline' retrieved from /opt/airflow/dags/dag-dbt-transformation-pipeline.py
[2026-03-27T17:45:17.351+0000] {logging_mixin.py:188} INFO - [2026-03-27T17:45:17.350+0000] {dag.py:3089} INFO - Sync 1 DAGs
[2026-03-27T17:45:17.381+0000] {logging_mixin.py:188} INFO - [2026-03-27T17:45:17.381+0000] {dag.py:3947} INFO - Setting next_dagrun for dbt_transformation_pipeline to None, run_after=None
[2026-03-27T17:45:17.429+0000] {processor.py:183} INFO - Processing /opt/airflow/dags/dag-dbt-transformation-pipeline.py took 0.212 seconds
[2026-03-27T17:45:48.061+0000] {processor.py:161} INFO - Started process (PID=3699) to work on /opt/airflow/dags/dag-dbt-transformation-pipeline.py
[2026-03-27T17:45:48.064+0000] {processor.py:830} INFO - Processing file /opt/airflow/dags/dag-dbt-transformation-pipeline.py for tasks to queue
[2026-03-27T17:45:48.070+0000] {logging_mixin.py:188} INFO - [2026-03-27T17:45:48.069+0000] {dagbag.py:545} INFO - Filling up the DagBag from /opt/airflow/dags/dag-dbt-transformation-pipeline.py
[2026-03-27T17:45:48.131+0000] {processor.py:840} INFO - DAG(s) 'dbt_transformation_pipeline' retrieved from /opt/airflow/dags/dag-dbt-transformation-pipeline.py
[2026-03-27T17:45:48.184+0000] {logging_mixin.py:188} INFO - [2026-03-27T17:45:48.184+0000] {dag.py:3089} INFO - Sync 1 DAGs
[2026-03-27T17:45:48.211+0000] {logging_mixin.py:188} INFO - [2026-03-27T17:45:48.211+0000] {dag.py:3947} INFO - Setting next_dagrun for dbt_transformation_pipeline to None, run_after=None
[2026-03-27T17:45:48.276+0000] {processor.py:183} INFO - Processing /opt/airflow/dags/dag-dbt-transformation-pipeline.py took 0.233 seconds
[2026-03-27T17:46:18.589+0000] {processor.py:161} INFO - Started process (PID=4526) to work on /opt/airflow/dags/dag-dbt-transformation-pipeline.py
[2026-03-27T17:46:18.591+0000] {processor.py:830} INFO - Processing file /opt/airflow/dags/dag-dbt-transformation-pipeline.py for tasks to queue
[2026-03-27T17:46:18.596+0000] {logging_mixin.py:188} INFO - [2026-03-27T17:46:18.595+0000] {dagbag.py:545} INFO - Filling up the DagBag from /opt/airflow/dags/dag-dbt-transformation-pipeline.py
[2026-03-27T17:46:18.645+0000] {processor.py:840} INFO - DAG(s) 'dbt_transformation_pipeline' retrieved from /opt/airflow/dags/dag-dbt-transformation-pipeline.py
[2026-03-27T17:46:18.712+0000] {logging_mixin.py:188} INFO - [2026-03-27T17:46:18.712+0000] {dag.py:3089} INFO - Sync 1 DAGs
[2026-03-27T17:46:18.746+0000] {logging_mixin.py:188} INFO - [2026-03-27T17:46:18.745+0000] {dag.py:3947} INFO - Setting next_dagrun for dbt_transformation_pipeline to None, run_after=None
[2026-03-27T17:46:18.812+0000] {processor.py:183} INFO - Processing /opt/airflow/dags/dag-dbt-transformation-pipeline.py took 0.235 seconds
[2026-03-27T17:46:49.039+0000] {processor.py:161} INFO - Started process (PID=5558) to work on /opt/airflow/dags/dag-dbt-transformation-pipeline.py
[2026-03-27T17:46:49.041+0000] {processor.py:830} INFO - Processing file /opt/airflow/dags/dag-dbt-transformation-pipeline.py for tasks to queue
[2026-03-27T17:46:49.046+0000] {logging_mixin.py:188} INFO - [2026-03-27T17:46:49.045+0000] {dagbag.py:545} INFO - Filling up the DagBag from /opt/airflow/dags/dag-dbt-transformation-pipeline.py
[2026-03-27T17:46:49.092+0000] {processor.py:840} INFO - DAG(s) 'dbt_transformation_pipeline' retrieved from /opt/airflow/dags/dag-dbt-transformation-pipeline.py
[2026-03-27T17:46:49.150+0000] {logging_mixin.py:188} INFO - [2026-03-27T17:46:49.149+0000] {dag.py:3089} INFO - Sync 1 DAGs
[2026-03-27T17:46:49.181+0000] {logging_mixin.py:188} INFO - [2026-03-27T17:46:49.181+0000] {dag.py:3947} INFO - Setting next_dagrun for dbt_transformation_pipeline to None, run_after=None
[2026-03-27T17:46:49.246+0000] {processor.py:183} INFO - Processing /opt/airflow/dags/dag-dbt-transformation-pipeline.py took 0.228 seconds
[2026-03-27T17:47:19.596+0000] {processor.py:161} INFO - Started process (PID=5594) to work on /opt/airflow/dags/dag-dbt-transformation-pipeline.py
[2026-03-27T17:47:19.599+0000] {processor.py:830} INFO - Processing file /opt/airflow/dags/dag-dbt-transformation-pipeline.py for tasks to queue
[2026-03-27T17:47:19.605+0000] {logging_mixin.py:188} INFO - [2026-03-27T17:47:19.604+0000] {dagbag.py:545} INFO - Filling up the DagBag from /opt/airflow/dags/dag-dbt-transformation-pipeline.py
[2026-03-27T17:47:19.656+0000] {processor.py:840} INFO - DAG(s) 'dbt_transformation_pipeline' retrieved from /opt/airflow/dags/dag-dbt-transformation-pipeline.py
[2026-03-27T17:47:19.736+0000] {logging_mixin.py:188} INFO - [2026-03-27T17:47:19.735+0000] {dag.py:3089} INFO - Sync 1 DAGs
[2026-03-27T17:47:19.777+0000] {logging_mixin.py:188} INFO - [2026-03-27T17:47:19.776+0000] {dag.py:3947} INFO - Setting next_dagrun for dbt_transformation_pipeline to None, run_after=None
[2026-03-27T17:47:19.842+0000] {processor.py:183} INFO - Processing /opt/airflow/dags/dag-dbt-transformation-pipeline.py took 0.275 seconds
[2026-03-27T17:47:50.275+0000] {processor.py:161} INFO - Started process (PID=5619) to work on /opt/airflow/dags/dag-dbt-transformation-pipeline.py
[2026-03-27T17:47:50.278+0000] {processor.py:830} INFO - Processing file /opt/airflow/dags/dag-dbt-transformation-pipeline.py for tasks to queue
[2026-03-27T17:47:50.288+0000] {logging_mixin.py:188} INFO - [2026-03-27T17:47:50.286+0000] {dagbag.py:545} INFO - Filling up the DagBag from /opt/airflow/dags/dag-dbt-transformation-pipeline.py
[2026-03-27T17:47:50.327+0000] {processor.py:840} INFO - DAG(s) 'dbt_transformation_pipeline' retrieved from /opt/airflow/dags/dag-dbt-transformation-pipeline.py
[2026-03-27T17:47:50.384+0000] {logging_mixin.py:188} INFO - [2026-03-27T17:47:50.383+0000] {dag.py:3089} INFO - Sync 1 DAGs
[2026-03-27T17:47:50.410+0000] {logging_mixin.py:188} INFO - [2026-03-27T17:47:50.409+0000] {dag.py:3947} INFO - Setting next_dagrun for dbt_transformation_pipeline to None, run_after=None
[2026-03-27T17:47:50.451+0000] {processor.py:183} INFO - Processing /opt/airflow/dags/dag-dbt-transformation-pipeline.py took 0.192 seconds
[2026-03-27T17:48:20.776+0000] {processor.py:161} INFO - Started process (PID=5644) to work on /opt/airflow/dags/dag-dbt-transformation-pipeline.py
[2026-03-27T17:48:20.779+0000] {processor.py:830} INFO - Processing file /opt/airflow/dags/dag-dbt-transformation-pipeline.py for tasks to queue
[2026-03-27T17:48:20.784+0000] {logging_mixin.py:188} INFO - [2026-03-27T17:48:20.784+0000] {dagbag.py:545} INFO - Filling up the DagBag from /opt/airflow/dags/dag-dbt-transformation-pipeline.py
[2026-03-27T17:48:20.841+0000] {processor.py:840} INFO - DAG(s) 'dbt_transformation_pipeline' retrieved from /opt/airflow/dags/dag-dbt-transformation-pipeline.py
[2026-03-27T17:48:20.909+0000] {logging_mixin.py:188} INFO - [2026-03-27T17:48:20.908+0000] {dag.py:3089} INFO - Sync 1 DAGs
[2026-03-27T17:48:20.949+0000] {logging_mixin.py:188} INFO - [2026-03-27T17:48:20.948+0000] {dag.py:3947} INFO - Setting next_dagrun for dbt_transformation_pipeline to None, run_after=None
[2026-03-27T17:48:21.039+0000] {processor.py:183} INFO - Processing /opt/airflow/dags/dag-dbt-transformation-pipeline.py took 0.291 seconds
[2026-03-27T17:48:51.628+0000] {processor.py:161} INFO - Started process (PID=5676) to work on /opt/airflow/dags/dag-dbt-transformation-pipeline.py
[2026-03-27T17:48:51.630+0000] {processor.py:830} INFO - Processing file /opt/airflow/dags/dag-dbt-transformation-pipeline.py for tasks to queue
[2026-03-27T17:48:51.634+0000] {logging_mixin.py:188} INFO - [2026-03-27T17:48:51.634+0000] {dagbag.py:545} INFO - Filling up the DagBag from /opt/airflow/dags/dag-dbt-transformation-pipeline.py
[2026-03-27T17:48:51.679+0000] {processor.py:840} INFO - DAG(s) 'dbt_transformation_pipeline' retrieved from /opt/airflow/dags/dag-dbt-transformation-pipeline.py
[2026-03-27T17:48:51.733+0000] {logging_mixin.py:188} INFO - [2026-03-27T17:48:51.733+0000] {dag.py:3089} INFO - Sync 1 DAGs
[2026-03-27T17:48:51.760+0000] {logging_mixin.py:188} INFO - [2026-03-27T17:48:51.760+0000] {dag.py:3947} INFO - Setting next_dagrun for dbt_transformation_pipeline to None, run_after=None
[2026-03-27T17:48:51.820+0000] {processor.py:183} INFO - Processing /opt/airflow/dags/dag-dbt-transformation-pipeline.py took 0.204 seconds
[2026-03-27T17:49:22.017+0000] {processor.py:161} INFO - Started process (PID=5701) to work on /opt/airflow/dags/dag-dbt-transformation-pipeline.py
[2026-03-27T17:49:22.019+0000] {processor.py:830} INFO - Processing file /opt/airflow/dags/dag-dbt-transformation-pipeline.py for tasks to queue
[2026-03-27T17:49:22.024+0000] {logging_mixin.py:188} INFO - [2026-03-27T17:49:22.023+0000] {dagbag.py:545} INFO - Filling up the DagBag from /opt/airflow/dags/dag-dbt-transformation-pipeline.py
[2026-03-27T17:49:22.074+0000] {processor.py:840} INFO - DAG(s) 'dbt_transformation_pipeline' retrieved from /opt/airflow/dags/dag-dbt-transformation-pipeline.py
[2026-03-27T17:49:22.131+0000] {logging_mixin.py:188} INFO - [2026-03-27T17:49:22.130+0000] {dag.py:3089} INFO - Sync 1 DAGs
[2026-03-27T17:49:22.162+0000] {logging_mixin.py:188} INFO - [2026-03-27T17:49:22.161+0000] {dag.py:3947} INFO - Setting next_dagrun for dbt_transformation_pipeline to None, run_after=None
[2026-03-27T17:49:22.214+0000] {processor.py:183} INFO - Processing /opt/airflow/dags/dag-dbt-transformation-pipeline.py took 0.214 seconds
[2026-03-27T17:49:52.663+0000] {processor.py:161} INFO - Started process (PID=5781) to work on /opt/airflow/dags/dag-dbt-transformation-pipeline.py
[2026-03-27T17:49:52.666+0000] {processor.py:830} INFO - Processing file /opt/airflow/dags/dag-dbt-transformation-pipeline.py for tasks to queue
[2026-03-27T17:49:52.670+0000] {logging_mixin.py:188} INFO - [2026-03-27T17:49:52.669+0000] {dagbag.py:545} INFO - Filling up the DagBag from /opt/airflow/dags/dag-dbt-transformation-pipeline.py
[2026-03-27T17:49:52.749+0000] {processor.py:840} INFO - DAG(s) 'dbt_transformation_pipeline' retrieved from /opt/airflow/dags/dag-dbt-transformation-pipeline.py
[2026-03-27T17:49:52.869+0000] {logging_mixin.py:188} INFO - [2026-03-27T17:49:52.869+0000] {dag.py:3089} INFO - Sync 1 DAGs
[2026-03-27T17:49:52.904+0000] {logging_mixin.py:188} INFO - [2026-03-27T17:49:52.903+0000] {dag.py:3947} INFO - Setting next_dagrun for dbt_transformation_pipeline to None, run_after=None
[2026-03-27T17:49:52.963+0000] {processor.py:183} INFO - Processing /opt/airflow/dags/dag-dbt-transformation-pipeline.py took 0.317 seconds
[2026-03-27T17:50:23.818+0000] {processor.py:161} INFO - Started process (PID=7351) to work on /opt/airflow/dags/dag-dbt-transformation-pipeline.py
[2026-03-27T17:50:23.821+0000] {processor.py:830} INFO - Processing file /opt/airflow/dags/dag-dbt-transformation-pipeline.py for tasks to queue
[2026-03-27T17:50:23.826+0000] {logging_mixin.py:188} INFO - [2026-03-27T17:50:23.826+0000] {dagbag.py:545} INFO - Filling up the DagBag from /opt/airflow/dags/dag-dbt-transformation-pipeline.py
[2026-03-27T17:50:23.872+0000] {processor.py:840} INFO - DAG(s) 'dbt_transformation_pipeline' retrieved from /opt/airflow/dags/dag-dbt-transformation-pipeline.py
[2026-03-27T17:50:23.941+0000] {logging_mixin.py:188} INFO - [2026-03-27T17:50:23.941+0000] {dag.py:3089} INFO - Sync 1 DAGs
[2026-03-27T17:50:23.970+0000] {logging_mixin.py:188} INFO - [2026-03-27T17:50:23.970+0000] {dag.py:3947} INFO - Setting next_dagrun for dbt_transformation_pipeline to None, run_after=None
[2026-03-27T17:50:24.015+0000] {processor.py:183} INFO - Processing /opt/airflow/dags/dag-dbt-transformation-pipeline.py took 0.213 seconds
[2026-03-27T17:50:54.576+0000] {processor.py:161} INFO - Started process (PID=7396) to work on /opt/airflow/dags/dag-dbt-transformation-pipeline.py
[2026-03-27T17:50:54.579+0000] {processor.py:830} INFO - Processing file /opt/airflow/dags/dag-dbt-transformation-pipeline.py for tasks to queue
[2026-03-27T17:50:54.584+0000] {logging_mixin.py:188} INFO - [2026-03-27T17:50:54.584+0000] {dagbag.py:545} INFO - Filling up the DagBag from /opt/airflow/dags/dag-dbt-transformation-pipeline.py
[2026-03-27T17:50:54.633+0000] {processor.py:840} INFO - DAG(s) 'dbt_transformation_pipeline' retrieved from /opt/airflow/dags/dag-dbt-transformation-pipeline.py
[2026-03-27T17:50:54.700+0000] {logging_mixin.py:188} INFO - [2026-03-27T17:50:54.700+0000] {dag.py:3089} INFO - Sync 1 DAGs
[2026-03-27T17:50:54.733+0000] {logging_mixin.py:188} INFO - [2026-03-27T17:50:54.733+0000] {dag.py:3947} INFO - Setting next_dagrun for dbt_transformation_pipeline to None, run_after=None
[2026-03-27T17:50:54.782+0000] {processor.py:183} INFO - Processing /opt/airflow/dags/dag-dbt-transformation-pipeline.py took 0.226 seconds
[2026-03-27T17:51:25.711+0000] {processor.py:161} INFO - Started process (PID=7426) to work on /opt/airflow/dags/dag-dbt-transformation-pipeline.py
[2026-03-27T17:51:25.714+0000] {processor.py:830} INFO - Processing file /opt/airflow/dags/dag-dbt-transformation-pipeline.py for tasks to queue
[2026-03-27T17:51:25.719+0000] {logging_mixin.py:188} INFO - [2026-03-27T17:51:25.718+0000] {dagbag.py:545} INFO - Filling up the DagBag from /opt/airflow/dags/dag-dbt-transformation-pipeline.py
[2026-03-27T17:51:25.778+0000] {processor.py:840} INFO - DAG(s) 'dbt_transformation_pipeline' retrieved from /opt/airflow/dags/dag-dbt-transformation-pipeline.py
[2026-03-27T17:51:25.865+0000] {logging_mixin.py:188} INFO - [2026-03-27T17:51:25.864+0000] {dag.py:3089} INFO - Sync 1 DAGs
[2026-03-27T17:51:25.905+0000] {logging_mixin.py:188} INFO - [2026-03-27T17:51:25.905+0000] {dag.py:3947} INFO - Setting next_dagrun for dbt_transformation_pipeline to None, run_after=None
[2026-03-27T17:51:25.984+0000] {processor.py:183} INFO - Processing /opt/airflow/dags/dag-dbt-transformation-pipeline.py took 0.290 seconds
[2026-03-27T17:51:56.268+0000] {processor.py:161} INFO - Started process (PID=7451) to work on /opt/airflow/dags/dag-dbt-transformation-pipeline.py
[2026-03-27T17:51:56.273+0000] {processor.py:830} INFO - Processing file /opt/airflow/dags/dag-dbt-transformation-pipeline.py for tasks to queue
[2026-03-27T17:51:56.279+0000] {logging_mixin.py:188} INFO - [2026-03-27T17:51:56.278+0000] {dagbag.py:545} INFO - Filling up the DagBag from /opt/airflow/dags/dag-dbt-transformation-pipeline.py
[2026-03-27T17:51:56.335+0000] {processor.py:840} INFO - DAG(s) 'dbt_transformation_pipeline' retrieved from /opt/airflow/dags/dag-dbt-transformation-pipeline.py
[2026-03-27T17:51:56.414+0000] {logging_mixin.py:188} INFO - [2026-03-27T17:51:56.414+0000] {dag.py:3089} INFO - Sync 1 DAGs
[2026-03-27T17:51:56.453+0000] {logging_mixin.py:188} INFO - [2026-03-27T17:51:56.452+0000] {dag.py:3947} INFO - Setting next_dagrun for dbt_transformation_pipeline to None, run_after=None
[2026-03-27T17:51:56.506+0000] {processor.py:183} INFO - Processing /opt/airflow/dags/dag-dbt-transformation-pipeline.py took 0.257 seconds
[2026-03-27T17:52:26.798+0000] {processor.py:161} INFO - Started process (PID=7476) to work on /opt/airflow/dags/dag-dbt-transformation-pipeline.py
[2026-03-27T17:52:26.800+0000] {processor.py:830} INFO - Processing file /opt/airflow/dags/dag-dbt-transformation-pipeline.py for tasks to queue
[2026-03-27T17:52:26.805+0000] {logging_mixin.py:188} INFO - [2026-03-27T17:52:26.804+0000] {dagbag.py:545} INFO - Filling up the DagBag from /opt/airflow/dags/dag-dbt-transformation-pipeline.py
[2026-03-27T17:52:26.847+0000] {processor.py:840} INFO - DAG(s) 'dbt_transformation_pipeline' retrieved from /opt/airflow/dags/dag-dbt-transformation-pipeline.py
[2026-03-27T17:52:26.902+0000] {logging_mixin.py:188} INFO - [2026-03-27T17:52:26.901+0000] {dag.py:3089} INFO - Sync 1 DAGs
[2026-03-27T17:52:26.928+0000] {logging_mixin.py:188} INFO - [2026-03-27T17:52:26.927+0000] {dag.py:3947} INFO - Setting next_dagrun for dbt_transformation_pipeline to None, run_after=None
[2026-03-27T17:52:26.993+0000] {processor.py:183} INFO - Processing /opt/airflow/dags/dag-dbt-transformation-pipeline.py took 0.207 seconds
[2026-03-27T17:52:57.301+0000] {processor.py:161} INFO - Started process (PID=7501) to work on /opt/airflow/dags/dag-dbt-transformation-pipeline.py
[2026-03-27T17:52:57.309+0000] {processor.py:830} INFO - Processing file /opt/airflow/dags/dag-dbt-transformation-pipeline.py for tasks to queue
[2026-03-27T17:52:57.315+0000] {logging_mixin.py:188} INFO - [2026-03-27T17:52:57.314+0000] {dagbag.py:545} INFO - Filling up the DagBag from /opt/airflow/dags/dag-dbt-transformation-pipeline.py
[2026-03-27T17:52:57.385+0000] {processor.py:840} INFO - DAG(s) 'dbt_transformation_pipeline' retrieved from /opt/airflow/dags/dag-dbt-transformation-pipeline.py
[2026-03-27T17:52:57.457+0000] {logging_mixin.py:188} INFO - [2026-03-27T17:52:57.457+0000] {dag.py:3089} INFO - Sync 1 DAGs
[2026-03-27T17:52:57.505+0000] {logging_mixin.py:188} INFO - [2026-03-27T17:52:57.504+0000] {dag.py:3947} INFO - Setting next_dagrun for dbt_transformation_pipeline to None, run_after=None
[2026-03-27T17:52:57.551+0000] {processor.py:183} INFO - Processing /opt/airflow/dags/dag-dbt-transformation-pipeline.py took 0.263 seconds
[2026-03-27T17:53:06.532+0000] {processor.py:161} INFO - Started process (PID=7531) to work on /opt/airflow/dags/dag-dbt-transformation-pipeline.py
[2026-03-27T17:53:06.535+0000] {processor.py:830} INFO - Processing file /opt/airflow/dags/dag-dbt-transformation-pipeline.py for tasks to queue
[2026-03-27T17:53:06.541+0000] {logging_mixin.py:188} INFO - [2026-03-27T17:53:06.540+0000] {dagbag.py:545} INFO - Filling up the DagBag from /opt/airflow/dags/dag-dbt-transformation-pipeline.py
[2026-03-27T17:53:06.662+0000] {processor.py:840} INFO - DAG(s) 'dbt_transformation_pipeline' retrieved from /opt/airflow/dags/dag-dbt-transformation-pipeline.py
[2026-03-27T17:53:06.914+0000] {logging_mixin.py:188} INFO - [2026-03-27T17:53:06.913+0000] {dag.py:3089} INFO - Sync 1 DAGs
[2026-03-27T17:53:07.029+0000] {processor.py:183} INFO - Processing /opt/airflow/dags/dag-dbt-transformation-pipeline.py took 0.516 seconds
[2026-03-27T17:54:55.387+0000] {processor.py:161} INFO - Started process (PID=164) to work on /opt/airflow/dags/dag-dbt-transformation-pipeline.py
[2026-03-27T17:54:55.390+0000] {processor.py:830} INFO - Processing file /opt/airflow/dags/dag-dbt-transformation-pipeline.py for tasks to queue
[2026-03-27T17:54:55.397+0000] {logging_mixin.py:188} INFO - [2026-03-27T17:54:55.396+0000] {dagbag.py:545} INFO - Filling up the DagBag from /opt/airflow/dags/dag-dbt-transformation-pipeline.py
[2026-03-27T17:54:56.314+0000] {processor.py:840} INFO - DAG(s) 'dbt_transformation_pipeline' retrieved from /opt/airflow/dags/dag-dbt-transformation-pipeline.py
[2026-03-27T17:54:56.818+0000] {logging_mixin.py:188} INFO - [2026-03-27T17:54:56.817+0000] {override.py:1858} INFO - Created Permission View: can edit on DAG:dbt_transformation_pipeline
[2026-03-27T17:54:56.837+0000] {logging_mixin.py:188} INFO - [2026-03-27T17:54:56.837+0000] {override.py:1858} INFO - Created Permission View: can read on DAG:dbt_transformation_pipeline
[2026-03-27T17:54:56.851+0000] {logging_mixin.py:188} INFO - [2026-03-27T17:54:56.850+0000] {override.py:1858} INFO - Created Permission View: can delete on DAG:dbt_transformation_pipeline
[2026-03-27T17:54:56.852+0000] {logging_mixin.py:188} INFO - [2026-03-27T17:54:56.852+0000] {dag.py:3089} INFO - Sync 1 DAGs
[2026-03-27T17:54:56.874+0000] {logging_mixin.py:188} INFO - [2026-03-27T17:54:56.873+0000] {dag.py:3111} INFO - Creating ORM DAG for dbt_transformation_pipeline
[2026-03-27T17:54:56.894+0000] {logging_mixin.py:188} INFO - [2026-03-27T17:54:56.894+0000] {dag.py:3947} INFO - Setting next_dagrun for dbt_transformation_pipeline to 2026-03-27 16:00:00+00:00, run_after=2026-03-27 17:00:00+00:00
[2026-03-27T17:54:56.939+0000] {processor.py:183} INFO - Processing /opt/airflow/dags/dag-dbt-transformation-pipeline.py took 1.571 seconds
[2026-03-27T17:55:27.434+0000] {processor.py:161} INFO - Started process (PID=189) to work on /opt/airflow/dags/dag-dbt-transformation-pipeline.py
[2026-03-27T17:55:27.438+0000] {processor.py:830} INFO - Processing file /opt/airflow/dags/dag-dbt-transformation-pipeline.py for tasks to queue
[2026-03-27T17:55:27.443+0000] {logging_mixin.py:188} INFO - [2026-03-27T17:55:27.442+0000] {dagbag.py:545} INFO - Filling up the DagBag from /opt/airflow/dags/dag-dbt-transformation-pipeline.py
[2026-03-27T17:55:27.643+0000] {processor.py:840} INFO - DAG(s) 'dbt_transformation_pipeline' retrieved from /opt/airflow/dags/dag-dbt-transformation-pipeline.py
[2026-03-27T17:55:27.713+0000] {logging_mixin.py:188} INFO - [2026-03-27T17:55:27.712+0000] {dag.py:3089} INFO - Sync 1 DAGs
[2026-03-27T17:55:27.780+0000] {logging_mixin.py:188} INFO - [2026-03-27T17:55:27.780+0000] {dag.py:3947} INFO - Setting next_dagrun for dbt_transformation_pipeline to 2026-03-27 16:00:00+00:00, run_after=2026-03-27 17:00:00+00:00
[2026-03-27T17:55:27.822+0000] {processor.py:183} INFO - Processing /opt/airflow/dags/dag-dbt-transformation-pipeline.py took 0.405 seconds
[2026-03-27T17:55:58.185+0000] {processor.py:161} INFO - Started process (PID=214) to work on /opt/airflow/dags/dag-dbt-transformation-pipeline.py
[2026-03-27T17:55:58.188+0000] {processor.py:830} INFO - Processing file /opt/airflow/dags/dag-dbt-transformation-pipeline.py for tasks to queue
[2026-03-27T17:55:58.191+0000] {logging_mixin.py:188} INFO - [2026-03-27T17:55:58.191+0000] {dagbag.py:545} INFO - Filling up the DagBag from /opt/airflow/dags/dag-dbt-transformation-pipeline.py
[2026-03-27T17:55:58.386+0000] {processor.py:840} INFO - DAG(s) 'dbt_transformation_pipeline' retrieved from /opt/airflow/dags/dag-dbt-transformation-pipeline.py
[2026-03-27T17:55:58.462+0000] {logging_mixin.py:188} INFO - [2026-03-27T17:55:58.462+0000] {dag.py:3089} INFO - Sync 1 DAGs
[2026-03-27T17:55:58.519+0000] {logging_mixin.py:188} INFO - [2026-03-27T17:55:58.519+0000] {dag.py:3947} INFO - Setting next_dagrun for dbt_transformation_pipeline to 2026-03-27 16:00:00+00:00, run_after=2026-03-27 17:00:00+00:00
[2026-03-27T17:55:58.560+0000] {processor.py:183} INFO - Processing /opt/airflow/dags/dag-dbt-transformation-pipeline.py took 0.391 seconds
[2026-03-27T17:56:29.131+0000] {processor.py:161} INFO - Started process (PID=340) to work on /opt/airflow/dags/dag-dbt-transformation-pipeline.py
[2026-03-27T17:56:29.135+0000] {processor.py:830} INFO - Processing file /opt/airflow/dags/dag-dbt-transformation-pipeline.py for tasks to queue
[2026-03-27T17:56:29.146+0000] {logging_mixin.py:188} INFO - [2026-03-27T17:56:29.144+0000] {dagbag.py:545} INFO - Filling up the DagBag from /opt/airflow/dags/dag-dbt-transformation-pipeline.py
[2026-03-27T17:56:29.527+0000] {processor.py:840} INFO - DAG(s) 'dbt_transformation_pipeline' retrieved from /opt/airflow/dags/dag-dbt-transformation-pipeline.py
[2026-03-27T17:56:29.700+0000] {logging_mixin.py:188} INFO - [2026-03-27T17:56:29.700+0000] {dag.py:3089} INFO - Sync 1 DAGs
[2026-03-27T17:56:29.893+0000] {processor.py:183} INFO - Processing /opt/airflow/dags/dag-dbt-transformation-pipeline.py took 0.790 seconds
[2026-03-27T17:57:00.420+0000] {processor.py:161} INFO - Started process (PID=470) to work on /opt/airflow/dags/dag-dbt-transformation-pipeline.py
[2026-03-27T17:57:00.424+0000] {processor.py:830} INFO - Processing file /opt/airflow/dags/dag-dbt-transformation-pipeline.py for tasks to queue
[2026-03-27T17:57:00.431+0000] {logging_mixin.py:188} INFO - [2026-03-27T17:57:00.430+0000] {dagbag.py:545} INFO - Filling up the DagBag from /opt/airflow/dags/dag-dbt-transformation-pipeline.py
[2026-03-27T17:57:00.726+0000] {processor.py:840} INFO - DAG(s) 'dbt_transformation_pipeline' retrieved from /opt/airflow/dags/dag-dbt-transformation-pipeline.py
[2026-03-27T17:57:00.821+0000] {logging_mixin.py:188} INFO - [2026-03-27T17:57:00.820+0000] {dag.py:3089} INFO - Sync 1 DAGs
[2026-03-27T17:57:00.940+0000] {processor.py:183} INFO - Processing /opt/airflow/dags/dag-dbt-transformation-pipeline.py took 0.545 seconds
[2026-03-27T17:57:31.552+0000] {processor.py:161} INFO - Started process (PID=1226) to work on /opt/airflow/dags/dag-dbt-transformation-pipeline.py
[2026-03-27T17:57:31.558+0000] {processor.py:830} INFO - Processing file /opt/airflow/dags/dag-dbt-transformation-pipeline.py for tasks to queue
[2026-03-27T17:57:31.574+0000] {logging_mixin.py:188} INFO - [2026-03-27T17:57:31.569+0000] {dagbag.py:545} INFO - Filling up the DagBag from /opt/airflow/dags/dag-dbt-transformation-pipeline.py
[2026-03-27T17:57:31.937+0000] {processor.py:840} INFO - DAG(s) 'dbt_transformation_pipeline' retrieved from /opt/airflow/dags/dag-dbt-transformation-pipeline.py
[2026-03-27T17:57:32.064+0000] {logging_mixin.py:188} INFO - [2026-03-27T17:57:32.063+0000] {dag.py:3089} INFO - Sync 1 DAGs
[2026-03-27T17:57:32.231+0000] {processor.py:183} INFO - Processing /opt/airflow/dags/dag-dbt-transformation-pipeline.py took 0.711 seconds
[2026-03-27T17:58:02.716+0000] {processor.py:161} INFO - Started process (PID=1313) to work on /opt/airflow/dags/dag-dbt-transformation-pipeline.py
[2026-03-27T17:58:02.720+0000] {processor.py:830} INFO - Processing file /opt/airflow/dags/dag-dbt-transformation-pipeline.py for tasks to queue
[2026-03-27T17:58:02.727+0000] {logging_mixin.py:188} INFO - [2026-03-27T17:58:02.725+0000] {dagbag.py:545} INFO - Filling up the DagBag from /opt/airflow/dags/dag-dbt-transformation-pipeline.py
[2026-03-27T17:58:02.976+0000] {processor.py:840} INFO - DAG(s) 'dbt_transformation_pipeline' retrieved from /opt/airflow/dags/dag-dbt-transformation-pipeline.py
[2026-03-27T17:58:03.055+0000] {logging_mixin.py:188} INFO - [2026-03-27T17:58:03.055+0000] {dag.py:3089} INFO - Sync 1 DAGs
[2026-03-27T17:58:03.171+0000] {processor.py:183} INFO - Processing /opt/airflow/dags/dag-dbt-transformation-pipeline.py took 0.475 seconds
[2026-03-27T17:58:33.562+0000] {processor.py:161} INFO - Started process (PID=1338) to work on /opt/airflow/dags/dag-dbt-transformation-pipeline.py
[2026-03-27T17:58:33.564+0000] {processor.py:830} INFO - Processing file /opt/airflow/dags/dag-dbt-transformation-pipeline.py for tasks to queue
[2026-03-27T17:58:33.568+0000] {logging_mixin.py:188} INFO - [2026-03-27T17:58:33.567+0000] {dagbag.py:545} INFO - Filling up the DagBag from /opt/airflow/dags/dag-dbt-transformation-pipeline.py
[2026-03-27T17:58:33.790+0000] {processor.py:840} INFO - DAG(s) 'dbt_transformation_pipeline' retrieved from /opt/airflow/dags/dag-dbt-transformation-pipeline.py
[2026-03-27T17:58:33.865+0000] {logging_mixin.py:188} INFO - [2026-03-27T17:58:33.865+0000] {dag.py:3089} INFO - Sync 1 DAGs
[2026-03-27T17:58:33.963+0000] {processor.py:183} INFO - Processing /opt/airflow/dags/dag-dbt-transformation-pipeline.py took 0.411 seconds
[2026-03-27T17:59:04.273+0000] {processor.py:161} INFO - Started process (PID=1363) to work on /opt/airflow/dags/dag-dbt-transformation-pipeline.py
[2026-03-27T17:59:04.276+0000] {processor.py:830} INFO - Processing file /opt/airflow/dags/dag-dbt-transformation-pipeline.py for tasks to queue
[2026-03-27T17:59:04.283+0000] {logging_mixin.py:188} INFO - [2026-03-27T17:59:04.282+0000] {dagbag.py:545} INFO - Filling up the DagBag from /opt/airflow/dags/dag-dbt-transformation-pipeline.py
[2026-03-27T17:59:04.501+0000] {processor.py:840} INFO - DAG(s) 'dbt_transformation_pipeline' retrieved from /opt/airflow/dags/dag-dbt-transformation-pipeline.py
[2026-03-27T17:59:04.590+0000] {logging_mixin.py:188} INFO - [2026-03-27T17:59:04.589+0000] {dag.py:3089} INFO - Sync 1 DAGs
[2026-03-27T17:59:04.705+0000] {processor.py:183} INFO - Processing /opt/airflow/dags/dag-dbt-transformation-pipeline.py took 0.464 seconds
[2026-03-27T17:59:35.063+0000] {processor.py:161} INFO - Started process (PID=1395) to work on /opt/airflow/dags/dag-dbt-transformation-pipeline.py
[2026-03-27T17:59:35.066+0000] {processor.py:830} INFO - Processing file /opt/airflow/dags/dag-dbt-transformation-pipeline.py for tasks to queue
[2026-03-27T17:59:35.071+0000] {logging_mixin.py:188} INFO - [2026-03-27T17:59:35.070+0000] {dagbag.py:545} INFO - Filling up the DagBag from /opt/airflow/dags/dag-dbt-transformation-pipeline.py
[2026-03-27T17:59:35.293+0000] {processor.py:840} INFO - DAG(s) 'dbt_transformation_pipeline' retrieved from /opt/airflow/dags/dag-dbt-transformation-pipeline.py
[2026-03-27T17:59:35.386+0000] {logging_mixin.py:188} INFO - [2026-03-27T17:59:35.385+0000] {dag.py:3089} INFO - Sync 1 DAGs
[2026-03-27T17:59:35.530+0000] {processor.py:183} INFO - Processing /opt/airflow/dags/dag-dbt-transformation-pipeline.py took 0.480 seconds
[2026-03-27T18:00:05.851+0000] {processor.py:161} INFO - Started process (PID=1420) to work on /opt/airflow/dags/dag-dbt-transformation-pipeline.py
[2026-03-27T18:00:05.856+0000] {processor.py:830} INFO - Processing file /opt/airflow/dags/dag-dbt-transformation-pipeline.py for tasks to queue
[2026-03-27T18:00:05.863+0000] {logging_mixin.py:188} INFO - [2026-03-27T18:00:05.862+0000] {dagbag.py:545} INFO - Filling up the DagBag from /opt/airflow/dags/dag-dbt-transformation-pipeline.py
[2026-03-27T18:00:06.110+0000] {processor.py:840} INFO - DAG(s) 'dbt_transformation_pipeline' retrieved from /opt/airflow/dags/dag-dbt-transformation-pipeline.py
[2026-03-27T18:00:06.190+0000] {logging_mixin.py:188} INFO - [2026-03-27T18:00:06.189+0000] {dag.py:3089} INFO - Sync 1 DAGs
[2026-03-27T18:00:06.303+0000] {processor.py:183} INFO - Processing /opt/airflow/dags/dag-dbt-transformation-pipeline.py took 0.471 seconds
[2026-03-27T18:00:37.008+0000] {processor.py:161} INFO - Started process (PID=1445) to work on /opt/airflow/dags/dag-dbt-transformation-pipeline.py
[2026-03-27T18:00:37.013+0000] {processor.py:830} INFO - Processing file /opt/airflow/dags/dag-dbt-transformation-pipeline.py for tasks to queue
[2026-03-27T18:00:37.020+0000] {logging_mixin.py:188} INFO - [2026-03-27T18:00:37.019+0000] {dagbag.py:545} INFO - Filling up the DagBag from /opt/airflow/dags/dag-dbt-transformation-pipeline.py
[2026-03-27T18:00:37.223+0000] {processor.py:840} INFO - DAG(s) 'dbt_transformation_pipeline' retrieved from /opt/airflow/dags/dag-dbt-transformation-pipeline.py
[2026-03-27T18:00:37.302+0000] {logging_mixin.py:188} INFO - [2026-03-27T18:00:37.302+0000] {dag.py:3089} INFO - Sync 1 DAGs
[2026-03-27T18:00:37.409+0000] {processor.py:183} INFO - Processing /opt/airflow/dags/dag-dbt-transformation-pipeline.py took 0.438 seconds
[2026-03-27T18:01:07.912+0000] {processor.py:161} INFO - Started process (PID=1470) to work on /opt/airflow/dags/dag-dbt-transformation-pipeline.py
[2026-03-27T18:01:07.917+0000] {processor.py:830} INFO - Processing file /opt/airflow/dags/dag-dbt-transformation-pipeline.py for tasks to queue
[2026-03-27T18:01:07.922+0000] {logging_mixin.py:188} INFO - [2026-03-27T18:01:07.921+0000] {dagbag.py:545} INFO - Filling up the DagBag from /opt/airflow/dags/dag-dbt-transformation-pipeline.py
[2026-03-27T18:01:08.159+0000] {processor.py:840} INFO - DAG(s) 'dbt_transformation_pipeline' retrieved from /opt/airflow/dags/dag-dbt-transformation-pipeline.py
[2026-03-27T18:01:08.236+0000] {logging_mixin.py:188} INFO - [2026-03-27T18:01:08.235+0000] {dag.py:3089} INFO - Sync 1 DAGs
[2026-03-27T18:01:08.361+0000] {processor.py:183} INFO - Processing /opt/airflow/dags/dag-dbt-transformation-pipeline.py took 0.467 seconds
[2026-03-27T18:01:38.745+0000] {processor.py:161} INFO - Started process (PID=1501) to work on /opt/airflow/dags/dag-dbt-transformation-pipeline.py
[2026-03-27T18:01:38.748+0000] {processor.py:830} INFO - Processing file /opt/airflow/dags/dag-dbt-transformation-pipeline.py for tasks to queue
[2026-03-27T18:01:38.751+0000] {logging_mixin.py:188} INFO - [2026-03-27T18:01:38.751+0000] {dagbag.py:545} INFO - Filling up the DagBag from /opt/airflow/dags/dag-dbt-transformation-pipeline.py
[2026-03-27T18:01:38.951+0000] {processor.py:840} INFO - DAG(s) 'dbt_transformation_pipeline' retrieved from /opt/airflow/dags/dag-dbt-transformation-pipeline.py
[2026-03-27T18:01:39.053+0000] {logging_mixin.py:188} INFO - [2026-03-27T18:01:39.053+0000] {dag.py:3089} INFO - Sync 1 DAGs
[2026-03-27T18:01:39.183+0000] {processor.py:183} INFO - Processing /opt/airflow/dags/dag-dbt-transformation-pipeline.py took 0.451 seconds
[2026-03-27T18:02:09.890+0000] {processor.py:161} INFO - Started process (PID=1530) to work on /opt/airflow/dags/dag-dbt-transformation-pipeline.py
[2026-03-27T18:02:09.892+0000] {processor.py:830} INFO - Processing file /opt/airflow/dags/dag-dbt-transformation-pipeline.py for tasks to queue
[2026-03-27T18:02:09.897+0000] {logging_mixin.py:188} INFO - [2026-03-27T18:02:09.896+0000] {dagbag.py:545} INFO - Filling up the DagBag from /opt/airflow/dags/dag-dbt-transformation-pipeline.py
[2026-03-27T18:02:10.106+0000] {processor.py:840} INFO - DAG(s) 'dbt_transformation_pipeline' retrieved from /opt/airflow/dags/dag-dbt-transformation-pipeline.py
[2026-03-27T18:02:10.180+0000] {logging_mixin.py:188} INFO - [2026-03-27T18:02:10.180+0000] {dag.py:3089} INFO - Sync 1 DAGs
[2026-03-27T18:02:10.279+0000] {processor.py:183} INFO - Processing /opt/airflow/dags/dag-dbt-transformation-pipeline.py took 0.413 seconds
[2026-03-27T18:02:40.859+0000] {processor.py:161} INFO - Started process (PID=1555) to work on /opt/airflow/dags/dag-dbt-transformation-pipeline.py
[2026-03-27T18:02:40.863+0000] {processor.py:830} INFO - Processing file /opt/airflow/dags/dag-dbt-transformation-pipeline.py for tasks to queue
[2026-03-27T18:02:40.867+0000] {logging_mixin.py:188} INFO - [2026-03-27T18:02:40.866+0000] {dagbag.py:545} INFO - Filling up the DagBag from /opt/airflow/dags/dag-dbt-transformation-pipeline.py
[2026-03-27T18:02:41.066+0000] {processor.py:840} INFO - DAG(s) 'dbt_transformation_pipeline' retrieved from /opt/airflow/dags/dag-dbt-transformation-pipeline.py
[2026-03-27T18:02:41.144+0000] {logging_mixin.py:188} INFO - [2026-03-27T18:02:41.143+0000] {dag.py:3089} INFO - Sync 1 DAGs
[2026-03-27T18:02:41.248+0000] {processor.py:183} INFO - Processing /opt/airflow/dags/dag-dbt-transformation-pipeline.py took 0.423 seconds
[2026-03-27T18:03:11.686+0000] {processor.py:161} INFO - Started process (PID=1580) to work on /opt/airflow/dags/dag-dbt-transformation-pipeline.py
[2026-03-27T18:03:11.688+0000] {processor.py:830} INFO - Processing file /opt/airflow/dags/dag-dbt-transformation-pipeline.py for tasks to queue
[2026-03-27T18:03:11.692+0000] {logging_mixin.py:188} INFO - [2026-03-27T18:03:11.692+0000] {dagbag.py:545} INFO - Filling up the DagBag from /opt/airflow/dags/dag-dbt-transformation-pipeline.py
[2026-03-27T18:03:11.924+0000] {processor.py:840} INFO - DAG(s) 'dbt_transformation_pipeline' retrieved from /opt/airflow/dags/dag-dbt-transformation-pipeline.py
[2026-03-27T18:03:12.013+0000] {logging_mixin.py:188} INFO - [2026-03-27T18:03:12.012+0000] {dag.py:3089} INFO - Sync 1 DAGs
[2026-03-27T18:03:12.125+0000] {processor.py:183} INFO - Processing /opt/airflow/dags/dag-dbt-transformation-pipeline.py took 0.453 seconds
[2026-03-27T18:03:42.819+0000] {processor.py:161} INFO - Started process (PID=2427) to work on /opt/airflow/dags/dag-dbt-transformation-pipeline.py
[2026-03-27T18:03:42.821+0000] {processor.py:830} INFO - Processing file /opt/airflow/dags/dag-dbt-transformation-pipeline.py for tasks to queue
[2026-03-27T18:03:42.827+0000] {logging_mixin.py:188} INFO - [2026-03-27T18:03:42.826+0000] {dagbag.py:545} INFO - Filling up the DagBag from /opt/airflow/dags/dag-dbt-transformation-pipeline.py
[2026-03-27T18:03:43.063+0000] {processor.py:840} INFO - DAG(s) 'dbt_transformation_pipeline' retrieved from /opt/airflow/dags/dag-dbt-transformation-pipeline.py
[2026-03-27T18:03:43.160+0000] {logging_mixin.py:188} INFO - [2026-03-27T18:03:43.160+0000] {dag.py:3089} INFO - Sync 1 DAGs
[2026-03-27T18:03:43.290+0000] {processor.py:183} INFO - Processing /opt/airflow/dags/dag-dbt-transformation-pipeline.py took 0.486 seconds
[2026-03-27T18:04:13.783+0000] {processor.py:161} INFO - Started process (PID=3453) to work on /opt/airflow/dags/dag-dbt-transformation-pipeline.py
[2026-03-27T18:04:13.786+0000] {processor.py:830} INFO - Processing file /opt/airflow/dags/dag-dbt-transformation-pipeline.py for tasks to queue
[2026-03-27T18:04:13.793+0000] {logging_mixin.py:188} INFO - [2026-03-27T18:04:13.792+0000] {dagbag.py:545} INFO - Filling up the DagBag from /opt/airflow/dags/dag-dbt-transformation-pipeline.py
[2026-03-27T18:04:14.068+0000] {processor.py:840} INFO - DAG(s) 'dbt_transformation_pipeline' retrieved from /opt/airflow/dags/dag-dbt-transformation-pipeline.py
[2026-03-27T18:04:14.187+0000] {logging_mixin.py:188} INFO - [2026-03-27T18:04:14.187+0000] {dag.py:3089} INFO - Sync 1 DAGs
[2026-03-27T18:04:14.312+0000] {processor.py:183} INFO - Processing /opt/airflow/dags/dag-dbt-transformation-pipeline.py took 0.547 seconds
[2026-03-27T18:04:44.896+0000] {processor.py:161} INFO - Started process (PID=3488) to work on /opt/airflow/dags/dag-dbt-transformation-pipeline.py
[2026-03-27T18:04:44.899+0000] {processor.py:830} INFO - Processing file /opt/airflow/dags/dag-dbt-transformation-pipeline.py for tasks to queue
[2026-03-27T18:04:44.903+0000] {logging_mixin.py:188} INFO - [2026-03-27T18:04:44.902+0000] {dagbag.py:545} INFO - Filling up the DagBag from /opt/airflow/dags/dag-dbt-transformation-pipeline.py
[2026-03-27T18:04:45.106+0000] {processor.py:840} INFO - DAG(s) 'dbt_transformation_pipeline' retrieved from /opt/airflow/dags/dag-dbt-transformation-pipeline.py
[2026-03-27T18:04:45.207+0000] {logging_mixin.py:188} INFO - [2026-03-27T18:04:45.206+0000] {dag.py:3089} INFO - Sync 1 DAGs
[2026-03-27T18:04:45.309+0000] {processor.py:183} INFO - Processing /opt/airflow/dags/dag-dbt-transformation-pipeline.py took 0.426 seconds
[2026-03-27T18:05:16.093+0000] {processor.py:161} INFO - Started process (PID=3513) to work on /opt/airflow/dags/dag-dbt-transformation-pipeline.py
[2026-03-27T18:05:16.095+0000] {processor.py:830} INFO - Processing file /opt/airflow/dags/dag-dbt-transformation-pipeline.py for tasks to queue
[2026-03-27T18:05:16.099+0000] {logging_mixin.py:188} INFO - [2026-03-27T18:05:16.098+0000] {dagbag.py:545} INFO - Filling up the DagBag from /opt/airflow/dags/dag-dbt-transformation-pipeline.py
[2026-03-27T18:05:16.295+0000] {processor.py:840} INFO - DAG(s) 'dbt_transformation_pipeline' retrieved from /opt/airflow/dags/dag-dbt-transformation-pipeline.py
[2026-03-27T18:05:16.372+0000] {logging_mixin.py:188} INFO - [2026-03-27T18:05:16.372+0000] {dag.py:3089} INFO - Sync 1 DAGs
[2026-03-27T18:05:16.464+0000] {processor.py:183} INFO - Processing /opt/airflow/dags/dag-dbt-transformation-pipeline.py took 0.382 seconds
[2026-03-27T18:05:47.143+0000] {processor.py:161} INFO - Started process (PID=3538) to work on /opt/airflow/dags/dag-dbt-transformation-pipeline.py
[2026-03-27T18:05:47.145+0000] {processor.py:830} INFO - Processing file /opt/airflow/dags/dag-dbt-transformation-pipeline.py for tasks to queue
[2026-03-27T18:05:47.151+0000] {logging_mixin.py:188} INFO - [2026-03-27T18:05:47.150+0000] {dagbag.py:545} INFO - Filling up the DagBag from /opt/airflow/dags/dag-dbt-transformation-pipeline.py
[2026-03-27T18:05:47.397+0000] {processor.py:840} INFO - DAG(s) 'dbt_transformation_pipeline' retrieved from /opt/airflow/dags/dag-dbt-transformation-pipeline.py
[2026-03-27T18:05:47.477+0000] {logging_mixin.py:188} INFO - [2026-03-27T18:05:47.477+0000] {dag.py:3089} INFO - Sync 1 DAGs
[2026-03-27T18:05:47.618+0000] {processor.py:183} INFO - Processing /opt/airflow/dags/dag-dbt-transformation-pipeline.py took 0.491 seconds
[2026-03-27T18:14:50.041+0000] {processor.py:161} INFO - Started process (PID=166) to work on /opt/airflow/dags/dag-dbt-transformation-pipeline.py
[2026-03-27T18:14:50.043+0000] {processor.py:830} INFO - Processing file /opt/airflow/dags/dag-dbt-transformation-pipeline.py for tasks to queue
[2026-03-27T18:14:50.046+0000] {logging_mixin.py:188} INFO - [2026-03-27T18:14:50.045+0000] {dagbag.py:545} INFO - Filling up the DagBag from /opt/airflow/dags/dag-dbt-transformation-pipeline.py
[2026-03-27T18:14:50.154+0000] {processor.py:840} INFO - DAG(s) 'dbt_transformation_pipeline' retrieved from /opt/airflow/dags/dag-dbt-transformation-pipeline.py
[2026-03-27T18:14:50.599+0000] {logging_mixin.py:188} INFO - [2026-03-27T18:14:50.598+0000] {override.py:1858} INFO - Created Permission View: can edit on DAG:dbt_transformation_pipeline
[2026-03-27T18:14:50.620+0000] {logging_mixin.py:188} INFO - [2026-03-27T18:14:50.620+0000] {override.py:1858} INFO - Created Permission View: can delete on DAG:dbt_transformation_pipeline
[2026-03-27T18:14:50.634+0000] {logging_mixin.py:188} INFO - [2026-03-27T18:14:50.633+0000] {override.py:1858} INFO - Created Permission View: can read on DAG:dbt_transformation_pipeline
[2026-03-27T18:14:50.635+0000] {logging_mixin.py:188} INFO - [2026-03-27T18:14:50.635+0000] {dag.py:3089} INFO - Sync 1 DAGs
[2026-03-27T18:14:50.656+0000] {logging_mixin.py:188} INFO - [2026-03-27T18:14:50.655+0000] {dag.py:3111} INFO - Creating ORM DAG for dbt_transformation_pipeline
[2026-03-27T18:14:50.677+0000] {logging_mixin.py:188} INFO - [2026-03-27T18:14:50.677+0000] {dag.py:3947} INFO - Setting next_dagrun for dbt_transformation_pipeline to 2026-03-27 17:00:00+00:00, run_after=2026-03-27 18:00:00+00:00
[2026-03-27T18:14:50.724+0000] {processor.py:183} INFO - Processing /opt/airflow/dags/dag-dbt-transformation-pipeline.py took 0.699 seconds
[2026-03-27T18:15:20.894+0000] {processor.py:161} INFO - Started process (PID=191) to work on /opt/airflow/dags/dag-dbt-transformation-pipeline.py
[2026-03-27T18:15:20.896+0000] {processor.py:830} INFO - Processing file /opt/airflow/dags/dag-dbt-transformation-pipeline.py for tasks to queue
[2026-03-27T18:15:20.901+0000] {logging_mixin.py:188} INFO - [2026-03-27T18:15:20.900+0000] {dagbag.py:545} INFO - Filling up the DagBag from /opt/airflow/dags/dag-dbt-transformation-pipeline.py
[2026-03-27T18:15:20.956+0000] {processor.py:840} INFO - DAG(s) 'dbt_transformation_pipeline' retrieved from /opt/airflow/dags/dag-dbt-transformation-pipeline.py
[2026-03-27T18:15:21.027+0000] {logging_mixin.py:188} INFO - [2026-03-27T18:15:21.027+0000] {dag.py:3089} INFO - Sync 1 DAGs
[2026-03-27T18:15:21.080+0000] {logging_mixin.py:188} INFO - [2026-03-27T18:15:21.080+0000] {dag.py:3947} INFO - Setting next_dagrun for dbt_transformation_pipeline to 2026-03-27 17:00:00+00:00, run_after=2026-03-27 18:00:00+00:00
[2026-03-27T18:15:21.120+0000] {processor.py:183} INFO - Processing /opt/airflow/dags/dag-dbt-transformation-pipeline.py took 0.242 seconds
[2026-03-27T18:15:51.412+0000] {processor.py:161} INFO - Started process (PID=216) to work on /opt/airflow/dags/dag-dbt-transformation-pipeline.py
[2026-03-27T18:15:51.415+0000] {processor.py:830} INFO - Processing file /opt/airflow/dags/dag-dbt-transformation-pipeline.py for tasks to queue
[2026-03-27T18:15:51.421+0000] {logging_mixin.py:188} INFO - [2026-03-27T18:15:51.420+0000] {dagbag.py:545} INFO - Filling up the DagBag from /opt/airflow/dags/dag-dbt-transformation-pipeline.py
[2026-03-27T18:15:51.477+0000] {processor.py:840} INFO - DAG(s) 'dbt_transformation_pipeline' retrieved from /opt/airflow/dags/dag-dbt-transformation-pipeline.py
[2026-03-27T18:15:51.548+0000] {logging_mixin.py:188} INFO - [2026-03-27T18:15:51.547+0000] {dag.py:3089} INFO - Sync 1 DAGs
[2026-03-27T18:15:51.604+0000] {logging_mixin.py:188} INFO - [2026-03-27T18:15:51.604+0000] {dag.py:3947} INFO - Setting next_dagrun for dbt_transformation_pipeline to 2026-03-27 17:00:00+00:00, run_after=2026-03-27 18:00:00+00:00
[2026-03-27T18:15:51.651+0000] {processor.py:183} INFO - Processing /opt/airflow/dags/dag-dbt-transformation-pipeline.py took 0.253 seconds
[2026-03-27T18:16:22.094+0000] {processor.py:161} INFO - Started process (PID=342) to work on /opt/airflow/dags/dag-dbt-transformation-pipeline.py
[2026-03-27T18:16:22.103+0000] {processor.py:830} INFO - Processing file /opt/airflow/dags/dag-dbt-transformation-pipeline.py for tasks to queue
[2026-03-27T18:16:22.111+0000] {logging_mixin.py:188} INFO - [2026-03-27T18:16:22.109+0000] {dagbag.py:545} INFO - Filling up the DagBag from /opt/airflow/dags/dag-dbt-transformation-pipeline.py
[2026-03-27T18:16:22.205+0000] {processor.py:840} INFO - DAG(s) 'dbt_transformation_pipeline' retrieved from /opt/airflow/dags/dag-dbt-transformation-pipeline.py
[2026-03-27T18:16:22.379+0000] {logging_mixin.py:188} INFO - [2026-03-27T18:16:22.378+0000] {dag.py:3089} INFO - Sync 1 DAGs
[2026-03-27T18:16:22.587+0000] {processor.py:183} INFO - Processing /opt/airflow/dags/dag-dbt-transformation-pipeline.py took 0.531 seconds
[2026-03-27T18:16:53.076+0000] {processor.py:161} INFO - Started process (PID=509) to work on /opt/airflow/dags/dag-dbt-transformation-pipeline.py
[2026-03-27T18:16:53.080+0000] {processor.py:830} INFO - Processing file /opt/airflow/dags/dag-dbt-transformation-pipeline.py for tasks to queue
[2026-03-27T18:16:53.092+0000] {logging_mixin.py:188} INFO - [2026-03-27T18:16:53.090+0000] {dagbag.py:545} INFO - Filling up the DagBag from /opt/airflow/dags/dag-dbt-transformation-pipeline.py
[2026-03-27T18:16:53.254+0000] {processor.py:840} INFO - DAG(s) 'dbt_transformation_pipeline' retrieved from /opt/airflow/dags/dag-dbt-transformation-pipeline.py
[2026-03-27T18:16:53.392+0000] {logging_mixin.py:188} INFO - [2026-03-27T18:16:53.392+0000] {dag.py:3089} INFO - Sync 1 DAGs
[2026-03-27T18:16:53.605+0000] {processor.py:183} INFO - Processing /opt/airflow/dags/dag-dbt-transformation-pipeline.py took 0.560 seconds
[2026-03-27T18:17:23.979+0000] {processor.py:161} INFO - Started process (PID=1188) to work on /opt/airflow/dags/dag-dbt-transformation-pipeline.py
[2026-03-27T18:17:23.981+0000] {processor.py:830} INFO - Processing file /opt/airflow/dags/dag-dbt-transformation-pipeline.py for tasks to queue
[2026-03-27T18:17:23.986+0000] {logging_mixin.py:188} INFO - [2026-03-27T18:17:23.985+0000] {dagbag.py:545} INFO - Filling up the DagBag from /opt/airflow/dags/dag-dbt-transformation-pipeline.py
[2026-03-27T18:17:24.060+0000] {processor.py:840} INFO - DAG(s) 'dbt_transformation_pipeline' retrieved from /opt/airflow/dags/dag-dbt-transformation-pipeline.py
[2026-03-27T18:17:24.128+0000] {logging_mixin.py:188} INFO - [2026-03-27T18:17:24.127+0000] {dag.py:3089} INFO - Sync 1 DAGs
[2026-03-27T18:17:24.228+0000] {processor.py:183} INFO - Processing /opt/airflow/dags/dag-dbt-transformation-pipeline.py took 0.262 seconds
[2026-03-27T18:17:54.433+0000] {processor.py:161} INFO - Started process (PID=1261) to work on /opt/airflow/dags/dag-dbt-transformation-pipeline.py
[2026-03-27T18:17:54.436+0000] {processor.py:830} INFO - Processing file /opt/airflow/dags/dag-dbt-transformation-pipeline.py for tasks to queue
[2026-03-27T18:17:54.444+0000] {logging_mixin.py:188} INFO - [2026-03-27T18:17:54.442+0000] {dagbag.py:545} INFO - Filling up the DagBag from /opt/airflow/dags/dag-dbt-transformation-pipeline.py
[2026-03-27T18:17:54.539+0000] {processor.py:840} INFO - DAG(s) 'dbt_transformation_pipeline' retrieved from /opt/airflow/dags/dag-dbt-transformation-pipeline.py
[2026-03-27T18:17:54.628+0000] {logging_mixin.py:188} INFO - [2026-03-27T18:17:54.628+0000] {dag.py:3089} INFO - Sync 1 DAGs
[2026-03-27T18:17:54.726+0000] {processor.py:183} INFO - Processing /opt/airflow/dags/dag-dbt-transformation-pipeline.py took 0.315 seconds
[2026-03-27T18:18:24.963+0000] {processor.py:161} INFO - Started process (PID=1286) to work on /opt/airflow/dags/dag-dbt-transformation-pipeline.py
[2026-03-27T18:18:24.968+0000] {processor.py:830} INFO - Processing file /opt/airflow/dags/dag-dbt-transformation-pipeline.py for tasks to queue
[2026-03-27T18:18:24.976+0000] {logging_mixin.py:188} INFO - [2026-03-27T18:18:24.974+0000] {dagbag.py:545} INFO - Filling up the DagBag from /opt/airflow/dags/dag-dbt-transformation-pipeline.py
[2026-03-27T18:18:25.051+0000] {processor.py:840} INFO - DAG(s) 'dbt_transformation_pipeline' retrieved from /opt/airflow/dags/dag-dbt-transformation-pipeline.py
[2026-03-27T18:18:25.118+0000] {logging_mixin.py:188} INFO - [2026-03-27T18:18:25.117+0000] {dag.py:3089} INFO - Sync 1 DAGs
[2026-03-27T18:18:25.204+0000] {processor.py:183} INFO - Processing /opt/airflow/dags/dag-dbt-transformation-pipeline.py took 0.271 seconds
[2026-03-27T18:18:55.734+0000] {processor.py:161} INFO - Started process (PID=1311) to work on /opt/airflow/dags/dag-dbt-transformation-pipeline.py
[2026-03-27T18:18:55.739+0000] {processor.py:830} INFO - Processing file /opt/airflow/dags/dag-dbt-transformation-pipeline.py for tasks to queue
[2026-03-27T18:18:55.747+0000] {logging_mixin.py:188} INFO - [2026-03-27T18:18:55.746+0000] {dagbag.py:545} INFO - Filling up the DagBag from /opt/airflow/dags/dag-dbt-transformation-pipeline.py
[2026-03-27T18:18:55.826+0000] {processor.py:840} INFO - DAG(s) 'dbt_transformation_pipeline' retrieved from /opt/airflow/dags/dag-dbt-transformation-pipeline.py
[2026-03-27T18:18:55.891+0000] {logging_mixin.py:188} INFO - [2026-03-27T18:18:55.890+0000] {dag.py:3089} INFO - Sync 1 DAGs
[2026-03-27T18:18:55.982+0000] {processor.py:183} INFO - Processing /opt/airflow/dags/dag-dbt-transformation-pipeline.py took 0.275 seconds
[2026-03-27T18:19:26.330+0000] {processor.py:161} INFO - Started process (PID=1336) to work on /opt/airflow/dags/dag-dbt-transformation-pipeline.py
[2026-03-27T18:19:26.333+0000] {processor.py:830} INFO - Processing file /opt/airflow/dags/dag-dbt-transformation-pipeline.py for tasks to queue
[2026-03-27T18:19:26.342+0000] {logging_mixin.py:188} INFO - [2026-03-27T18:19:26.341+0000] {dagbag.py:545} INFO - Filling up the DagBag from /opt/airflow/dags/dag-dbt-transformation-pipeline.py
[2026-03-27T18:19:26.403+0000] {processor.py:840} INFO - DAG(s) 'dbt_transformation_pipeline' retrieved from /opt/airflow/dags/dag-dbt-transformation-pipeline.py
[2026-03-27T18:19:26.481+0000] {logging_mixin.py:188} INFO - [2026-03-27T18:19:26.480+0000] {dag.py:3089} INFO - Sync 1 DAGs
[2026-03-27T18:19:26.577+0000] {processor.py:183} INFO - Processing /opt/airflow/dags/dag-dbt-transformation-pipeline.py took 0.266 seconds
[2026-03-27T18:19:57.244+0000] {processor.py:161} INFO - Started process (PID=1361) to work on /opt/airflow/dags/dag-dbt-transformation-pipeline.py
[2026-03-27T18:19:57.246+0000] {processor.py:830} INFO - Processing file /opt/airflow/dags/dag-dbt-transformation-pipeline.py for tasks to queue
[2026-03-27T18:19:57.251+0000] {logging_mixin.py:188} INFO - [2026-03-27T18:19:57.250+0000] {dagbag.py:545} INFO - Filling up the DagBag from /opt/airflow/dags/dag-dbt-transformation-pipeline.py
[2026-03-27T18:19:57.313+0000] {processor.py:840} INFO - DAG(s) 'dbt_transformation_pipeline' retrieved from /opt/airflow/dags/dag-dbt-transformation-pipeline.py
[2026-03-27T18:19:57.381+0000] {logging_mixin.py:188} INFO - [2026-03-27T18:19:57.380+0000] {dag.py:3089} INFO - Sync 1 DAGs
[2026-03-27T18:19:57.487+0000] {processor.py:183} INFO - Processing /opt/airflow/dags/dag-dbt-transformation-pipeline.py took 0.257 seconds
[2026-03-27T18:20:28.003+0000] {processor.py:161} INFO - Started process (PID=1386) to work on /opt/airflow/dags/dag-dbt-transformation-pipeline.py
[2026-03-27T18:20:28.005+0000] {processor.py:830} INFO - Processing file /opt/airflow/dags/dag-dbt-transformation-pipeline.py for tasks to queue
[2026-03-27T18:20:28.009+0000] {logging_mixin.py:188} INFO - [2026-03-27T18:20:28.009+0000] {dagbag.py:545} INFO - Filling up the DagBag from /opt/airflow/dags/dag-dbt-transformation-pipeline.py
[2026-03-27T18:20:28.068+0000] {processor.py:840} INFO - DAG(s) 'dbt_transformation_pipeline' retrieved from /opt/airflow/dags/dag-dbt-transformation-pipeline.py
[2026-03-27T18:20:28.155+0000] {logging_mixin.py:188} INFO - [2026-03-27T18:20:28.155+0000] {dag.py:3089} INFO - Sync 1 DAGs
[2026-03-27T18:20:28.273+0000] {processor.py:183} INFO - Processing /opt/airflow/dags/dag-dbt-transformation-pipeline.py took 0.283 seconds
[2026-03-27T18:20:58.695+0000] {processor.py:161} INFO - Started process (PID=1411) to work on /opt/airflow/dags/dag-dbt-transformation-pipeline.py
[2026-03-27T18:20:58.698+0000] {processor.py:830} INFO - Processing file /opt/airflow/dags/dag-dbt-transformation-pipeline.py for tasks to queue
[2026-03-27T18:20:58.702+0000] {logging_mixin.py:188} INFO - [2026-03-27T18:20:58.701+0000] {dagbag.py:545} INFO - Filling up the DagBag from /opt/airflow/dags/dag-dbt-transformation-pipeline.py
[2026-03-27T18:20:58.801+0000] {processor.py:840} INFO - DAG(s) 'dbt_transformation_pipeline' retrieved from /opt/airflow/dags/dag-dbt-transformation-pipeline.py
[2026-03-27T18:20:58.929+0000] {logging_mixin.py:188} INFO - [2026-03-27T18:20:58.928+0000] {dag.py:3089} INFO - Sync 1 DAGs
[2026-03-27T18:20:59.016+0000] {processor.py:183} INFO - Processing /opt/airflow/dags/dag-dbt-transformation-pipeline.py took 0.337 seconds
[2026-03-27T18:21:29.972+0000] {processor.py:161} INFO - Started process (PID=1446) to work on /opt/airflow/dags/dag-dbt-transformation-pipeline.py
[2026-03-27T18:21:29.976+0000] {processor.py:830} INFO - Processing file /opt/airflow/dags/dag-dbt-transformation-pipeline.py for tasks to queue
[2026-03-27T18:21:29.981+0000] {logging_mixin.py:188} INFO - [2026-03-27T18:21:29.980+0000] {dagbag.py:545} INFO - Filling up the DagBag from /opt/airflow/dags/dag-dbt-transformation-pipeline.py
[2026-03-27T18:21:30.054+0000] {processor.py:840} INFO - DAG(s) 'dbt_transformation_pipeline' retrieved from /opt/airflow/dags/dag-dbt-transformation-pipeline.py
[2026-03-27T18:21:30.124+0000] {logging_mixin.py:188} INFO - [2026-03-27T18:21:30.123+0000] {dag.py:3089} INFO - Sync 1 DAGs
[2026-03-27T18:21:30.215+0000] {processor.py:183} INFO - Processing /opt/airflow/dags/dag-dbt-transformation-pipeline.py took 0.267 seconds
[2026-03-27T18:22:00.996+0000] {processor.py:161} INFO - Started process (PID=1471) to work on /opt/airflow/dags/dag-dbt-transformation-pipeline.py
[2026-03-27T18:22:00.999+0000] {processor.py:830} INFO - Processing file /opt/airflow/dags/dag-dbt-transformation-pipeline.py for tasks to queue
[2026-03-27T18:22:01.004+0000] {logging_mixin.py:188} INFO - [2026-03-27T18:22:01.003+0000] {dagbag.py:545} INFO - Filling up the DagBag from /opt/airflow/dags/dag-dbt-transformation-pipeline.py
[2026-03-27T18:22:01.063+0000] {processor.py:840} INFO - DAG(s) 'dbt_transformation_pipeline' retrieved from /opt/airflow/dags/dag-dbt-transformation-pipeline.py
[2026-03-27T18:22:01.133+0000] {logging_mixin.py:188} INFO - [2026-03-27T18:22:01.132+0000] {dag.py:3089} INFO - Sync 1 DAGs
[2026-03-27T18:22:01.250+0000] {processor.py:183} INFO - Processing /opt/airflow/dags/dag-dbt-transformation-pipeline.py took 0.269 seconds
[2026-03-27T18:22:31.567+0000] {processor.py:161} INFO - Started process (PID=1496) to work on /opt/airflow/dags/dag-dbt-transformation-pipeline.py
[2026-03-27T18:22:31.569+0000] {processor.py:830} INFO - Processing file /opt/airflow/dags/dag-dbt-transformation-pipeline.py for tasks to queue
[2026-03-27T18:22:31.573+0000] {logging_mixin.py:188} INFO - [2026-03-27T18:22:31.573+0000] {dagbag.py:545} INFO - Filling up the DagBag from /opt/airflow/dags/dag-dbt-transformation-pipeline.py
[2026-03-27T18:22:31.629+0000] {processor.py:840} INFO - DAG(s) 'dbt_transformation_pipeline' retrieved from /opt/airflow/dags/dag-dbt-transformation-pipeline.py
[2026-03-27T18:22:31.697+0000] {logging_mixin.py:188} INFO - [2026-03-27T18:22:31.697+0000] {dag.py:3089} INFO - Sync 1 DAGs
[2026-03-27T18:22:31.799+0000] {processor.py:183} INFO - Processing /opt/airflow/dags/dag-dbt-transformation-pipeline.py took 0.246 seconds
[2026-03-27T18:23:02.284+0000] {processor.py:161} INFO - Started process (PID=1521) to work on /opt/airflow/dags/dag-dbt-transformation-pipeline.py
[2026-03-27T18:23:02.286+0000] {processor.py:830} INFO - Processing file /opt/airflow/dags/dag-dbt-transformation-pipeline.py for tasks to queue
[2026-03-27T18:23:02.291+0000] {logging_mixin.py:188} INFO - [2026-03-27T18:23:02.290+0000] {dagbag.py:545} INFO - Filling up the DagBag from /opt/airflow/dags/dag-dbt-transformation-pipeline.py
[2026-03-27T18:23:02.349+0000] {processor.py:840} INFO - DAG(s) 'dbt_transformation_pipeline' retrieved from /opt/airflow/dags/dag-dbt-transformation-pipeline.py
[2026-03-27T18:23:02.417+0000] {logging_mixin.py:188} INFO - [2026-03-27T18:23:02.417+0000] {dag.py:3089} INFO - Sync 1 DAGs
[2026-03-27T18:23:02.510+0000] {processor.py:183} INFO - Processing /opt/airflow/dags/dag-dbt-transformation-pipeline.py took 0.242 seconds
[2026-03-27T18:23:33.155+0000] {processor.py:161} INFO - Started process (PID=1766) to work on /opt/airflow/dags/dag-dbt-transformation-pipeline.py
[2026-03-27T18:23:33.158+0000] {processor.py:830} INFO - Processing file /opt/airflow/dags/dag-dbt-transformation-pipeline.py for tasks to queue
[2026-03-27T18:23:33.165+0000] {logging_mixin.py:188} INFO - [2026-03-27T18:23:33.164+0000] {dagbag.py:545} INFO - Filling up the DagBag from /opt/airflow/dags/dag-dbt-transformation-pipeline.py
[2026-03-27T18:23:33.251+0000] {processor.py:840} INFO - DAG(s) 'dbt_transformation_pipeline' retrieved from /opt/airflow/dags/dag-dbt-transformation-pipeline.py
[2026-03-27T18:23:33.330+0000] {logging_mixin.py:188} INFO - [2026-03-27T18:23:33.329+0000] {dag.py:3089} INFO - Sync 1 DAGs
[2026-03-27T18:23:33.484+0000] {processor.py:183} INFO - Processing /opt/airflow/dags/dag-dbt-transformation-pipeline.py took 0.349 seconds
[2026-03-27T18:24:03.665+0000] {processor.py:161} INFO - Started process (PID=3380) to work on /opt/airflow/dags/dag-dbt-transformation-pipeline.py
[2026-03-27T18:24:03.668+0000] {processor.py:830} INFO - Processing file /opt/airflow/dags/dag-dbt-transformation-pipeline.py for tasks to queue
[2026-03-27T18:24:03.675+0000] {logging_mixin.py:188} INFO - [2026-03-27T18:24:03.674+0000] {dagbag.py:545} INFO - Filling up the DagBag from /opt/airflow/dags/dag-dbt-transformation-pipeline.py
[2026-03-27T18:24:03.752+0000] {processor.py:840} INFO - DAG(s) 'dbt_transformation_pipeline' retrieved from /opt/airflow/dags/dag-dbt-transformation-pipeline.py
[2026-03-27T18:24:03.832+0000] {logging_mixin.py:188} INFO - [2026-03-27T18:24:03.831+0000] {dag.py:3089} INFO - Sync 1 DAGs
[2026-03-27T18:24:03.926+0000] {processor.py:183} INFO - Processing /opt/airflow/dags/dag-dbt-transformation-pipeline.py took 0.280 seconds
[2026-03-27T18:24:34.184+0000] {processor.py:161} INFO - Started process (PID=3409) to work on /opt/airflow/dags/dag-dbt-transformation-pipeline.py
[2026-03-27T18:24:34.187+0000] {processor.py:830} INFO - Processing file /opt/airflow/dags/dag-dbt-transformation-pipeline.py for tasks to queue
[2026-03-27T18:24:34.192+0000] {logging_mixin.py:188} INFO - [2026-03-27T18:24:34.191+0000] {dagbag.py:545} INFO - Filling up the DagBag from /opt/airflow/dags/dag-dbt-transformation-pipeline.py
[2026-03-27T18:24:34.244+0000] {processor.py:840} INFO - DAG(s) 'dbt_transformation_pipeline' retrieved from /opt/airflow/dags/dag-dbt-transformation-pipeline.py
[2026-03-27T18:24:34.329+0000] {logging_mixin.py:188} INFO - [2026-03-27T18:24:34.328+0000] {dag.py:3089} INFO - Sync 1 DAGs
[2026-03-27T18:24:34.450+0000] {processor.py:183} INFO - Processing /opt/airflow/dags/dag-dbt-transformation-pipeline.py took 0.280 seconds
[2026-03-27T18:25:04.824+0000] {processor.py:161} INFO - Started process (PID=3434) to work on /opt/airflow/dags/dag-dbt-transformation-pipeline.py
[2026-03-27T18:25:04.826+0000] {processor.py:830} INFO - Processing file /opt/airflow/dags/dag-dbt-transformation-pipeline.py for tasks to queue
[2026-03-27T18:25:04.831+0000] {logging_mixin.py:188} INFO - [2026-03-27T18:25:04.830+0000] {dagbag.py:545} INFO - Filling up the DagBag from /opt/airflow/dags/dag-dbt-transformation-pipeline.py
[2026-03-27T18:25:04.884+0000] {processor.py:840} INFO - DAG(s) 'dbt_transformation_pipeline' retrieved from /opt/airflow/dags/dag-dbt-transformation-pipeline.py
[2026-03-27T18:25:04.953+0000] {logging_mixin.py:188} INFO - [2026-03-27T18:25:04.953+0000] {dag.py:3089} INFO - Sync 1 DAGs
[2026-03-27T18:25:05.051+0000] {processor.py:183} INFO - Processing /opt/airflow/dags/dag-dbt-transformation-pipeline.py took 0.240 seconds
[2026-03-27T18:25:35.485+0000] {processor.py:161} INFO - Started process (PID=3459) to work on /opt/airflow/dags/dag-dbt-transformation-pipeline.py
[2026-03-27T18:25:35.490+0000] {processor.py:830} INFO - Processing file /opt/airflow/dags/dag-dbt-transformation-pipeline.py for tasks to queue
[2026-03-27T18:25:35.497+0000] {logging_mixin.py:188} INFO - [2026-03-27T18:25:35.496+0000] {dagbag.py:545} INFO - Filling up the DagBag from /opt/airflow/dags/dag-dbt-transformation-pipeline.py
[2026-03-27T18:25:35.544+0000] {processor.py:840} INFO - DAG(s) 'dbt_transformation_pipeline' retrieved from /opt/airflow/dags/dag-dbt-transformation-pipeline.py
[2026-03-27T18:25:35.606+0000] {logging_mixin.py:188} INFO - [2026-03-27T18:25:35.605+0000] {dag.py:3089} INFO - Sync 1 DAGs
[2026-03-27T18:25:35.693+0000] {processor.py:183} INFO - Processing /opt/airflow/dags/dag-dbt-transformation-pipeline.py took 0.235 seconds
[2026-03-27T18:26:06.228+0000] {processor.py:161} INFO - Started process (PID=3484) to work on /opt/airflow/dags/dag-dbt-transformation-pipeline.py
[2026-03-27T18:26:06.230+0000] {processor.py:830} INFO - Processing file /opt/airflow/dags/dag-dbt-transformation-pipeline.py for tasks to queue
[2026-03-27T18:26:06.236+0000] {logging_mixin.py:188} INFO - [2026-03-27T18:26:06.235+0000] {dagbag.py:545} INFO - Filling up the DagBag from /opt/airflow/dags/dag-dbt-transformation-pipeline.py
[2026-03-27T18:26:06.291+0000] {processor.py:840} INFO - DAG(s) 'dbt_transformation_pipeline' retrieved from /opt/airflow/dags/dag-dbt-transformation-pipeline.py
[2026-03-27T18:26:06.358+0000] {logging_mixin.py:188} INFO - [2026-03-27T18:26:06.357+0000] {dag.py:3089} INFO - Sync 1 DAGs
[2026-03-27T18:26:06.458+0000] {processor.py:183} INFO - Processing /opt/airflow/dags/dag-dbt-transformation-pipeline.py took 0.248 seconds
[2026-03-27T18:26:37.009+0000] {processor.py:161} INFO - Started process (PID=3519) to work on /opt/airflow/dags/dag-dbt-transformation-pipeline.py
[2026-03-27T18:26:37.011+0000] {processor.py:830} INFO - Processing file /opt/airflow/dags/dag-dbt-transformation-pipeline.py for tasks to queue
[2026-03-27T18:26:37.016+0000] {logging_mixin.py:188} INFO - [2026-03-27T18:26:37.015+0000] {dagbag.py:545} INFO - Filling up the DagBag from /opt/airflow/dags/dag-dbt-transformation-pipeline.py
[2026-03-27T18:26:37.064+0000] {processor.py:840} INFO - DAG(s) 'dbt_transformation_pipeline' retrieved from /opt/airflow/dags/dag-dbt-transformation-pipeline.py
[2026-03-27T18:26:37.133+0000] {logging_mixin.py:188} INFO - [2026-03-27T18:26:37.133+0000] {dag.py:3089} INFO - Sync 1 DAGs
[2026-03-27T18:26:37.218+0000] {processor.py:183} INFO - Processing /opt/airflow/dags/dag-dbt-transformation-pipeline.py took 0.224 seconds
[2026-03-27T18:27:08.015+0000] {processor.py:161} INFO - Started process (PID=3544) to work on /opt/airflow/dags/dag-dbt-transformation-pipeline.py
[2026-03-27T18:27:08.018+0000] {processor.py:830} INFO - Processing file /opt/airflow/dags/dag-dbt-transformation-pipeline.py for tasks to queue
[2026-03-27T18:27:08.024+0000] {logging_mixin.py:188} INFO - [2026-03-27T18:27:08.023+0000] {dagbag.py:545} INFO - Filling up the DagBag from /opt/airflow/dags/dag-dbt-transformation-pipeline.py
[2026-03-27T18:27:08.103+0000] {processor.py:840} INFO - DAG(s) 'dbt_transformation_pipeline' retrieved from /opt/airflow/dags/dag-dbt-transformation-pipeline.py
[2026-03-27T18:27:08.183+0000] {logging_mixin.py:188} INFO - [2026-03-27T18:27:08.182+0000] {dag.py:3089} INFO - Sync 1 DAGs
[2026-03-27T18:27:08.293+0000] {processor.py:183} INFO - Processing /opt/airflow/dags/dag-dbt-transformation-pipeline.py took 0.297 seconds
[2026-03-27T18:27:38.482+0000] {processor.py:161} INFO - Started process (PID=4767) to work on /opt/airflow/dags/dag-dbt-transformation-pipeline.py
[2026-03-27T18:27:38.485+0000] {processor.py:830} INFO - Processing file /opt/airflow/dags/dag-dbt-transformation-pipeline.py for tasks to queue
[2026-03-27T18:27:38.492+0000] {logging_mixin.py:188} INFO - [2026-03-27T18:27:38.490+0000] {dagbag.py:545} INFO - Filling up the DagBag from /opt/airflow/dags/dag-dbt-transformation-pipeline.py
[2026-03-27T18:27:38.553+0000] {processor.py:840} INFO - DAG(s) 'dbt_transformation_pipeline' retrieved from /opt/airflow/dags/dag-dbt-transformation-pipeline.py
[2026-03-27T18:27:38.642+0000] {logging_mixin.py:188} INFO - [2026-03-27T18:27:38.642+0000] {dag.py:3089} INFO - Sync 1 DAGs
[2026-03-27T18:27:38.758+0000] {processor.py:183} INFO - Processing /opt/airflow/dags/dag-dbt-transformation-pipeline.py took 0.298 seconds
[2026-03-27T18:28:08.967+0000] {processor.py:161} INFO - Started process (PID=5485) to work on /opt/airflow/dags/dag-dbt-transformation-pipeline.py
[2026-03-27T18:28:08.971+0000] {processor.py:830} INFO - Processing file /opt/airflow/dags/dag-dbt-transformation-pipeline.py for tasks to queue
[2026-03-27T18:28:08.980+0000] {logging_mixin.py:188} INFO - [2026-03-27T18:28:08.978+0000] {dagbag.py:545} INFO - Filling up the DagBag from /opt/airflow/dags/dag-dbt-transformation-pipeline.py
[2026-03-27T18:28:09.058+0000] {processor.py:840} INFO - DAG(s) 'dbt_transformation_pipeline' retrieved from /opt/airflow/dags/dag-dbt-transformation-pipeline.py
[2026-03-27T18:28:09.131+0000] {logging_mixin.py:188} INFO - [2026-03-27T18:28:09.131+0000] {dag.py:3089} INFO - Sync 1 DAGs
[2026-03-27T18:28:09.225+0000] {processor.py:183} INFO - Processing /opt/airflow/dags/dag-dbt-transformation-pipeline.py took 0.280 seconds
[2026-03-27T18:28:39.712+0000] {processor.py:161} INFO - Started process (PID=5520) to work on /opt/airflow/dags/dag-dbt-transformation-pipeline.py
[2026-03-27T18:28:39.714+0000] {processor.py:830} INFO - Processing file /opt/airflow/dags/dag-dbt-transformation-pipeline.py for tasks to queue
[2026-03-27T18:28:39.718+0000] {logging_mixin.py:188} INFO - [2026-03-27T18:28:39.717+0000] {dagbag.py:545} INFO - Filling up the DagBag from /opt/airflow/dags/dag-dbt-transformation-pipeline.py
[2026-03-27T18:28:39.767+0000] {processor.py:840} INFO - DAG(s) 'dbt_transformation_pipeline' retrieved from /opt/airflow/dags/dag-dbt-transformation-pipeline.py
[2026-03-27T18:28:39.825+0000] {logging_mixin.py:188} INFO - [2026-03-27T18:28:39.824+0000] {dag.py:3089} INFO - Sync 1 DAGs
[2026-03-27T18:28:39.920+0000] {processor.py:183} INFO - Processing /opt/airflow/dags/dag-dbt-transformation-pipeline.py took 0.219 seconds
[2026-03-27T18:29:10.250+0000] {processor.py:161} INFO - Started process (PID=5573) to work on /opt/airflow/dags/dag-dbt-transformation-pipeline.py
[2026-03-27T18:29:10.253+0000] {processor.py:830} INFO - Processing file /opt/airflow/dags/dag-dbt-transformation-pipeline.py for tasks to queue
[2026-03-27T18:29:10.260+0000] {logging_mixin.py:188} INFO - [2026-03-27T18:29:10.259+0000] {dagbag.py:545} INFO - Filling up the DagBag from /opt/airflow/dags/dag-dbt-transformation-pipeline.py
[2026-03-27T18:29:10.328+0000] {processor.py:840} INFO - DAG(s) 'dbt_transformation_pipeline' retrieved from /opt/airflow/dags/dag-dbt-transformation-pipeline.py
[2026-03-27T18:29:10.390+0000] {logging_mixin.py:188} INFO - [2026-03-27T18:29:10.389+0000] {dag.py:3089} INFO - Sync 1 DAGs
[2026-03-27T18:29:10.481+0000] {processor.py:183} INFO - Processing /opt/airflow/dags/dag-dbt-transformation-pipeline.py took 0.254 seconds
[2026-03-27T18:29:40.774+0000] {processor.py:161} INFO - Started process (PID=5598) to work on /opt/airflow/dags/dag-dbt-transformation-pipeline.py
[2026-03-27T18:29:40.776+0000] {processor.py:830} INFO - Processing file /opt/airflow/dags/dag-dbt-transformation-pipeline.py for tasks to queue
[2026-03-27T18:29:40.781+0000] {logging_mixin.py:188} INFO - [2026-03-27T18:29:40.780+0000] {dagbag.py:545} INFO - Filling up the DagBag from /opt/airflow/dags/dag-dbt-transformation-pipeline.py
[2026-03-27T18:29:40.831+0000] {processor.py:840} INFO - DAG(s) 'dbt_transformation_pipeline' retrieved from /opt/airflow/dags/dag-dbt-transformation-pipeline.py
[2026-03-27T18:29:40.890+0000] {logging_mixin.py:188} INFO - [2026-03-27T18:29:40.889+0000] {dag.py:3089} INFO - Sync 1 DAGs
[2026-03-27T18:29:40.978+0000] {processor.py:183} INFO - Processing /opt/airflow/dags/dag-dbt-transformation-pipeline.py took 0.216 seconds
[2026-03-27T18:30:11.459+0000] {processor.py:161} INFO - Started process (PID=5623) to work on /opt/airflow/dags/dag-dbt-transformation-pipeline.py
[2026-03-27T18:30:11.462+0000] {processor.py:830} INFO - Processing file /opt/airflow/dags/dag-dbt-transformation-pipeline.py for tasks to queue
[2026-03-27T18:30:11.465+0000] {logging_mixin.py:188} INFO - [2026-03-27T18:30:11.465+0000] {dagbag.py:545} INFO - Filling up the DagBag from /opt/airflow/dags/dag-dbt-transformation-pipeline.py
[2026-03-27T18:30:11.512+0000] {processor.py:840} INFO - DAG(s) 'dbt_transformation_pipeline' retrieved from /opt/airflow/dags/dag-dbt-transformation-pipeline.py
[2026-03-27T18:30:11.595+0000] {logging_mixin.py:188} INFO - [2026-03-27T18:30:11.594+0000] {dag.py:3089} INFO - Sync 1 DAGs
[2026-03-27T18:30:11.687+0000] {processor.py:183} INFO - Processing /opt/airflow/dags/dag-dbt-transformation-pipeline.py took 0.241 seconds
[2026-03-27T18:30:42.041+0000] {processor.py:161} INFO - Started process (PID=5648) to work on /opt/airflow/dags/dag-dbt-transformation-pipeline.py
[2026-03-27T18:30:42.043+0000] {processor.py:830} INFO - Processing file /opt/airflow/dags/dag-dbt-transformation-pipeline.py for tasks to queue
[2026-03-27T18:30:42.047+0000] {logging_mixin.py:188} INFO - [2026-03-27T18:30:42.046+0000] {dagbag.py:545} INFO - Filling up the DagBag from /opt/airflow/dags/dag-dbt-transformation-pipeline.py
[2026-03-27T18:30:42.094+0000] {processor.py:840} INFO - DAG(s) 'dbt_transformation_pipeline' retrieved from /opt/airflow/dags/dag-dbt-transformation-pipeline.py
[2026-03-27T18:30:42.151+0000] {logging_mixin.py:188} INFO - [2026-03-27T18:30:42.150+0000] {dag.py:3089} INFO - Sync 1 DAGs
[2026-03-27T18:30:42.235+0000] {processor.py:183} INFO - Processing /opt/airflow/dags/dag-dbt-transformation-pipeline.py took 0.210 seconds
[2026-03-27T18:31:12.692+0000] {processor.py:161} INFO - Started process (PID=5673) to work on /opt/airflow/dags/dag-dbt-transformation-pipeline.py
[2026-03-27T18:31:12.694+0000] {processor.py:830} INFO - Processing file /opt/airflow/dags/dag-dbt-transformation-pipeline.py for tasks to queue
[2026-03-27T18:31:12.699+0000] {logging_mixin.py:188} INFO - [2026-03-27T18:31:12.698+0000] {dagbag.py:545} INFO - Filling up the DagBag from /opt/airflow/dags/dag-dbt-transformation-pipeline.py
[2026-03-27T18:31:12.749+0000] {processor.py:840} INFO - DAG(s) 'dbt_transformation_pipeline' retrieved from /opt/airflow/dags/dag-dbt-transformation-pipeline.py
[2026-03-27T18:31:12.808+0000] {logging_mixin.py:188} INFO - [2026-03-27T18:31:12.808+0000] {dag.py:3089} INFO - Sync 1 DAGs
[2026-03-27T18:31:12.899+0000] {processor.py:183} INFO - Processing /opt/airflow/dags/dag-dbt-transformation-pipeline.py took 0.217 seconds
[2026-03-27T18:31:43.352+0000] {processor.py:161} INFO - Started process (PID=6929) to work on /opt/airflow/dags/dag-dbt-transformation-pipeline.py
[2026-03-27T18:31:43.355+0000] {processor.py:830} INFO - Processing file /opt/airflow/dags/dag-dbt-transformation-pipeline.py for tasks to queue
[2026-03-27T18:31:43.360+0000] {logging_mixin.py:188} INFO - [2026-03-27T18:31:43.359+0000] {dagbag.py:545} INFO - Filling up the DagBag from /opt/airflow/dags/dag-dbt-transformation-pipeline.py
[2026-03-27T18:31:43.414+0000] {processor.py:840} INFO - DAG(s) 'dbt_transformation_pipeline' retrieved from /opt/airflow/dags/dag-dbt-transformation-pipeline.py
[2026-03-27T18:31:43.504+0000] {logging_mixin.py:188} INFO - [2026-03-27T18:31:43.503+0000] {dag.py:3089} INFO - Sync 1 DAGs
[2026-03-27T18:31:43.579+0000] {logging_mixin.py:188} INFO - [2026-03-27T18:31:43.579+0000] {dag.py:3947} INFO - Setting next_dagrun for dbt_transformation_pipeline to 2026-03-27 18:00:00+00:00, run_after=2026-03-27 19:00:00+00:00
[2026-03-27T18:31:43.628+0000] {processor.py:183} INFO - Processing /opt/airflow/dags/dag-dbt-transformation-pipeline.py took 0.293 seconds
[2026-03-27T18:32:14.065+0000] {processor.py:161} INFO - Started process (PID=8100) to work on /opt/airflow/dags/dag-dbt-transformation-pipeline.py
[2026-03-27T18:32:14.068+0000] {processor.py:830} INFO - Processing file /opt/airflow/dags/dag-dbt-transformation-pipeline.py for tasks to queue
[2026-03-27T18:32:14.073+0000] {logging_mixin.py:188} INFO - [2026-03-27T18:32:14.072+0000] {dagbag.py:545} INFO - Filling up the DagBag from /opt/airflow/dags/dag-dbt-transformation-pipeline.py
[2026-03-27T18:32:14.127+0000] {processor.py:840} INFO - DAG(s) 'dbt_transformation_pipeline' retrieved from /opt/airflow/dags/dag-dbt-transformation-pipeline.py
[2026-03-27T18:32:14.191+0000] {logging_mixin.py:188} INFO - [2026-03-27T18:32:14.190+0000] {dag.py:3089} INFO - Sync 1 DAGs
[2026-03-27T18:32:14.259+0000] {logging_mixin.py:188} INFO - [2026-03-27T18:32:14.258+0000] {dag.py:3947} INFO - Setting next_dagrun for dbt_transformation_pipeline to 2026-03-27 18:00:00+00:00, run_after=2026-03-27 19:00:00+00:00
[2026-03-27T18:32:14.320+0000] {processor.py:183} INFO - Processing /opt/airflow/dags/dag-dbt-transformation-pipeline.py took 0.267 seconds
[2026-03-27T18:32:44.474+0000] {processor.py:161} INFO - Started process (PID=8132) to work on /opt/airflow/dags/dag-dbt-transformation-pipeline.py
[2026-03-27T18:32:44.476+0000] {processor.py:830} INFO - Processing file /opt/airflow/dags/dag-dbt-transformation-pipeline.py for tasks to queue
[2026-03-27T18:32:44.480+0000] {logging_mixin.py:188} INFO - [2026-03-27T18:32:44.479+0000] {dagbag.py:545} INFO - Filling up the DagBag from /opt/airflow/dags/dag-dbt-transformation-pipeline.py
[2026-03-27T18:32:44.525+0000] {processor.py:840} INFO - DAG(s) 'dbt_transformation_pipeline' retrieved from /opt/airflow/dags/dag-dbt-transformation-pipeline.py
[2026-03-27T18:32:44.583+0000] {logging_mixin.py:188} INFO - [2026-03-27T18:32:44.582+0000] {dag.py:3089} INFO - Sync 1 DAGs
[2026-03-27T18:32:44.658+0000] {logging_mixin.py:188} INFO - [2026-03-27T18:32:44.658+0000] {dag.py:3947} INFO - Setting next_dagrun for dbt_transformation_pipeline to 2026-03-27 18:00:00+00:00, run_after=2026-03-27 19:00:00+00:00
[2026-03-27T18:32:44.705+0000] {processor.py:183} INFO - Processing /opt/airflow/dags/dag-dbt-transformation-pipeline.py took 0.244 seconds
[2026-03-27T18:33:14.980+0000] {processor.py:161} INFO - Started process (PID=8157) to work on /opt/airflow/dags/dag-dbt-transformation-pipeline.py
[2026-03-27T18:33:14.982+0000] {processor.py:830} INFO - Processing file /opt/airflow/dags/dag-dbt-transformation-pipeline.py for tasks to queue
[2026-03-27T18:33:14.987+0000] {logging_mixin.py:188} INFO - [2026-03-27T18:33:14.986+0000] {dagbag.py:545} INFO - Filling up the DagBag from /opt/airflow/dags/dag-dbt-transformation-pipeline.py
[2026-03-27T18:33:15.055+0000] {processor.py:840} INFO - DAG(s) 'dbt_transformation_pipeline' retrieved from /opt/airflow/dags/dag-dbt-transformation-pipeline.py
[2026-03-27T18:33:15.130+0000] {logging_mixin.py:188} INFO - [2026-03-27T18:33:15.129+0000] {dag.py:3089} INFO - Sync 1 DAGs
[2026-03-27T18:33:15.184+0000] {logging_mixin.py:188} INFO - [2026-03-27T18:33:15.184+0000] {dag.py:3947} INFO - Setting next_dagrun for dbt_transformation_pipeline to 2026-03-27 18:00:00+00:00, run_after=2026-03-27 19:00:00+00:00
[2026-03-27T18:33:15.231+0000] {processor.py:183} INFO - Processing /opt/airflow/dags/dag-dbt-transformation-pipeline.py took 0.266 seconds
[2026-03-27T18:33:45.527+0000] {processor.py:161} INFO - Started process (PID=8182) to work on /opt/airflow/dags/dag-dbt-transformation-pipeline.py
[2026-03-27T18:33:45.532+0000] {processor.py:830} INFO - Processing file /opt/airflow/dags/dag-dbt-transformation-pipeline.py for tasks to queue
[2026-03-27T18:33:45.544+0000] {logging_mixin.py:188} INFO - [2026-03-27T18:33:45.542+0000] {dagbag.py:545} INFO - Filling up the DagBag from /opt/airflow/dags/dag-dbt-transformation-pipeline.py
[2026-03-27T18:33:45.647+0000] {processor.py:840} INFO - DAG(s) 'dbt_transformation_pipeline' retrieved from /opt/airflow/dags/dag-dbt-transformation-pipeline.py
[2026-03-27T18:33:45.761+0000] {logging_mixin.py:188} INFO - [2026-03-27T18:33:45.760+0000] {dag.py:3089} INFO - Sync 1 DAGs
[2026-03-27T18:33:45.826+0000] {logging_mixin.py:188} INFO - [2026-03-27T18:33:45.826+0000] {dag.py:3947} INFO - Setting next_dagrun for dbt_transformation_pipeline to 2026-03-27 18:00:00+00:00, run_after=2026-03-27 19:00:00+00:00
[2026-03-27T18:33:45.880+0000] {processor.py:183} INFO - Processing /opt/airflow/dags/dag-dbt-transformation-pipeline.py took 0.390 seconds
[2026-03-27T18:34:16.549+0000] {processor.py:161} INFO - Started process (PID=8207) to work on /opt/airflow/dags/dag-dbt-transformation-pipeline.py
[2026-03-27T18:34:16.554+0000] {processor.py:830} INFO - Processing file /opt/airflow/dags/dag-dbt-transformation-pipeline.py for tasks to queue
[2026-03-27T18:34:16.563+0000] {logging_mixin.py:188} INFO - [2026-03-27T18:34:16.561+0000] {dagbag.py:545} INFO - Filling up the DagBag from /opt/airflow/dags/dag-dbt-transformation-pipeline.py
[2026-03-27T18:34:16.663+0000] {processor.py:840} INFO - DAG(s) 'dbt_transformation_pipeline' retrieved from /opt/airflow/dags/dag-dbt-transformation-pipeline.py
[2026-03-27T18:34:16.764+0000] {logging_mixin.py:188} INFO - [2026-03-27T18:34:16.763+0000] {dag.py:3089} INFO - Sync 1 DAGs
[2026-03-27T18:34:16.820+0000] {logging_mixin.py:188} INFO - [2026-03-27T18:34:16.819+0000] {dag.py:3947} INFO - Setting next_dagrun for dbt_transformation_pipeline to 2026-03-27 18:00:00+00:00, run_after=2026-03-27 19:00:00+00:00
[2026-03-27T18:34:16.862+0000] {processor.py:183} INFO - Processing /opt/airflow/dags/dag-dbt-transformation-pipeline.py took 0.340 seconds
[2026-03-27T18:34:47.255+0000] {processor.py:161} INFO - Started process (PID=8232) to work on /opt/airflow/dags/dag-dbt-transformation-pipeline.py
[2026-03-27T18:34:47.258+0000] {processor.py:830} INFO - Processing file /opt/airflow/dags/dag-dbt-transformation-pipeline.py for tasks to queue
[2026-03-27T18:34:47.263+0000] {logging_mixin.py:188} INFO - [2026-03-27T18:34:47.262+0000] {dagbag.py:545} INFO - Filling up the DagBag from /opt/airflow/dags/dag-dbt-transformation-pipeline.py
[2026-03-27T18:34:47.317+0000] {processor.py:840} INFO - DAG(s) 'dbt_transformation_pipeline' retrieved from /opt/airflow/dags/dag-dbt-transformation-pipeline.py
[2026-03-27T18:34:47.383+0000] {logging_mixin.py:188} INFO - [2026-03-27T18:34:47.382+0000] {dag.py:3089} INFO - Sync 1 DAGs
[2026-03-27T18:34:47.427+0000] {logging_mixin.py:188} INFO - [2026-03-27T18:34:47.427+0000] {dag.py:3947} INFO - Setting next_dagrun for dbt_transformation_pipeline to 2026-03-27 18:00:00+00:00, run_after=2026-03-27 19:00:00+00:00
[2026-03-27T18:34:47.469+0000] {processor.py:183} INFO - Processing /opt/airflow/dags/dag-dbt-transformation-pipeline.py took 0.231 seconds
[2026-03-27T18:35:17.891+0000] {processor.py:161} INFO - Started process (PID=8264) to work on /opt/airflow/dags/dag-dbt-transformation-pipeline.py
[2026-03-27T18:35:17.894+0000] {processor.py:830} INFO - Processing file /opt/airflow/dags/dag-dbt-transformation-pipeline.py for tasks to queue
[2026-03-27T18:35:17.898+0000] {logging_mixin.py:188} INFO - [2026-03-27T18:35:17.897+0000] {dagbag.py:545} INFO - Filling up the DagBag from /opt/airflow/dags/dag-dbt-transformation-pipeline.py
[2026-03-27T18:35:17.952+0000] {processor.py:840} INFO - DAG(s) 'dbt_transformation_pipeline' retrieved from /opt/airflow/dags/dag-dbt-transformation-pipeline.py
[2026-03-27T18:35:18.017+0000] {logging_mixin.py:188} INFO - [2026-03-27T18:35:18.016+0000] {dag.py:3089} INFO - Sync 1 DAGs
[2026-03-27T18:35:18.076+0000] {logging_mixin.py:188} INFO - [2026-03-27T18:35:18.075+0000] {dag.py:3947} INFO - Setting next_dagrun for dbt_transformation_pipeline to 2026-03-27 18:00:00+00:00, run_after=2026-03-27 19:00:00+00:00
[2026-03-27T18:35:18.118+0000] {processor.py:183} INFO - Processing /opt/airflow/dags/dag-dbt-transformation-pipeline.py took 0.241 seconds
[2026-03-27T18:35:48.341+0000] {processor.py:161} INFO - Started process (PID=9629) to work on /opt/airflow/dags/dag-dbt-transformation-pipeline.py
[2026-03-27T18:35:48.346+0000] {processor.py:830} INFO - Processing file /opt/airflow/dags/dag-dbt-transformation-pipeline.py for tasks to queue
[2026-03-27T18:35:48.355+0000] {logging_mixin.py:188} INFO - [2026-03-27T18:35:48.353+0000] {dagbag.py:545} INFO - Filling up the DagBag from /opt/airflow/dags/dag-dbt-transformation-pipeline.py
[2026-03-27T18:35:48.465+0000] {processor.py:840} INFO - DAG(s) 'dbt_transformation_pipeline' retrieved from /opt/airflow/dags/dag-dbt-transformation-pipeline.py
[2026-03-27T18:35:48.535+0000] {logging_mixin.py:188} INFO - [2026-03-27T18:35:48.534+0000] {dag.py:3089} INFO - Sync 1 DAGs
[2026-03-27T18:35:48.591+0000] {logging_mixin.py:188} INFO - [2026-03-27T18:35:48.591+0000] {dag.py:3947} INFO - Setting next_dagrun for dbt_transformation_pipeline to 2026-03-27 18:00:00+00:00, run_after=2026-03-27 19:00:00+00:00
[2026-03-27T18:35:48.634+0000] {processor.py:183} INFO - Processing /opt/airflow/dags/dag-dbt-transformation-pipeline.py took 0.321 seconds
[2026-03-27T18:36:18.828+0000] {processor.py:161} INFO - Started process (PID=10158) to work on /opt/airflow/dags/dag-dbt-transformation-pipeline.py
[2026-03-27T18:36:18.831+0000] {processor.py:830} INFO - Processing file /opt/airflow/dags/dag-dbt-transformation-pipeline.py for tasks to queue
[2026-03-27T18:36:18.836+0000] {logging_mixin.py:188} INFO - [2026-03-27T18:36:18.835+0000] {dagbag.py:545} INFO - Filling up the DagBag from /opt/airflow/dags/dag-dbt-transformation-pipeline.py
[2026-03-27T18:36:18.895+0000] {processor.py:840} INFO - DAG(s) 'dbt_transformation_pipeline' retrieved from /opt/airflow/dags/dag-dbt-transformation-pipeline.py
[2026-03-27T18:36:18.977+0000] {logging_mixin.py:188} INFO - [2026-03-27T18:36:18.976+0000] {dag.py:3089} INFO - Sync 1 DAGs
[2026-03-27T18:36:19.049+0000] {logging_mixin.py:188} INFO - [2026-03-27T18:36:19.048+0000] {dag.py:3947} INFO - Setting next_dagrun for dbt_transformation_pipeline to 2026-03-27 18:00:00+00:00, run_after=2026-03-27 19:00:00+00:00
[2026-03-27T18:36:19.097+0000] {processor.py:183} INFO - Processing /opt/airflow/dags/dag-dbt-transformation-pipeline.py took 0.281 seconds
[2026-03-27T18:36:49.420+0000] {processor.py:161} INFO - Started process (PID=10201) to work on /opt/airflow/dags/dag-dbt-transformation-pipeline.py
[2026-03-27T18:36:49.422+0000] {processor.py:830} INFO - Processing file /opt/airflow/dags/dag-dbt-transformation-pipeline.py for tasks to queue
[2026-03-27T18:36:49.426+0000] {logging_mixin.py:188} INFO - [2026-03-27T18:36:49.426+0000] {dagbag.py:545} INFO - Filling up the DagBag from /opt/airflow/dags/dag-dbt-transformation-pipeline.py
[2026-03-27T18:36:49.467+0000] {processor.py:840} INFO - DAG(s) 'dbt_transformation_pipeline' retrieved from /opt/airflow/dags/dag-dbt-transformation-pipeline.py
[2026-03-27T18:36:49.530+0000] {logging_mixin.py:188} INFO - [2026-03-27T18:36:49.530+0000] {dag.py:3089} INFO - Sync 1 DAGs
[2026-03-27T18:36:49.588+0000] {logging_mixin.py:188} INFO - [2026-03-27T18:36:49.588+0000] {dag.py:3947} INFO - Setting next_dagrun for dbt_transformation_pipeline to 2026-03-27 18:00:00+00:00, run_after=2026-03-27 19:00:00+00:00
[2026-03-27T18:36:49.639+0000] {processor.py:183} INFO - Processing /opt/airflow/dags/dag-dbt-transformation-pipeline.py took 0.231 seconds
[2026-03-27T18:37:20.167+0000] {processor.py:161} INFO - Started process (PID=10226) to work on /opt/airflow/dags/dag-dbt-transformation-pipeline.py
[2026-03-27T18:37:20.171+0000] {processor.py:830} INFO - Processing file /opt/airflow/dags/dag-dbt-transformation-pipeline.py for tasks to queue
[2026-03-27T18:37:20.178+0000] {logging_mixin.py:188} INFO - [2026-03-27T18:37:20.176+0000] {dagbag.py:545} INFO - Filling up the DagBag from /opt/airflow/dags/dag-dbt-transformation-pipeline.py
[2026-03-27T18:37:20.244+0000] {processor.py:840} INFO - DAG(s) 'dbt_transformation_pipeline' retrieved from /opt/airflow/dags/dag-dbt-transformation-pipeline.py
[2026-03-27T18:37:20.304+0000] {logging_mixin.py:188} INFO - [2026-03-27T18:37:20.304+0000] {dag.py:3089} INFO - Sync 1 DAGs
[2026-03-27T18:37:20.352+0000] {logging_mixin.py:188} INFO - [2026-03-27T18:37:20.352+0000] {dag.py:3947} INFO - Setting next_dagrun for dbt_transformation_pipeline to 2026-03-27 18:00:00+00:00, run_after=2026-03-27 19:00:00+00:00
[2026-03-27T18:37:20.396+0000] {processor.py:183} INFO - Processing /opt/airflow/dags/dag-dbt-transformation-pipeline.py took 0.249 seconds
[2026-03-27T18:37:50.563+0000] {processor.py:161} INFO - Started process (PID=10251) to work on /opt/airflow/dags/dag-dbt-transformation-pipeline.py
[2026-03-27T18:37:50.565+0000] {processor.py:830} INFO - Processing file /opt/airflow/dags/dag-dbt-transformation-pipeline.py for tasks to queue
[2026-03-27T18:37:50.569+0000] {logging_mixin.py:188} INFO - [2026-03-27T18:37:50.568+0000] {dagbag.py:545} INFO - Filling up the DagBag from /opt/airflow/dags/dag-dbt-transformation-pipeline.py
[2026-03-27T18:37:50.619+0000] {processor.py:840} INFO - DAG(s) 'dbt_transformation_pipeline' retrieved from /opt/airflow/dags/dag-dbt-transformation-pipeline.py
[2026-03-27T18:37:50.670+0000] {logging_mixin.py:188} INFO - [2026-03-27T18:37:50.669+0000] {dag.py:3089} INFO - Sync 1 DAGs
[2026-03-27T18:37:50.712+0000] {logging_mixin.py:188} INFO - [2026-03-27T18:37:50.712+0000] {dag.py:3947} INFO - Setting next_dagrun for dbt_transformation_pipeline to 2026-03-27 18:00:00+00:00, run_after=2026-03-27 19:00:00+00:00
[2026-03-27T18:37:50.767+0000] {processor.py:183} INFO - Processing /opt/airflow/dags/dag-dbt-transformation-pipeline.py took 0.216 seconds
[2026-03-27T18:38:21.125+0000] {processor.py:161} INFO - Started process (PID=10276) to work on /opt/airflow/dags/dag-dbt-transformation-pipeline.py
[2026-03-27T18:38:21.129+0000] {processor.py:830} INFO - Processing file /opt/airflow/dags/dag-dbt-transformation-pipeline.py for tasks to queue
[2026-03-27T18:38:21.135+0000] {logging_mixin.py:188} INFO - [2026-03-27T18:38:21.134+0000] {dagbag.py:545} INFO - Filling up the DagBag from /opt/airflow/dags/dag-dbt-transformation-pipeline.py
[2026-03-27T18:38:21.197+0000] {processor.py:840} INFO - DAG(s) 'dbt_transformation_pipeline' retrieved from /opt/airflow/dags/dag-dbt-transformation-pipeline.py
[2026-03-27T18:38:21.277+0000] {logging_mixin.py:188} INFO - [2026-03-27T18:38:21.276+0000] {dag.py:3089} INFO - Sync 1 DAGs
[2026-03-27T18:38:21.337+0000] {logging_mixin.py:188} INFO - [2026-03-27T18:38:21.336+0000] {dag.py:3947} INFO - Setting next_dagrun for dbt_transformation_pipeline to 2026-03-27 18:00:00+00:00, run_after=2026-03-27 19:00:00+00:00
[2026-03-27T18:38:21.385+0000] {processor.py:183} INFO - Processing /opt/airflow/dags/dag-dbt-transformation-pipeline.py took 0.293 seconds
[2026-03-27T18:38:51.624+0000] {processor.py:161} INFO - Started process (PID=10301) to work on /opt/airflow/dags/dag-dbt-transformation-pipeline.py
[2026-03-27T18:38:51.626+0000] {processor.py:830} INFO - Processing file /opt/airflow/dags/dag-dbt-transformation-pipeline.py for tasks to queue
[2026-03-27T18:38:51.630+0000] {logging_mixin.py:188} INFO - [2026-03-27T18:38:51.629+0000] {dagbag.py:545} INFO - Filling up the DagBag from /opt/airflow/dags/dag-dbt-transformation-pipeline.py
[2026-03-27T18:38:51.683+0000] {processor.py:840} INFO - DAG(s) 'dbt_transformation_pipeline' retrieved from /opt/airflow/dags/dag-dbt-transformation-pipeline.py
[2026-03-27T18:38:51.746+0000] {logging_mixin.py:188} INFO - [2026-03-27T18:38:51.745+0000] {dag.py:3089} INFO - Sync 1 DAGs
[2026-03-27T18:38:51.797+0000] {logging_mixin.py:188} INFO - [2026-03-27T18:38:51.797+0000] {dag.py:3947} INFO - Setting next_dagrun for dbt_transformation_pipeline to 2026-03-27 18:00:00+00:00, run_after=2026-03-27 19:00:00+00:00
[2026-03-27T18:38:51.841+0000] {processor.py:183} INFO - Processing /opt/airflow/dags/dag-dbt-transformation-pipeline.py took 0.229 seconds
[2026-03-27T18:39:22.113+0000] {processor.py:161} INFO - Started process (PID=10407) to work on /opt/airflow/dags/dag-dbt-transformation-pipeline.py
[2026-03-27T18:39:22.115+0000] {processor.py:830} INFO - Processing file /opt/airflow/dags/dag-dbt-transformation-pipeline.py for tasks to queue
[2026-03-27T18:39:22.119+0000] {logging_mixin.py:188} INFO - [2026-03-27T18:39:22.118+0000] {dagbag.py:545} INFO - Filling up the DagBag from /opt/airflow/dags/dag-dbt-transformation-pipeline.py
[2026-03-27T18:39:22.168+0000] {processor.py:840} INFO - DAG(s) 'dbt_transformation_pipeline' retrieved from /opt/airflow/dags/dag-dbt-transformation-pipeline.py
[2026-03-27T18:39:22.229+0000] {logging_mixin.py:188} INFO - [2026-03-27T18:39:22.229+0000] {dag.py:3089} INFO - Sync 1 DAGs
[2026-03-27T18:39:22.287+0000] {logging_mixin.py:188} INFO - [2026-03-27T18:39:22.286+0000] {dag.py:3947} INFO - Setting next_dagrun for dbt_transformation_pipeline to 2026-03-27 18:00:00+00:00, run_after=2026-03-27 19:00:00+00:00
[2026-03-27T18:39:22.335+0000] {processor.py:183} INFO - Processing /opt/airflow/dags/dag-dbt-transformation-pipeline.py took 0.236 seconds
[2026-03-27T18:39:52.747+0000] {processor.py:161} INFO - Started process (PID=12145) to work on /opt/airflow/dags/dag-dbt-transformation-pipeline.py
[2026-03-27T18:39:52.750+0000] {processor.py:830} INFO - Processing file /opt/airflow/dags/dag-dbt-transformation-pipeline.py for tasks to queue
[2026-03-27T18:39:52.762+0000] {logging_mixin.py:188} INFO - [2026-03-27T18:39:52.760+0000] {dagbag.py:545} INFO - Filling up the DagBag from /opt/airflow/dags/dag-dbt-transformation-pipeline.py
[2026-03-27T18:39:52.816+0000] {processor.py:840} INFO - DAG(s) 'dbt_transformation_pipeline' retrieved from /opt/airflow/dags/dag-dbt-transformation-pipeline.py
[2026-03-27T18:39:52.876+0000] {logging_mixin.py:188} INFO - [2026-03-27T18:39:52.876+0000] {dag.py:3089} INFO - Sync 1 DAGs
[2026-03-27T18:39:52.930+0000] {logging_mixin.py:188} INFO - [2026-03-27T18:39:52.930+0000] {dag.py:3947} INFO - Setting next_dagrun for dbt_transformation_pipeline to 2026-03-27 18:00:00+00:00, run_after=2026-03-27 19:00:00+00:00
[2026-03-27T18:39:52.984+0000] {processor.py:183} INFO - Processing /opt/airflow/dags/dag-dbt-transformation-pipeline.py took 0.260 seconds
[2026-03-27T18:40:23.227+0000] {processor.py:161} INFO - Started process (PID=12230) to work on /opt/airflow/dags/dag-dbt-transformation-pipeline.py
[2026-03-27T18:40:23.230+0000] {processor.py:830} INFO - Processing file /opt/airflow/dags/dag-dbt-transformation-pipeline.py for tasks to queue
[2026-03-27T18:40:23.233+0000] {logging_mixin.py:188} INFO - [2026-03-27T18:40:23.233+0000] {dagbag.py:545} INFO - Filling up the DagBag from /opt/airflow/dags/dag-dbt-transformation-pipeline.py
[2026-03-27T18:40:23.284+0000] {processor.py:840} INFO - DAG(s) 'dbt_transformation_pipeline' retrieved from /opt/airflow/dags/dag-dbt-transformation-pipeline.py
[2026-03-27T18:40:23.348+0000] {logging_mixin.py:188} INFO - [2026-03-27T18:40:23.347+0000] {dag.py:3089} INFO - Sync 1 DAGs
[2026-03-27T18:40:23.400+0000] {logging_mixin.py:188} INFO - [2026-03-27T18:40:23.399+0000] {dag.py:3947} INFO - Setting next_dagrun for dbt_transformation_pipeline to 2026-03-27 18:00:00+00:00, run_after=2026-03-27 19:00:00+00:00
[2026-03-27T18:40:23.445+0000] {processor.py:183} INFO - Processing /opt/airflow/dags/dag-dbt-transformation-pipeline.py took 0.230 seconds
[2026-03-27T18:40:53.687+0000] {processor.py:161} INFO - Started process (PID=12255) to work on /opt/airflow/dags/dag-dbt-transformation-pipeline.py
[2026-03-27T18:40:53.689+0000] {processor.py:830} INFO - Processing file /opt/airflow/dags/dag-dbt-transformation-pipeline.py for tasks to queue
[2026-03-27T18:40:53.694+0000] {logging_mixin.py:188} INFO - [2026-03-27T18:40:53.693+0000] {dagbag.py:545} INFO - Filling up the DagBag from /opt/airflow/dags/dag-dbt-transformation-pipeline.py
[2026-03-27T18:40:53.748+0000] {processor.py:840} INFO - DAG(s) 'dbt_transformation_pipeline' retrieved from /opt/airflow/dags/dag-dbt-transformation-pipeline.py
[2026-03-27T18:40:53.817+0000] {logging_mixin.py:188} INFO - [2026-03-27T18:40:53.817+0000] {dag.py:3089} INFO - Sync 1 DAGs
[2026-03-27T18:40:53.898+0000] {logging_mixin.py:188} INFO - [2026-03-27T18:40:53.897+0000] {dag.py:3947} INFO - Setting next_dagrun for dbt_transformation_pipeline to 2026-03-27 18:00:00+00:00, run_after=2026-03-27 19:00:00+00:00
[2026-03-27T18:40:53.953+0000] {processor.py:183} INFO - Processing /opt/airflow/dags/dag-dbt-transformation-pipeline.py took 0.281 seconds
[2026-03-27T18:41:24.142+0000] {processor.py:161} INFO - Started process (PID=12280) to work on /opt/airflow/dags/dag-dbt-transformation-pipeline.py
[2026-03-27T18:41:24.145+0000] {processor.py:830} INFO - Processing file /opt/airflow/dags/dag-dbt-transformation-pipeline.py for tasks to queue
[2026-03-27T18:41:24.149+0000] {logging_mixin.py:188} INFO - [2026-03-27T18:41:24.149+0000] {dagbag.py:545} INFO - Filling up the DagBag from /opt/airflow/dags/dag-dbt-transformation-pipeline.py
[2026-03-27T18:41:24.197+0000] {processor.py:840} INFO - DAG(s) 'dbt_transformation_pipeline' retrieved from /opt/airflow/dags/dag-dbt-transformation-pipeline.py
[2026-03-27T18:41:24.253+0000] {logging_mixin.py:188} INFO - [2026-03-27T18:41:24.252+0000] {dag.py:3089} INFO - Sync 1 DAGs
[2026-03-27T18:41:24.299+0000] {logging_mixin.py:188} INFO - [2026-03-27T18:41:24.299+0000] {dag.py:3947} INFO - Setting next_dagrun for dbt_transformation_pipeline to 2026-03-27 18:00:00+00:00, run_after=2026-03-27 19:00:00+00:00
[2026-03-27T18:41:24.339+0000] {processor.py:183} INFO - Processing /opt/airflow/dags/dag-dbt-transformation-pipeline.py took 0.209 seconds
[2026-03-27T18:41:54.576+0000] {processor.py:161} INFO - Started process (PID=12305) to work on /opt/airflow/dags/dag-dbt-transformation-pipeline.py
[2026-03-27T18:41:54.578+0000] {processor.py:830} INFO - Processing file /opt/airflow/dags/dag-dbt-transformation-pipeline.py for tasks to queue
[2026-03-27T18:41:54.582+0000] {logging_mixin.py:188} INFO - [2026-03-27T18:41:54.581+0000] {dagbag.py:545} INFO - Filling up the DagBag from /opt/airflow/dags/dag-dbt-transformation-pipeline.py
[2026-03-27T18:41:54.631+0000] {processor.py:840} INFO - DAG(s) 'dbt_transformation_pipeline' retrieved from /opt/airflow/dags/dag-dbt-transformation-pipeline.py
[2026-03-27T18:41:54.689+0000] {logging_mixin.py:188} INFO - [2026-03-27T18:41:54.688+0000] {dag.py:3089} INFO - Sync 1 DAGs
[2026-03-27T18:41:54.737+0000] {logging_mixin.py:188} INFO - [2026-03-27T18:41:54.737+0000] {dag.py:3947} INFO - Setting next_dagrun for dbt_transformation_pipeline to 2026-03-27 18:00:00+00:00, run_after=2026-03-27 19:00:00+00:00
[2026-03-27T18:41:54.779+0000] {processor.py:183} INFO - Processing /opt/airflow/dags/dag-dbt-transformation-pipeline.py took 0.217 seconds
[2026-03-27T18:42:25.161+0000] {processor.py:161} INFO - Started process (PID=12330) to work on /opt/airflow/dags/dag-dbt-transformation-pipeline.py
[2026-03-27T18:42:25.164+0000] {processor.py:830} INFO - Processing file /opt/airflow/dags/dag-dbt-transformation-pipeline.py for tasks to queue
[2026-03-27T18:42:25.170+0000] {logging_mixin.py:188} INFO - [2026-03-27T18:42:25.168+0000] {dagbag.py:545} INFO - Filling up the DagBag from /opt/airflow/dags/dag-dbt-transformation-pipeline.py
[2026-03-27T18:42:25.225+0000] {processor.py:840} INFO - DAG(s) 'dbt_transformation_pipeline' retrieved from /opt/airflow/dags/dag-dbt-transformation-pipeline.py
[2026-03-27T18:42:25.291+0000] {logging_mixin.py:188} INFO - [2026-03-27T18:42:25.291+0000] {dag.py:3089} INFO - Sync 1 DAGs
[2026-03-27T18:42:25.339+0000] {logging_mixin.py:188} INFO - [2026-03-27T18:42:25.338+0000] {dag.py:3947} INFO - Setting next_dagrun for dbt_transformation_pipeline to 2026-03-27 18:00:00+00:00, run_after=2026-03-27 19:00:00+00:00
[2026-03-27T18:42:25.380+0000] {processor.py:183} INFO - Processing /opt/airflow/dags/dag-dbt-transformation-pipeline.py took 0.238 seconds
[2026-03-27T18:42:55.957+0000] {processor.py:161} INFO - Started process (PID=12357) to work on /opt/airflow/dags/dag-dbt-transformation-pipeline.py
[2026-03-27T18:42:55.959+0000] {processor.py:830} INFO - Processing file /opt/airflow/dags/dag-dbt-transformation-pipeline.py for tasks to queue
[2026-03-27T18:42:55.963+0000] {logging_mixin.py:188} INFO - [2026-03-27T18:42:55.963+0000] {dagbag.py:545} INFO - Filling up the DagBag from /opt/airflow/dags/dag-dbt-transformation-pipeline.py
[2026-03-27T18:42:56.012+0000] {processor.py:840} INFO - DAG(s) 'dbt_transformation_pipeline' retrieved from /opt/airflow/dags/dag-dbt-transformation-pipeline.py
[2026-03-27T18:42:56.073+0000] {logging_mixin.py:188} INFO - [2026-03-27T18:42:56.072+0000] {dag.py:3089} INFO - Sync 1 DAGs
[2026-03-27T18:42:56.113+0000] {logging_mixin.py:188} INFO - [2026-03-27T18:42:56.113+0000] {dag.py:3947} INFO - Setting next_dagrun for dbt_transformation_pipeline to 2026-03-27 18:00:00+00:00, run_after=2026-03-27 19:00:00+00:00
[2026-03-27T18:42:56.184+0000] {processor.py:183} INFO - Processing /opt/airflow/dags/dag-dbt-transformation-pipeline.py took 0.238 seconds
[2026-03-27T18:43:26.374+0000] {processor.py:161} INFO - Started process (PID=13191) to work on /opt/airflow/dags/dag-dbt-transformation-pipeline.py
[2026-03-27T18:43:26.377+0000] {processor.py:830} INFO - Processing file /opt/airflow/dags/dag-dbt-transformation-pipeline.py for tasks to queue
[2026-03-27T18:43:26.384+0000] {logging_mixin.py:188} INFO - [2026-03-27T18:43:26.382+0000] {dagbag.py:545} INFO - Filling up the DagBag from /opt/airflow/dags/dag-dbt-transformation-pipeline.py
[2026-03-27T18:43:26.451+0000] {processor.py:840} INFO - DAG(s) 'dbt_transformation_pipeline' retrieved from /opt/airflow/dags/dag-dbt-transformation-pipeline.py
[2026-03-27T18:43:26.517+0000] {logging_mixin.py:188} INFO - [2026-03-27T18:43:26.516+0000] {dag.py:3089} INFO - Sync 1 DAGs
[2026-03-27T18:43:26.575+0000] {logging_mixin.py:188} INFO - [2026-03-27T18:43:26.574+0000] {dag.py:3947} INFO - Setting next_dagrun for dbt_transformation_pipeline to 2026-03-27 18:00:00+00:00, run_after=2026-03-27 19:00:00+00:00
[2026-03-27T18:43:26.620+0000] {processor.py:183} INFO - Processing /opt/airflow/dags/dag-dbt-transformation-pipeline.py took 0.262 seconds
[2026-03-27T18:43:57.152+0000] {processor.py:161} INFO - Started process (PID=14201) to work on /opt/airflow/dags/dag-dbt-transformation-pipeline.py
[2026-03-27T18:43:57.156+0000] {processor.py:830} INFO - Processing file /opt/airflow/dags/dag-dbt-transformation-pipeline.py for tasks to queue
[2026-03-27T18:43:57.164+0000] {logging_mixin.py:188} INFO - [2026-03-27T18:43:57.163+0000] {dagbag.py:545} INFO - Filling up the DagBag from /opt/airflow/dags/dag-dbt-transformation-pipeline.py
[2026-03-27T18:43:57.281+0000] {processor.py:840} INFO - DAG(s) 'dbt_transformation_pipeline' retrieved from /opt/airflow/dags/dag-dbt-transformation-pipeline.py
[2026-03-27T18:43:57.394+0000] {logging_mixin.py:188} INFO - [2026-03-27T18:43:57.393+0000] {dag.py:3089} INFO - Sync 1 DAGs
[2026-03-27T18:43:57.477+0000] {logging_mixin.py:188} INFO - [2026-03-27T18:43:57.477+0000] {dag.py:3947} INFO - Setting next_dagrun for dbt_transformation_pipeline to 2026-03-27 18:00:00+00:00, run_after=2026-03-27 19:00:00+00:00
[2026-03-27T18:43:57.568+0000] {processor.py:183} INFO - Processing /opt/airflow/dags/dag-dbt-transformation-pipeline.py took 0.440 seconds
[2026-03-27T18:44:27.837+0000] {processor.py:161} INFO - Started process (PID=14251) to work on /opt/airflow/dags/dag-dbt-transformation-pipeline.py
[2026-03-27T18:44:27.841+0000] {processor.py:830} INFO - Processing file /opt/airflow/dags/dag-dbt-transformation-pipeline.py for tasks to queue
[2026-03-27T18:44:27.848+0000] {logging_mixin.py:188} INFO - [2026-03-27T18:44:27.847+0000] {dagbag.py:545} INFO - Filling up the DagBag from /opt/airflow/dags/dag-dbt-transformation-pipeline.py
[2026-03-27T18:44:27.936+0000] {processor.py:840} INFO - DAG(s) 'dbt_transformation_pipeline' retrieved from /opt/airflow/dags/dag-dbt-transformation-pipeline.py
[2026-03-27T18:44:28.063+0000] {logging_mixin.py:188} INFO - [2026-03-27T18:44:28.062+0000] {dag.py:3089} INFO - Sync 1 DAGs
[2026-03-27T18:44:28.136+0000] {logging_mixin.py:188} INFO - [2026-03-27T18:44:28.135+0000] {dag.py:3947} INFO - Setting next_dagrun for dbt_transformation_pipeline to 2026-03-27 18:00:00+00:00, run_after=2026-03-27 19:00:00+00:00
[2026-03-27T18:44:28.180+0000] {processor.py:183} INFO - Processing /opt/airflow/dags/dag-dbt-transformation-pipeline.py took 0.378 seconds
[2026-03-27T18:44:58.884+0000] {processor.py:161} INFO - Started process (PID=14276) to work on /opt/airflow/dags/dag-dbt-transformation-pipeline.py
[2026-03-27T18:44:58.889+0000] {processor.py:830} INFO - Processing file /opt/airflow/dags/dag-dbt-transformation-pipeline.py for tasks to queue
[2026-03-27T18:44:58.898+0000] {logging_mixin.py:188} INFO - [2026-03-27T18:44:58.897+0000] {dagbag.py:545} INFO - Filling up the DagBag from /opt/airflow/dags/dag-dbt-transformation-pipeline.py
[2026-03-27T18:44:59.025+0000] {processor.py:840} INFO - DAG(s) 'dbt_transformation_pipeline' retrieved from /opt/airflow/dags/dag-dbt-transformation-pipeline.py
[2026-03-27T18:44:59.133+0000] {logging_mixin.py:188} INFO - [2026-03-27T18:44:59.132+0000] {dag.py:3089} INFO - Sync 1 DAGs
[2026-03-27T18:44:59.212+0000] {logging_mixin.py:188} INFO - [2026-03-27T18:44:59.212+0000] {dag.py:3947} INFO - Setting next_dagrun for dbt_transformation_pipeline to 2026-03-27 18:00:00+00:00, run_after=2026-03-27 19:00:00+00:00
[2026-03-27T18:44:59.277+0000] {processor.py:183} INFO - Processing /opt/airflow/dags/dag-dbt-transformation-pipeline.py took 0.428 seconds
[2026-03-27T18:45:30.083+0000] {processor.py:161} INFO - Started process (PID=14301) to work on /opt/airflow/dags/dag-dbt-transformation-pipeline.py
[2026-03-27T18:45:30.088+0000] {processor.py:830} INFO - Processing file /opt/airflow/dags/dag-dbt-transformation-pipeline.py for tasks to queue
[2026-03-27T18:45:30.099+0000] {logging_mixin.py:188} INFO - [2026-03-27T18:45:30.097+0000] {dagbag.py:545} INFO - Filling up the DagBag from /opt/airflow/dags/dag-dbt-transformation-pipeline.py
[2026-03-27T18:45:30.226+0000] {processor.py:840} INFO - DAG(s) 'dbt_transformation_pipeline' retrieved from /opt/airflow/dags/dag-dbt-transformation-pipeline.py
[2026-03-27T18:45:30.334+0000] {logging_mixin.py:188} INFO - [2026-03-27T18:45:30.333+0000] {dag.py:3089} INFO - Sync 1 DAGs
[2026-03-27T18:45:30.413+0000] {logging_mixin.py:188} INFO - [2026-03-27T18:45:30.413+0000] {dag.py:3947} INFO - Setting next_dagrun for dbt_transformation_pipeline to 2026-03-27 18:00:00+00:00, run_after=2026-03-27 19:00:00+00:00
[2026-03-27T18:45:30.479+0000] {processor.py:183} INFO - Processing /opt/airflow/dags/dag-dbt-transformation-pipeline.py took 0.433 seconds
[2026-03-27T18:46:00.820+0000] {processor.py:161} INFO - Started process (PID=14326) to work on /opt/airflow/dags/dag-dbt-transformation-pipeline.py
[2026-03-27T18:46:00.825+0000] {processor.py:830} INFO - Processing file /opt/airflow/dags/dag-dbt-transformation-pipeline.py for tasks to queue
[2026-03-27T18:46:00.832+0000] {logging_mixin.py:188} INFO - [2026-03-27T18:46:00.831+0000] {dagbag.py:545} INFO - Filling up the DagBag from /opt/airflow/dags/dag-dbt-transformation-pipeline.py
[2026-03-27T18:46:00.903+0000] {processor.py:840} INFO - DAG(s) 'dbt_transformation_pipeline' retrieved from /opt/airflow/dags/dag-dbt-transformation-pipeline.py
[2026-03-27T18:46:00.962+0000] {logging_mixin.py:188} INFO - [2026-03-27T18:46:00.961+0000] {dag.py:3089} INFO - Sync 1 DAGs
[2026-03-27T18:46:01.014+0000] {logging_mixin.py:188} INFO - [2026-03-27T18:46:01.013+0000] {dag.py:3947} INFO - Setting next_dagrun for dbt_transformation_pipeline to 2026-03-27 18:00:00+00:00, run_after=2026-03-27 19:00:00+00:00
[2026-03-27T18:46:01.063+0000] {processor.py:183} INFO - Processing /opt/airflow/dags/dag-dbt-transformation-pipeline.py took 0.268 seconds
[2026-03-27T18:46:31.843+0000] {processor.py:161} INFO - Started process (PID=14351) to work on /opt/airflow/dags/dag-dbt-transformation-pipeline.py
[2026-03-27T18:46:31.850+0000] {processor.py:830} INFO - Processing file /opt/airflow/dags/dag-dbt-transformation-pipeline.py for tasks to queue
[2026-03-27T18:46:31.859+0000] {logging_mixin.py:188} INFO - [2026-03-27T18:46:31.857+0000] {dagbag.py:545} INFO - Filling up the DagBag from /opt/airflow/dags/dag-dbt-transformation-pipeline.py
[2026-03-27T18:46:31.977+0000] {processor.py:840} INFO - DAG(s) 'dbt_transformation_pipeline' retrieved from /opt/airflow/dags/dag-dbt-transformation-pipeline.py
[2026-03-27T18:46:32.109+0000] {logging_mixin.py:188} INFO - [2026-03-27T18:46:32.109+0000] {dag.py:3089} INFO - Sync 1 DAGs
[2026-03-27T18:46:32.164+0000] {logging_mixin.py:188} INFO - [2026-03-27T18:46:32.163+0000] {dag.py:3947} INFO - Setting next_dagrun for dbt_transformation_pipeline to 2026-03-27 18:00:00+00:00, run_after=2026-03-27 19:00:00+00:00
[2026-03-27T18:46:32.211+0000] {processor.py:183} INFO - Processing /opt/airflow/dags/dag-dbt-transformation-pipeline.py took 0.413 seconds
[2026-03-27T18:47:02.832+0000] {processor.py:161} INFO - Started process (PID=14376) to work on /opt/airflow/dags/dag-dbt-transformation-pipeline.py
[2026-03-27T18:47:02.837+0000] {processor.py:830} INFO - Processing file /opt/airflow/dags/dag-dbt-transformation-pipeline.py for tasks to queue
[2026-03-27T18:47:02.848+0000] {logging_mixin.py:188} INFO - [2026-03-27T18:47:02.846+0000] {dagbag.py:545} INFO - Filling up the DagBag from /opt/airflow/dags/dag-dbt-transformation-pipeline.py
[2026-03-27T18:47:02.964+0000] {processor.py:840} INFO - DAG(s) 'dbt_transformation_pipeline' retrieved from /opt/airflow/dags/dag-dbt-transformation-pipeline.py
[2026-03-27T18:47:03.053+0000] {logging_mixin.py:188} INFO - [2026-03-27T18:47:03.052+0000] {dag.py:3089} INFO - Sync 1 DAGs
[2026-03-27T18:47:03.129+0000] {logging_mixin.py:188} INFO - [2026-03-27T18:47:03.128+0000] {dag.py:3947} INFO - Setting next_dagrun for dbt_transformation_pipeline to 2026-03-27 18:00:00+00:00, run_after=2026-03-27 19:00:00+00:00
[2026-03-27T18:47:03.177+0000] {processor.py:183} INFO - Processing /opt/airflow/dags/dag-dbt-transformation-pipeline.py took 0.384 seconds
[2026-03-27T18:47:33.660+0000] {processor.py:161} INFO - Started process (PID=15361) to work on /opt/airflow/dags/dag-dbt-transformation-pipeline.py
[2026-03-27T18:47:33.665+0000] {processor.py:830} INFO - Processing file /opt/airflow/dags/dag-dbt-transformation-pipeline.py for tasks to queue
[2026-03-27T18:47:33.673+0000] {logging_mixin.py:188} INFO - [2026-03-27T18:47:33.672+0000] {dagbag.py:545} INFO - Filling up the DagBag from /opt/airflow/dags/dag-dbt-transformation-pipeline.py
[2026-03-27T18:47:33.775+0000] {processor.py:840} INFO - DAG(s) 'dbt_transformation_pipeline' retrieved from /opt/airflow/dags/dag-dbt-transformation-pipeline.py
[2026-03-27T18:47:33.911+0000] {logging_mixin.py:188} INFO - [2026-03-27T18:47:33.910+0000] {dag.py:3089} INFO - Sync 1 DAGs
[2026-03-27T18:47:34.050+0000] {logging_mixin.py:188} INFO - [2026-03-27T18:47:34.049+0000] {dag.py:3947} INFO - Setting next_dagrun for dbt_transformation_pipeline to 2026-03-27 18:00:00+00:00, run_after=2026-03-27 19:00:00+00:00
[2026-03-27T18:47:34.129+0000] {processor.py:183} INFO - Processing /opt/airflow/dags/dag-dbt-transformation-pipeline.py took 0.498 seconds
[2026-03-27T18:48:04.757+0000] {processor.py:161} INFO - Started process (PID=15992) to work on /opt/airflow/dags/dag-dbt-transformation-pipeline.py
[2026-03-27T18:48:04.763+0000] {processor.py:830} INFO - Processing file /opt/airflow/dags/dag-dbt-transformation-pipeline.py for tasks to queue
[2026-03-27T18:48:04.773+0000] {logging_mixin.py:188} INFO - [2026-03-27T18:48:04.771+0000] {dagbag.py:545} INFO - Filling up the DagBag from /opt/airflow/dags/dag-dbt-transformation-pipeline.py
[2026-03-27T18:48:04.910+0000] {processor.py:840} INFO - DAG(s) 'dbt_transformation_pipeline' retrieved from /opt/airflow/dags/dag-dbt-transformation-pipeline.py
[2026-03-27T18:48:05.009+0000] {logging_mixin.py:188} INFO - [2026-03-27T18:48:05.008+0000] {dag.py:3089} INFO - Sync 1 DAGs
[2026-03-27T18:48:05.097+0000] {logging_mixin.py:188} INFO - [2026-03-27T18:48:05.096+0000] {dag.py:3947} INFO - Setting next_dagrun for dbt_transformation_pipeline to 2026-03-27 18:00:00+00:00, run_after=2026-03-27 19:00:00+00:00
[2026-03-27T18:48:05.182+0000] {processor.py:183} INFO - Processing /opt/airflow/dags/dag-dbt-transformation-pipeline.py took 0.461 seconds
[2026-03-27T18:48:35.896+0000] {processor.py:161} INFO - Started process (PID=16027) to work on /opt/airflow/dags/dag-dbt-transformation-pipeline.py
[2026-03-27T18:48:35.899+0000] {processor.py:830} INFO - Processing file /opt/airflow/dags/dag-dbt-transformation-pipeline.py for tasks to queue
[2026-03-27T18:48:35.907+0000] {logging_mixin.py:188} INFO - [2026-03-27T18:48:35.905+0000] {dagbag.py:545} INFO - Filling up the DagBag from /opt/airflow/dags/dag-dbt-transformation-pipeline.py
[2026-03-27T18:48:36.002+0000] {processor.py:840} INFO - DAG(s) 'dbt_transformation_pipeline' retrieved from /opt/airflow/dags/dag-dbt-transformation-pipeline.py
[2026-03-27T18:48:36.128+0000] {logging_mixin.py:188} INFO - [2026-03-27T18:48:36.127+0000] {dag.py:3089} INFO - Sync 1 DAGs
[2026-03-27T18:48:36.235+0000] {logging_mixin.py:188} INFO - [2026-03-27T18:48:36.234+0000] {dag.py:3947} INFO - Setting next_dagrun for dbt_transformation_pipeline to 2026-03-27 18:00:00+00:00, run_after=2026-03-27 19:00:00+00:00
[2026-03-27T18:48:36.312+0000] {processor.py:183} INFO - Processing /opt/airflow/dags/dag-dbt-transformation-pipeline.py took 0.440 seconds
[2026-03-27T18:49:06.966+0000] {processor.py:161} INFO - Started process (PID=16050) to work on /opt/airflow/dags/dag-dbt-transformation-pipeline.py
[2026-03-27T18:49:06.972+0000] {processor.py:830} INFO - Processing file /opt/airflow/dags/dag-dbt-transformation-pipeline.py for tasks to queue
[2026-03-27T18:49:06.985+0000] {logging_mixin.py:188} INFO - [2026-03-27T18:49:06.983+0000] {dagbag.py:545} INFO - Filling up the DagBag from /opt/airflow/dags/dag-dbt-transformation-pipeline.py
[2026-03-27T18:49:07.103+0000] {processor.py:840} INFO - DAG(s) 'dbt_transformation_pipeline' retrieved from /opt/airflow/dags/dag-dbt-transformation-pipeline.py
[2026-03-27T18:49:07.249+0000] {logging_mixin.py:188} INFO - [2026-03-27T18:49:07.247+0000] {dag.py:3089} INFO - Sync 1 DAGs
[2026-03-27T18:49:07.347+0000] {logging_mixin.py:188} INFO - [2026-03-27T18:49:07.346+0000] {dag.py:3947} INFO - Setting next_dagrun for dbt_transformation_pipeline to 2026-03-27 18:00:00+00:00, run_after=2026-03-27 19:00:00+00:00
[2026-03-27T18:49:07.384+0000] {processor.py:183} INFO - Processing /opt/airflow/dags/dag-dbt-transformation-pipeline.py took 0.466 seconds
[2026-03-27T18:49:37.757+0000] {processor.py:161} INFO - Started process (PID=16075) to work on /opt/airflow/dags/dag-dbt-transformation-pipeline.py
[2026-03-27T18:49:37.760+0000] {processor.py:830} INFO - Processing file /opt/airflow/dags/dag-dbt-transformation-pipeline.py for tasks to queue
[2026-03-27T18:49:37.765+0000] {logging_mixin.py:188} INFO - [2026-03-27T18:49:37.764+0000] {dagbag.py:545} INFO - Filling up the DagBag from /opt/airflow/dags/dag-dbt-transformation-pipeline.py
[2026-03-27T18:49:37.833+0000] {processor.py:840} INFO - DAG(s) 'dbt_transformation_pipeline' retrieved from /opt/airflow/dags/dag-dbt-transformation-pipeline.py
[2026-03-27T18:49:37.917+0000] {logging_mixin.py:188} INFO - [2026-03-27T18:49:37.917+0000] {dag.py:3089} INFO - Sync 1 DAGs
[2026-03-27T18:49:37.993+0000] {logging_mixin.py:188} INFO - [2026-03-27T18:49:37.993+0000] {dag.py:3947} INFO - Setting next_dagrun for dbt_transformation_pipeline to 2026-03-27 18:00:00+00:00, run_after=2026-03-27 19:00:00+00:00
[2026-03-27T18:49:38.074+0000] {processor.py:183} INFO - Processing /opt/airflow/dags/dag-dbt-transformation-pipeline.py took 0.333 seconds
[2026-03-27T18:50:08.511+0000] {processor.py:161} INFO - Started process (PID=16100) to work on /opt/airflow/dags/dag-dbt-transformation-pipeline.py
[2026-03-27T18:50:08.515+0000] {processor.py:830} INFO - Processing file /opt/airflow/dags/dag-dbt-transformation-pipeline.py for tasks to queue
[2026-03-27T18:50:08.522+0000] {logging_mixin.py:188} INFO - [2026-03-27T18:50:08.521+0000] {dagbag.py:545} INFO - Filling up the DagBag from /opt/airflow/dags/dag-dbt-transformation-pipeline.py
[2026-03-27T18:50:08.602+0000] {processor.py:840} INFO - DAG(s) 'dbt_transformation_pipeline' retrieved from /opt/airflow/dags/dag-dbt-transformation-pipeline.py
[2026-03-27T18:50:08.706+0000] {logging_mixin.py:188} INFO - [2026-03-27T18:50:08.705+0000] {dag.py:3089} INFO - Sync 1 DAGs
[2026-03-27T18:50:08.805+0000] {logging_mixin.py:188} INFO - [2026-03-27T18:50:08.804+0000] {dag.py:3947} INFO - Setting next_dagrun for dbt_transformation_pipeline to 2026-03-27 18:00:00+00:00, run_after=2026-03-27 19:00:00+00:00
[2026-03-27T18:50:08.917+0000] {processor.py:183} INFO - Processing /opt/airflow/dags/dag-dbt-transformation-pipeline.py took 0.439 seconds
[2026-03-27T18:50:39.571+0000] {processor.py:161} INFO - Started process (PID=16125) to work on /opt/airflow/dags/dag-dbt-transformation-pipeline.py
[2026-03-27T18:50:39.575+0000] {processor.py:830} INFO - Processing file /opt/airflow/dags/dag-dbt-transformation-pipeline.py for tasks to queue
[2026-03-27T18:50:39.583+0000] {logging_mixin.py:188} INFO - [2026-03-27T18:50:39.581+0000] {dagbag.py:545} INFO - Filling up the DagBag from /opt/airflow/dags/dag-dbt-transformation-pipeline.py
[2026-03-27T18:50:39.684+0000] {processor.py:840} INFO - DAG(s) 'dbt_transformation_pipeline' retrieved from /opt/airflow/dags/dag-dbt-transformation-pipeline.py
[2026-03-27T18:50:39.844+0000] {logging_mixin.py:188} INFO - [2026-03-27T18:50:39.843+0000] {dag.py:3089} INFO - Sync 1 DAGs
[2026-03-27T18:50:39.898+0000] {logging_mixin.py:188} INFO - [2026-03-27T18:50:39.898+0000] {dag.py:3947} INFO - Setting next_dagrun for dbt_transformation_pipeline to 2026-03-27 18:00:00+00:00, run_after=2026-03-27 19:00:00+00:00
[2026-03-27T18:50:39.940+0000] {processor.py:183} INFO - Processing /opt/airflow/dags/dag-dbt-transformation-pipeline.py took 0.393 seconds
[2026-03-27T18:51:10.201+0000] {processor.py:161} INFO - Started process (PID=16205) to work on /opt/airflow/dags/dag-dbt-transformation-pipeline.py
[2026-03-27T18:51:10.206+0000] {processor.py:830} INFO - Processing file /opt/airflow/dags/dag-dbt-transformation-pipeline.py for tasks to queue
[2026-03-27T18:51:10.215+0000] {logging_mixin.py:188} INFO - [2026-03-27T18:51:10.214+0000] {dagbag.py:545} INFO - Filling up the DagBag from /opt/airflow/dags/dag-dbt-transformation-pipeline.py
[2026-03-27T18:51:10.327+0000] {processor.py:840} INFO - DAG(s) 'dbt_transformation_pipeline' retrieved from /opt/airflow/dags/dag-dbt-transformation-pipeline.py
[2026-03-27T18:51:10.453+0000] {logging_mixin.py:188} INFO - [2026-03-27T18:51:10.452+0000] {dag.py:3089} INFO - Sync 1 DAGs
[2026-03-27T18:51:10.566+0000] {logging_mixin.py:188} INFO - [2026-03-27T18:51:10.565+0000] {dag.py:3947} INFO - Setting next_dagrun for dbt_transformation_pipeline to 2026-03-27 18:00:00+00:00, run_after=2026-03-27 19:00:00+00:00
[2026-03-27T18:51:10.684+0000] {processor.py:183} INFO - Processing /opt/airflow/dags/dag-dbt-transformation-pipeline.py took 0.511 seconds
[2026-03-27T18:51:41.102+0000] {processor.py:161} INFO - Started process (PID=17727) to work on /opt/airflow/dags/dag-dbt-transformation-pipeline.py
[2026-03-27T18:51:41.107+0000] {processor.py:830} INFO - Processing file /opt/airflow/dags/dag-dbt-transformation-pipeline.py for tasks to queue
[2026-03-27T18:51:41.114+0000] {logging_mixin.py:188} INFO - [2026-03-27T18:51:41.113+0000] {dagbag.py:545} INFO - Filling up the DagBag from /opt/airflow/dags/dag-dbt-transformation-pipeline.py
[2026-03-27T18:51:41.224+0000] {processor.py:840} INFO - DAG(s) 'dbt_transformation_pipeline' retrieved from /opt/airflow/dags/dag-dbt-transformation-pipeline.py
[2026-03-27T18:51:41.351+0000] {logging_mixin.py:188} INFO - [2026-03-27T18:51:41.350+0000] {dag.py:3089} INFO - Sync 1 DAGs
[2026-03-27T18:51:41.454+0000] {logging_mixin.py:188} INFO - [2026-03-27T18:51:41.453+0000] {dag.py:3947} INFO - Setting next_dagrun for dbt_transformation_pipeline to 2026-03-27 18:00:00+00:00, run_after=2026-03-27 19:00:00+00:00
[2026-03-27T18:51:41.545+0000] {processor.py:183} INFO - Processing /opt/airflow/dags/dag-dbt-transformation-pipeline.py took 0.472 seconds
[2026-03-27T18:52:12.140+0000] {processor.py:161} INFO - Started process (PID=17896) to work on /opt/airflow/dags/dag-dbt-transformation-pipeline.py
[2026-03-27T18:52:12.147+0000] {processor.py:830} INFO - Processing file /opt/airflow/dags/dag-dbt-transformation-pipeline.py for tasks to queue
[2026-03-27T18:52:12.159+0000] {logging_mixin.py:188} INFO - [2026-03-27T18:52:12.157+0000] {dagbag.py:545} INFO - Filling up the DagBag from /opt/airflow/dags/dag-dbt-transformation-pipeline.py
[2026-03-27T18:52:12.290+0000] {processor.py:840} INFO - DAG(s) 'dbt_transformation_pipeline' retrieved from /opt/airflow/dags/dag-dbt-transformation-pipeline.py
[2026-03-27T18:52:12.431+0000] {logging_mixin.py:188} INFO - [2026-03-27T18:52:12.430+0000] {dag.py:3089} INFO - Sync 1 DAGs
[2026-03-27T18:52:12.486+0000] {logging_mixin.py:188} INFO - [2026-03-27T18:52:12.485+0000] {dag.py:3947} INFO - Setting next_dagrun for dbt_transformation_pipeline to 2026-03-27 18:00:00+00:00, run_after=2026-03-27 19:00:00+00:00
[2026-03-27T18:52:12.529+0000] {processor.py:183} INFO - Processing /opt/airflow/dags/dag-dbt-transformation-pipeline.py took 0.421 seconds
[2026-03-27T18:52:43.173+0000] {processor.py:161} INFO - Started process (PID=17921) to work on /opt/airflow/dags/dag-dbt-transformation-pipeline.py
[2026-03-27T18:52:43.178+0000] {processor.py:830} INFO - Processing file /opt/airflow/dags/dag-dbt-transformation-pipeline.py for tasks to queue
[2026-03-27T18:52:43.189+0000] {logging_mixin.py:188} INFO - [2026-03-27T18:52:43.188+0000] {dagbag.py:545} INFO - Filling up the DagBag from /opt/airflow/dags/dag-dbt-transformation-pipeline.py
[2026-03-27T18:52:43.311+0000] {processor.py:840} INFO - DAG(s) 'dbt_transformation_pipeline' retrieved from /opt/airflow/dags/dag-dbt-transformation-pipeline.py
[2026-03-27T18:52:43.462+0000] {logging_mixin.py:188} INFO - [2026-03-27T18:52:43.461+0000] {dag.py:3089} INFO - Sync 1 DAGs
[2026-03-27T18:52:43.595+0000] {logging_mixin.py:188} INFO - [2026-03-27T18:52:43.595+0000] {dag.py:3947} INFO - Setting next_dagrun for dbt_transformation_pipeline to 2026-03-27 18:00:00+00:00, run_after=2026-03-27 19:00:00+00:00
[2026-03-27T18:52:43.696+0000] {processor.py:183} INFO - Processing /opt/airflow/dags/dag-dbt-transformation-pipeline.py took 0.560 seconds
[2026-03-27T18:53:14.178+0000] {processor.py:161} INFO - Started process (PID=17946) to work on /opt/airflow/dags/dag-dbt-transformation-pipeline.py
[2026-03-27T18:53:14.184+0000] {processor.py:830} INFO - Processing file /opt/airflow/dags/dag-dbt-transformation-pipeline.py for tasks to queue
[2026-03-27T18:53:14.195+0000] {logging_mixin.py:188} INFO - [2026-03-27T18:53:14.193+0000] {dagbag.py:545} INFO - Filling up the DagBag from /opt/airflow/dags/dag-dbt-transformation-pipeline.py
[2026-03-27T18:53:14.326+0000] {processor.py:840} INFO - DAG(s) 'dbt_transformation_pipeline' retrieved from /opt/airflow/dags/dag-dbt-transformation-pipeline.py
[2026-03-27T18:53:14.505+0000] {logging_mixin.py:188} INFO - [2026-03-27T18:53:14.503+0000] {dag.py:3089} INFO - Sync 1 DAGs
[2026-03-27T18:53:14.618+0000] {logging_mixin.py:188} INFO - [2026-03-27T18:53:14.617+0000] {dag.py:3947} INFO - Setting next_dagrun for dbt_transformation_pipeline to 2026-03-27 18:00:00+00:00, run_after=2026-03-27 19:00:00+00:00
[2026-03-27T18:53:14.668+0000] {processor.py:183} INFO - Processing /opt/airflow/dags/dag-dbt-transformation-pipeline.py took 0.521 seconds
[2026-03-27T18:53:44.841+0000] {processor.py:161} INFO - Started process (PID=17971) to work on /opt/airflow/dags/dag-dbt-transformation-pipeline.py
[2026-03-27T18:53:44.843+0000] {processor.py:830} INFO - Processing file /opt/airflow/dags/dag-dbt-transformation-pipeline.py for tasks to queue
[2026-03-27T18:53:44.847+0000] {logging_mixin.py:188} INFO - [2026-03-27T18:53:44.846+0000] {dagbag.py:545} INFO - Filling up the DagBag from /opt/airflow/dags/dag-dbt-transformation-pipeline.py
[2026-03-27T18:53:44.887+0000] {processor.py:840} INFO - DAG(s) 'dbt_transformation_pipeline' retrieved from /opt/airflow/dags/dag-dbt-transformation-pipeline.py
[2026-03-27T18:53:44.946+0000] {logging_mixin.py:188} INFO - [2026-03-27T18:53:44.945+0000] {dag.py:3089} INFO - Sync 1 DAGs
[2026-03-27T18:53:45.019+0000] {logging_mixin.py:188} INFO - [2026-03-27T18:53:45.019+0000] {dag.py:3947} INFO - Setting next_dagrun for dbt_transformation_pipeline to 2026-03-27 18:00:00+00:00, run_after=2026-03-27 19:00:00+00:00
[2026-03-27T18:53:45.082+0000] {processor.py:183} INFO - Processing /opt/airflow/dags/dag-dbt-transformation-pipeline.py took 0.255 seconds
[2026-03-27T18:54:15.690+0000] {processor.py:161} INFO - Started process (PID=17996) to work on /opt/airflow/dags/dag-dbt-transformation-pipeline.py
[2026-03-27T18:54:15.695+0000] {processor.py:830} INFO - Processing file /opt/airflow/dags/dag-dbt-transformation-pipeline.py for tasks to queue
[2026-03-27T18:54:15.705+0000] {logging_mixin.py:188} INFO - [2026-03-27T18:54:15.703+0000] {dagbag.py:545} INFO - Filling up the DagBag from /opt/airflow/dags/dag-dbt-transformation-pipeline.py
[2026-03-27T18:54:15.833+0000] {processor.py:840} INFO - DAG(s) 'dbt_transformation_pipeline' retrieved from /opt/airflow/dags/dag-dbt-transformation-pipeline.py
[2026-03-27T18:54:15.919+0000] {logging_mixin.py:188} INFO - [2026-03-27T18:54:15.918+0000] {dag.py:3089} INFO - Sync 1 DAGs
[2026-03-27T18:54:15.989+0000] {logging_mixin.py:188} INFO - [2026-03-27T18:54:15.988+0000] {dag.py:3947} INFO - Setting next_dagrun for dbt_transformation_pipeline to 2026-03-27 18:00:00+00:00, run_after=2026-03-27 19:00:00+00:00
[2026-03-27T18:54:16.059+0000] {processor.py:183} INFO - Processing /opt/airflow/dags/dag-dbt-transformation-pipeline.py took 0.398 seconds
[2026-03-27T18:54:46.574+0000] {processor.py:161} INFO - Started process (PID=18021) to work on /opt/airflow/dags/dag-dbt-transformation-pipeline.py
[2026-03-27T18:54:46.576+0000] {processor.py:830} INFO - Processing file /opt/airflow/dags/dag-dbt-transformation-pipeline.py for tasks to queue
[2026-03-27T18:54:46.581+0000] {logging_mixin.py:188} INFO - [2026-03-27T18:54:46.580+0000] {dagbag.py:545} INFO - Filling up the DagBag from /opt/airflow/dags/dag-dbt-transformation-pipeline.py
[2026-03-27T18:54:46.628+0000] {processor.py:840} INFO - DAG(s) 'dbt_transformation_pipeline' retrieved from /opt/airflow/dags/dag-dbt-transformation-pipeline.py
[2026-03-27T18:54:46.687+0000] {logging_mixin.py:188} INFO - [2026-03-27T18:54:46.687+0000] {dag.py:3089} INFO - Sync 1 DAGs
[2026-03-27T18:54:46.736+0000] {logging_mixin.py:188} INFO - [2026-03-27T18:54:46.735+0000] {dag.py:3947} INFO - Setting next_dagrun for dbt_transformation_pipeline to 2026-03-27 18:00:00+00:00, run_after=2026-03-27 19:00:00+00:00
[2026-03-27T18:54:46.790+0000] {processor.py:183} INFO - Processing /opt/airflow/dags/dag-dbt-transformation-pipeline.py took 0.231 seconds
[2026-03-27T18:55:17.178+0000] {processor.py:161} INFO - Started process (PID=18623) to work on /opt/airflow/dags/dag-dbt-transformation-pipeline.py
[2026-03-27T18:55:17.180+0000] {processor.py:830} INFO - Processing file /opt/airflow/dags/dag-dbt-transformation-pipeline.py for tasks to queue
[2026-03-27T18:55:17.185+0000] {logging_mixin.py:188} INFO - [2026-03-27T18:55:17.184+0000] {dagbag.py:545} INFO - Filling up the DagBag from /opt/airflow/dags/dag-dbt-transformation-pipeline.py
[2026-03-27T18:55:17.241+0000] {processor.py:840} INFO - DAG(s) 'dbt_transformation_pipeline' retrieved from /opt/airflow/dags/dag-dbt-transformation-pipeline.py
[2026-03-27T18:55:17.310+0000] {logging_mixin.py:188} INFO - [2026-03-27T18:55:17.310+0000] {dag.py:3089} INFO - Sync 1 DAGs
[2026-03-27T18:55:17.360+0000] {logging_mixin.py:188} INFO - [2026-03-27T18:55:17.360+0000] {dag.py:3947} INFO - Setting next_dagrun for dbt_transformation_pipeline to 2026-03-27 18:00:00+00:00, run_after=2026-03-27 19:00:00+00:00
[2026-03-27T18:55:17.403+0000] {processor.py:183} INFO - Processing /opt/airflow/dags/dag-dbt-transformation-pipeline.py took 0.244 seconds
[2026-03-27T18:55:47.872+0000] {processor.py:161} INFO - Started process (PID=19713) to work on /opt/airflow/dags/dag-dbt-transformation-pipeline.py
[2026-03-27T18:55:47.877+0000] {processor.py:830} INFO - Processing file /opt/airflow/dags/dag-dbt-transformation-pipeline.py for tasks to queue
[2026-03-27T18:55:47.891+0000] {logging_mixin.py:188} INFO - [2026-03-27T18:55:47.889+0000] {dagbag.py:545} INFO - Filling up the DagBag from /opt/airflow/dags/dag-dbt-transformation-pipeline.py
[2026-03-27T18:55:47.966+0000] {processor.py:840} INFO - DAG(s) 'dbt_transformation_pipeline' retrieved from /opt/airflow/dags/dag-dbt-transformation-pipeline.py
[2026-03-27T18:55:48.029+0000] {logging_mixin.py:188} INFO - [2026-03-27T18:55:48.029+0000] {dag.py:3089} INFO - Sync 1 DAGs
[2026-03-27T18:55:48.083+0000] {logging_mixin.py:188} INFO - [2026-03-27T18:55:48.082+0000] {dag.py:3947} INFO - Setting next_dagrun for dbt_transformation_pipeline to 2026-03-27 18:00:00+00:00, run_after=2026-03-27 19:00:00+00:00
[2026-03-27T18:55:48.142+0000] {processor.py:183} INFO - Processing /opt/airflow/dags/dag-dbt-transformation-pipeline.py took 0.302 seconds
[2026-03-27T18:56:18.875+0000] {processor.py:161} INFO - Started process (PID=19752) to work on /opt/airflow/dags/dag-dbt-transformation-pipeline.py
[2026-03-27T18:56:18.880+0000] {processor.py:830} INFO - Processing file /opt/airflow/dags/dag-dbt-transformation-pipeline.py for tasks to queue
[2026-03-27T18:56:18.892+0000] {logging_mixin.py:188} INFO - [2026-03-27T18:56:18.890+0000] {dagbag.py:545} INFO - Filling up the DagBag from /opt/airflow/dags/dag-dbt-transformation-pipeline.py
[2026-03-27T18:56:19.000+0000] {processor.py:840} INFO - DAG(s) 'dbt_transformation_pipeline' retrieved from /opt/airflow/dags/dag-dbt-transformation-pipeline.py
[2026-03-27T18:56:19.131+0000] {logging_mixin.py:188} INFO - [2026-03-27T18:56:19.130+0000] {dag.py:3089} INFO - Sync 1 DAGs
[2026-03-27T18:56:19.247+0000] {logging_mixin.py:188} INFO - [2026-03-27T18:56:19.246+0000] {dag.py:3947} INFO - Setting next_dagrun for dbt_transformation_pipeline to 2026-03-27 18:00:00+00:00, run_after=2026-03-27 19:00:00+00:00
[2026-03-27T18:56:19.339+0000] {processor.py:183} INFO - Processing /opt/airflow/dags/dag-dbt-transformation-pipeline.py took 0.494 seconds
[2026-03-27T18:56:50.113+0000] {processor.py:161} INFO - Started process (PID=19777) to work on /opt/airflow/dags/dag-dbt-transformation-pipeline.py
[2026-03-27T18:56:50.118+0000] {processor.py:830} INFO - Processing file /opt/airflow/dags/dag-dbt-transformation-pipeline.py for tasks to queue
[2026-03-27T18:56:50.127+0000] {logging_mixin.py:188} INFO - [2026-03-27T18:56:50.125+0000] {dagbag.py:545} INFO - Filling up the DagBag from /opt/airflow/dags/dag-dbt-transformation-pipeline.py
[2026-03-27T18:56:50.235+0000] {processor.py:840} INFO - DAG(s) 'dbt_transformation_pipeline' retrieved from /opt/airflow/dags/dag-dbt-transformation-pipeline.py
[2026-03-27T18:56:50.378+0000] {logging_mixin.py:188} INFO - [2026-03-27T18:56:50.377+0000] {dag.py:3089} INFO - Sync 1 DAGs
[2026-03-27T18:56:50.481+0000] {logging_mixin.py:188} INFO - [2026-03-27T18:56:50.480+0000] {dag.py:3947} INFO - Setting next_dagrun for dbt_transformation_pipeline to 2026-03-27 18:00:00+00:00, run_after=2026-03-27 19:00:00+00:00
[2026-03-27T18:56:50.581+0000] {processor.py:183} INFO - Processing /opt/airflow/dags/dag-dbt-transformation-pipeline.py took 0.501 seconds
[2026-03-27T18:57:21.059+0000] {processor.py:161} INFO - Started process (PID=19802) to work on /opt/airflow/dags/dag-dbt-transformation-pipeline.py
[2026-03-27T18:57:21.063+0000] {processor.py:830} INFO - Processing file /opt/airflow/dags/dag-dbt-transformation-pipeline.py for tasks to queue
[2026-03-27T18:57:21.084+0000] {logging_mixin.py:188} INFO - [2026-03-27T18:57:21.083+0000] {dagbag.py:545} INFO - Filling up the DagBag from /opt/airflow/dags/dag-dbt-transformation-pipeline.py
[2026-03-27T18:57:21.177+0000] {processor.py:840} INFO - DAG(s) 'dbt_transformation_pipeline' retrieved from /opt/airflow/dags/dag-dbt-transformation-pipeline.py
[2026-03-27T18:57:21.258+0000] {logging_mixin.py:188} INFO - [2026-03-27T18:57:21.257+0000] {dag.py:3089} INFO - Sync 1 DAGs
[2026-03-27T18:57:21.335+0000] {logging_mixin.py:188} INFO - [2026-03-27T18:57:21.334+0000] {dag.py:3947} INFO - Setting next_dagrun for dbt_transformation_pipeline to 2026-03-27 18:00:00+00:00, run_after=2026-03-27 19:00:00+00:00
[2026-03-27T18:57:21.423+0000] {processor.py:183} INFO - Processing /opt/airflow/dags/dag-dbt-transformation-pipeline.py took 0.380 seconds
[2026-03-27T18:57:52.217+0000] {processor.py:161} INFO - Started process (PID=19829) to work on /opt/airflow/dags/dag-dbt-transformation-pipeline.py
[2026-03-27T18:57:52.222+0000] {processor.py:830} INFO - Processing file /opt/airflow/dags/dag-dbt-transformation-pipeline.py for tasks to queue
[2026-03-27T18:57:52.230+0000] {logging_mixin.py:188} INFO - [2026-03-27T18:57:52.229+0000] {dagbag.py:545} INFO - Filling up the DagBag from /opt/airflow/dags/dag-dbt-transformation-pipeline.py
[2026-03-27T18:57:52.338+0000] {processor.py:840} INFO - DAG(s) 'dbt_transformation_pipeline' retrieved from /opt/airflow/dags/dag-dbt-transformation-pipeline.py
[2026-03-27T18:57:52.432+0000] {logging_mixin.py:188} INFO - [2026-03-27T18:57:52.432+0000] {dag.py:3089} INFO - Sync 1 DAGs
[2026-03-27T18:57:52.504+0000] {logging_mixin.py:188} INFO - [2026-03-27T18:57:52.503+0000] {dag.py:3947} INFO - Setting next_dagrun for dbt_transformation_pipeline to 2026-03-27 18:00:00+00:00, run_after=2026-03-27 19:00:00+00:00
[2026-03-27T18:57:52.612+0000] {processor.py:183} INFO - Processing /opt/airflow/dags/dag-dbt-transformation-pipeline.py took 0.424 seconds
[2026-03-27T18:58:23.053+0000] {processor.py:161} INFO - Started process (PID=19852) to work on /opt/airflow/dags/dag-dbt-transformation-pipeline.py
[2026-03-27T18:58:23.057+0000] {processor.py:830} INFO - Processing file /opt/airflow/dags/dag-dbt-transformation-pipeline.py for tasks to queue
[2026-03-27T18:58:23.067+0000] {logging_mixin.py:188} INFO - [2026-03-27T18:58:23.065+0000] {dagbag.py:545} INFO - Filling up the DagBag from /opt/airflow/dags/dag-dbt-transformation-pipeline.py
[2026-03-27T18:58:23.185+0000] {processor.py:840} INFO - DAG(s) 'dbt_transformation_pipeline' retrieved from /opt/airflow/dags/dag-dbt-transformation-pipeline.py
[2026-03-27T18:58:23.365+0000] {logging_mixin.py:188} INFO - [2026-03-27T18:58:23.365+0000] {dag.py:3089} INFO - Sync 1 DAGs
[2026-03-27T18:58:23.438+0000] {logging_mixin.py:188} INFO - [2026-03-27T18:58:23.437+0000] {dag.py:3947} INFO - Setting next_dagrun for dbt_transformation_pipeline to 2026-03-27 18:00:00+00:00, run_after=2026-03-27 19:00:00+00:00
[2026-03-27T18:58:23.487+0000] {processor.py:183} INFO - Processing /opt/airflow/dags/dag-dbt-transformation-pipeline.py took 0.466 seconds
[2026-03-27T18:58:53.971+0000] {processor.py:161} INFO - Started process (PID=19877) to work on /opt/airflow/dags/dag-dbt-transformation-pipeline.py
[2026-03-27T18:58:53.976+0000] {processor.py:830} INFO - Processing file /opt/airflow/dags/dag-dbt-transformation-pipeline.py for tasks to queue
[2026-03-27T18:58:53.985+0000] {logging_mixin.py:188} INFO - [2026-03-27T18:58:53.983+0000] {dagbag.py:545} INFO - Filling up the DagBag from /opt/airflow/dags/dag-dbt-transformation-pipeline.py
[2026-03-27T18:58:54.103+0000] {processor.py:840} INFO - DAG(s) 'dbt_transformation_pipeline' retrieved from /opt/airflow/dags/dag-dbt-transformation-pipeline.py
[2026-03-27T18:58:54.267+0000] {logging_mixin.py:188} INFO - [2026-03-27T18:58:54.266+0000] {dag.py:3089} INFO - Sync 1 DAGs
[2026-03-27T18:58:54.402+0000] {logging_mixin.py:188} INFO - [2026-03-27T18:58:54.401+0000] {dag.py:3947} INFO - Setting next_dagrun for dbt_transformation_pipeline to 2026-03-27 18:00:00+00:00, run_after=2026-03-27 19:00:00+00:00
[2026-03-27T18:58:54.467+0000] {processor.py:183} INFO - Processing /opt/airflow/dags/dag-dbt-transformation-pipeline.py took 0.527 seconds
[2026-03-27T18:59:24.844+0000] {processor.py:161} INFO - Started process (PID=20899) to work on /opt/airflow/dags/dag-dbt-transformation-pipeline.py
[2026-03-27T18:59:24.846+0000] {processor.py:830} INFO - Processing file /opt/airflow/dags/dag-dbt-transformation-pipeline.py for tasks to queue
[2026-03-27T18:59:24.850+0000] {logging_mixin.py:188} INFO - [2026-03-27T18:59:24.850+0000] {dagbag.py:545} INFO - Filling up the DagBag from /opt/airflow/dags/dag-dbt-transformation-pipeline.py
[2026-03-27T18:59:24.908+0000] {processor.py:840} INFO - DAG(s) 'dbt_transformation_pipeline' retrieved from /opt/airflow/dags/dag-dbt-transformation-pipeline.py
[2026-03-27T18:59:24.967+0000] {logging_mixin.py:188} INFO - [2026-03-27T18:59:24.966+0000] {dag.py:3089} INFO - Sync 1 DAGs
[2026-03-27T18:59:25.016+0000] {logging_mixin.py:188} INFO - [2026-03-27T18:59:25.015+0000] {dag.py:3947} INFO - Setting next_dagrun for dbt_transformation_pipeline to 2026-03-27 18:00:00+00:00, run_after=2026-03-27 19:00:00+00:00
[2026-03-27T18:59:25.057+0000] {processor.py:183} INFO - Processing /opt/airflow/dags/dag-dbt-transformation-pipeline.py took 0.232 seconds
[2026-03-27T18:59:55.632+0000] {processor.py:161} INFO - Started process (PID=21456) to work on /opt/airflow/dags/dag-dbt-transformation-pipeline.py
[2026-03-27T18:59:55.638+0000] {processor.py:830} INFO - Processing file /opt/airflow/dags/dag-dbt-transformation-pipeline.py for tasks to queue
[2026-03-27T18:59:55.651+0000] {logging_mixin.py:188} INFO - [2026-03-27T18:59:55.648+0000] {dagbag.py:545} INFO - Filling up the DagBag from /opt/airflow/dags/dag-dbt-transformation-pipeline.py
[2026-03-27T18:59:55.743+0000] {processor.py:840} INFO - DAG(s) 'dbt_transformation_pipeline' retrieved from /opt/airflow/dags/dag-dbt-transformation-pipeline.py
[2026-03-27T18:59:55.831+0000] {logging_mixin.py:188} INFO - [2026-03-27T18:59:55.830+0000] {dag.py:3089} INFO - Sync 1 DAGs
[2026-03-27T18:59:55.902+0000] {logging_mixin.py:188} INFO - [2026-03-27T18:59:55.901+0000] {dag.py:3947} INFO - Setting next_dagrun for dbt_transformation_pipeline to 2026-03-27 18:00:00+00:00, run_after=2026-03-27 19:00:00+00:00
[2026-03-27T18:59:55.956+0000] {processor.py:183} INFO - Processing /opt/airflow/dags/dag-dbt-transformation-pipeline.py took 0.365 seconds
[2026-03-27T19:00:26.679+0000] {processor.py:161} INFO - Started process (PID=21493) to work on /opt/airflow/dags/dag-dbt-transformation-pipeline.py
[2026-03-27T19:00:26.683+0000] {processor.py:830} INFO - Processing file /opt/airflow/dags/dag-dbt-transformation-pipeline.py for tasks to queue
[2026-03-27T19:00:26.694+0000] {logging_mixin.py:188} INFO - [2026-03-27T19:00:26.693+0000] {dagbag.py:545} INFO - Filling up the DagBag from /opt/airflow/dags/dag-dbt-transformation-pipeline.py
[2026-03-27T19:00:26.804+0000] {processor.py:840} INFO - DAG(s) 'dbt_transformation_pipeline' retrieved from /opt/airflow/dags/dag-dbt-transformation-pipeline.py
[2026-03-27T19:00:26.930+0000] {logging_mixin.py:188} INFO - [2026-03-27T19:00:26.929+0000] {dag.py:3089} INFO - Sync 1 DAGs
[2026-03-27T19:00:27.118+0000] {processor.py:183} INFO - Processing /opt/airflow/dags/dag-dbt-transformation-pipeline.py took 0.467 seconds
[2026-03-27T19:00:57.738+0000] {processor.py:161} INFO - Started process (PID=21520) to work on /opt/airflow/dags/dag-dbt-transformation-pipeline.py
[2026-03-27T19:00:57.740+0000] {processor.py:830} INFO - Processing file /opt/airflow/dags/dag-dbt-transformation-pipeline.py for tasks to queue
[2026-03-27T19:00:57.743+0000] {logging_mixin.py:188} INFO - [2026-03-27T19:00:57.743+0000] {dagbag.py:545} INFO - Filling up the DagBag from /opt/airflow/dags/dag-dbt-transformation-pipeline.py
[2026-03-27T19:00:57.800+0000] {processor.py:840} INFO - DAG(s) 'dbt_transformation_pipeline' retrieved from /opt/airflow/dags/dag-dbt-transformation-pipeline.py
[2026-03-27T19:00:57.889+0000] {logging_mixin.py:188} INFO - [2026-03-27T19:00:57.888+0000] {dag.py:3089} INFO - Sync 1 DAGs
[2026-03-27T19:00:58.028+0000] {processor.py:183} INFO - Processing /opt/airflow/dags/dag-dbt-transformation-pipeline.py took 0.301 seconds
[2026-03-27T19:01:28.475+0000] {processor.py:161} INFO - Started process (PID=21543) to work on /opt/airflow/dags/dag-dbt-transformation-pipeline.py
[2026-03-27T19:01:28.477+0000] {processor.py:830} INFO - Processing file /opt/airflow/dags/dag-dbt-transformation-pipeline.py for tasks to queue
[2026-03-27T19:01:28.482+0000] {logging_mixin.py:188} INFO - [2026-03-27T19:01:28.481+0000] {dagbag.py:545} INFO - Filling up the DagBag from /opt/airflow/dags/dag-dbt-transformation-pipeline.py
[2026-03-27T19:01:28.523+0000] {processor.py:840} INFO - DAG(s) 'dbt_transformation_pipeline' retrieved from /opt/airflow/dags/dag-dbt-transformation-pipeline.py
[2026-03-27T19:01:28.597+0000] {logging_mixin.py:188} INFO - [2026-03-27T19:01:28.597+0000] {dag.py:3089} INFO - Sync 1 DAGs
[2026-03-27T19:01:28.781+0000] {processor.py:183} INFO - Processing /opt/airflow/dags/dag-dbt-transformation-pipeline.py took 0.319 seconds
[2026-03-27T19:01:59.402+0000] {processor.py:161} INFO - Started process (PID=21568) to work on /opt/airflow/dags/dag-dbt-transformation-pipeline.py
[2026-03-27T19:01:59.407+0000] {processor.py:830} INFO - Processing file /opt/airflow/dags/dag-dbt-transformation-pipeline.py for tasks to queue
[2026-03-27T19:01:59.416+0000] {logging_mixin.py:188} INFO - [2026-03-27T19:01:59.414+0000] {dagbag.py:545} INFO - Filling up the DagBag from /opt/airflow/dags/dag-dbt-transformation-pipeline.py
[2026-03-27T19:01:59.524+0000] {processor.py:840} INFO - DAG(s) 'dbt_transformation_pipeline' retrieved from /opt/airflow/dags/dag-dbt-transformation-pipeline.py
[2026-03-27T19:01:59.678+0000] {logging_mixin.py:188} INFO - [2026-03-27T19:01:59.677+0000] {dag.py:3089} INFO - Sync 1 DAGs
[2026-03-27T19:01:59.875+0000] {processor.py:183} INFO - Processing /opt/airflow/dags/dag-dbt-transformation-pipeline.py took 0.501 seconds
[2026-03-27T19:02:30.280+0000] {processor.py:161} INFO - Started process (PID=21593) to work on /opt/airflow/dags/dag-dbt-transformation-pipeline.py
[2026-03-27T19:02:30.285+0000] {processor.py:830} INFO - Processing file /opt/airflow/dags/dag-dbt-transformation-pipeline.py for tasks to queue
[2026-03-27T19:02:30.297+0000] {logging_mixin.py:188} INFO - [2026-03-27T19:02:30.295+0000] {dagbag.py:545} INFO - Filling up the DagBag from /opt/airflow/dags/dag-dbt-transformation-pipeline.py
[2026-03-27T19:02:30.425+0000] {processor.py:840} INFO - DAG(s) 'dbt_transformation_pipeline' retrieved from /opt/airflow/dags/dag-dbt-transformation-pipeline.py
[2026-03-27T19:02:30.577+0000] {logging_mixin.py:188} INFO - [2026-03-27T19:02:30.576+0000] {dag.py:3089} INFO - Sync 1 DAGs
[2026-03-27T19:02:30.768+0000] {processor.py:183} INFO - Processing /opt/airflow/dags/dag-dbt-transformation-pipeline.py took 0.517 seconds
[2026-03-27T19:03:01.536+0000] {processor.py:161} INFO - Started process (PID=21666) to work on /opt/airflow/dags/dag-dbt-transformation-pipeline.py
[2026-03-27T19:03:01.542+0000] {processor.py:830} INFO - Processing file /opt/airflow/dags/dag-dbt-transformation-pipeline.py for tasks to queue
[2026-03-27T19:03:01.552+0000] {logging_mixin.py:188} INFO - [2026-03-27T19:03:01.550+0000] {dagbag.py:545} INFO - Filling up the DagBag from /opt/airflow/dags/dag-dbt-transformation-pipeline.py
[2026-03-27T19:03:01.648+0000] {processor.py:840} INFO - DAG(s) 'dbt_transformation_pipeline' retrieved from /opt/airflow/dags/dag-dbt-transformation-pipeline.py
[2026-03-27T19:03:01.734+0000] {logging_mixin.py:188} INFO - [2026-03-27T19:03:01.734+0000] {dag.py:3089} INFO - Sync 1 DAGs
[2026-03-27T19:03:01.833+0000] {processor.py:183} INFO - Processing /opt/airflow/dags/dag-dbt-transformation-pipeline.py took 0.330 seconds
[2026-03-27T19:03:32.410+0000] {processor.py:161} INFO - Started process (PID=23100) to work on /opt/airflow/dags/dag-dbt-transformation-pipeline.py
[2026-03-27T19:03:32.412+0000] {processor.py:830} INFO - Processing file /opt/airflow/dags/dag-dbt-transformation-pipeline.py for tasks to queue
[2026-03-27T19:03:32.417+0000] {logging_mixin.py:188} INFO - [2026-03-27T19:03:32.416+0000] {dagbag.py:545} INFO - Filling up the DagBag from /opt/airflow/dags/dag-dbt-transformation-pipeline.py
[2026-03-27T19:03:32.466+0000] {processor.py:840} INFO - DAG(s) 'dbt_transformation_pipeline' retrieved from /opt/airflow/dags/dag-dbt-transformation-pipeline.py
[2026-03-27T19:03:32.526+0000] {logging_mixin.py:188} INFO - [2026-03-27T19:03:32.525+0000] {dag.py:3089} INFO - Sync 1 DAGs
[2026-03-27T19:03:32.635+0000] {processor.py:183} INFO - Processing /opt/airflow/dags/dag-dbt-transformation-pipeline.py took 0.255 seconds
[2026-03-27T19:04:03.249+0000] {processor.py:161} INFO - Started process (PID=23161) to work on /opt/airflow/dags/dag-dbt-transformation-pipeline.py
[2026-03-27T19:04:03.254+0000] {processor.py:830} INFO - Processing file /opt/airflow/dags/dag-dbt-transformation-pipeline.py for tasks to queue
[2026-03-27T19:04:03.268+0000] {logging_mixin.py:188} INFO - [2026-03-27T19:04:03.265+0000] {dagbag.py:545} INFO - Filling up the DagBag from /opt/airflow/dags/dag-dbt-transformation-pipeline.py
[2026-03-27T19:04:03.393+0000] {processor.py:840} INFO - DAG(s) 'dbt_transformation_pipeline' retrieved from /opt/airflow/dags/dag-dbt-transformation-pipeline.py
[2026-03-27T19:04:03.469+0000] {logging_mixin.py:188} INFO - [2026-03-27T19:04:03.469+0000] {dag.py:3089} INFO - Sync 1 DAGs
[2026-03-27T19:04:03.585+0000] {processor.py:183} INFO - Processing /opt/airflow/dags/dag-dbt-transformation-pipeline.py took 0.379 seconds
[2026-03-27T19:04:34.018+0000] {processor.py:161} INFO - Started process (PID=23194) to work on /opt/airflow/dags/dag-dbt-transformation-pipeline.py
[2026-03-27T19:04:34.023+0000] {processor.py:830} INFO - Processing file /opt/airflow/dags/dag-dbt-transformation-pipeline.py for tasks to queue
[2026-03-27T19:04:34.032+0000] {logging_mixin.py:188} INFO - [2026-03-27T19:04:34.030+0000] {dagbag.py:545} INFO - Filling up the DagBag from /opt/airflow/dags/dag-dbt-transformation-pipeline.py
[2026-03-27T19:04:34.155+0000] {processor.py:840} INFO - DAG(s) 'dbt_transformation_pipeline' retrieved from /opt/airflow/dags/dag-dbt-transformation-pipeline.py
[2026-03-27T19:04:34.399+0000] {logging_mixin.py:188} INFO - [2026-03-27T19:04:34.398+0000] {dag.py:3089} INFO - Sync 1 DAGs
[2026-03-27T19:04:34.495+0000] {processor.py:183} INFO - Processing /opt/airflow/dags/dag-dbt-transformation-pipeline.py took 0.511 seconds
[2026-03-27T19:05:05.001+0000] {processor.py:161} INFO - Started process (PID=23219) to work on /opt/airflow/dags/dag-dbt-transformation-pipeline.py
[2026-03-27T19:05:05.004+0000] {processor.py:830} INFO - Processing file /opt/airflow/dags/dag-dbt-transformation-pipeline.py for tasks to queue
[2026-03-27T19:05:05.013+0000] {logging_mixin.py:188} INFO - [2026-03-27T19:05:05.012+0000] {dagbag.py:545} INFO - Filling up the DagBag from /opt/airflow/dags/dag-dbt-transformation-pipeline.py
[2026-03-27T19:05:05.084+0000] {processor.py:840} INFO - DAG(s) 'dbt_transformation_pipeline' retrieved from /opt/airflow/dags/dag-dbt-transformation-pipeline.py
[2026-03-27T19:05:05.169+0000] {logging_mixin.py:188} INFO - [2026-03-27T19:05:05.168+0000] {dag.py:3089} INFO - Sync 1 DAGs
[2026-03-27T19:05:05.290+0000] {processor.py:183} INFO - Processing /opt/airflow/dags/dag-dbt-transformation-pipeline.py took 0.326 seconds
[2026-03-27T19:05:35.755+0000] {processor.py:161} INFO - Started process (PID=23248) to work on /opt/airflow/dags/dag-dbt-transformation-pipeline.py
[2026-03-27T19:05:35.758+0000] {processor.py:830} INFO - Processing file /opt/airflow/dags/dag-dbt-transformation-pipeline.py for tasks to queue
[2026-03-27T19:05:35.761+0000] {logging_mixin.py:188} INFO - [2026-03-27T19:05:35.761+0000] {dagbag.py:545} INFO - Filling up the DagBag from /opt/airflow/dags/dag-dbt-transformation-pipeline.py
[2026-03-27T19:05:35.818+0000] {processor.py:840} INFO - DAG(s) 'dbt_transformation_pipeline' retrieved from /opt/airflow/dags/dag-dbt-transformation-pipeline.py
[2026-03-27T19:05:35.882+0000] {logging_mixin.py:188} INFO - [2026-03-27T19:05:35.881+0000] {dag.py:3089} INFO - Sync 1 DAGs
[2026-03-27T19:05:35.929+0000] {logging_mixin.py:188} INFO - [2026-03-27T19:05:35.929+0000] {dag.py:3947} INFO - Setting next_dagrun for dbt_transformation_pipeline to 2026-03-27 19:00:00+00:00, run_after=2026-03-27 20:00:00+00:00
[2026-03-27T19:05:35.976+0000] {processor.py:183} INFO - Processing /opt/airflow/dags/dag-dbt-transformation-pipeline.py took 0.233 seconds
[2026-03-27T19:06:06.181+0000] {processor.py:161} INFO - Started process (PID=23273) to work on /opt/airflow/dags/dag-dbt-transformation-pipeline.py
[2026-03-27T19:06:06.182+0000] {processor.py:830} INFO - Processing file /opt/airflow/dags/dag-dbt-transformation-pipeline.py for tasks to queue
[2026-03-27T19:06:06.184+0000] {logging_mixin.py:188} INFO - [2026-03-27T19:06:06.184+0000] {dagbag.py:545} INFO - Filling up the DagBag from /opt/airflow/dags/dag-dbt-transformation-pipeline.py
[2026-03-27T19:06:06.206+0000] {processor.py:840} INFO - DAG(s) 'dbt_transformation_pipeline' retrieved from /opt/airflow/dags/dag-dbt-transformation-pipeline.py
[2026-03-27T19:06:06.237+0000] {logging_mixin.py:188} INFO - [2026-03-27T19:06:06.236+0000] {dag.py:3089} INFO - Sync 1 DAGs
[2026-03-27T19:06:06.262+0000] {logging_mixin.py:188} INFO - [2026-03-27T19:06:06.261+0000] {dag.py:3947} INFO - Setting next_dagrun for dbt_transformation_pipeline to 2026-03-27 19:00:00+00:00, run_after=2026-03-27 20:00:00+00:00
[2026-03-27T19:06:06.284+0000] {processor.py:183} INFO - Processing /opt/airflow/dags/dag-dbt-transformation-pipeline.py took 0.109 seconds
[2026-03-27T19:06:36.998+0000] {processor.py:161} INFO - Started process (PID=23298) to work on /opt/airflow/dags/dag-dbt-transformation-pipeline.py
[2026-03-27T19:06:37.000+0000] {processor.py:830} INFO - Processing file /opt/airflow/dags/dag-dbt-transformation-pipeline.py for tasks to queue
[2026-03-27T19:06:37.002+0000] {logging_mixin.py:188} INFO - [2026-03-27T19:06:37.001+0000] {dagbag.py:545} INFO - Filling up the DagBag from /opt/airflow/dags/dag-dbt-transformation-pipeline.py
[2026-03-27T19:06:37.029+0000] {processor.py:840} INFO - DAG(s) 'dbt_transformation_pipeline' retrieved from /opt/airflow/dags/dag-dbt-transformation-pipeline.py
[2026-03-27T19:06:37.059+0000] {logging_mixin.py:188} INFO - [2026-03-27T19:06:37.059+0000] {dag.py:3089} INFO - Sync 1 DAGs
[2026-03-27T19:06:37.083+0000] {logging_mixin.py:188} INFO - [2026-03-27T19:06:37.082+0000] {dag.py:3947} INFO - Setting next_dagrun for dbt_transformation_pipeline to 2026-03-27 19:00:00+00:00, run_after=2026-03-27 20:00:00+00:00
[2026-03-27T19:06:37.103+0000] {processor.py:183} INFO - Processing /opt/airflow/dags/dag-dbt-transformation-pipeline.py took 0.114 seconds
[2026-03-27T19:07:07.852+0000] {processor.py:161} INFO - Started process (PID=24113) to work on /opt/airflow/dags/dag-dbt-transformation-pipeline.py
[2026-03-27T19:07:07.854+0000] {processor.py:830} INFO - Processing file /opt/airflow/dags/dag-dbt-transformation-pipeline.py for tasks to queue
[2026-03-27T19:07:07.856+0000] {logging_mixin.py:188} INFO - [2026-03-27T19:07:07.856+0000] {dagbag.py:545} INFO - Filling up the DagBag from /opt/airflow/dags/dag-dbt-transformation-pipeline.py
[2026-03-27T19:07:07.875+0000] {processor.py:840} INFO - DAG(s) 'dbt_transformation_pipeline' retrieved from /opt/airflow/dags/dag-dbt-transformation-pipeline.py
[2026-03-27T19:07:07.904+0000] {logging_mixin.py:188} INFO - [2026-03-27T19:07:07.903+0000] {dag.py:3089} INFO - Sync 1 DAGs
[2026-03-27T19:07:07.927+0000] {logging_mixin.py:188} INFO - [2026-03-27T19:07:07.927+0000] {dag.py:3947} INFO - Setting next_dagrun for dbt_transformation_pipeline to 2026-03-27 19:00:00+00:00, run_after=2026-03-27 20:00:00+00:00
[2026-03-27T19:07:07.948+0000] {processor.py:183} INFO - Processing /opt/airflow/dags/dag-dbt-transformation-pipeline.py took 0.102 seconds
[2026-03-27T19:07:38.546+0000] {processor.py:161} INFO - Started process (PID=25352) to work on /opt/airflow/dags/dag-dbt-transformation-pipeline.py
[2026-03-27T19:07:38.547+0000] {processor.py:830} INFO - Processing file /opt/airflow/dags/dag-dbt-transformation-pipeline.py for tasks to queue
[2026-03-27T19:07:38.550+0000] {logging_mixin.py:188} INFO - [2026-03-27T19:07:38.549+0000] {dagbag.py:545} INFO - Filling up the DagBag from /opt/airflow/dags/dag-dbt-transformation-pipeline.py
[2026-03-27T19:07:38.573+0000] {processor.py:840} INFO - DAG(s) 'dbt_transformation_pipeline' retrieved from /opt/airflow/dags/dag-dbt-transformation-pipeline.py
[2026-03-27T19:07:38.609+0000] {logging_mixin.py:188} INFO - [2026-03-27T19:07:38.608+0000] {dag.py:3089} INFO - Sync 1 DAGs
[2026-03-27T19:07:38.640+0000] {logging_mixin.py:188} INFO - [2026-03-27T19:07:38.640+0000] {dag.py:3947} INFO - Setting next_dagrun for dbt_transformation_pipeline to 2026-03-27 19:00:00+00:00, run_after=2026-03-27 20:00:00+00:00
[2026-03-27T19:07:38.664+0000] {processor.py:183} INFO - Processing /opt/airflow/dags/dag-dbt-transformation-pipeline.py took 0.126 seconds
[2026-03-27T19:08:09.395+0000] {processor.py:161} INFO - Started process (PID=25398) to work on /opt/airflow/dags/dag-dbt-transformation-pipeline.py
[2026-03-27T19:08:09.396+0000] {processor.py:830} INFO - Processing file /opt/airflow/dags/dag-dbt-transformation-pipeline.py for tasks to queue
[2026-03-27T19:08:09.398+0000] {logging_mixin.py:188} INFO - [2026-03-27T19:08:09.398+0000] {dagbag.py:545} INFO - Filling up the DagBag from /opt/airflow/dags/dag-dbt-transformation-pipeline.py
[2026-03-27T19:08:09.418+0000] {processor.py:840} INFO - DAG(s) 'dbt_transformation_pipeline' retrieved from /opt/airflow/dags/dag-dbt-transformation-pipeline.py
[2026-03-27T19:08:09.451+0000] {logging_mixin.py:188} INFO - [2026-03-27T19:08:09.450+0000] {dag.py:3089} INFO - Sync 1 DAGs
[2026-03-27T19:08:09.476+0000] {logging_mixin.py:188} INFO - [2026-03-27T19:08:09.476+0000] {dag.py:3947} INFO - Setting next_dagrun for dbt_transformation_pipeline to 2026-03-27 19:00:00+00:00, run_after=2026-03-27 20:00:00+00:00
[2026-03-27T19:08:09.499+0000] {processor.py:183} INFO - Processing /opt/airflow/dags/dag-dbt-transformation-pipeline.py took 0.110 seconds
[2026-03-27T19:08:40.117+0000] {processor.py:161} INFO - Started process (PID=25423) to work on /opt/airflow/dags/dag-dbt-transformation-pipeline.py
[2026-03-27T19:08:40.118+0000] {processor.py:830} INFO - Processing file /opt/airflow/dags/dag-dbt-transformation-pipeline.py for tasks to queue
[2026-03-27T19:08:40.120+0000] {logging_mixin.py:188} INFO - [2026-03-27T19:08:40.120+0000] {dagbag.py:545} INFO - Filling up the DagBag from /opt/airflow/dags/dag-dbt-transformation-pipeline.py
[2026-03-27T19:08:40.142+0000] {processor.py:840} INFO - DAG(s) 'dbt_transformation_pipeline' retrieved from /opt/airflow/dags/dag-dbt-transformation-pipeline.py
[2026-03-27T19:08:40.172+0000] {logging_mixin.py:188} INFO - [2026-03-27T19:08:40.172+0000] {dag.py:3089} INFO - Sync 1 DAGs
[2026-03-27T19:08:40.197+0000] {logging_mixin.py:188} INFO - [2026-03-27T19:08:40.197+0000] {dag.py:3947} INFO - Setting next_dagrun for dbt_transformation_pipeline to 2026-03-27 19:00:00+00:00, run_after=2026-03-27 20:00:00+00:00
[2026-03-27T19:08:40.218+0000] {processor.py:183} INFO - Processing /opt/airflow/dags/dag-dbt-transformation-pipeline.py took 0.107 seconds
[2026-03-27T19:09:10.912+0000] {processor.py:161} INFO - Started process (PID=25448) to work on /opt/airflow/dags/dag-dbt-transformation-pipeline.py
[2026-03-27T19:09:10.913+0000] {processor.py:830} INFO - Processing file /opt/airflow/dags/dag-dbt-transformation-pipeline.py for tasks to queue
[2026-03-27T19:09:10.915+0000] {logging_mixin.py:188} INFO - [2026-03-27T19:09:10.914+0000] {dagbag.py:545} INFO - Filling up the DagBag from /opt/airflow/dags/dag-dbt-transformation-pipeline.py
[2026-03-27T19:09:10.934+0000] {processor.py:840} INFO - DAG(s) 'dbt_transformation_pipeline' retrieved from /opt/airflow/dags/dag-dbt-transformation-pipeline.py
[2026-03-27T19:09:10.963+0000] {logging_mixin.py:188} INFO - [2026-03-27T19:09:10.963+0000] {dag.py:3089} INFO - Sync 1 DAGs
[2026-03-27T19:09:10.989+0000] {logging_mixin.py:188} INFO - [2026-03-27T19:09:10.989+0000] {dag.py:3947} INFO - Setting next_dagrun for dbt_transformation_pipeline to 2026-03-27 19:00:00+00:00, run_after=2026-03-27 20:00:00+00:00
[2026-03-27T19:09:11.011+0000] {processor.py:183} INFO - Processing /opt/airflow/dags/dag-dbt-transformation-pipeline.py took 0.105 seconds
[2026-03-27T19:09:41.698+0000] {processor.py:161} INFO - Started process (PID=25473) to work on /opt/airflow/dags/dag-dbt-transformation-pipeline.py
[2026-03-27T19:09:41.699+0000] {processor.py:830} INFO - Processing file /opt/airflow/dags/dag-dbt-transformation-pipeline.py for tasks to queue
[2026-03-27T19:09:41.701+0000] {logging_mixin.py:188} INFO - [2026-03-27T19:09:41.701+0000] {dagbag.py:545} INFO - Filling up the DagBag from /opt/airflow/dags/dag-dbt-transformation-pipeline.py
[2026-03-27T19:09:41.727+0000] {processor.py:840} INFO - DAG(s) 'dbt_transformation_pipeline' retrieved from /opt/airflow/dags/dag-dbt-transformation-pipeline.py
[2026-03-27T19:09:41.763+0000] {logging_mixin.py:188} INFO - [2026-03-27T19:09:41.763+0000] {dag.py:3089} INFO - Sync 1 DAGs
[2026-03-27T19:09:41.789+0000] {logging_mixin.py:188} INFO - [2026-03-27T19:09:41.789+0000] {dag.py:3947} INFO - Setting next_dagrun for dbt_transformation_pipeline to 2026-03-27 19:00:00+00:00, run_after=2026-03-27 20:00:00+00:00
[2026-03-27T19:09:41.813+0000] {processor.py:183} INFO - Processing /opt/airflow/dags/dag-dbt-transformation-pipeline.py took 0.122 seconds
[2026-03-27T19:10:12.506+0000] {processor.py:161} INFO - Started process (PID=25498) to work on /opt/airflow/dags/dag-dbt-transformation-pipeline.py
[2026-03-27T19:10:12.507+0000] {processor.py:830} INFO - Processing file /opt/airflow/dags/dag-dbt-transformation-pipeline.py for tasks to queue
[2026-03-27T19:10:12.509+0000] {logging_mixin.py:188} INFO - [2026-03-27T19:10:12.509+0000] {dagbag.py:545} INFO - Filling up the DagBag from /opt/airflow/dags/dag-dbt-transformation-pipeline.py
[2026-03-27T19:10:12.530+0000] {processor.py:840} INFO - DAG(s) 'dbt_transformation_pipeline' retrieved from /opt/airflow/dags/dag-dbt-transformation-pipeline.py
[2026-03-27T19:10:12.560+0000] {logging_mixin.py:188} INFO - [2026-03-27T19:10:12.559+0000] {dag.py:3089} INFO - Sync 1 DAGs
[2026-03-27T19:10:12.583+0000] {logging_mixin.py:188} INFO - [2026-03-27T19:10:12.583+0000] {dag.py:3947} INFO - Setting next_dagrun for dbt_transformation_pipeline to 2026-03-27 19:00:00+00:00, run_after=2026-03-27 20:00:00+00:00
[2026-03-27T19:10:12.606+0000] {processor.py:183} INFO - Processing /opt/airflow/dags/dag-dbt-transformation-pipeline.py took 0.105 seconds
[2026-03-27T19:10:43.128+0000] {processor.py:161} INFO - Started process (PID=25571) to work on /opt/airflow/dags/dag-dbt-transformation-pipeline.py
[2026-03-27T19:10:43.129+0000] {processor.py:830} INFO - Processing file /opt/airflow/dags/dag-dbt-transformation-pipeline.py for tasks to queue
[2026-03-27T19:10:43.131+0000] {logging_mixin.py:188} INFO - [2026-03-27T19:10:43.131+0000] {dagbag.py:545} INFO - Filling up the DagBag from /opt/airflow/dags/dag-dbt-transformation-pipeline.py
[2026-03-27T19:10:43.150+0000] {processor.py:840} INFO - DAG(s) 'dbt_transformation_pipeline' retrieved from /opt/airflow/dags/dag-dbt-transformation-pipeline.py
[2026-03-27T19:10:43.186+0000] {logging_mixin.py:188} INFO - [2026-03-27T19:10:43.186+0000] {dag.py:3089} INFO - Sync 1 DAGs
[2026-03-27T19:10:43.213+0000] {logging_mixin.py:188} INFO - [2026-03-27T19:10:43.213+0000] {dag.py:3947} INFO - Setting next_dagrun for dbt_transformation_pipeline to 2026-03-27 19:00:00+00:00, run_after=2026-03-27 20:00:00+00:00
[2026-03-27T19:10:43.236+0000] {processor.py:183} INFO - Processing /opt/airflow/dags/dag-dbt-transformation-pipeline.py took 0.113 seconds
[2026-03-27T19:11:13.689+0000] {processor.py:161} INFO - Started process (PID=27121) to work on /opt/airflow/dags/dag-dbt-transformation-pipeline.py
[2026-03-27T19:11:13.690+0000] {processor.py:830} INFO - Processing file /opt/airflow/dags/dag-dbt-transformation-pipeline.py for tasks to queue
[2026-03-27T19:11:13.692+0000] {logging_mixin.py:188} INFO - [2026-03-27T19:11:13.691+0000] {dagbag.py:545} INFO - Filling up the DagBag from /opt/airflow/dags/dag-dbt-transformation-pipeline.py
[2026-03-27T19:11:13.711+0000] {processor.py:840} INFO - DAG(s) 'dbt_transformation_pipeline' retrieved from /opt/airflow/dags/dag-dbt-transformation-pipeline.py
[2026-03-27T19:11:13.741+0000] {logging_mixin.py:188} INFO - [2026-03-27T19:11:13.741+0000] {dag.py:3089} INFO - Sync 1 DAGs
[2026-03-27T19:11:13.767+0000] {logging_mixin.py:188} INFO - [2026-03-27T19:11:13.767+0000] {dag.py:3947} INFO - Setting next_dagrun for dbt_transformation_pipeline to 2026-03-27 19:00:00+00:00, run_after=2026-03-27 20:00:00+00:00
[2026-03-27T19:11:13.790+0000] {processor.py:183} INFO - Processing /opt/airflow/dags/dag-dbt-transformation-pipeline.py took 0.108 seconds
[2026-03-27T19:11:44.281+0000] {processor.py:161} INFO - Started process (PID=27911) to work on /opt/airflow/dags/dag-dbt-transformation-pipeline.py
[2026-03-27T19:11:44.282+0000] {processor.py:830} INFO - Processing file /opt/airflow/dags/dag-dbt-transformation-pipeline.py for tasks to queue
[2026-03-27T19:11:44.284+0000] {logging_mixin.py:188} INFO - [2026-03-27T19:11:44.284+0000] {dagbag.py:545} INFO - Filling up the DagBag from /opt/airflow/dags/dag-dbt-transformation-pipeline.py
[2026-03-27T19:11:44.307+0000] {processor.py:840} INFO - DAG(s) 'dbt_transformation_pipeline' retrieved from /opt/airflow/dags/dag-dbt-transformation-pipeline.py
[2026-03-27T19:11:44.339+0000] {logging_mixin.py:188} INFO - [2026-03-27T19:11:44.339+0000] {dag.py:3089} INFO - Sync 1 DAGs
[2026-03-27T19:11:44.368+0000] {logging_mixin.py:188} INFO - [2026-03-27T19:11:44.367+0000] {dag.py:3947} INFO - Setting next_dagrun for dbt_transformation_pipeline to 2026-03-27 19:00:00+00:00, run_after=2026-03-27 20:00:00+00:00
[2026-03-27T19:11:44.391+0000] {processor.py:183} INFO - Processing /opt/airflow/dags/dag-dbt-transformation-pipeline.py took 0.115 seconds
[2026-03-27T19:12:15.055+0000] {processor.py:161} INFO - Started process (PID=27952) to work on /opt/airflow/dags/dag-dbt-transformation-pipeline.py
[2026-03-27T19:12:15.057+0000] {processor.py:830} INFO - Processing file /opt/airflow/dags/dag-dbt-transformation-pipeline.py for tasks to queue
[2026-03-27T19:12:15.059+0000] {logging_mixin.py:188} INFO - [2026-03-27T19:12:15.059+0000] {dagbag.py:545} INFO - Filling up the DagBag from /opt/airflow/dags/dag-dbt-transformation-pipeline.py
[2026-03-27T19:12:15.082+0000] {processor.py:840} INFO - DAG(s) 'dbt_transformation_pipeline' retrieved from /opt/airflow/dags/dag-dbt-transformation-pipeline.py
[2026-03-27T19:12:15.113+0000] {logging_mixin.py:188} INFO - [2026-03-27T19:12:15.113+0000] {dag.py:3089} INFO - Sync 1 DAGs
[2026-03-27T19:12:15.138+0000] {logging_mixin.py:188} INFO - [2026-03-27T19:12:15.138+0000] {dag.py:3947} INFO - Setting next_dagrun for dbt_transformation_pipeline to 2026-03-27 19:00:00+00:00, run_after=2026-03-27 20:00:00+00:00
[2026-03-27T19:12:15.162+0000] {processor.py:183} INFO - Processing /opt/airflow/dags/dag-dbt-transformation-pipeline.py took 0.112 seconds
[2026-03-27T19:12:24.397+0000] {processor.py:161} INFO - Started process (PID=27972) to work on /opt/airflow/dags/dag-dbt-transformation-pipeline.py
[2026-03-27T19:12:24.398+0000] {processor.py:830} INFO - Processing file /opt/airflow/dags/dag-dbt-transformation-pipeline.py for tasks to queue
[2026-03-27T19:12:24.401+0000] {logging_mixin.py:188} INFO - [2026-03-27T19:12:24.400+0000] {dagbag.py:545} INFO - Filling up the DagBag from /opt/airflow/dags/dag-dbt-transformation-pipeline.py
[2026-03-27T19:12:24.433+0000] {processor.py:840} INFO - DAG(s) 'dbt_transformation_pipeline' retrieved from /opt/airflow/dags/dag-dbt-transformation-pipeline.py
[2026-03-27T19:12:24.463+0000] {logging_mixin.py:188} INFO - [2026-03-27T19:12:24.463+0000] {dag.py:3089} INFO - Sync 1 DAGs
[2026-03-27T19:12:24.486+0000] {logging_mixin.py:188} INFO - [2026-03-27T19:12:24.486+0000] {dag.py:3947} INFO - Setting next_dagrun for dbt_transformation_pipeline to 2026-03-27 19:00:00+00:00, run_after=2026-03-27 20:00:00+00:00
[2026-03-27T19:12:24.513+0000] {processor.py:183} INFO - Processing /opt/airflow/dags/dag-dbt-transformation-pipeline.py took 0.123 seconds
[2026-03-27T19:13:32.358+0000] {processor.py:161} INFO - Started process (PID=164) to work on /opt/airflow/dags/dag-dbt-transformation-pipeline.py
[2026-03-27T19:13:32.360+0000] {processor.py:830} INFO - Processing file /opt/airflow/dags/dag-dbt-transformation-pipeline.py for tasks to queue
[2026-03-27T19:13:32.363+0000] {logging_mixin.py:188} INFO - [2026-03-27T19:13:32.363+0000] {dagbag.py:545} INFO - Filling up the DagBag from /opt/airflow/dags/dag-dbt-transformation-pipeline.py
[2026-03-27T19:13:32.882+0000] {processor.py:840} INFO - DAG(s) 'dbt_transformation_pipeline' retrieved from /opt/airflow/dags/dag-dbt-transformation-pipeline.py
[2026-03-27T19:13:33.253+0000] {logging_mixin.py:188} INFO - [2026-03-27T19:13:33.252+0000] {override.py:1858} INFO - Created Permission View: can delete on DAG:dbt_transformation_pipeline
[2026-03-27T19:13:33.271+0000] {logging_mixin.py:188} INFO - [2026-03-27T19:13:33.271+0000] {override.py:1858} INFO - Created Permission View: can read on DAG:dbt_transformation_pipeline
[2026-03-27T19:13:33.281+0000] {logging_mixin.py:188} INFO - [2026-03-27T19:13:33.281+0000] {override.py:1858} INFO - Created Permission View: can edit on DAG:dbt_transformation_pipeline
[2026-03-27T19:13:33.282+0000] {logging_mixin.py:188} INFO - [2026-03-27T19:13:33.282+0000] {dag.py:3089} INFO - Sync 1 DAGs
[2026-03-27T19:13:33.302+0000] {logging_mixin.py:188} INFO - [2026-03-27T19:13:33.301+0000] {dag.py:3111} INFO - Creating ORM DAG for dbt_transformation_pipeline
[2026-03-27T19:13:33.321+0000] {logging_mixin.py:188} INFO - [2026-03-27T19:13:33.320+0000] {dag.py:3947} INFO - Setting next_dagrun for dbt_transformation_pipeline to 2026-03-27 18:00:00+00:00, run_after=2026-03-27 19:00:00+00:00
[2026-03-27T19:13:33.360+0000] {processor.py:183} INFO - Processing /opt/airflow/dags/dag-dbt-transformation-pipeline.py took 1.010 seconds
[2026-03-27T19:14:03.433+0000] {processor.py:161} INFO - Started process (PID=189) to work on /opt/airflow/dags/dag-dbt-transformation-pipeline.py
[2026-03-27T19:14:03.434+0000] {processor.py:830} INFO - Processing file /opt/airflow/dags/dag-dbt-transformation-pipeline.py for tasks to queue
[2026-03-27T19:14:03.437+0000] {logging_mixin.py:188} INFO - [2026-03-27T19:14:03.437+0000] {dagbag.py:545} INFO - Filling up the DagBag from /opt/airflow/dags/dag-dbt-transformation-pipeline.py
[2026-03-27T19:14:03.560+0000] {processor.py:840} INFO - DAG(s) 'dbt_transformation_pipeline' retrieved from /opt/airflow/dags/dag-dbt-transformation-pipeline.py
[2026-03-27T19:14:03.618+0000] {logging_mixin.py:188} INFO - [2026-03-27T19:14:03.618+0000] {dag.py:3089} INFO - Sync 1 DAGs
[2026-03-27T19:14:03.661+0000] {logging_mixin.py:188} INFO - [2026-03-27T19:14:03.661+0000] {dag.py:3947} INFO - Setting next_dagrun for dbt_transformation_pipeline to 2026-03-27 18:00:00+00:00, run_after=2026-03-27 19:00:00+00:00
[2026-03-27T19:14:03.685+0000] {processor.py:183} INFO - Processing /opt/airflow/dags/dag-dbt-transformation-pipeline.py took 0.260 seconds
[2026-03-27T19:14:34.127+0000] {processor.py:161} INFO - Started process (PID=309) to work on /opt/airflow/dags/dag-dbt-transformation-pipeline.py
[2026-03-27T19:14:34.129+0000] {processor.py:830} INFO - Processing file /opt/airflow/dags/dag-dbt-transformation-pipeline.py for tasks to queue
[2026-03-27T19:14:34.131+0000] {logging_mixin.py:188} INFO - [2026-03-27T19:14:34.130+0000] {dagbag.py:545} INFO - Filling up the DagBag from /opt/airflow/dags/dag-dbt-transformation-pipeline.py
[2026-03-27T19:14:34.241+0000] {processor.py:840} INFO - DAG(s) 'dbt_transformation_pipeline' retrieved from /opt/airflow/dags/dag-dbt-transformation-pipeline.py
[2026-03-27T19:14:34.289+0000] {logging_mixin.py:188} INFO - [2026-03-27T19:14:34.289+0000] {dag.py:3089} INFO - Sync 1 DAGs
[2026-03-27T19:14:34.344+0000] {processor.py:183} INFO - Processing /opt/airflow/dags/dag-dbt-transformation-pipeline.py took 0.223 seconds
[2026-03-27T19:15:05.182+0000] {processor.py:161} INFO - Started process (PID=379) to work on /opt/airflow/dags/dag-dbt-transformation-pipeline.py
[2026-03-27T19:15:05.185+0000] {processor.py:830} INFO - Processing file /opt/airflow/dags/dag-dbt-transformation-pipeline.py for tasks to queue
[2026-03-27T19:15:05.190+0000] {logging_mixin.py:188} INFO - [2026-03-27T19:15:05.189+0000] {dagbag.py:545} INFO - Filling up the DagBag from /opt/airflow/dags/dag-dbt-transformation-pipeline.py
[2026-03-27T19:15:05.372+0000] {processor.py:840} INFO - DAG(s) 'dbt_transformation_pipeline' retrieved from /opt/airflow/dags/dag-dbt-transformation-pipeline.py
[2026-03-27T19:15:05.442+0000] {logging_mixin.py:188} INFO - [2026-03-27T19:15:05.441+0000] {dag.py:3089} INFO - Sync 1 DAGs
[2026-03-27T19:15:05.514+0000] {processor.py:183} INFO - Processing /opt/airflow/dags/dag-dbt-transformation-pipeline.py took 0.345 seconds
[2026-03-27T19:15:36.226+0000] {processor.py:161} INFO - Started process (PID=1274) to work on /opt/airflow/dags/dag-dbt-transformation-pipeline.py
[2026-03-27T19:15:36.229+0000] {processor.py:830} INFO - Processing file /opt/airflow/dags/dag-dbt-transformation-pipeline.py for tasks to queue
[2026-03-27T19:15:36.235+0000] {logging_mixin.py:188} INFO - [2026-03-27T19:15:36.234+0000] {dagbag.py:545} INFO - Filling up the DagBag from /opt/airflow/dags/dag-dbt-transformation-pipeline.py
[2026-03-27T19:15:36.479+0000] {processor.py:840} INFO - DAG(s) 'dbt_transformation_pipeline' retrieved from /opt/airflow/dags/dag-dbt-transformation-pipeline.py
[2026-03-27T19:15:36.560+0000] {logging_mixin.py:188} INFO - [2026-03-27T19:15:36.559+0000] {dag.py:3089} INFO - Sync 1 DAGs
[2026-03-27T19:15:36.635+0000] {processor.py:183} INFO - Processing /opt/airflow/dags/dag-dbt-transformation-pipeline.py took 0.428 seconds
[2026-03-27T19:16:07.301+0000] {processor.py:161} INFO - Started process (PID=1317) to work on /opt/airflow/dags/dag-dbt-transformation-pipeline.py
[2026-03-27T19:16:07.303+0000] {processor.py:830} INFO - Processing file /opt/airflow/dags/dag-dbt-transformation-pipeline.py for tasks to queue
[2026-03-27T19:16:07.306+0000] {logging_mixin.py:188} INFO - [2026-03-27T19:16:07.305+0000] {dagbag.py:545} INFO - Filling up the DagBag from /opt/airflow/dags/dag-dbt-transformation-pipeline.py
[2026-03-27T19:16:07.405+0000] {processor.py:840} INFO - DAG(s) 'dbt_transformation_pipeline' retrieved from /opt/airflow/dags/dag-dbt-transformation-pipeline.py
[2026-03-27T19:16:07.444+0000] {logging_mixin.py:188} INFO - [2026-03-27T19:16:07.444+0000] {dag.py:3089} INFO - Sync 1 DAGs
[2026-03-27T19:16:07.512+0000] {processor.py:183} INFO - Processing /opt/airflow/dags/dag-dbt-transformation-pipeline.py took 0.217 seconds
[2026-03-27T19:16:38.119+0000] {processor.py:161} INFO - Started process (PID=1342) to work on /opt/airflow/dags/dag-dbt-transformation-pipeline.py
[2026-03-27T19:16:38.120+0000] {processor.py:830} INFO - Processing file /opt/airflow/dags/dag-dbt-transformation-pipeline.py for tasks to queue
[2026-03-27T19:16:38.122+0000] {logging_mixin.py:188} INFO - [2026-03-27T19:16:38.122+0000] {dagbag.py:545} INFO - Filling up the DagBag from /opt/airflow/dags/dag-dbt-transformation-pipeline.py
[2026-03-27T19:16:38.234+0000] {processor.py:840} INFO - DAG(s) 'dbt_transformation_pipeline' retrieved from /opt/airflow/dags/dag-dbt-transformation-pipeline.py
[2026-03-27T19:16:38.270+0000] {logging_mixin.py:188} INFO - [2026-03-27T19:16:38.269+0000] {dag.py:3089} INFO - Sync 1 DAGs
[2026-03-27T19:16:38.322+0000] {processor.py:183} INFO - Processing /opt/airflow/dags/dag-dbt-transformation-pipeline.py took 0.210 seconds
[2026-03-27T19:17:08.908+0000] {processor.py:161} INFO - Started process (PID=1367) to work on /opt/airflow/dags/dag-dbt-transformation-pipeline.py
[2026-03-27T19:17:08.910+0000] {processor.py:830} INFO - Processing file /opt/airflow/dags/dag-dbt-transformation-pipeline.py for tasks to queue
[2026-03-27T19:17:08.913+0000] {logging_mixin.py:188} INFO - [2026-03-27T19:17:08.912+0000] {dagbag.py:545} INFO - Filling up the DagBag from /opt/airflow/dags/dag-dbt-transformation-pipeline.py
[2026-03-27T19:17:09.025+0000] {processor.py:840} INFO - DAG(s) 'dbt_transformation_pipeline' retrieved from /opt/airflow/dags/dag-dbt-transformation-pipeline.py
[2026-03-27T19:17:09.066+0000] {logging_mixin.py:188} INFO - [2026-03-27T19:17:09.066+0000] {dag.py:3089} INFO - Sync 1 DAGs
[2026-03-27T19:17:09.114+0000] {processor.py:183} INFO - Processing /opt/airflow/dags/dag-dbt-transformation-pipeline.py took 0.216 seconds
[2026-03-27T19:17:39.569+0000] {processor.py:161} INFO - Started process (PID=1392) to work on /opt/airflow/dags/dag-dbt-transformation-pipeline.py
[2026-03-27T19:17:39.571+0000] {processor.py:830} INFO - Processing file /opt/airflow/dags/dag-dbt-transformation-pipeline.py for tasks to queue
[2026-03-27T19:17:39.573+0000] {logging_mixin.py:188} INFO - [2026-03-27T19:17:39.573+0000] {dagbag.py:545} INFO - Filling up the DagBag from /opt/airflow/dags/dag-dbt-transformation-pipeline.py
[2026-03-27T19:17:39.671+0000] {processor.py:840} INFO - DAG(s) 'dbt_transformation_pipeline' retrieved from /opt/airflow/dags/dag-dbt-transformation-pipeline.py
[2026-03-27T19:17:39.715+0000] {logging_mixin.py:188} INFO - [2026-03-27T19:17:39.715+0000] {dag.py:3089} INFO - Sync 1 DAGs
[2026-03-27T19:17:39.766+0000] {processor.py:183} INFO - Processing /opt/airflow/dags/dag-dbt-transformation-pipeline.py took 0.204 seconds
[2026-03-27T19:18:10.455+0000] {processor.py:161} INFO - Started process (PID=1417) to work on /opt/airflow/dags/dag-dbt-transformation-pipeline.py
[2026-03-27T19:18:10.456+0000] {processor.py:830} INFO - Processing file /opt/airflow/dags/dag-dbt-transformation-pipeline.py for tasks to queue
[2026-03-27T19:18:10.458+0000] {logging_mixin.py:188} INFO - [2026-03-27T19:18:10.458+0000] {dagbag.py:545} INFO - Filling up the DagBag from /opt/airflow/dags/dag-dbt-transformation-pipeline.py
[2026-03-27T19:18:10.564+0000] {processor.py:840} INFO - DAG(s) 'dbt_transformation_pipeline' retrieved from /opt/airflow/dags/dag-dbt-transformation-pipeline.py
[2026-03-27T19:18:10.601+0000] {logging_mixin.py:188} INFO - [2026-03-27T19:18:10.601+0000] {dag.py:3089} INFO - Sync 1 DAGs
[2026-03-27T19:18:10.662+0000] {processor.py:183} INFO - Processing /opt/airflow/dags/dag-dbt-transformation-pipeline.py took 0.214 seconds
[2026-03-27T19:18:41.286+0000] {processor.py:161} INFO - Started process (PID=1442) to work on /opt/airflow/dags/dag-dbt-transformation-pipeline.py
[2026-03-27T19:18:41.287+0000] {processor.py:830} INFO - Processing file /opt/airflow/dags/dag-dbt-transformation-pipeline.py for tasks to queue
[2026-03-27T19:18:41.290+0000] {logging_mixin.py:188} INFO - [2026-03-27T19:18:41.289+0000] {dagbag.py:545} INFO - Filling up the DagBag from /opt/airflow/dags/dag-dbt-transformation-pipeline.py
[2026-03-27T19:18:41.406+0000] {processor.py:840} INFO - DAG(s) 'dbt_transformation_pipeline' retrieved from /opt/airflow/dags/dag-dbt-transformation-pipeline.py
[2026-03-27T19:18:41.458+0000] {logging_mixin.py:188} INFO - [2026-03-27T19:18:41.457+0000] {dag.py:3089} INFO - Sync 1 DAGs
[2026-03-27T19:18:41.522+0000] {processor.py:183} INFO - Processing /opt/airflow/dags/dag-dbt-transformation-pipeline.py took 0.242 seconds
[2026-03-27T19:19:12.180+0000] {processor.py:161} INFO - Started process (PID=1481) to work on /opt/airflow/dags/dag-dbt-transformation-pipeline.py
[2026-03-27T19:19:12.181+0000] {processor.py:830} INFO - Processing file /opt/airflow/dags/dag-dbt-transformation-pipeline.py for tasks to queue
[2026-03-27T19:19:12.183+0000] {logging_mixin.py:188} INFO - [2026-03-27T19:19:12.182+0000] {dagbag.py:545} INFO - Filling up the DagBag from /opt/airflow/dags/dag-dbt-transformation-pipeline.py
[2026-03-27T19:19:12.281+0000] {processor.py:840} INFO - DAG(s) 'dbt_transformation_pipeline' retrieved from /opt/airflow/dags/dag-dbt-transformation-pipeline.py
[2026-03-27T19:19:12.319+0000] {logging_mixin.py:188} INFO - [2026-03-27T19:19:12.319+0000] {dag.py:3089} INFO - Sync 1 DAGs
[2026-03-27T19:19:12.364+0000] {processor.py:183} INFO - Processing /opt/airflow/dags/dag-dbt-transformation-pipeline.py took 0.190 seconds
[2026-03-27T19:19:42.860+0000] {processor.py:161} INFO - Started process (PID=1510) to work on /opt/airflow/dags/dag-dbt-transformation-pipeline.py
[2026-03-27T19:19:42.861+0000] {processor.py:830} INFO - Processing file /opt/airflow/dags/dag-dbt-transformation-pipeline.py for tasks to queue
[2026-03-27T19:19:42.863+0000] {logging_mixin.py:188} INFO - [2026-03-27T19:19:42.863+0000] {dagbag.py:545} INFO - Filling up the DagBag from /opt/airflow/dags/dag-dbt-transformation-pipeline.py
[2026-03-27T19:19:42.973+0000] {processor.py:840} INFO - DAG(s) 'dbt_transformation_pipeline' retrieved from /opt/airflow/dags/dag-dbt-transformation-pipeline.py
[2026-03-27T19:19:43.020+0000] {logging_mixin.py:188} INFO - [2026-03-27T19:19:43.020+0000] {dag.py:3089} INFO - Sync 1 DAGs
[2026-03-27T19:19:43.070+0000] {processor.py:183} INFO - Processing /opt/airflow/dags/dag-dbt-transformation-pipeline.py took 0.216 seconds
[2026-03-27T19:32:20.656+0000] {processor.py:161} INFO - Started process (PID=164) to work on /opt/airflow/dags/dag-dbt-transformation-pipeline.py
[2026-03-27T19:32:20.658+0000] {processor.py:830} INFO - Processing file /opt/airflow/dags/dag-dbt-transformation-pipeline.py for tasks to queue
[2026-03-27T19:32:20.662+0000] {logging_mixin.py:188} INFO - [2026-03-27T19:32:20.661+0000] {dagbag.py:545} INFO - Filling up the DagBag from /opt/airflow/dags/dag-dbt-transformation-pipeline.py
[2026-03-27T19:32:20.723+0000] {processor.py:840} INFO - DAG(s) 'dbt_transformation_pipeline' retrieved from /opt/airflow/dags/dag-dbt-transformation-pipeline.py
[2026-03-27T19:32:21.220+0000] {logging_mixin.py:188} INFO - [2026-03-27T19:32:21.218+0000] {override.py:1858} INFO - Created Permission View: can edit on DAG:dbt_transformation_pipeline
[2026-03-27T19:32:21.250+0000] {logging_mixin.py:188} INFO - [2026-03-27T19:32:21.249+0000] {override.py:1858} INFO - Created Permission View: can read on DAG:dbt_transformation_pipeline
[2026-03-27T19:32:21.265+0000] {logging_mixin.py:188} INFO - [2026-03-27T19:32:21.264+0000] {override.py:1858} INFO - Created Permission View: can delete on DAG:dbt_transformation_pipeline
[2026-03-27T19:32:21.266+0000] {logging_mixin.py:188} INFO - [2026-03-27T19:32:21.266+0000] {dag.py:3089} INFO - Sync 1 DAGs
[2026-03-27T19:32:21.292+0000] {logging_mixin.py:188} INFO - [2026-03-27T19:32:21.292+0000] {dag.py:3111} INFO - Creating ORM DAG for dbt_transformation_pipeline
[2026-03-27T19:32:21.294+0000] {logging_mixin.py:188} INFO - [2026-03-27T19:32:21.294+0000] {dag.py:3947} INFO - Setting next_dagrun for dbt_transformation_pipeline to None, run_after=None
[2026-03-27T19:32:21.335+0000] {processor.py:183} INFO - Processing /opt/airflow/dags/dag-dbt-transformation-pipeline.py took 0.689 seconds
[2026-03-27T19:32:51.661+0000] {processor.py:161} INFO - Started process (PID=189) to work on /opt/airflow/dags/dag-dbt-transformation-pipeline.py
[2026-03-27T19:32:51.662+0000] {processor.py:830} INFO - Processing file /opt/airflow/dags/dag-dbt-transformation-pipeline.py for tasks to queue
[2026-03-27T19:32:51.667+0000] {logging_mixin.py:188} INFO - [2026-03-27T19:32:51.667+0000] {dagbag.py:545} INFO - Filling up the DagBag from /opt/airflow/dags/dag-dbt-transformation-pipeline.py
[2026-03-27T19:32:51.689+0000] {processor.py:840} INFO - DAG(s) 'dbt_transformation_pipeline' retrieved from /opt/airflow/dags/dag-dbt-transformation-pipeline.py
[2026-03-27T19:32:51.725+0000] {logging_mixin.py:188} INFO - [2026-03-27T19:32:51.724+0000] {dag.py:3089} INFO - Sync 1 DAGs
[2026-03-27T19:32:51.739+0000] {logging_mixin.py:188} INFO - [2026-03-27T19:32:51.739+0000] {dag.py:3947} INFO - Setting next_dagrun for dbt_transformation_pipeline to None, run_after=None
[2026-03-27T19:32:51.764+0000] {processor.py:183} INFO - Processing /opt/airflow/dags/dag-dbt-transformation-pipeline.py took 0.110 seconds
[2026-03-27T19:33:22.799+0000] {processor.py:161} INFO - Started process (PID=214) to work on /opt/airflow/dags/dag-dbt-transformation-pipeline.py
[2026-03-27T19:33:22.801+0000] {processor.py:830} INFO - Processing file /opt/airflow/dags/dag-dbt-transformation-pipeline.py for tasks to queue
[2026-03-27T19:33:22.803+0000] {logging_mixin.py:188} INFO - [2026-03-27T19:33:22.802+0000] {dagbag.py:545} INFO - Filling up the DagBag from /opt/airflow/dags/dag-dbt-transformation-pipeline.py
[2026-03-27T19:33:22.824+0000] {processor.py:840} INFO - DAG(s) 'dbt_transformation_pipeline' retrieved from /opt/airflow/dags/dag-dbt-transformation-pipeline.py
[2026-03-27T19:33:22.852+0000] {logging_mixin.py:188} INFO - [2026-03-27T19:33:22.851+0000] {dag.py:3089} INFO - Sync 1 DAGs
[2026-03-27T19:33:22.868+0000] {logging_mixin.py:188} INFO - [2026-03-27T19:33:22.868+0000] {dag.py:3947} INFO - Setting next_dagrun for dbt_transformation_pipeline to None, run_after=None
[2026-03-27T19:33:22.892+0000] {processor.py:183} INFO - Processing /opt/airflow/dags/dag-dbt-transformation-pipeline.py took 0.100 seconds
[2026-03-27T19:33:52.944+0000] {processor.py:161} INFO - Started process (PID=239) to work on /opt/airflow/dags/dag-dbt-transformation-pipeline.py
[2026-03-27T19:33:52.946+0000] {processor.py:830} INFO - Processing file /opt/airflow/dags/dag-dbt-transformation-pipeline.py for tasks to queue
[2026-03-27T19:33:52.948+0000] {logging_mixin.py:188} INFO - [2026-03-27T19:33:52.948+0000] {dagbag.py:545} INFO - Filling up the DagBag from /opt/airflow/dags/dag-dbt-transformation-pipeline.py
[2026-03-27T19:33:52.972+0000] {processor.py:840} INFO - DAG(s) 'dbt_transformation_pipeline' retrieved from /opt/airflow/dags/dag-dbt-transformation-pipeline.py
[2026-03-27T19:33:53.007+0000] {logging_mixin.py:188} INFO - [2026-03-27T19:33:53.007+0000] {dag.py:3089} INFO - Sync 1 DAGs
[2026-03-27T19:33:53.024+0000] {logging_mixin.py:188} INFO - [2026-03-27T19:33:53.023+0000] {dag.py:3947} INFO - Setting next_dagrun for dbt_transformation_pipeline to None, run_after=None
[2026-03-27T19:33:53.048+0000] {processor.py:183} INFO - Processing /opt/airflow/dags/dag-dbt-transformation-pipeline.py took 0.111 seconds
[2026-03-27T19:34:23.916+0000] {processor.py:161} INFO - Started process (PID=355) to work on /opt/airflow/dags/dag-dbt-transformation-pipeline.py
[2026-03-27T19:34:23.918+0000] {processor.py:830} INFO - Processing file /opt/airflow/dags/dag-dbt-transformation-pipeline.py for tasks to queue
[2026-03-27T19:34:23.922+0000] {logging_mixin.py:188} INFO - [2026-03-27T19:34:23.921+0000] {dagbag.py:545} INFO - Filling up the DagBag from /opt/airflow/dags/dag-dbt-transformation-pipeline.py
[2026-03-27T19:34:23.968+0000] {processor.py:840} INFO - DAG(s) 'dbt_transformation_pipeline' retrieved from /opt/airflow/dags/dag-dbt-transformation-pipeline.py
[2026-03-27T19:34:24.043+0000] {logging_mixin.py:188} INFO - [2026-03-27T19:34:24.043+0000] {dag.py:3089} INFO - Sync 1 DAGs
[2026-03-27T19:34:24.084+0000] {logging_mixin.py:188} INFO - [2026-03-27T19:34:24.083+0000] {dag.py:3947} INFO - Setting next_dagrun for dbt_transformation_pipeline to None, run_after=None
[2026-03-27T19:34:24.145+0000] {processor.py:183} INFO - Processing /opt/airflow/dags/dag-dbt-transformation-pipeline.py took 0.240 seconds
[2026-03-27T19:34:54.302+0000] {processor.py:161} INFO - Started process (PID=565) to work on /opt/airflow/dags/dag-dbt-transformation-pipeline.py
[2026-03-27T19:34:54.304+0000] {processor.py:830} INFO - Processing file /opt/airflow/dags/dag-dbt-transformation-pipeline.py for tasks to queue
[2026-03-27T19:34:54.308+0000] {logging_mixin.py:188} INFO - [2026-03-27T19:34:54.308+0000] {dagbag.py:545} INFO - Filling up the DagBag from /opt/airflow/dags/dag-dbt-transformation-pipeline.py
[2026-03-27T19:34:54.344+0000] {processor.py:840} INFO - DAG(s) 'dbt_transformation_pipeline' retrieved from /opt/airflow/dags/dag-dbt-transformation-pipeline.py
[2026-03-27T19:34:54.402+0000] {logging_mixin.py:188} INFO - [2026-03-27T19:34:54.401+0000] {dag.py:3089} INFO - Sync 1 DAGs
[2026-03-27T19:34:54.436+0000] {logging_mixin.py:188} INFO - [2026-03-27T19:34:54.436+0000] {dag.py:3947} INFO - Setting next_dagrun for dbt_transformation_pipeline to None, run_after=None
[2026-03-27T19:34:54.482+0000] {processor.py:183} INFO - Processing /opt/airflow/dags/dag-dbt-transformation-pipeline.py took 0.193 seconds
[2026-03-27T19:35:24.791+0000] {processor.py:161} INFO - Started process (PID=1541) to work on /opt/airflow/dags/dag-dbt-transformation-pipeline.py
[2026-03-27T19:35:24.793+0000] {processor.py:830} INFO - Processing file /opt/airflow/dags/dag-dbt-transformation-pipeline.py for tasks to queue
[2026-03-27T19:35:24.796+0000] {logging_mixin.py:188} INFO - [2026-03-27T19:35:24.795+0000] {dagbag.py:545} INFO - Filling up the DagBag from /opt/airflow/dags/dag-dbt-transformation-pipeline.py
[2026-03-27T19:35:24.821+0000] {processor.py:840} INFO - DAG(s) 'dbt_transformation_pipeline' retrieved from /opt/airflow/dags/dag-dbt-transformation-pipeline.py
[2026-03-27T19:35:24.862+0000] {logging_mixin.py:188} INFO - [2026-03-27T19:35:24.862+0000] {dag.py:3089} INFO - Sync 1 DAGs
[2026-03-27T19:35:24.881+0000] {logging_mixin.py:188} INFO - [2026-03-27T19:35:24.881+0000] {dag.py:3947} INFO - Setting next_dagrun for dbt_transformation_pipeline to None, run_after=None
[2026-03-27T19:35:24.906+0000] {processor.py:183} INFO - Processing /opt/airflow/dags/dag-dbt-transformation-pipeline.py took 0.122 seconds
[2026-03-27T19:35:55.563+0000] {processor.py:161} INFO - Started process (PID=1603) to work on /opt/airflow/dags/dag-dbt-transformation-pipeline.py
[2026-03-27T19:35:55.564+0000] {processor.py:830} INFO - Processing file /opt/airflow/dags/dag-dbt-transformation-pipeline.py for tasks to queue
[2026-03-27T19:35:55.567+0000] {logging_mixin.py:188} INFO - [2026-03-27T19:35:55.566+0000] {dagbag.py:545} INFO - Filling up the DagBag from /opt/airflow/dags/dag-dbt-transformation-pipeline.py
[2026-03-27T19:35:55.591+0000] {processor.py:840} INFO - DAG(s) 'dbt_transformation_pipeline' retrieved from /opt/airflow/dags/dag-dbt-transformation-pipeline.py
[2026-03-27T19:35:55.623+0000] {logging_mixin.py:188} INFO - [2026-03-27T19:35:55.623+0000] {dag.py:3089} INFO - Sync 1 DAGs
[2026-03-27T19:35:55.639+0000] {logging_mixin.py:188} INFO - [2026-03-27T19:35:55.639+0000] {dag.py:3947} INFO - Setting next_dagrun for dbt_transformation_pipeline to None, run_after=None
[2026-03-27T19:35:55.664+0000] {processor.py:183} INFO - Processing /opt/airflow/dags/dag-dbt-transformation-pipeline.py took 0.110 seconds
[2026-03-27T19:36:26.407+0000] {processor.py:161} INFO - Started process (PID=1628) to work on /opt/airflow/dags/dag-dbt-transformation-pipeline.py
[2026-03-27T19:36:26.408+0000] {processor.py:830} INFO - Processing file /opt/airflow/dags/dag-dbt-transformation-pipeline.py for tasks to queue
[2026-03-27T19:36:26.410+0000] {logging_mixin.py:188} INFO - [2026-03-27T19:36:26.410+0000] {dagbag.py:545} INFO - Filling up the DagBag from /opt/airflow/dags/dag-dbt-transformation-pipeline.py
[2026-03-27T19:36:26.436+0000] {processor.py:840} INFO - DAG(s) 'dbt_transformation_pipeline' retrieved from /opt/airflow/dags/dag-dbt-transformation-pipeline.py
[2026-03-27T19:36:26.469+0000] {logging_mixin.py:188} INFO - [2026-03-27T19:36:26.469+0000] {dag.py:3089} INFO - Sync 1 DAGs
[2026-03-27T19:36:26.484+0000] {logging_mixin.py:188} INFO - [2026-03-27T19:36:26.484+0000] {dag.py:3947} INFO - Setting next_dagrun for dbt_transformation_pipeline to None, run_after=None
[2026-03-27T19:36:26.508+0000] {processor.py:183} INFO - Processing /opt/airflow/dags/dag-dbt-transformation-pipeline.py took 0.107 seconds
[2026-03-27T19:36:57.255+0000] {processor.py:161} INFO - Started process (PID=1653) to work on /opt/airflow/dags/dag-dbt-transformation-pipeline.py
[2026-03-27T19:36:57.257+0000] {processor.py:830} INFO - Processing file /opt/airflow/dags/dag-dbt-transformation-pipeline.py for tasks to queue
[2026-03-27T19:36:57.258+0000] {logging_mixin.py:188} INFO - [2026-03-27T19:36:57.258+0000] {dagbag.py:545} INFO - Filling up the DagBag from /opt/airflow/dags/dag-dbt-transformation-pipeline.py
[2026-03-27T19:36:57.293+0000] {processor.py:840} INFO - DAG(s) 'dbt_transformation_pipeline' retrieved from /opt/airflow/dags/dag-dbt-transformation-pipeline.py
[2026-03-27T19:36:57.337+0000] {logging_mixin.py:188} INFO - [2026-03-27T19:36:57.337+0000] {dag.py:3089} INFO - Sync 1 DAGs
[2026-03-27T19:36:57.354+0000] {logging_mixin.py:188} INFO - [2026-03-27T19:36:57.353+0000] {dag.py:3947} INFO - Setting next_dagrun for dbt_transformation_pipeline to None, run_after=None
[2026-03-27T19:36:57.379+0000] {processor.py:183} INFO - Processing /opt/airflow/dags/dag-dbt-transformation-pipeline.py took 0.130 seconds
[2026-03-27T19:37:28.134+0000] {processor.py:161} INFO - Started process (PID=1678) to work on /opt/airflow/dags/dag-dbt-transformation-pipeline.py
[2026-03-27T19:37:28.135+0000] {processor.py:830} INFO - Processing file /opt/airflow/dags/dag-dbt-transformation-pipeline.py for tasks to queue
[2026-03-27T19:37:28.137+0000] {logging_mixin.py:188} INFO - [2026-03-27T19:37:28.137+0000] {dagbag.py:545} INFO - Filling up the DagBag from /opt/airflow/dags/dag-dbt-transformation-pipeline.py
[2026-03-27T19:37:28.163+0000] {processor.py:840} INFO - DAG(s) 'dbt_transformation_pipeline' retrieved from /opt/airflow/dags/dag-dbt-transformation-pipeline.py
[2026-03-27T19:37:28.196+0000] {logging_mixin.py:188} INFO - [2026-03-27T19:37:28.196+0000] {dag.py:3089} INFO - Sync 1 DAGs
[2026-03-27T19:37:28.216+0000] {logging_mixin.py:188} INFO - [2026-03-27T19:37:28.215+0000] {dag.py:3947} INFO - Setting next_dagrun for dbt_transformation_pipeline to None, run_after=None
[2026-03-27T19:37:28.242+0000] {processor.py:183} INFO - Processing /opt/airflow/dags/dag-dbt-transformation-pipeline.py took 0.114 seconds
[2026-03-27T19:37:58.951+0000] {processor.py:161} INFO - Started process (PID=1703) to work on /opt/airflow/dags/dag-dbt-transformation-pipeline.py
[2026-03-27T19:37:58.952+0000] {processor.py:830} INFO - Processing file /opt/airflow/dags/dag-dbt-transformation-pipeline.py for tasks to queue
[2026-03-27T19:37:58.954+0000] {logging_mixin.py:188} INFO - [2026-03-27T19:37:58.954+0000] {dagbag.py:545} INFO - Filling up the DagBag from /opt/airflow/dags/dag-dbt-transformation-pipeline.py
[2026-03-27T19:37:58.973+0000] {processor.py:840} INFO - DAG(s) 'dbt_transformation_pipeline' retrieved from /opt/airflow/dags/dag-dbt-transformation-pipeline.py
[2026-03-27T19:37:59.003+0000] {logging_mixin.py:188} INFO - [2026-03-27T19:37:59.003+0000] {dag.py:3089} INFO - Sync 1 DAGs
[2026-03-27T19:37:59.019+0000] {logging_mixin.py:188} INFO - [2026-03-27T19:37:59.019+0000] {dag.py:3947} INFO - Setting next_dagrun for dbt_transformation_pipeline to None, run_after=None
[2026-03-27T19:37:59.043+0000] {processor.py:183} INFO - Processing /opt/airflow/dags/dag-dbt-transformation-pipeline.py took 0.098 seconds
[2026-03-27T19:38:29.758+0000] {processor.py:161} INFO - Started process (PID=1728) to work on /opt/airflow/dags/dag-dbt-transformation-pipeline.py
[2026-03-27T19:38:29.759+0000] {processor.py:830} INFO - Processing file /opt/airflow/dags/dag-dbt-transformation-pipeline.py for tasks to queue
[2026-03-27T19:38:29.761+0000] {logging_mixin.py:188} INFO - [2026-03-27T19:38:29.761+0000] {dagbag.py:545} INFO - Filling up the DagBag from /opt/airflow/dags/dag-dbt-transformation-pipeline.py
[2026-03-27T19:38:29.781+0000] {processor.py:840} INFO - DAG(s) 'dbt_transformation_pipeline' retrieved from /opt/airflow/dags/dag-dbt-transformation-pipeline.py
[2026-03-27T19:38:29.810+0000] {logging_mixin.py:188} INFO - [2026-03-27T19:38:29.809+0000] {dag.py:3089} INFO - Sync 1 DAGs
[2026-03-27T19:38:29.825+0000] {logging_mixin.py:188} INFO - [2026-03-27T19:38:29.825+0000] {dag.py:3947} INFO - Setting next_dagrun for dbt_transformation_pipeline to None, run_after=None
[2026-03-27T19:38:29.848+0000] {processor.py:183} INFO - Processing /opt/airflow/dags/dag-dbt-transformation-pipeline.py took 0.095 seconds
[2026-03-27T19:39:00.511+0000] {processor.py:161} INFO - Started process (PID=1753) to work on /opt/airflow/dags/dag-dbt-transformation-pipeline.py
[2026-03-27T19:39:00.513+0000] {processor.py:830} INFO - Processing file /opt/airflow/dags/dag-dbt-transformation-pipeline.py for tasks to queue
[2026-03-27T19:39:00.515+0000] {logging_mixin.py:188} INFO - [2026-03-27T19:39:00.515+0000] {dagbag.py:545} INFO - Filling up the DagBag from /opt/airflow/dags/dag-dbt-transformation-pipeline.py
[2026-03-27T19:39:00.537+0000] {processor.py:840} INFO - DAG(s) 'dbt_transformation_pipeline' retrieved from /opt/airflow/dags/dag-dbt-transformation-pipeline.py
[2026-03-27T19:39:00.565+0000] {logging_mixin.py:188} INFO - [2026-03-27T19:39:00.564+0000] {dag.py:3089} INFO - Sync 1 DAGs
[2026-03-27T19:39:00.579+0000] {logging_mixin.py:188} INFO - [2026-03-27T19:39:00.579+0000] {dag.py:3947} INFO - Setting next_dagrun for dbt_transformation_pipeline to None, run_after=None
[2026-03-27T19:39:00.603+0000] {processor.py:183} INFO - Processing /opt/airflow/dags/dag-dbt-transformation-pipeline.py took 0.098 seconds
[2026-03-27T19:39:31.382+0000] {processor.py:161} INFO - Started process (PID=1784) to work on /opt/airflow/dags/dag-dbt-transformation-pipeline.py
[2026-03-27T19:39:31.383+0000] {processor.py:830} INFO - Processing file /opt/airflow/dags/dag-dbt-transformation-pipeline.py for tasks to queue
[2026-03-27T19:39:31.385+0000] {logging_mixin.py:188} INFO - [2026-03-27T19:39:31.384+0000] {dagbag.py:545} INFO - Filling up the DagBag from /opt/airflow/dags/dag-dbt-transformation-pipeline.py
[2026-03-27T19:39:31.407+0000] {processor.py:840} INFO - DAG(s) 'dbt_transformation_pipeline' retrieved from /opt/airflow/dags/dag-dbt-transformation-pipeline.py
[2026-03-27T19:39:31.435+0000] {logging_mixin.py:188} INFO - [2026-03-27T19:39:31.435+0000] {dag.py:3089} INFO - Sync 1 DAGs
[2026-03-27T19:39:31.448+0000] {logging_mixin.py:188} INFO - [2026-03-27T19:39:31.448+0000] {dag.py:3947} INFO - Setting next_dagrun for dbt_transformation_pipeline to None, run_after=None
[2026-03-27T19:39:31.474+0000] {processor.py:183} INFO - Processing /opt/airflow/dags/dag-dbt-transformation-pipeline.py took 0.098 seconds
[2026-03-27T19:40:02.163+0000] {processor.py:161} INFO - Started process (PID=1816) to work on /opt/airflow/dags/dag-dbt-transformation-pipeline.py
[2026-03-27T19:40:02.164+0000] {processor.py:830} INFO - Processing file /opt/airflow/dags/dag-dbt-transformation-pipeline.py for tasks to queue
[2026-03-27T19:40:02.167+0000] {logging_mixin.py:188} INFO - [2026-03-27T19:40:02.166+0000] {dagbag.py:545} INFO - Filling up the DagBag from /opt/airflow/dags/dag-dbt-transformation-pipeline.py
[2026-03-27T19:40:02.190+0000] {processor.py:840} INFO - DAG(s) 'dbt_transformation_pipeline' retrieved from /opt/airflow/dags/dag-dbt-transformation-pipeline.py
[2026-03-27T19:40:02.221+0000] {logging_mixin.py:188} INFO - [2026-03-27T19:40:02.221+0000] {dag.py:3089} INFO - Sync 1 DAGs
[2026-03-27T19:40:02.236+0000] {logging_mixin.py:188} INFO - [2026-03-27T19:40:02.236+0000] {dag.py:3947} INFO - Setting next_dagrun for dbt_transformation_pipeline to None, run_after=None
[2026-03-27T19:40:02.261+0000] {processor.py:183} INFO - Processing /opt/airflow/dags/dag-dbt-transformation-pipeline.py took 0.105 seconds
[2026-03-27T19:40:33.066+0000] {processor.py:161} INFO - Started process (PID=1841) to work on /opt/airflow/dags/dag-dbt-transformation-pipeline.py
[2026-03-27T19:40:33.068+0000] {processor.py:830} INFO - Processing file /opt/airflow/dags/dag-dbt-transformation-pipeline.py for tasks to queue
[2026-03-27T19:40:33.070+0000] {logging_mixin.py:188} INFO - [2026-03-27T19:40:33.069+0000] {dagbag.py:545} INFO - Filling up the DagBag from /opt/airflow/dags/dag-dbt-transformation-pipeline.py
[2026-03-27T19:40:33.093+0000] {processor.py:840} INFO - DAG(s) 'dbt_transformation_pipeline' retrieved from /opt/airflow/dags/dag-dbt-transformation-pipeline.py
[2026-03-27T19:40:33.123+0000] {logging_mixin.py:188} INFO - [2026-03-27T19:40:33.122+0000] {dag.py:3089} INFO - Sync 1 DAGs
[2026-03-27T19:40:33.137+0000] {logging_mixin.py:188} INFO - [2026-03-27T19:40:33.137+0000] {dag.py:3947} INFO - Setting next_dagrun for dbt_transformation_pipeline to None, run_after=None
[2026-03-27T19:40:33.163+0000] {processor.py:183} INFO - Processing /opt/airflow/dags/dag-dbt-transformation-pipeline.py took 0.103 seconds
[2026-03-27T19:41:03.946+0000] {processor.py:161} INFO - Started process (PID=1866) to work on /opt/airflow/dags/dag-dbt-transformation-pipeline.py
[2026-03-27T19:41:03.947+0000] {processor.py:830} INFO - Processing file /opt/airflow/dags/dag-dbt-transformation-pipeline.py for tasks to queue
[2026-03-27T19:41:03.949+0000] {logging_mixin.py:188} INFO - [2026-03-27T19:41:03.949+0000] {dagbag.py:545} INFO - Filling up the DagBag from /opt/airflow/dags/dag-dbt-transformation-pipeline.py
[2026-03-27T19:41:03.973+0000] {processor.py:840} INFO - DAG(s) 'dbt_transformation_pipeline' retrieved from /opt/airflow/dags/dag-dbt-transformation-pipeline.py
[2026-03-27T19:41:04.004+0000] {logging_mixin.py:188} INFO - [2026-03-27T19:41:04.004+0000] {dag.py:3089} INFO - Sync 1 DAGs
[2026-03-27T19:41:04.022+0000] {logging_mixin.py:188} INFO - [2026-03-27T19:41:04.022+0000] {dag.py:3947} INFO - Setting next_dagrun for dbt_transformation_pipeline to None, run_after=None
[2026-03-27T19:41:04.045+0000] {processor.py:183} INFO - Processing /opt/airflow/dags/dag-dbt-transformation-pipeline.py took 0.107 seconds
[2026-03-27T19:41:34.690+0000] {processor.py:161} INFO - Started process (PID=3158) to work on /opt/airflow/dags/dag-dbt-transformation-pipeline.py
[2026-03-27T19:41:34.691+0000] {processor.py:830} INFO - Processing file /opt/airflow/dags/dag-dbt-transformation-pipeline.py for tasks to queue
[2026-03-27T19:41:34.694+0000] {logging_mixin.py:188} INFO - [2026-03-27T19:41:34.694+0000] {dagbag.py:545} INFO - Filling up the DagBag from /opt/airflow/dags/dag-dbt-transformation-pipeline.py
[2026-03-27T19:41:34.718+0000] {processor.py:840} INFO - DAG(s) 'dbt_transformation_pipeline' retrieved from /opt/airflow/dags/dag-dbt-transformation-pipeline.py
[2026-03-27T19:41:34.749+0000] {logging_mixin.py:188} INFO - [2026-03-27T19:41:34.749+0000] {dag.py:3089} INFO - Sync 1 DAGs
[2026-03-27T19:41:34.766+0000] {logging_mixin.py:188} INFO - [2026-03-27T19:41:34.766+0000] {dag.py:3947} INFO - Setting next_dagrun for dbt_transformation_pipeline to None, run_after=None
[2026-03-27T19:41:34.792+0000] {processor.py:183} INFO - Processing /opt/airflow/dags/dag-dbt-transformation-pipeline.py took 0.109 seconds
[2026-03-27T19:42:05.454+0000] {processor.py:161} INFO - Started process (PID=3988) to work on /opt/airflow/dags/dag-dbt-transformation-pipeline.py
[2026-03-27T19:42:05.455+0000] {processor.py:830} INFO - Processing file /opt/airflow/dags/dag-dbt-transformation-pipeline.py for tasks to queue
[2026-03-27T19:42:05.458+0000] {logging_mixin.py:188} INFO - [2026-03-27T19:42:05.458+0000] {dagbag.py:545} INFO - Filling up the DagBag from /opt/airflow/dags/dag-dbt-transformation-pipeline.py
[2026-03-27T19:42:05.481+0000] {processor.py:840} INFO - DAG(s) 'dbt_transformation_pipeline' retrieved from /opt/airflow/dags/dag-dbt-transformation-pipeline.py
[2026-03-27T19:42:05.511+0000] {logging_mixin.py:188} INFO - [2026-03-27T19:42:05.511+0000] {dag.py:3089} INFO - Sync 1 DAGs
[2026-03-27T19:42:05.526+0000] {logging_mixin.py:188} INFO - [2026-03-27T19:42:05.526+0000] {dag.py:3947} INFO - Setting next_dagrun for dbt_transformation_pipeline to None, run_after=None
[2026-03-27T19:42:05.551+0000] {processor.py:183} INFO - Processing /opt/airflow/dags/dag-dbt-transformation-pipeline.py took 0.104 seconds
[2026-03-27T19:42:36.287+0000] {processor.py:161} INFO - Started process (PID=4013) to work on /opt/airflow/dags/dag-dbt-transformation-pipeline.py
[2026-03-27T19:42:36.288+0000] {processor.py:830} INFO - Processing file /opt/airflow/dags/dag-dbt-transformation-pipeline.py for tasks to queue
[2026-03-27T19:42:36.290+0000] {logging_mixin.py:188} INFO - [2026-03-27T19:42:36.290+0000] {dagbag.py:545} INFO - Filling up the DagBag from /opt/airflow/dags/dag-dbt-transformation-pipeline.py
[2026-03-27T19:42:36.309+0000] {processor.py:840} INFO - DAG(s) 'dbt_transformation_pipeline' retrieved from /opt/airflow/dags/dag-dbt-transformation-pipeline.py
[2026-03-27T19:42:36.337+0000] {logging_mixin.py:188} INFO - [2026-03-27T19:42:36.337+0000] {dag.py:3089} INFO - Sync 1 DAGs
[2026-03-27T19:42:36.353+0000] {logging_mixin.py:188} INFO - [2026-03-27T19:42:36.352+0000] {dag.py:3947} INFO - Setting next_dagrun for dbt_transformation_pipeline to None, run_after=None
[2026-03-27T19:42:36.377+0000] {processor.py:183} INFO - Processing /opt/airflow/dags/dag-dbt-transformation-pipeline.py took 0.096 seconds
[2026-03-27T19:43:07.148+0000] {processor.py:161} INFO - Started process (PID=4038) to work on /opt/airflow/dags/dag-dbt-transformation-pipeline.py
[2026-03-27T19:43:07.149+0000] {processor.py:830} INFO - Processing file /opt/airflow/dags/dag-dbt-transformation-pipeline.py for tasks to queue
[2026-03-27T19:43:07.152+0000] {logging_mixin.py:188} INFO - [2026-03-27T19:43:07.151+0000] {dagbag.py:545} INFO - Filling up the DagBag from /opt/airflow/dags/dag-dbt-transformation-pipeline.py
[2026-03-27T19:43:07.177+0000] {processor.py:840} INFO - DAG(s) 'dbt_transformation_pipeline' retrieved from /opt/airflow/dags/dag-dbt-transformation-pipeline.py
[2026-03-27T19:43:07.208+0000] {logging_mixin.py:188} INFO - [2026-03-27T19:43:07.207+0000] {dag.py:3089} INFO - Sync 1 DAGs
[2026-03-27T19:43:07.222+0000] {logging_mixin.py:188} INFO - [2026-03-27T19:43:07.222+0000] {dag.py:3947} INFO - Setting next_dagrun for dbt_transformation_pipeline to None, run_after=None
[2026-03-27T19:43:07.244+0000] {processor.py:183} INFO - Processing /opt/airflow/dags/dag-dbt-transformation-pipeline.py took 0.107 seconds
[2026-03-27T19:43:37.923+0000] {processor.py:161} INFO - Started process (PID=4063) to work on /opt/airflow/dags/dag-dbt-transformation-pipeline.py
[2026-03-27T19:43:37.925+0000] {processor.py:830} INFO - Processing file /opt/airflow/dags/dag-dbt-transformation-pipeline.py for tasks to queue
[2026-03-27T19:43:37.927+0000] {logging_mixin.py:188} INFO - [2026-03-27T19:43:37.927+0000] {dagbag.py:545} INFO - Filling up the DagBag from /opt/airflow/dags/dag-dbt-transformation-pipeline.py
[2026-03-27T19:43:37.949+0000] {processor.py:840} INFO - DAG(s) 'dbt_transformation_pipeline' retrieved from /opt/airflow/dags/dag-dbt-transformation-pipeline.py
[2026-03-27T19:43:37.980+0000] {logging_mixin.py:188} INFO - [2026-03-27T19:43:37.980+0000] {dag.py:3089} INFO - Sync 1 DAGs
[2026-03-27T19:43:37.996+0000] {logging_mixin.py:188} INFO - [2026-03-27T19:43:37.996+0000] {dag.py:3947} INFO - Setting next_dagrun for dbt_transformation_pipeline to None, run_after=None
[2026-03-27T19:43:38.020+0000] {processor.py:183} INFO - Processing /opt/airflow/dags/dag-dbt-transformation-pipeline.py took 0.103 seconds
[2026-03-27T19:44:08.726+0000] {processor.py:161} INFO - Started process (PID=4088) to work on /opt/airflow/dags/dag-dbt-transformation-pipeline.py
[2026-03-27T19:44:08.727+0000] {processor.py:830} INFO - Processing file /opt/airflow/dags/dag-dbt-transformation-pipeline.py for tasks to queue
[2026-03-27T19:44:08.729+0000] {logging_mixin.py:188} INFO - [2026-03-27T19:44:08.729+0000] {dagbag.py:545} INFO - Filling up the DagBag from /opt/airflow/dags/dag-dbt-transformation-pipeline.py
[2026-03-27T19:44:08.752+0000] {processor.py:840} INFO - DAG(s) 'dbt_transformation_pipeline' retrieved from /opt/airflow/dags/dag-dbt-transformation-pipeline.py
[2026-03-27T19:44:08.784+0000] {logging_mixin.py:188} INFO - [2026-03-27T19:44:08.784+0000] {dag.py:3089} INFO - Sync 1 DAGs
[2026-03-27T19:44:08.799+0000] {logging_mixin.py:188} INFO - [2026-03-27T19:44:08.799+0000] {dag.py:3947} INFO - Setting next_dagrun for dbt_transformation_pipeline to None, run_after=None
[2026-03-27T19:44:08.824+0000] {processor.py:183} INFO - Processing /opt/airflow/dags/dag-dbt-transformation-pipeline.py took 0.104 seconds
[2026-03-27T19:44:39.579+0000] {processor.py:161} INFO - Started process (PID=4116) to work on /opt/airflow/dags/dag-dbt-transformation-pipeline.py
[2026-03-27T19:44:39.580+0000] {processor.py:830} INFO - Processing file /opt/airflow/dags/dag-dbt-transformation-pipeline.py for tasks to queue
[2026-03-27T19:44:39.582+0000] {logging_mixin.py:188} INFO - [2026-03-27T19:44:39.582+0000] {dagbag.py:545} INFO - Filling up the DagBag from /opt/airflow/dags/dag-dbt-transformation-pipeline.py
[2026-03-27T19:44:39.605+0000] {processor.py:840} INFO - DAG(s) 'dbt_transformation_pipeline' retrieved from /opt/airflow/dags/dag-dbt-transformation-pipeline.py
[2026-03-27T19:44:39.634+0000] {logging_mixin.py:188} INFO - [2026-03-27T19:44:39.633+0000] {dag.py:3089} INFO - Sync 1 DAGs
[2026-03-27T19:44:39.649+0000] {logging_mixin.py:188} INFO - [2026-03-27T19:44:39.649+0000] {dag.py:3947} INFO - Setting next_dagrun for dbt_transformation_pipeline to None, run_after=None
[2026-03-27T19:44:39.676+0000] {processor.py:183} INFO - Processing /opt/airflow/dags/dag-dbt-transformation-pipeline.py took 0.103 seconds
[2026-03-27T19:45:10.374+0000] {processor.py:161} INFO - Started process (PID=4429) to work on /opt/airflow/dags/dag-dbt-transformation-pipeline.py
[2026-03-27T19:45:10.376+0000] {processor.py:830} INFO - Processing file /opt/airflow/dags/dag-dbt-transformation-pipeline.py for tasks to queue
[2026-03-27T19:45:10.378+0000] {logging_mixin.py:188} INFO - [2026-03-27T19:45:10.378+0000] {dagbag.py:545} INFO - Filling up the DagBag from /opt/airflow/dags/dag-dbt-transformation-pipeline.py
[2026-03-27T19:45:10.401+0000] {processor.py:840} INFO - DAG(s) 'dbt_transformation_pipeline' retrieved from /opt/airflow/dags/dag-dbt-transformation-pipeline.py
[2026-03-27T19:45:10.433+0000] {logging_mixin.py:188} INFO - [2026-03-27T19:45:10.433+0000] {dag.py:3089} INFO - Sync 1 DAGs
[2026-03-27T19:45:10.448+0000] {logging_mixin.py:188} INFO - [2026-03-27T19:45:10.448+0000] {dag.py:3947} INFO - Setting next_dagrun for dbt_transformation_pipeline to None, run_after=None
[2026-03-27T19:45:10.474+0000] {processor.py:183} INFO - Processing /opt/airflow/dags/dag-dbt-transformation-pipeline.py took 0.107 seconds
[2026-03-27T19:45:41.181+0000] {processor.py:161} INFO - Started process (PID=5686) to work on /opt/airflow/dags/dag-dbt-transformation-pipeline.py
[2026-03-27T19:45:41.183+0000] {processor.py:830} INFO - Processing file /opt/airflow/dags/dag-dbt-transformation-pipeline.py for tasks to queue
[2026-03-27T19:45:41.185+0000] {logging_mixin.py:188} INFO - [2026-03-27T19:45:41.185+0000] {dagbag.py:545} INFO - Filling up the DagBag from /opt/airflow/dags/dag-dbt-transformation-pipeline.py
[2026-03-27T19:45:41.206+0000] {processor.py:840} INFO - DAG(s) 'dbt_transformation_pipeline' retrieved from /opt/airflow/dags/dag-dbt-transformation-pipeline.py
[2026-03-27T19:45:41.237+0000] {logging_mixin.py:188} INFO - [2026-03-27T19:45:41.237+0000] {dag.py:3089} INFO - Sync 1 DAGs
[2026-03-27T19:45:41.256+0000] {logging_mixin.py:188} INFO - [2026-03-27T19:45:41.256+0000] {dag.py:3947} INFO - Setting next_dagrun for dbt_transformation_pipeline to None, run_after=None
[2026-03-27T19:45:41.280+0000] {processor.py:183} INFO - Processing /opt/airflow/dags/dag-dbt-transformation-pipeline.py took 0.105 seconds
[2026-03-27T19:46:11.913+0000] {processor.py:161} INFO - Started process (PID=5733) to work on /opt/airflow/dags/dag-dbt-transformation-pipeline.py
[2026-03-27T19:46:11.914+0000] {processor.py:830} INFO - Processing file /opt/airflow/dags/dag-dbt-transformation-pipeline.py for tasks to queue
[2026-03-27T19:46:11.917+0000] {logging_mixin.py:188} INFO - [2026-03-27T19:46:11.917+0000] {dagbag.py:545} INFO - Filling up the DagBag from /opt/airflow/dags/dag-dbt-transformation-pipeline.py
[2026-03-27T19:46:11.944+0000] {processor.py:840} INFO - DAG(s) 'dbt_transformation_pipeline' retrieved from /opt/airflow/dags/dag-dbt-transformation-pipeline.py
[2026-03-27T19:46:11.979+0000] {logging_mixin.py:188} INFO - [2026-03-27T19:46:11.979+0000] {dag.py:3089} INFO - Sync 1 DAGs
[2026-03-27T19:46:11.995+0000] {logging_mixin.py:188} INFO - [2026-03-27T19:46:11.995+0000] {dag.py:3947} INFO - Setting next_dagrun for dbt_transformation_pipeline to None, run_after=None
[2026-03-27T19:46:12.021+0000] {processor.py:183} INFO - Processing /opt/airflow/dags/dag-dbt-transformation-pipeline.py took 0.119 seconds
[2026-03-27T19:46:42.615+0000] {processor.py:161} INFO - Started process (PID=5758) to work on /opt/airflow/dags/dag-dbt-transformation-pipeline.py
[2026-03-27T19:46:42.616+0000] {processor.py:830} INFO - Processing file /opt/airflow/dags/dag-dbt-transformation-pipeline.py for tasks to queue
[2026-03-27T19:46:42.620+0000] {logging_mixin.py:188} INFO - [2026-03-27T19:46:42.619+0000] {dagbag.py:545} INFO - Filling up the DagBag from /opt/airflow/dags/dag-dbt-transformation-pipeline.py
[2026-03-27T19:46:42.649+0000] {processor.py:840} INFO - DAG(s) 'dbt_transformation_pipeline' retrieved from /opt/airflow/dags/dag-dbt-transformation-pipeline.py
[2026-03-27T19:46:42.681+0000] {logging_mixin.py:188} INFO - [2026-03-27T19:46:42.681+0000] {dag.py:3089} INFO - Sync 1 DAGs
[2026-03-27T19:46:42.698+0000] {logging_mixin.py:188} INFO - [2026-03-27T19:46:42.697+0000] {dag.py:3947} INFO - Setting next_dagrun for dbt_transformation_pipeline to None, run_after=None
[2026-03-27T19:46:42.727+0000] {processor.py:183} INFO - Processing /opt/airflow/dags/dag-dbt-transformation-pipeline.py took 0.120 seconds
[2026-03-27T19:47:13.336+0000] {processor.py:161} INFO - Started process (PID=5783) to work on /opt/airflow/dags/dag-dbt-transformation-pipeline.py
[2026-03-27T19:47:13.337+0000] {processor.py:830} INFO - Processing file /opt/airflow/dags/dag-dbt-transformation-pipeline.py for tasks to queue
[2026-03-27T19:47:13.339+0000] {logging_mixin.py:188} INFO - [2026-03-27T19:47:13.339+0000] {dagbag.py:545} INFO - Filling up the DagBag from /opt/airflow/dags/dag-dbt-transformation-pipeline.py
[2026-03-27T19:47:13.364+0000] {processor.py:840} INFO - DAG(s) 'dbt_transformation_pipeline' retrieved from /opt/airflow/dags/dag-dbt-transformation-pipeline.py
[2026-03-27T19:47:13.398+0000] {logging_mixin.py:188} INFO - [2026-03-27T19:47:13.398+0000] {dag.py:3089} INFO - Sync 1 DAGs
[2026-03-27T19:47:13.417+0000] {logging_mixin.py:188} INFO - [2026-03-27T19:47:13.416+0000] {dag.py:3947} INFO - Setting next_dagrun for dbt_transformation_pipeline to None, run_after=None
[2026-03-27T19:47:13.442+0000] {processor.py:183} INFO - Processing /opt/airflow/dags/dag-dbt-transformation-pipeline.py took 0.114 seconds
[2026-03-27T19:47:44.146+0000] {processor.py:161} INFO - Started process (PID=5808) to work on /opt/airflow/dags/dag-dbt-transformation-pipeline.py
[2026-03-27T19:47:44.148+0000] {processor.py:830} INFO - Processing file /opt/airflow/dags/dag-dbt-transformation-pipeline.py for tasks to queue
[2026-03-27T19:47:44.150+0000] {logging_mixin.py:188} INFO - [2026-03-27T19:47:44.150+0000] {dagbag.py:545} INFO - Filling up the DagBag from /opt/airflow/dags/dag-dbt-transformation-pipeline.py
[2026-03-27T19:47:44.175+0000] {processor.py:840} INFO - DAG(s) 'dbt_transformation_pipeline' retrieved from /opt/airflow/dags/dag-dbt-transformation-pipeline.py
[2026-03-27T19:47:44.209+0000] {logging_mixin.py:188} INFO - [2026-03-27T19:47:44.209+0000] {dag.py:3089} INFO - Sync 1 DAGs
[2026-03-27T19:47:44.224+0000] {logging_mixin.py:188} INFO - [2026-03-27T19:47:44.224+0000] {dag.py:3947} INFO - Setting next_dagrun for dbt_transformation_pipeline to None, run_after=None
[2026-03-27T19:47:44.252+0000] {processor.py:183} INFO - Processing /opt/airflow/dags/dag-dbt-transformation-pipeline.py took 0.112 seconds
[2026-03-27T19:48:14.970+0000] {processor.py:161} INFO - Started process (PID=5833) to work on /opt/airflow/dags/dag-dbt-transformation-pipeline.py
[2026-03-27T19:48:14.971+0000] {processor.py:830} INFO - Processing file /opt/airflow/dags/dag-dbt-transformation-pipeline.py for tasks to queue
[2026-03-27T19:48:14.973+0000] {logging_mixin.py:188} INFO - [2026-03-27T19:48:14.972+0000] {dagbag.py:545} INFO - Filling up the DagBag from /opt/airflow/dags/dag-dbt-transformation-pipeline.py
[2026-03-27T19:48:14.990+0000] {processor.py:840} INFO - DAG(s) 'dbt_transformation_pipeline' retrieved from /opt/airflow/dags/dag-dbt-transformation-pipeline.py
[2026-03-27T19:48:15.019+0000] {logging_mixin.py:188} INFO - [2026-03-27T19:48:15.019+0000] {dag.py:3089} INFO - Sync 1 DAGs
[2026-03-27T19:48:15.034+0000] {logging_mixin.py:188} INFO - [2026-03-27T19:48:15.034+0000] {dag.py:3947} INFO - Setting next_dagrun for dbt_transformation_pipeline to None, run_after=None
[2026-03-27T19:48:15.058+0000] {processor.py:183} INFO - Processing /opt/airflow/dags/dag-dbt-transformation-pipeline.py took 0.094 seconds
[2026-03-27T19:48:45.753+0000] {processor.py:161} INFO - Started process (PID=5858) to work on /opt/airflow/dags/dag-dbt-transformation-pipeline.py
[2026-03-27T19:48:45.754+0000] {processor.py:830} INFO - Processing file /opt/airflow/dags/dag-dbt-transformation-pipeline.py for tasks to queue
[2026-03-27T19:48:45.756+0000] {logging_mixin.py:188} INFO - [2026-03-27T19:48:45.756+0000] {dagbag.py:545} INFO - Filling up the DagBag from /opt/airflow/dags/dag-dbt-transformation-pipeline.py
[2026-03-27T19:48:45.777+0000] {processor.py:840} INFO - DAG(s) 'dbt_transformation_pipeline' retrieved from /opt/airflow/dags/dag-dbt-transformation-pipeline.py
[2026-03-27T19:48:45.807+0000] {logging_mixin.py:188} INFO - [2026-03-27T19:48:45.807+0000] {dag.py:3089} INFO - Sync 1 DAGs
[2026-03-27T19:48:45.823+0000] {logging_mixin.py:188} INFO - [2026-03-27T19:48:45.823+0000] {dag.py:3947} INFO - Setting next_dagrun for dbt_transformation_pipeline to None, run_after=None
[2026-03-27T19:48:45.846+0000] {processor.py:183} INFO - Processing /opt/airflow/dags/dag-dbt-transformation-pipeline.py took 0.099 seconds
[2026-03-27T19:49:16.482+0000] {processor.py:161} INFO - Started process (PID=7636) to work on /opt/airflow/dags/dag-dbt-transformation-pipeline.py
[2026-03-27T19:49:16.484+0000] {processor.py:830} INFO - Processing file /opt/airflow/dags/dag-dbt-transformation-pipeline.py for tasks to queue
[2026-03-27T19:49:16.486+0000] {logging_mixin.py:188} INFO - [2026-03-27T19:49:16.485+0000] {dagbag.py:545} INFO - Filling up the DagBag from /opt/airflow/dags/dag-dbt-transformation-pipeline.py
[2026-03-27T19:49:16.511+0000] {processor.py:840} INFO - DAG(s) 'dbt_transformation_pipeline' retrieved from /opt/airflow/dags/dag-dbt-transformation-pipeline.py
[2026-03-27T19:49:16.543+0000] {logging_mixin.py:188} INFO - [2026-03-27T19:49:16.543+0000] {dag.py:3089} INFO - Sync 1 DAGs
[2026-03-27T19:49:16.558+0000] {logging_mixin.py:188} INFO - [2026-03-27T19:49:16.558+0000] {dag.py:3947} INFO - Setting next_dagrun for dbt_transformation_pipeline to None, run_after=None
[2026-03-27T19:49:16.581+0000] {processor.py:183} INFO - Processing /opt/airflow/dags/dag-dbt-transformation-pipeline.py took 0.107 seconds
[2026-03-27T19:49:47.302+0000] {processor.py:161} INFO - Started process (PID=7963) to work on /opt/airflow/dags/dag-dbt-transformation-pipeline.py
[2026-03-27T19:49:47.303+0000] {processor.py:830} INFO - Processing file /opt/airflow/dags/dag-dbt-transformation-pipeline.py for tasks to queue
[2026-03-27T19:49:47.305+0000] {logging_mixin.py:188} INFO - [2026-03-27T19:49:47.305+0000] {dagbag.py:545} INFO - Filling up the DagBag from /opt/airflow/dags/dag-dbt-transformation-pipeline.py
[2026-03-27T19:49:47.328+0000] {processor.py:840} INFO - DAG(s) 'dbt_transformation_pipeline' retrieved from /opt/airflow/dags/dag-dbt-transformation-pipeline.py
[2026-03-27T19:49:47.367+0000] {logging_mixin.py:188} INFO - [2026-03-27T19:49:47.366+0000] {dag.py:3089} INFO - Sync 1 DAGs
[2026-03-27T19:49:47.387+0000] {logging_mixin.py:188} INFO - [2026-03-27T19:49:47.387+0000] {dag.py:3947} INFO - Setting next_dagrun for dbt_transformation_pipeline to None, run_after=None
[2026-03-27T19:49:47.416+0000] {processor.py:183} INFO - Processing /opt/airflow/dags/dag-dbt-transformation-pipeline.py took 0.120 seconds
[2026-03-27T19:50:18.160+0000] {processor.py:161} INFO - Started process (PID=7988) to work on /opt/airflow/dags/dag-dbt-transformation-pipeline.py
[2026-03-27T19:50:18.162+0000] {processor.py:830} INFO - Processing file /opt/airflow/dags/dag-dbt-transformation-pipeline.py for tasks to queue
[2026-03-27T19:50:18.163+0000] {logging_mixin.py:188} INFO - [2026-03-27T19:50:18.163+0000] {dagbag.py:545} INFO - Filling up the DagBag from /opt/airflow/dags/dag-dbt-transformation-pipeline.py
[2026-03-27T19:50:18.183+0000] {processor.py:840} INFO - DAG(s) 'dbt_transformation_pipeline' retrieved from /opt/airflow/dags/dag-dbt-transformation-pipeline.py
[2026-03-27T19:50:18.210+0000] {logging_mixin.py:188} INFO - [2026-03-27T19:50:18.210+0000] {dag.py:3089} INFO - Sync 1 DAGs
[2026-03-27T19:50:18.225+0000] {logging_mixin.py:188} INFO - [2026-03-27T19:50:18.224+0000] {dag.py:3947} INFO - Setting next_dagrun for dbt_transformation_pipeline to None, run_after=None
[2026-03-27T19:50:18.247+0000] {processor.py:183} INFO - Processing /opt/airflow/dags/dag-dbt-transformation-pipeline.py took 0.094 seconds
[2026-03-27T19:50:49.005+0000] {processor.py:161} INFO - Started process (PID=8013) to work on /opt/airflow/dags/dag-dbt-transformation-pipeline.py
[2026-03-27T19:50:49.006+0000] {processor.py:830} INFO - Processing file /opt/airflow/dags/dag-dbt-transformation-pipeline.py for tasks to queue
[2026-03-27T19:50:49.008+0000] {logging_mixin.py:188} INFO - [2026-03-27T19:50:49.008+0000] {dagbag.py:545} INFO - Filling up the DagBag from /opt/airflow/dags/dag-dbt-transformation-pipeline.py
[2026-03-27T19:50:49.028+0000] {processor.py:840} INFO - DAG(s) 'dbt_transformation_pipeline' retrieved from /opt/airflow/dags/dag-dbt-transformation-pipeline.py
[2026-03-27T19:50:49.055+0000] {logging_mixin.py:188} INFO - [2026-03-27T19:50:49.055+0000] {dag.py:3089} INFO - Sync 1 DAGs
[2026-03-27T19:50:49.068+0000] {logging_mixin.py:188} INFO - [2026-03-27T19:50:49.068+0000] {dag.py:3947} INFO - Setting next_dagrun for dbt_transformation_pipeline to None, run_after=None
[2026-03-27T19:50:49.092+0000] {processor.py:183} INFO - Processing /opt/airflow/dags/dag-dbt-transformation-pipeline.py took 0.094 seconds
[2026-03-27T19:51:19.848+0000] {processor.py:161} INFO - Started process (PID=8038) to work on /opt/airflow/dags/dag-dbt-transformation-pipeline.py
[2026-03-27T19:51:19.849+0000] {processor.py:830} INFO - Processing file /opt/airflow/dags/dag-dbt-transformation-pipeline.py for tasks to queue
[2026-03-27T19:51:19.850+0000] {logging_mixin.py:188} INFO - [2026-03-27T19:51:19.850+0000] {dagbag.py:545} INFO - Filling up the DagBag from /opt/airflow/dags/dag-dbt-transformation-pipeline.py
[2026-03-27T19:51:19.869+0000] {processor.py:840} INFO - DAG(s) 'dbt_transformation_pipeline' retrieved from /opt/airflow/dags/dag-dbt-transformation-pipeline.py
[2026-03-27T19:51:19.898+0000] {logging_mixin.py:188} INFO - [2026-03-27T19:51:19.898+0000] {dag.py:3089} INFO - Sync 1 DAGs
[2026-03-27T19:51:19.912+0000] {logging_mixin.py:188} INFO - [2026-03-27T19:51:19.911+0000] {dag.py:3947} INFO - Setting next_dagrun for dbt_transformation_pipeline to None, run_after=None
[2026-03-27T19:51:19.935+0000] {processor.py:183} INFO - Processing /opt/airflow/dags/dag-dbt-transformation-pipeline.py took 0.094 seconds
[2026-03-27T19:51:50.652+0000] {processor.py:161} INFO - Started process (PID=8063) to work on /opt/airflow/dags/dag-dbt-transformation-pipeline.py
[2026-03-27T19:51:50.653+0000] {processor.py:830} INFO - Processing file /opt/airflow/dags/dag-dbt-transformation-pipeline.py for tasks to queue
[2026-03-27T19:51:50.655+0000] {logging_mixin.py:188} INFO - [2026-03-27T19:51:50.655+0000] {dagbag.py:545} INFO - Filling up the DagBag from /opt/airflow/dags/dag-dbt-transformation-pipeline.py
[2026-03-27T19:51:50.679+0000] {processor.py:840} INFO - DAG(s) 'dbt_transformation_pipeline' retrieved from /opt/airflow/dags/dag-dbt-transformation-pipeline.py
[2026-03-27T19:51:50.708+0000] {logging_mixin.py:188} INFO - [2026-03-27T19:51:50.708+0000] {dag.py:3089} INFO - Sync 1 DAGs
[2026-03-27T19:51:50.722+0000] {logging_mixin.py:188} INFO - [2026-03-27T19:51:50.722+0000] {dag.py:3947} INFO - Setting next_dagrun for dbt_transformation_pipeline to None, run_after=None
[2026-03-27T19:51:50.747+0000] {processor.py:183} INFO - Processing /opt/airflow/dags/dag-dbt-transformation-pipeline.py took 0.101 seconds
