[2026-03-27T17:29:16.616+0000] {processor.py:161} INFO - Started process (PID=170) to work on /opt/airflow/dags/dag-spark-airflow-s3-ingestion.py
[2026-03-27T17:29:16.618+0000] {processor.py:830} INFO - Processing file /opt/airflow/dags/dag-spark-airflow-s3-ingestion.py for tasks to queue
[2026-03-27T17:29:16.620+0000] {logging_mixin.py:188} INFO - [2026-03-27T17:29:16.620+0000] {dagbag.py:545} INFO - Filling up the DagBag from /opt/airflow/dags/dag-spark-airflow-s3-ingestion.py
[2026-03-27T17:29:16.686+0000] {processor.py:840} INFO - DAG(s) 'spark-airflow-s3-ingestion-dag' retrieved from /opt/airflow/dags/dag-spark-airflow-s3-ingestion.py
[2026-03-27T17:29:16.915+0000] {logging_mixin.py:188} INFO - [2026-03-27T17:29:16.914+0000] {override.py:1858} INFO - Created Permission View: can edit on DAG:spark-airflow-s3-ingestion-dag
[2026-03-27T17:29:16.936+0000] {logging_mixin.py:188} INFO - [2026-03-27T17:29:16.935+0000] {override.py:1858} INFO - Created Permission View: can read on DAG:spark-airflow-s3-ingestion-dag
[2026-03-27T17:29:16.949+0000] {logging_mixin.py:188} INFO - [2026-03-27T17:29:16.948+0000] {override.py:1858} INFO - Created Permission View: can delete on DAG:spark-airflow-s3-ingestion-dag
[2026-03-27T17:29:16.951+0000] {logging_mixin.py:188} INFO - [2026-03-27T17:29:16.950+0000] {dag.py:3089} INFO - Sync 1 DAGs
[2026-03-27T17:29:16.972+0000] {logging_mixin.py:188} INFO - [2026-03-27T17:29:16.972+0000] {dag.py:3111} INFO - Creating ORM DAG for spark-airflow-s3-ingestion-dag
[2026-03-27T17:29:16.974+0000] {logging_mixin.py:188} INFO - [2026-03-27T17:29:16.974+0000] {dag.py:3947} INFO - Setting next_dagrun for spark-airflow-s3-ingestion-dag to None, run_after=None
[2026-03-27T17:29:17.013+0000] {processor.py:183} INFO - Processing /opt/airflow/dags/dag-spark-airflow-s3-ingestion.py took 0.408 seconds
[2026-03-27T17:29:47.178+0000] {processor.py:161} INFO - Started process (PID=195) to work on /opt/airflow/dags/dag-spark-airflow-s3-ingestion.py
[2026-03-27T17:29:47.180+0000] {processor.py:830} INFO - Processing file /opt/airflow/dags/dag-spark-airflow-s3-ingestion.py for tasks to queue
[2026-03-27T17:29:47.186+0000] {logging_mixin.py:188} INFO - [2026-03-27T17:29:47.185+0000] {dagbag.py:545} INFO - Filling up the DagBag from /opt/airflow/dags/dag-spark-airflow-s3-ingestion.py
[2026-03-27T17:29:47.235+0000] {processor.py:840} INFO - DAG(s) 'spark-airflow-s3-ingestion-dag' retrieved from /opt/airflow/dags/dag-spark-airflow-s3-ingestion.py
[2026-03-27T17:29:47.322+0000] {logging_mixin.py:188} INFO - [2026-03-27T17:29:47.321+0000] {dag.py:3089} INFO - Sync 1 DAGs
[2026-03-27T17:29:47.352+0000] {logging_mixin.py:188} INFO - [2026-03-27T17:29:47.352+0000] {dag.py:3947} INFO - Setting next_dagrun for spark-airflow-s3-ingestion-dag to None, run_after=None
[2026-03-27T17:29:47.402+0000] {processor.py:183} INFO - Processing /opt/airflow/dags/dag-spark-airflow-s3-ingestion.py took 0.241 seconds
[2026-03-27T17:30:17.904+0000] {processor.py:161} INFO - Started process (PID=229) to work on /opt/airflow/dags/dag-spark-airflow-s3-ingestion.py
[2026-03-27T17:30:17.906+0000] {processor.py:830} INFO - Processing file /opt/airflow/dags/dag-spark-airflow-s3-ingestion.py for tasks to queue
[2026-03-27T17:30:17.913+0000] {logging_mixin.py:188} INFO - [2026-03-27T17:30:17.912+0000] {dagbag.py:545} INFO - Filling up the DagBag from /opt/airflow/dags/dag-spark-airflow-s3-ingestion.py
[2026-03-27T17:30:17.965+0000] {processor.py:840} INFO - DAG(s) 'spark-airflow-s3-ingestion-dag' retrieved from /opt/airflow/dags/dag-spark-airflow-s3-ingestion.py
[2026-03-27T17:30:18.059+0000] {logging_mixin.py:188} INFO - [2026-03-27T17:30:18.058+0000] {dag.py:3089} INFO - Sync 1 DAGs
[2026-03-27T17:30:18.098+0000] {logging_mixin.py:188} INFO - [2026-03-27T17:30:18.097+0000] {dag.py:3947} INFO - Setting next_dagrun for spark-airflow-s3-ingestion-dag to None, run_after=None
[2026-03-27T17:30:18.149+0000] {processor.py:183} INFO - Processing /opt/airflow/dags/dag-spark-airflow-s3-ingestion.py took 0.264 seconds
[2026-03-27T17:30:48.477+0000] {processor.py:161} INFO - Started process (PID=260) to work on /opt/airflow/dags/dag-spark-airflow-s3-ingestion.py
[2026-03-27T17:30:48.479+0000] {processor.py:830} INFO - Processing file /opt/airflow/dags/dag-spark-airflow-s3-ingestion.py for tasks to queue
[2026-03-27T17:30:48.484+0000] {logging_mixin.py:188} INFO - [2026-03-27T17:30:48.483+0000] {dagbag.py:545} INFO - Filling up the DagBag from /opt/airflow/dags/dag-spark-airflow-s3-ingestion.py
[2026-03-27T17:30:48.530+0000] {processor.py:840} INFO - DAG(s) 'spark-airflow-s3-ingestion-dag' retrieved from /opt/airflow/dags/dag-spark-airflow-s3-ingestion.py
[2026-03-27T17:30:48.586+0000] {logging_mixin.py:188} INFO - [2026-03-27T17:30:48.585+0000] {dag.py:3089} INFO - Sync 1 DAGs
[2026-03-27T17:30:48.610+0000] {logging_mixin.py:188} INFO - [2026-03-27T17:30:48.609+0000] {dag.py:3947} INFO - Setting next_dagrun for spark-airflow-s3-ingestion-dag to None, run_after=None
[2026-03-27T17:30:48.665+0000] {processor.py:183} INFO - Processing /opt/airflow/dags/dag-spark-airflow-s3-ingestion.py took 0.203 seconds
[2026-03-27T17:31:18.999+0000] {processor.py:161} INFO - Started process (PID=285) to work on /opt/airflow/dags/dag-spark-airflow-s3-ingestion.py
[2026-03-27T17:31:19.002+0000] {processor.py:830} INFO - Processing file /opt/airflow/dags/dag-spark-airflow-s3-ingestion.py for tasks to queue
[2026-03-27T17:31:19.009+0000] {logging_mixin.py:188} INFO - [2026-03-27T17:31:19.008+0000] {dagbag.py:545} INFO - Filling up the DagBag from /opt/airflow/dags/dag-spark-airflow-s3-ingestion.py
[2026-03-27T17:31:19.071+0000] {processor.py:840} INFO - DAG(s) 'spark-airflow-s3-ingestion-dag' retrieved from /opt/airflow/dags/dag-spark-airflow-s3-ingestion.py
[2026-03-27T17:31:19.152+0000] {logging_mixin.py:188} INFO - [2026-03-27T17:31:19.151+0000] {dag.py:3089} INFO - Sync 1 DAGs
[2026-03-27T17:31:19.180+0000] {logging_mixin.py:188} INFO - [2026-03-27T17:31:19.180+0000] {dag.py:3947} INFO - Setting next_dagrun for spark-airflow-s3-ingestion-dag to None, run_after=None
[2026-03-27T17:31:19.263+0000] {processor.py:183} INFO - Processing /opt/airflow/dags/dag-spark-airflow-s3-ingestion.py took 0.282 seconds
[2026-03-27T17:31:49.991+0000] {processor.py:161} INFO - Started process (PID=312) to work on /opt/airflow/dags/dag-spark-airflow-s3-ingestion.py
[2026-03-27T17:31:49.993+0000] {processor.py:830} INFO - Processing file /opt/airflow/dags/dag-spark-airflow-s3-ingestion.py for tasks to queue
[2026-03-27T17:31:49.998+0000] {logging_mixin.py:188} INFO - [2026-03-27T17:31:49.997+0000] {dagbag.py:545} INFO - Filling up the DagBag from /opt/airflow/dags/dag-spark-airflow-s3-ingestion.py
[2026-03-27T17:31:50.042+0000] {processor.py:840} INFO - DAG(s) 'spark-airflow-s3-ingestion-dag' retrieved from /opt/airflow/dags/dag-spark-airflow-s3-ingestion.py
[2026-03-27T17:31:50.095+0000] {logging_mixin.py:188} INFO - [2026-03-27T17:31:50.094+0000] {dag.py:3089} INFO - Sync 1 DAGs
[2026-03-27T17:31:50.119+0000] {logging_mixin.py:188} INFO - [2026-03-27T17:31:50.119+0000] {dag.py:3947} INFO - Setting next_dagrun for spark-airflow-s3-ingestion-dag to None, run_after=None
[2026-03-27T17:31:50.159+0000] {processor.py:183} INFO - Processing /opt/airflow/dags/dag-spark-airflow-s3-ingestion.py took 0.180 seconds
[2026-03-27T17:32:20.437+0000] {processor.py:161} INFO - Started process (PID=337) to work on /opt/airflow/dags/dag-spark-airflow-s3-ingestion.py
[2026-03-27T17:32:20.439+0000] {processor.py:830} INFO - Processing file /opt/airflow/dags/dag-spark-airflow-s3-ingestion.py for tasks to queue
[2026-03-27T17:32:20.444+0000] {logging_mixin.py:188} INFO - [2026-03-27T17:32:20.443+0000] {dagbag.py:545} INFO - Filling up the DagBag from /opt/airflow/dags/dag-spark-airflow-s3-ingestion.py
[2026-03-27T17:32:20.487+0000] {processor.py:840} INFO - DAG(s) 'spark-airflow-s3-ingestion-dag' retrieved from /opt/airflow/dags/dag-spark-airflow-s3-ingestion.py
[2026-03-27T17:32:20.535+0000] {logging_mixin.py:188} INFO - [2026-03-27T17:32:20.534+0000] {dag.py:3089} INFO - Sync 1 DAGs
[2026-03-27T17:32:20.557+0000] {logging_mixin.py:188} INFO - [2026-03-27T17:32:20.557+0000] {dag.py:3947} INFO - Setting next_dagrun for spark-airflow-s3-ingestion-dag to None, run_after=None
[2026-03-27T17:32:20.592+0000] {processor.py:183} INFO - Processing /opt/airflow/dags/dag-spark-airflow-s3-ingestion.py took 0.165 seconds
[2026-03-27T17:33:31.511+0000] {processor.py:161} INFO - Started process (PID=169) to work on /opt/airflow/dags/dag-spark-airflow-s3-ingestion.py
[2026-03-27T17:33:31.514+0000] {processor.py:830} INFO - Processing file /opt/airflow/dags/dag-spark-airflow-s3-ingestion.py for tasks to queue
[2026-03-27T17:33:31.518+0000] {logging_mixin.py:188} INFO - [2026-03-27T17:33:31.518+0000] {dagbag.py:545} INFO - Filling up the DagBag from /opt/airflow/dags/dag-spark-airflow-s3-ingestion.py
[2026-03-27T17:33:31.566+0000] {processor.py:840} INFO - DAG(s) 'spark-airflow-s3-ingestion-dag' retrieved from /opt/airflow/dags/dag-spark-airflow-s3-ingestion.py
[2026-03-27T17:33:31.878+0000] {logging_mixin.py:188} INFO - [2026-03-27T17:33:31.877+0000] {override.py:1858} INFO - Created Permission View: can read on DAG:spark-airflow-s3-ingestion-dag
[2026-03-27T17:33:31.909+0000] {logging_mixin.py:188} INFO - [2026-03-27T17:33:31.908+0000] {override.py:1858} INFO - Created Permission View: can edit on DAG:spark-airflow-s3-ingestion-dag
[2026-03-27T17:33:31.923+0000] {logging_mixin.py:188} INFO - [2026-03-27T17:33:31.923+0000] {override.py:1858} INFO - Created Permission View: can delete on DAG:spark-airflow-s3-ingestion-dag
[2026-03-27T17:33:31.925+0000] {logging_mixin.py:188} INFO - [2026-03-27T17:33:31.924+0000] {dag.py:3089} INFO - Sync 1 DAGs
[2026-03-27T17:33:31.952+0000] {logging_mixin.py:188} INFO - [2026-03-27T17:33:31.951+0000] {dag.py:3111} INFO - Creating ORM DAG for spark-airflow-s3-ingestion-dag
[2026-03-27T17:33:31.954+0000] {logging_mixin.py:188} INFO - [2026-03-27T17:33:31.953+0000] {dag.py:3947} INFO - Setting next_dagrun for spark-airflow-s3-ingestion-dag to None, run_after=None
[2026-03-27T17:33:32.002+0000] {processor.py:183} INFO - Processing /opt/airflow/dags/dag-spark-airflow-s3-ingestion.py took 0.501 seconds
[2026-03-27T17:34:02.664+0000] {processor.py:161} INFO - Started process (PID=194) to work on /opt/airflow/dags/dag-spark-airflow-s3-ingestion.py
[2026-03-27T17:34:02.667+0000] {processor.py:830} INFO - Processing file /opt/airflow/dags/dag-spark-airflow-s3-ingestion.py for tasks to queue
[2026-03-27T17:34:02.672+0000] {logging_mixin.py:188} INFO - [2026-03-27T17:34:02.671+0000] {dagbag.py:545} INFO - Filling up the DagBag from /opt/airflow/dags/dag-spark-airflow-s3-ingestion.py
[2026-03-27T17:34:02.725+0000] {processor.py:840} INFO - DAG(s) 'spark-airflow-s3-ingestion-dag' retrieved from /opt/airflow/dags/dag-spark-airflow-s3-ingestion.py
[2026-03-27T17:34:02.793+0000] {logging_mixin.py:188} INFO - [2026-03-27T17:34:02.792+0000] {dag.py:3089} INFO - Sync 1 DAGs
[2026-03-27T17:34:02.827+0000] {logging_mixin.py:188} INFO - [2026-03-27T17:34:02.826+0000] {dag.py:3947} INFO - Setting next_dagrun for spark-airflow-s3-ingestion-dag to None, run_after=None
[2026-03-27T17:34:02.869+0000] {processor.py:183} INFO - Processing /opt/airflow/dags/dag-spark-airflow-s3-ingestion.py took 0.221 seconds
[2026-03-27T17:34:33.106+0000] {processor.py:161} INFO - Started process (PID=221) to work on /opt/airflow/dags/dag-spark-airflow-s3-ingestion.py
[2026-03-27T17:34:33.109+0000] {processor.py:830} INFO - Processing file /opt/airflow/dags/dag-spark-airflow-s3-ingestion.py for tasks to queue
[2026-03-27T17:34:33.112+0000] {logging_mixin.py:188} INFO - [2026-03-27T17:34:33.112+0000] {dagbag.py:545} INFO - Filling up the DagBag from /opt/airflow/dags/dag-spark-airflow-s3-ingestion.py
[2026-03-27T17:34:33.153+0000] {processor.py:840} INFO - DAG(s) 'spark-airflow-s3-ingestion-dag' retrieved from /opt/airflow/dags/dag-spark-airflow-s3-ingestion.py
[2026-03-27T17:34:33.219+0000] {logging_mixin.py:188} INFO - [2026-03-27T17:34:33.218+0000] {dag.py:3089} INFO - Sync 1 DAGs
[2026-03-27T17:34:33.254+0000] {logging_mixin.py:188} INFO - [2026-03-27T17:34:33.253+0000] {dag.py:3947} INFO - Setting next_dagrun for spark-airflow-s3-ingestion-dag to None, run_after=None
[2026-03-27T17:34:33.312+0000] {processor.py:183} INFO - Processing /opt/airflow/dags/dag-spark-airflow-s3-ingestion.py took 0.218 seconds
[2026-03-27T17:35:03.429+0000] {processor.py:161} INFO - Started process (PID=244) to work on /opt/airflow/dags/dag-spark-airflow-s3-ingestion.py
[2026-03-27T17:35:03.432+0000] {processor.py:830} INFO - Processing file /opt/airflow/dags/dag-spark-airflow-s3-ingestion.py for tasks to queue
[2026-03-27T17:35:03.437+0000] {logging_mixin.py:188} INFO - [2026-03-27T17:35:03.436+0000] {dagbag.py:545} INFO - Filling up the DagBag from /opt/airflow/dags/dag-spark-airflow-s3-ingestion.py
[2026-03-27T17:35:03.489+0000] {processor.py:840} INFO - DAG(s) 'spark-airflow-s3-ingestion-dag' retrieved from /opt/airflow/dags/dag-spark-airflow-s3-ingestion.py
[2026-03-27T17:35:03.548+0000] {logging_mixin.py:188} INFO - [2026-03-27T17:35:03.548+0000] {dag.py:3089} INFO - Sync 1 DAGs
[2026-03-27T17:35:03.579+0000] {logging_mixin.py:188} INFO - [2026-03-27T17:35:03.578+0000] {dag.py:3947} INFO - Setting next_dagrun for spark-airflow-s3-ingestion-dag to None, run_after=None
[2026-03-27T17:35:03.619+0000] {processor.py:183} INFO - Processing /opt/airflow/dags/dag-spark-airflow-s3-ingestion.py took 0.209 seconds
[2026-03-27T17:35:33.964+0000] {processor.py:161} INFO - Started process (PID=273) to work on /opt/airflow/dags/dag-spark-airflow-s3-ingestion.py
[2026-03-27T17:35:33.968+0000] {processor.py:830} INFO - Processing file /opt/airflow/dags/dag-spark-airflow-s3-ingestion.py for tasks to queue
[2026-03-27T17:35:33.974+0000] {logging_mixin.py:188} INFO - [2026-03-27T17:35:33.973+0000] {dagbag.py:545} INFO - Filling up the DagBag from /opt/airflow/dags/dag-spark-airflow-s3-ingestion.py
[2026-03-27T17:35:34.027+0000] {processor.py:840} INFO - DAG(s) 'spark-airflow-s3-ingestion-dag' retrieved from /opt/airflow/dags/dag-spark-airflow-s3-ingestion.py
[2026-03-27T17:35:34.106+0000] {logging_mixin.py:188} INFO - [2026-03-27T17:35:34.106+0000] {dag.py:3089} INFO - Sync 1 DAGs
[2026-03-27T17:35:34.143+0000] {logging_mixin.py:188} INFO - [2026-03-27T17:35:34.143+0000] {dag.py:3947} INFO - Setting next_dagrun for spark-airflow-s3-ingestion-dag to None, run_after=None
[2026-03-27T17:35:34.221+0000] {processor.py:183} INFO - Processing /opt/airflow/dags/dag-spark-airflow-s3-ingestion.py took 0.277 seconds
[2026-03-27T17:36:04.470+0000] {processor.py:161} INFO - Started process (PID=390) to work on /opt/airflow/dags/dag-spark-airflow-s3-ingestion.py
[2026-03-27T17:36:04.473+0000] {processor.py:830} INFO - Processing file /opt/airflow/dags/dag-spark-airflow-s3-ingestion.py for tasks to queue
[2026-03-27T17:36:04.484+0000] {logging_mixin.py:188} INFO - [2026-03-27T17:36:04.481+0000] {dagbag.py:545} INFO - Filling up the DagBag from /opt/airflow/dags/dag-spark-airflow-s3-ingestion.py
[2026-03-27T17:36:04.567+0000] {processor.py:840} INFO - DAG(s) 'spark-airflow-s3-ingestion-dag' retrieved from /opt/airflow/dags/dag-spark-airflow-s3-ingestion.py
[2026-03-27T17:36:04.690+0000] {logging_mixin.py:188} INFO - [2026-03-27T17:36:04.690+0000] {dag.py:3089} INFO - Sync 1 DAGs
[2026-03-27T17:36:04.770+0000] {logging_mixin.py:188} INFO - [2026-03-27T17:36:04.769+0000] {dag.py:3947} INFO - Setting next_dagrun for spark-airflow-s3-ingestion-dag to None, run_after=None
[2026-03-27T17:36:04.852+0000] {processor.py:183} INFO - Processing /opt/airflow/dags/dag-spark-airflow-s3-ingestion.py took 0.410 seconds
[2026-03-27T17:36:35.649+0000] {processor.py:161} INFO - Started process (PID=566) to work on /opt/airflow/dags/dag-spark-airflow-s3-ingestion.py
[2026-03-27T17:36:35.653+0000] {processor.py:830} INFO - Processing file /opt/airflow/dags/dag-spark-airflow-s3-ingestion.py for tasks to queue
[2026-03-27T17:36:35.659+0000] {logging_mixin.py:188} INFO - [2026-03-27T17:36:35.658+0000] {dagbag.py:545} INFO - Filling up the DagBag from /opt/airflow/dags/dag-spark-airflow-s3-ingestion.py
[2026-03-27T17:36:35.718+0000] {processor.py:840} INFO - DAG(s) 'spark-airflow-s3-ingestion-dag' retrieved from /opt/airflow/dags/dag-spark-airflow-s3-ingestion.py
[2026-03-27T17:36:35.820+0000] {logging_mixin.py:188} INFO - [2026-03-27T17:36:35.819+0000] {dag.py:3089} INFO - Sync 1 DAGs
[2026-03-27T17:36:35.863+0000] {logging_mixin.py:188} INFO - [2026-03-27T17:36:35.863+0000] {dag.py:3947} INFO - Setting next_dagrun for spark-airflow-s3-ingestion-dag to None, run_after=None
[2026-03-27T17:36:35.931+0000] {processor.py:183} INFO - Processing /opt/airflow/dags/dag-spark-airflow-s3-ingestion.py took 0.305 seconds
[2026-03-27T17:37:06.455+0000] {processor.py:161} INFO - Started process (PID=1176) to work on /opt/airflow/dags/dag-spark-airflow-s3-ingestion.py
[2026-03-27T17:37:06.457+0000] {processor.py:830} INFO - Processing file /opt/airflow/dags/dag-spark-airflow-s3-ingestion.py for tasks to queue
[2026-03-27T17:37:06.464+0000] {logging_mixin.py:188} INFO - [2026-03-27T17:37:06.463+0000] {dagbag.py:545} INFO - Filling up the DagBag from /opt/airflow/dags/dag-spark-airflow-s3-ingestion.py
[2026-03-27T17:37:06.509+0000] {processor.py:840} INFO - DAG(s) 'spark-airflow-s3-ingestion-dag' retrieved from /opt/airflow/dags/dag-spark-airflow-s3-ingestion.py
[2026-03-27T17:37:06.586+0000] {logging_mixin.py:188} INFO - [2026-03-27T17:37:06.585+0000] {dag.py:3089} INFO - Sync 1 DAGs
[2026-03-27T17:37:06.632+0000] {logging_mixin.py:188} INFO - [2026-03-27T17:37:06.632+0000] {dag.py:3947} INFO - Setting next_dagrun for spark-airflow-s3-ingestion-dag to None, run_after=None
[2026-03-27T17:37:06.694+0000] {processor.py:183} INFO - Processing /opt/airflow/dags/dag-spark-airflow-s3-ingestion.py took 0.255 seconds
[2026-03-27T17:37:37.228+0000] {processor.py:161} INFO - Started process (PID=1238) to work on /opt/airflow/dags/dag-spark-airflow-s3-ingestion.py
[2026-03-27T17:37:37.232+0000] {processor.py:830} INFO - Processing file /opt/airflow/dags/dag-spark-airflow-s3-ingestion.py for tasks to queue
[2026-03-27T17:37:37.240+0000] {logging_mixin.py:188} INFO - [2026-03-27T17:37:37.239+0000] {dagbag.py:545} INFO - Filling up the DagBag from /opt/airflow/dags/dag-spark-airflow-s3-ingestion.py
[2026-03-27T17:37:37.299+0000] {processor.py:840} INFO - DAG(s) 'spark-airflow-s3-ingestion-dag' retrieved from /opt/airflow/dags/dag-spark-airflow-s3-ingestion.py
[2026-03-27T17:37:37.365+0000] {logging_mixin.py:188} INFO - [2026-03-27T17:37:37.364+0000] {dag.py:3089} INFO - Sync 1 DAGs
[2026-03-27T17:37:37.399+0000] {logging_mixin.py:188} INFO - [2026-03-27T17:37:37.398+0000] {dag.py:3947} INFO - Setting next_dagrun for spark-airflow-s3-ingestion-dag to None, run_after=None
[2026-03-27T17:37:37.448+0000] {processor.py:183} INFO - Processing /opt/airflow/dags/dag-spark-airflow-s3-ingestion.py took 0.238 seconds
[2026-03-27T17:38:07.693+0000] {processor.py:161} INFO - Started process (PID=1263) to work on /opt/airflow/dags/dag-spark-airflow-s3-ingestion.py
[2026-03-27T17:38:07.695+0000] {processor.py:830} INFO - Processing file /opt/airflow/dags/dag-spark-airflow-s3-ingestion.py for tasks to queue
[2026-03-27T17:38:07.700+0000] {logging_mixin.py:188} INFO - [2026-03-27T17:38:07.699+0000] {dagbag.py:545} INFO - Filling up the DagBag from /opt/airflow/dags/dag-spark-airflow-s3-ingestion.py
[2026-03-27T17:38:07.759+0000] {processor.py:840} INFO - DAG(s) 'spark-airflow-s3-ingestion-dag' retrieved from /opt/airflow/dags/dag-spark-airflow-s3-ingestion.py
[2026-03-27T17:38:07.839+0000] {logging_mixin.py:188} INFO - [2026-03-27T17:38:07.838+0000] {dag.py:3089} INFO - Sync 1 DAGs
[2026-03-27T17:38:07.880+0000] {logging_mixin.py:188} INFO - [2026-03-27T17:38:07.879+0000] {dag.py:3947} INFO - Setting next_dagrun for spark-airflow-s3-ingestion-dag to None, run_after=None
[2026-03-27T17:38:07.951+0000] {processor.py:183} INFO - Processing /opt/airflow/dags/dag-spark-airflow-s3-ingestion.py took 0.269 seconds
[2026-03-27T17:38:38.295+0000] {processor.py:161} INFO - Started process (PID=1290) to work on /opt/airflow/dags/dag-spark-airflow-s3-ingestion.py
[2026-03-27T17:38:38.298+0000] {processor.py:830} INFO - Processing file /opt/airflow/dags/dag-spark-airflow-s3-ingestion.py for tasks to queue
[2026-03-27T17:38:38.302+0000] {logging_mixin.py:188} INFO - [2026-03-27T17:38:38.301+0000] {dagbag.py:545} INFO - Filling up the DagBag from /opt/airflow/dags/dag-spark-airflow-s3-ingestion.py
[2026-03-27T17:38:38.350+0000] {processor.py:840} INFO - DAG(s) 'spark-airflow-s3-ingestion-dag' retrieved from /opt/airflow/dags/dag-spark-airflow-s3-ingestion.py
[2026-03-27T17:38:38.406+0000] {logging_mixin.py:188} INFO - [2026-03-27T17:38:38.406+0000] {dag.py:3089} INFO - Sync 1 DAGs
[2026-03-27T17:38:38.432+0000] {logging_mixin.py:188} INFO - [2026-03-27T17:38:38.432+0000] {dag.py:3947} INFO - Setting next_dagrun for spark-airflow-s3-ingestion-dag to None, run_after=None
[2026-03-27T17:38:38.488+0000] {processor.py:183} INFO - Processing /opt/airflow/dags/dag-spark-airflow-s3-ingestion.py took 0.205 seconds
[2026-03-27T17:39:08.877+0000] {processor.py:161} INFO - Started process (PID=1315) to work on /opt/airflow/dags/dag-spark-airflow-s3-ingestion.py
[2026-03-27T17:39:08.885+0000] {processor.py:830} INFO - Processing file /opt/airflow/dags/dag-spark-airflow-s3-ingestion.py for tasks to queue
[2026-03-27T17:39:08.898+0000] {logging_mixin.py:188} INFO - [2026-03-27T17:39:08.893+0000] {dagbag.py:545} INFO - Filling up the DagBag from /opt/airflow/dags/dag-spark-airflow-s3-ingestion.py
[2026-03-27T17:39:08.956+0000] {processor.py:840} INFO - DAG(s) 'spark-airflow-s3-ingestion-dag' retrieved from /opt/airflow/dags/dag-spark-airflow-s3-ingestion.py
[2026-03-27T17:39:09.055+0000] {logging_mixin.py:188} INFO - [2026-03-27T17:39:09.055+0000] {dag.py:3089} INFO - Sync 1 DAGs
[2026-03-27T17:39:09.123+0000] {logging_mixin.py:188} INFO - [2026-03-27T17:39:09.122+0000] {dag.py:3947} INFO - Setting next_dagrun for spark-airflow-s3-ingestion-dag to None, run_after=None
[2026-03-27T17:39:09.176+0000] {processor.py:183} INFO - Processing /opt/airflow/dags/dag-spark-airflow-s3-ingestion.py took 0.330 seconds
[2026-03-27T17:39:40.073+0000] {processor.py:161} INFO - Started process (PID=1342) to work on /opt/airflow/dags/dag-spark-airflow-s3-ingestion.py
[2026-03-27T17:39:40.075+0000] {processor.py:830} INFO - Processing file /opt/airflow/dags/dag-spark-airflow-s3-ingestion.py for tasks to queue
[2026-03-27T17:39:40.081+0000] {logging_mixin.py:188} INFO - [2026-03-27T17:39:40.080+0000] {dagbag.py:545} INFO - Filling up the DagBag from /opt/airflow/dags/dag-spark-airflow-s3-ingestion.py
[2026-03-27T17:39:40.135+0000] {processor.py:840} INFO - DAG(s) 'spark-airflow-s3-ingestion-dag' retrieved from /opt/airflow/dags/dag-spark-airflow-s3-ingestion.py
[2026-03-27T17:39:40.199+0000] {logging_mixin.py:188} INFO - [2026-03-27T17:39:40.199+0000] {dag.py:3089} INFO - Sync 1 DAGs
[2026-03-27T17:39:40.226+0000] {logging_mixin.py:188} INFO - [2026-03-27T17:39:40.226+0000] {dag.py:3947} INFO - Setting next_dagrun for spark-airflow-s3-ingestion-dag to None, run_after=None
[2026-03-27T17:39:40.270+0000] {processor.py:183} INFO - Processing /opt/airflow/dags/dag-spark-airflow-s3-ingestion.py took 0.212 seconds
[2026-03-27T17:40:10.596+0000] {processor.py:161} INFO - Started process (PID=1367) to work on /opt/airflow/dags/dag-spark-airflow-s3-ingestion.py
[2026-03-27T17:40:10.599+0000] {processor.py:830} INFO - Processing file /opt/airflow/dags/dag-spark-airflow-s3-ingestion.py for tasks to queue
[2026-03-27T17:40:10.604+0000] {logging_mixin.py:188} INFO - [2026-03-27T17:40:10.603+0000] {dagbag.py:545} INFO - Filling up the DagBag from /opt/airflow/dags/dag-spark-airflow-s3-ingestion.py
[2026-03-27T17:40:10.654+0000] {processor.py:840} INFO - DAG(s) 'spark-airflow-s3-ingestion-dag' retrieved from /opt/airflow/dags/dag-spark-airflow-s3-ingestion.py
[2026-03-27T17:40:10.728+0000] {logging_mixin.py:188} INFO - [2026-03-27T17:40:10.728+0000] {dag.py:3089} INFO - Sync 1 DAGs
[2026-03-27T17:40:10.765+0000] {logging_mixin.py:188} INFO - [2026-03-27T17:40:10.765+0000] {dag.py:3947} INFO - Setting next_dagrun for spark-airflow-s3-ingestion-dag to None, run_after=None
[2026-03-27T17:40:10.820+0000] {processor.py:183} INFO - Processing /opt/airflow/dags/dag-spark-airflow-s3-ingestion.py took 0.238 seconds
[2026-03-27T17:40:41.479+0000] {processor.py:161} INFO - Started process (PID=1393) to work on /opt/airflow/dags/dag-spark-airflow-s3-ingestion.py
[2026-03-27T17:40:41.481+0000] {processor.py:830} INFO - Processing file /opt/airflow/dags/dag-spark-airflow-s3-ingestion.py for tasks to queue
[2026-03-27T17:40:41.487+0000] {logging_mixin.py:188} INFO - [2026-03-27T17:40:41.486+0000] {dagbag.py:545} INFO - Filling up the DagBag from /opt/airflow/dags/dag-spark-airflow-s3-ingestion.py
[2026-03-27T17:40:41.544+0000] {processor.py:840} INFO - DAG(s) 'spark-airflow-s3-ingestion-dag' retrieved from /opt/airflow/dags/dag-spark-airflow-s3-ingestion.py
[2026-03-27T17:40:41.612+0000] {logging_mixin.py:188} INFO - [2026-03-27T17:40:41.612+0000] {dag.py:3089} INFO - Sync 1 DAGs
[2026-03-27T17:40:41.646+0000] {logging_mixin.py:188} INFO - [2026-03-27T17:40:41.646+0000] {dag.py:3947} INFO - Setting next_dagrun for spark-airflow-s3-ingestion-dag to None, run_after=None
[2026-03-27T17:40:41.689+0000] {processor.py:183} INFO - Processing /opt/airflow/dags/dag-spark-airflow-s3-ingestion.py took 0.226 seconds
[2026-03-27T17:41:12.185+0000] {processor.py:161} INFO - Started process (PID=1420) to work on /opt/airflow/dags/dag-spark-airflow-s3-ingestion.py
[2026-03-27T17:41:12.187+0000] {processor.py:830} INFO - Processing file /opt/airflow/dags/dag-spark-airflow-s3-ingestion.py for tasks to queue
[2026-03-27T17:41:12.193+0000] {logging_mixin.py:188} INFO - [2026-03-27T17:41:12.192+0000] {dagbag.py:545} INFO - Filling up the DagBag from /opt/airflow/dags/dag-spark-airflow-s3-ingestion.py
[2026-03-27T17:41:12.245+0000] {processor.py:840} INFO - DAG(s) 'spark-airflow-s3-ingestion-dag' retrieved from /opt/airflow/dags/dag-spark-airflow-s3-ingestion.py
[2026-03-27T17:41:12.311+0000] {logging_mixin.py:188} INFO - [2026-03-27T17:41:12.310+0000] {dag.py:3089} INFO - Sync 1 DAGs
[2026-03-27T17:41:12.351+0000] {logging_mixin.py:188} INFO - [2026-03-27T17:41:12.350+0000] {dag.py:3947} INFO - Setting next_dagrun for spark-airflow-s3-ingestion-dag to None, run_after=None
[2026-03-27T17:41:12.401+0000] {processor.py:183} INFO - Processing /opt/airflow/dags/dag-spark-airflow-s3-ingestion.py took 0.236 seconds
[2026-03-27T17:41:43.007+0000] {processor.py:161} INFO - Started process (PID=1447) to work on /opt/airflow/dags/dag-spark-airflow-s3-ingestion.py
[2026-03-27T17:41:43.011+0000] {processor.py:830} INFO - Processing file /opt/airflow/dags/dag-spark-airflow-s3-ingestion.py for tasks to queue
[2026-03-27T17:41:43.017+0000] {logging_mixin.py:188} INFO - [2026-03-27T17:41:43.016+0000] {dagbag.py:545} INFO - Filling up the DagBag from /opt/airflow/dags/dag-spark-airflow-s3-ingestion.py
[2026-03-27T17:41:43.072+0000] {processor.py:840} INFO - DAG(s) 'spark-airflow-s3-ingestion-dag' retrieved from /opt/airflow/dags/dag-spark-airflow-s3-ingestion.py
[2026-03-27T17:41:43.133+0000] {logging_mixin.py:188} INFO - [2026-03-27T17:41:43.133+0000] {dag.py:3089} INFO - Sync 1 DAGs
[2026-03-27T17:41:43.170+0000] {logging_mixin.py:188} INFO - [2026-03-27T17:41:43.169+0000] {dag.py:3947} INFO - Setting next_dagrun for spark-airflow-s3-ingestion-dag to None, run_after=None
[2026-03-27T17:41:43.217+0000] {processor.py:183} INFO - Processing /opt/airflow/dags/dag-spark-airflow-s3-ingestion.py took 0.225 seconds
[2026-03-27T17:42:13.635+0000] {processor.py:161} INFO - Started process (PID=1710) to work on /opt/airflow/dags/dag-spark-airflow-s3-ingestion.py
[2026-03-27T17:42:13.638+0000] {processor.py:830} INFO - Processing file /opt/airflow/dags/dag-spark-airflow-s3-ingestion.py for tasks to queue
[2026-03-27T17:42:13.643+0000] {logging_mixin.py:188} INFO - [2026-03-27T17:42:13.642+0000] {dagbag.py:545} INFO - Filling up the DagBag from /opt/airflow/dags/dag-spark-airflow-s3-ingestion.py
[2026-03-27T17:42:13.693+0000] {processor.py:840} INFO - DAG(s) 'spark-airflow-s3-ingestion-dag' retrieved from /opt/airflow/dags/dag-spark-airflow-s3-ingestion.py
[2026-03-27T17:42:13.782+0000] {logging_mixin.py:188} INFO - [2026-03-27T17:42:13.781+0000] {dag.py:3089} INFO - Sync 1 DAGs
[2026-03-27T17:42:13.833+0000] {logging_mixin.py:188} INFO - [2026-03-27T17:42:13.832+0000] {dag.py:3947} INFO - Setting next_dagrun for spark-airflow-s3-ingestion-dag to None, run_after=None
[2026-03-27T17:42:13.930+0000] {processor.py:183} INFO - Processing /opt/airflow/dags/dag-spark-airflow-s3-ingestion.py took 0.309 seconds
[2026-03-27T17:42:44.291+0000] {processor.py:161} INFO - Started process (PID=3310) to work on /opt/airflow/dags/dag-spark-airflow-s3-ingestion.py
[2026-03-27T17:42:44.296+0000] {processor.py:830} INFO - Processing file /opt/airflow/dags/dag-spark-airflow-s3-ingestion.py for tasks to queue
[2026-03-27T17:42:44.317+0000] {logging_mixin.py:188} INFO - [2026-03-27T17:42:44.316+0000] {dagbag.py:545} INFO - Filling up the DagBag from /opt/airflow/dags/dag-spark-airflow-s3-ingestion.py
[2026-03-27T17:42:44.394+0000] {processor.py:840} INFO - DAG(s) 'spark-airflow-s3-ingestion-dag' retrieved from /opt/airflow/dags/dag-spark-airflow-s3-ingestion.py
[2026-03-27T17:42:44.505+0000] {logging_mixin.py:188} INFO - [2026-03-27T17:42:44.504+0000] {dag.py:3089} INFO - Sync 1 DAGs
[2026-03-27T17:42:44.560+0000] {logging_mixin.py:188} INFO - [2026-03-27T17:42:44.560+0000] {dag.py:3947} INFO - Setting next_dagrun for spark-airflow-s3-ingestion-dag to None, run_after=None
[2026-03-27T17:42:44.675+0000] {processor.py:183} INFO - Processing /opt/airflow/dags/dag-spark-airflow-s3-ingestion.py took 0.422 seconds
[2026-03-27T17:43:15.115+0000] {processor.py:161} INFO - Started process (PID=3577) to work on /opt/airflow/dags/dag-spark-airflow-s3-ingestion.py
[2026-03-27T17:43:15.119+0000] {processor.py:830} INFO - Processing file /opt/airflow/dags/dag-spark-airflow-s3-ingestion.py for tasks to queue
[2026-03-27T17:43:15.126+0000] {logging_mixin.py:188} INFO - [2026-03-27T17:43:15.125+0000] {dagbag.py:545} INFO - Filling up the DagBag from /opt/airflow/dags/dag-spark-airflow-s3-ingestion.py
[2026-03-27T17:43:15.178+0000] {processor.py:840} INFO - DAG(s) 'spark-airflow-s3-ingestion-dag' retrieved from /opt/airflow/dags/dag-spark-airflow-s3-ingestion.py
[2026-03-27T17:43:15.247+0000] {logging_mixin.py:188} INFO - [2026-03-27T17:43:15.247+0000] {dag.py:3089} INFO - Sync 1 DAGs
[2026-03-27T17:43:15.283+0000] {logging_mixin.py:188} INFO - [2026-03-27T17:43:15.283+0000] {dag.py:3947} INFO - Setting next_dagrun for spark-airflow-s3-ingestion-dag to None, run_after=None
[2026-03-27T17:43:15.333+0000] {processor.py:183} INFO - Processing /opt/airflow/dags/dag-spark-airflow-s3-ingestion.py took 0.242 seconds
[2026-03-27T17:43:45.847+0000] {processor.py:161} INFO - Started process (PID=3602) to work on /opt/airflow/dags/dag-spark-airflow-s3-ingestion.py
[2026-03-27T17:43:45.849+0000] {processor.py:830} INFO - Processing file /opt/airflow/dags/dag-spark-airflow-s3-ingestion.py for tasks to queue
[2026-03-27T17:43:45.853+0000] {logging_mixin.py:188} INFO - [2026-03-27T17:43:45.852+0000] {dagbag.py:545} INFO - Filling up the DagBag from /opt/airflow/dags/dag-spark-airflow-s3-ingestion.py
[2026-03-27T17:43:45.890+0000] {processor.py:840} INFO - DAG(s) 'spark-airflow-s3-ingestion-dag' retrieved from /opt/airflow/dags/dag-spark-airflow-s3-ingestion.py
[2026-03-27T17:43:45.951+0000] {logging_mixin.py:188} INFO - [2026-03-27T17:43:45.950+0000] {dag.py:3089} INFO - Sync 1 DAGs
[2026-03-27T17:43:45.985+0000] {logging_mixin.py:188} INFO - [2026-03-27T17:43:45.984+0000] {dag.py:3947} INFO - Setting next_dagrun for spark-airflow-s3-ingestion-dag to None, run_after=None
[2026-03-27T17:43:46.042+0000] {processor.py:183} INFO - Processing /opt/airflow/dags/dag-spark-airflow-s3-ingestion.py took 0.209 seconds
[2026-03-27T17:44:16.415+0000] {processor.py:161} INFO - Started process (PID=3627) to work on /opt/airflow/dags/dag-spark-airflow-s3-ingestion.py
[2026-03-27T17:44:16.417+0000] {processor.py:830} INFO - Processing file /opt/airflow/dags/dag-spark-airflow-s3-ingestion.py for tasks to queue
[2026-03-27T17:44:16.421+0000] {logging_mixin.py:188} INFO - [2026-03-27T17:44:16.420+0000] {dagbag.py:545} INFO - Filling up the DagBag from /opt/airflow/dags/dag-spark-airflow-s3-ingestion.py
[2026-03-27T17:44:16.465+0000] {processor.py:840} INFO - DAG(s) 'spark-airflow-s3-ingestion-dag' retrieved from /opt/airflow/dags/dag-spark-airflow-s3-ingestion.py
[2026-03-27T17:44:16.519+0000] {logging_mixin.py:188} INFO - [2026-03-27T17:44:16.519+0000] {dag.py:3089} INFO - Sync 1 DAGs
[2026-03-27T17:44:16.552+0000] {logging_mixin.py:188} INFO - [2026-03-27T17:44:16.551+0000] {dag.py:3947} INFO - Setting next_dagrun for spark-airflow-s3-ingestion-dag to None, run_after=None
[2026-03-27T17:44:16.614+0000] {processor.py:183} INFO - Processing /opt/airflow/dags/dag-spark-airflow-s3-ingestion.py took 0.212 seconds
[2026-03-27T17:44:46.882+0000] {processor.py:161} INFO - Started process (PID=3652) to work on /opt/airflow/dags/dag-spark-airflow-s3-ingestion.py
[2026-03-27T17:44:46.885+0000] {processor.py:830} INFO - Processing file /opt/airflow/dags/dag-spark-airflow-s3-ingestion.py for tasks to queue
[2026-03-27T17:44:46.890+0000] {logging_mixin.py:188} INFO - [2026-03-27T17:44:46.889+0000] {dagbag.py:545} INFO - Filling up the DagBag from /opt/airflow/dags/dag-spark-airflow-s3-ingestion.py
[2026-03-27T17:44:46.934+0000] {processor.py:840} INFO - DAG(s) 'spark-airflow-s3-ingestion-dag' retrieved from /opt/airflow/dags/dag-spark-airflow-s3-ingestion.py
[2026-03-27T17:44:46.994+0000] {logging_mixin.py:188} INFO - [2026-03-27T17:44:46.994+0000] {dag.py:3089} INFO - Sync 1 DAGs
[2026-03-27T17:44:47.024+0000] {logging_mixin.py:188} INFO - [2026-03-27T17:44:47.023+0000] {dag.py:3947} INFO - Setting next_dagrun for spark-airflow-s3-ingestion-dag to None, run_after=None
[2026-03-27T17:44:47.066+0000] {processor.py:183} INFO - Processing /opt/airflow/dags/dag-spark-airflow-s3-ingestion.py took 0.201 seconds
[2026-03-27T17:45:17.247+0000] {processor.py:161} INFO - Started process (PID=3677) to work on /opt/airflow/dags/dag-spark-airflow-s3-ingestion.py
[2026-03-27T17:45:17.250+0000] {processor.py:830} INFO - Processing file /opt/airflow/dags/dag-spark-airflow-s3-ingestion.py for tasks to queue
[2026-03-27T17:45:17.254+0000] {logging_mixin.py:188} INFO - [2026-03-27T17:45:17.254+0000] {dagbag.py:545} INFO - Filling up the DagBag from /opt/airflow/dags/dag-spark-airflow-s3-ingestion.py
[2026-03-27T17:45:17.304+0000] {processor.py:840} INFO - DAG(s) 'spark-airflow-s3-ingestion-dag' retrieved from /opt/airflow/dags/dag-spark-airflow-s3-ingestion.py
[2026-03-27T17:45:17.363+0000] {logging_mixin.py:188} INFO - [2026-03-27T17:45:17.363+0000] {dag.py:3089} INFO - Sync 1 DAGs
[2026-03-27T17:45:17.394+0000] {logging_mixin.py:188} INFO - [2026-03-27T17:45:17.393+0000] {dag.py:3947} INFO - Setting next_dagrun for spark-airflow-s3-ingestion-dag to None, run_after=None
[2026-03-27T17:45:17.446+0000] {processor.py:183} INFO - Processing /opt/airflow/dags/dag-spark-airflow-s3-ingestion.py took 0.213 seconds
[2026-03-27T17:45:48.090+0000] {processor.py:161} INFO - Started process (PID=3702) to work on /opt/airflow/dags/dag-spark-airflow-s3-ingestion.py
[2026-03-27T17:45:48.093+0000] {processor.py:830} INFO - Processing file /opt/airflow/dags/dag-spark-airflow-s3-ingestion.py for tasks to queue
[2026-03-27T17:45:48.098+0000] {logging_mixin.py:188} INFO - [2026-03-27T17:45:48.097+0000] {dagbag.py:545} INFO - Filling up the DagBag from /opt/airflow/dags/dag-spark-airflow-s3-ingestion.py
[2026-03-27T17:45:48.149+0000] {processor.py:840} INFO - DAG(s) 'spark-airflow-s3-ingestion-dag' retrieved from /opt/airflow/dags/dag-spark-airflow-s3-ingestion.py
[2026-03-27T17:45:48.197+0000] {logging_mixin.py:188} INFO - [2026-03-27T17:45:48.197+0000] {dag.py:3089} INFO - Sync 1 DAGs
[2026-03-27T17:45:48.222+0000] {logging_mixin.py:188} INFO - [2026-03-27T17:45:48.222+0000] {dag.py:3947} INFO - Setting next_dagrun for spark-airflow-s3-ingestion-dag to None, run_after=None
[2026-03-27T17:45:48.277+0000] {processor.py:183} INFO - Processing /opt/airflow/dags/dag-spark-airflow-s3-ingestion.py took 0.202 seconds
[2026-03-27T17:46:18.609+0000] {processor.py:161} INFO - Started process (PID=4537) to work on /opt/airflow/dags/dag-spark-airflow-s3-ingestion.py
[2026-03-27T17:46:18.612+0000] {processor.py:830} INFO - Processing file /opt/airflow/dags/dag-spark-airflow-s3-ingestion.py for tasks to queue
[2026-03-27T17:46:18.617+0000] {logging_mixin.py:188} INFO - [2026-03-27T17:46:18.616+0000] {dagbag.py:545} INFO - Filling up the DagBag from /opt/airflow/dags/dag-spark-airflow-s3-ingestion.py
[2026-03-27T17:46:18.668+0000] {processor.py:840} INFO - DAG(s) 'spark-airflow-s3-ingestion-dag' retrieved from /opt/airflow/dags/dag-spark-airflow-s3-ingestion.py
[2026-03-27T17:46:18.729+0000] {logging_mixin.py:188} INFO - [2026-03-27T17:46:18.728+0000] {dag.py:3089} INFO - Sync 1 DAGs
[2026-03-27T17:46:18.765+0000] {logging_mixin.py:188} INFO - [2026-03-27T17:46:18.764+0000] {dag.py:3947} INFO - Setting next_dagrun for spark-airflow-s3-ingestion-dag to None, run_after=None
[2026-03-27T17:46:18.815+0000] {processor.py:183} INFO - Processing /opt/airflow/dags/dag-spark-airflow-s3-ingestion.py took 0.221 seconds
[2026-03-27T17:46:49.053+0000] {processor.py:161} INFO - Started process (PID=5561) to work on /opt/airflow/dags/dag-spark-airflow-s3-ingestion.py
[2026-03-27T17:46:49.056+0000] {processor.py:830} INFO - Processing file /opt/airflow/dags/dag-spark-airflow-s3-ingestion.py for tasks to queue
[2026-03-27T17:46:49.063+0000] {logging_mixin.py:188} INFO - [2026-03-27T17:46:49.061+0000] {dagbag.py:545} INFO - Filling up the DagBag from /opt/airflow/dags/dag-spark-airflow-s3-ingestion.py
[2026-03-27T17:46:49.106+0000] {processor.py:840} INFO - DAG(s) 'spark-airflow-s3-ingestion-dag' retrieved from /opt/airflow/dags/dag-spark-airflow-s3-ingestion.py
[2026-03-27T17:46:49.161+0000] {logging_mixin.py:188} INFO - [2026-03-27T17:46:49.160+0000] {dag.py:3089} INFO - Sync 1 DAGs
[2026-03-27T17:46:49.194+0000] {logging_mixin.py:188} INFO - [2026-03-27T17:46:49.194+0000] {dag.py:3947} INFO - Setting next_dagrun for spark-airflow-s3-ingestion-dag to None, run_after=None
[2026-03-27T17:46:49.247+0000] {processor.py:183} INFO - Processing /opt/airflow/dags/dag-spark-airflow-s3-ingestion.py took 0.211 seconds
[2026-03-27T17:47:19.609+0000] {processor.py:161} INFO - Started process (PID=5597) to work on /opt/airflow/dags/dag-spark-airflow-s3-ingestion.py
[2026-03-27T17:47:19.611+0000] {processor.py:830} INFO - Processing file /opt/airflow/dags/dag-spark-airflow-s3-ingestion.py for tasks to queue
[2026-03-27T17:47:19.616+0000] {logging_mixin.py:188} INFO - [2026-03-27T17:47:19.615+0000] {dagbag.py:545} INFO - Filling up the DagBag from /opt/airflow/dags/dag-spark-airflow-s3-ingestion.py
[2026-03-27T17:47:19.670+0000] {processor.py:840} INFO - DAG(s) 'spark-airflow-s3-ingestion-dag' retrieved from /opt/airflow/dags/dag-spark-airflow-s3-ingestion.py
[2026-03-27T17:47:19.747+0000] {logging_mixin.py:188} INFO - [2026-03-27T17:47:19.746+0000] {dag.py:3089} INFO - Sync 1 DAGs
[2026-03-27T17:47:19.788+0000] {logging_mixin.py:188} INFO - [2026-03-27T17:47:19.787+0000] {dag.py:3947} INFO - Setting next_dagrun for spark-airflow-s3-ingestion-dag to None, run_after=None
[2026-03-27T17:47:19.843+0000] {processor.py:183} INFO - Processing /opt/airflow/dags/dag-spark-airflow-s3-ingestion.py took 0.251 seconds
[2026-03-27T17:47:50.311+0000] {processor.py:161} INFO - Started process (PID=5622) to work on /opt/airflow/dags/dag-spark-airflow-s3-ingestion.py
[2026-03-27T17:47:50.313+0000] {processor.py:830} INFO - Processing file /opt/airflow/dags/dag-spark-airflow-s3-ingestion.py for tasks to queue
[2026-03-27T17:47:50.316+0000] {logging_mixin.py:188} INFO - [2026-03-27T17:47:50.316+0000] {dagbag.py:545} INFO - Filling up the DagBag from /opt/airflow/dags/dag-spark-airflow-s3-ingestion.py
[2026-03-27T17:47:50.351+0000] {processor.py:840} INFO - DAG(s) 'spark-airflow-s3-ingestion-dag' retrieved from /opt/airflow/dags/dag-spark-airflow-s3-ingestion.py
[2026-03-27T17:47:50.401+0000] {logging_mixin.py:188} INFO - [2026-03-27T17:47:50.401+0000] {dag.py:3089} INFO - Sync 1 DAGs
[2026-03-27T17:47:50.431+0000] {logging_mixin.py:188} INFO - [2026-03-27T17:47:50.431+0000] {dag.py:3947} INFO - Setting next_dagrun for spark-airflow-s3-ingestion-dag to None, run_after=None
[2026-03-27T17:47:50.472+0000] {processor.py:183} INFO - Processing /opt/airflow/dags/dag-spark-airflow-s3-ingestion.py took 0.175 seconds
[2026-03-27T17:48:20.794+0000] {processor.py:161} INFO - Started process (PID=5647) to work on /opt/airflow/dags/dag-spark-airflow-s3-ingestion.py
[2026-03-27T17:48:20.797+0000] {processor.py:830} INFO - Processing file /opt/airflow/dags/dag-spark-airflow-s3-ingestion.py for tasks to queue
[2026-03-27T17:48:20.802+0000] {logging_mixin.py:188} INFO - [2026-03-27T17:48:20.802+0000] {dagbag.py:545} INFO - Filling up the DagBag from /opt/airflow/dags/dag-spark-airflow-s3-ingestion.py
[2026-03-27T17:48:20.857+0000] {processor.py:840} INFO - DAG(s) 'spark-airflow-s3-ingestion-dag' retrieved from /opt/airflow/dags/dag-spark-airflow-s3-ingestion.py
[2026-03-27T17:48:20.919+0000] {logging_mixin.py:188} INFO - [2026-03-27T17:48:20.919+0000] {dag.py:3089} INFO - Sync 1 DAGs
[2026-03-27T17:48:20.960+0000] {logging_mixin.py:188} INFO - [2026-03-27T17:48:20.959+0000] {dag.py:3947} INFO - Setting next_dagrun for spark-airflow-s3-ingestion-dag to None, run_after=None
[2026-03-27T17:48:21.040+0000] {processor.py:183} INFO - Processing /opt/airflow/dags/dag-spark-airflow-s3-ingestion.py took 0.262 seconds
[2026-03-27T17:48:51.645+0000] {processor.py:161} INFO - Started process (PID=5679) to work on /opt/airflow/dags/dag-spark-airflow-s3-ingestion.py
[2026-03-27T17:48:51.648+0000] {processor.py:830} INFO - Processing file /opt/airflow/dags/dag-spark-airflow-s3-ingestion.py for tasks to queue
[2026-03-27T17:48:51.651+0000] {logging_mixin.py:188} INFO - [2026-03-27T17:48:51.650+0000] {dagbag.py:545} INFO - Filling up the DagBag from /opt/airflow/dags/dag-spark-airflow-s3-ingestion.py
[2026-03-27T17:48:51.696+0000] {processor.py:840} INFO - DAG(s) 'spark-airflow-s3-ingestion-dag' retrieved from /opt/airflow/dags/dag-spark-airflow-s3-ingestion.py
[2026-03-27T17:48:51.746+0000] {logging_mixin.py:188} INFO - [2026-03-27T17:48:51.746+0000] {dag.py:3089} INFO - Sync 1 DAGs
[2026-03-27T17:48:51.773+0000] {logging_mixin.py:188} INFO - [2026-03-27T17:48:51.772+0000] {dag.py:3947} INFO - Setting next_dagrun for spark-airflow-s3-ingestion-dag to None, run_after=None
[2026-03-27T17:48:51.834+0000] {processor.py:183} INFO - Processing /opt/airflow/dags/dag-spark-airflow-s3-ingestion.py took 0.200 seconds
[2026-03-27T17:49:22.038+0000] {processor.py:161} INFO - Started process (PID=5704) to work on /opt/airflow/dags/dag-spark-airflow-s3-ingestion.py
[2026-03-27T17:49:22.041+0000] {processor.py:830} INFO - Processing file /opt/airflow/dags/dag-spark-airflow-s3-ingestion.py for tasks to queue
[2026-03-27T17:49:22.046+0000] {logging_mixin.py:188} INFO - [2026-03-27T17:49:22.045+0000] {dagbag.py:545} INFO - Filling up the DagBag from /opt/airflow/dags/dag-spark-airflow-s3-ingestion.py
[2026-03-27T17:49:22.095+0000] {processor.py:840} INFO - DAG(s) 'spark-airflow-s3-ingestion-dag' retrieved from /opt/airflow/dags/dag-spark-airflow-s3-ingestion.py
[2026-03-27T17:49:22.151+0000] {logging_mixin.py:188} INFO - [2026-03-27T17:49:22.151+0000] {dag.py:3089} INFO - Sync 1 DAGs
[2026-03-27T17:49:22.185+0000] {logging_mixin.py:188} INFO - [2026-03-27T17:49:22.184+0000] {dag.py:3947} INFO - Setting next_dagrun for spark-airflow-s3-ingestion-dag to None, run_after=None
[2026-03-27T17:49:22.239+0000] {processor.py:183} INFO - Processing /opt/airflow/dags/dag-spark-airflow-s3-ingestion.py took 0.215 seconds
[2026-03-27T17:49:52.681+0000] {processor.py:161} INFO - Started process (PID=5784) to work on /opt/airflow/dags/dag-spark-airflow-s3-ingestion.py
[2026-03-27T17:49:52.684+0000] {processor.py:830} INFO - Processing file /opt/airflow/dags/dag-spark-airflow-s3-ingestion.py for tasks to queue
[2026-03-27T17:49:52.690+0000] {logging_mixin.py:188} INFO - [2026-03-27T17:49:52.688+0000] {dagbag.py:545} INFO - Filling up the DagBag from /opt/airflow/dags/dag-spark-airflow-s3-ingestion.py
[2026-03-27T17:49:52.753+0000] {processor.py:840} INFO - DAG(s) 'spark-airflow-s3-ingestion-dag' retrieved from /opt/airflow/dags/dag-spark-airflow-s3-ingestion.py
[2026-03-27T17:49:52.852+0000] {logging_mixin.py:188} INFO - [2026-03-27T17:49:52.851+0000] {dag.py:3089} INFO - Sync 1 DAGs
[2026-03-27T17:49:52.892+0000] {logging_mixin.py:188} INFO - [2026-03-27T17:49:52.891+0000] {dag.py:3947} INFO - Setting next_dagrun for spark-airflow-s3-ingestion-dag to None, run_after=None
[2026-03-27T17:49:52.949+0000] {processor.py:183} INFO - Processing /opt/airflow/dags/dag-spark-airflow-s3-ingestion.py took 0.282 seconds
[2026-03-27T17:50:23.836+0000] {processor.py:161} INFO - Started process (PID=7354) to work on /opt/airflow/dags/dag-spark-airflow-s3-ingestion.py
[2026-03-27T17:50:23.838+0000] {processor.py:830} INFO - Processing file /opt/airflow/dags/dag-spark-airflow-s3-ingestion.py for tasks to queue
[2026-03-27T17:50:23.844+0000] {logging_mixin.py:188} INFO - [2026-03-27T17:50:23.843+0000] {dagbag.py:545} INFO - Filling up the DagBag from /opt/airflow/dags/dag-spark-airflow-s3-ingestion.py
[2026-03-27T17:50:23.889+0000] {processor.py:840} INFO - DAG(s) 'spark-airflow-s3-ingestion-dag' retrieved from /opt/airflow/dags/dag-spark-airflow-s3-ingestion.py
[2026-03-27T17:50:23.953+0000] {logging_mixin.py:188} INFO - [2026-03-27T17:50:23.953+0000] {dag.py:3089} INFO - Sync 1 DAGs
[2026-03-27T17:50:23.986+0000] {logging_mixin.py:188} INFO - [2026-03-27T17:50:23.986+0000] {dag.py:3947} INFO - Setting next_dagrun for spark-airflow-s3-ingestion-dag to None, run_after=None
[2026-03-27T17:50:24.029+0000] {processor.py:183} INFO - Processing /opt/airflow/dags/dag-spark-airflow-s3-ingestion.py took 0.209 seconds
[2026-03-27T17:50:54.595+0000] {processor.py:161} INFO - Started process (PID=7399) to work on /opt/airflow/dags/dag-spark-airflow-s3-ingestion.py
[2026-03-27T17:50:54.598+0000] {processor.py:830} INFO - Processing file /opt/airflow/dags/dag-spark-airflow-s3-ingestion.py for tasks to queue
[2026-03-27T17:50:54.603+0000] {logging_mixin.py:188} INFO - [2026-03-27T17:50:54.602+0000] {dagbag.py:545} INFO - Filling up the DagBag from /opt/airflow/dags/dag-spark-airflow-s3-ingestion.py
[2026-03-27T17:50:54.648+0000] {processor.py:840} INFO - DAG(s) 'spark-airflow-s3-ingestion-dag' retrieved from /opt/airflow/dags/dag-spark-airflow-s3-ingestion.py
[2026-03-27T17:50:54.716+0000] {logging_mixin.py:188} INFO - [2026-03-27T17:50:54.715+0000] {dag.py:3089} INFO - Sync 1 DAGs
[2026-03-27T17:50:54.748+0000] {logging_mixin.py:188} INFO - [2026-03-27T17:50:54.747+0000] {dag.py:3947} INFO - Setting next_dagrun for spark-airflow-s3-ingestion-dag to None, run_after=None
[2026-03-27T17:50:54.789+0000] {processor.py:183} INFO - Processing /opt/airflow/dags/dag-spark-airflow-s3-ingestion.py took 0.210 seconds
[2026-03-27T17:50:55.291+0000] {processor.py:161} INFO - Started process (PID=7411) to work on /opt/airflow/dags/dag-spark-airflow-s3-ingestion.py
[2026-03-27T17:50:55.294+0000] {processor.py:830} INFO - Processing file /opt/airflow/dags/dag-spark-airflow-s3-ingestion.py for tasks to queue
[2026-03-27T17:50:55.299+0000] {logging_mixin.py:188} INFO - [2026-03-27T17:50:55.298+0000] {dagbag.py:545} INFO - Filling up the DagBag from /opt/airflow/dags/dag-spark-airflow-s3-ingestion.py
[2026-03-27T17:50:55.390+0000] {processor.py:840} INFO - DAG(s) 'spark-airflow-s3-ingestion-dag' retrieved from /opt/airflow/dags/dag-spark-airflow-s3-ingestion.py
[2026-03-27T17:50:55.725+0000] {logging_mixin.py:188} INFO - [2026-03-27T17:50:55.724+0000] {dag.py:3089} INFO - Sync 1 DAGs
[2026-03-27T17:50:55.761+0000] {logging_mixin.py:188} INFO - [2026-03-27T17:50:55.761+0000] {dag.py:3947} INFO - Setting next_dagrun for spark-airflow-s3-ingestion-dag to None, run_after=None
[2026-03-27T17:50:55.836+0000] {processor.py:183} INFO - Processing /opt/airflow/dags/dag-spark-airflow-s3-ingestion.py took 0.561 seconds
[2026-03-27T17:51:26.407+0000] {processor.py:161} INFO - Started process (PID=7441) to work on /opt/airflow/dags/dag-spark-airflow-s3-ingestion.py
[2026-03-27T17:51:26.410+0000] {processor.py:830} INFO - Processing file /opt/airflow/dags/dag-spark-airflow-s3-ingestion.py for tasks to queue
[2026-03-27T17:51:26.415+0000] {logging_mixin.py:188} INFO - [2026-03-27T17:51:26.414+0000] {dagbag.py:545} INFO - Filling up the DagBag from /opt/airflow/dags/dag-spark-airflow-s3-ingestion.py
[2026-03-27T17:51:26.472+0000] {processor.py:840} INFO - DAG(s) 'spark-airflow-s3-ingestion-dag' retrieved from /opt/airflow/dags/dag-spark-airflow-s3-ingestion.py
[2026-03-27T17:51:26.543+0000] {logging_mixin.py:188} INFO - [2026-03-27T17:51:26.542+0000] {dag.py:3089} INFO - Sync 1 DAGs
[2026-03-27T17:51:26.581+0000] {logging_mixin.py:188} INFO - [2026-03-27T17:51:26.580+0000] {dag.py:3947} INFO - Setting next_dagrun for spark-airflow-s3-ingestion-dag to None, run_after=None
[2026-03-27T17:51:26.662+0000] {processor.py:183} INFO - Processing /opt/airflow/dags/dag-spark-airflow-s3-ingestion.py took 0.271 seconds
[2026-03-27T17:51:56.953+0000] {processor.py:161} INFO - Started process (PID=7466) to work on /opt/airflow/dags/dag-spark-airflow-s3-ingestion.py
[2026-03-27T17:51:56.956+0000] {processor.py:830} INFO - Processing file /opt/airflow/dags/dag-spark-airflow-s3-ingestion.py for tasks to queue
[2026-03-27T17:51:56.960+0000] {logging_mixin.py:188} INFO - [2026-03-27T17:51:56.960+0000] {dagbag.py:545} INFO - Filling up the DagBag from /opt/airflow/dags/dag-spark-airflow-s3-ingestion.py
[2026-03-27T17:51:57.010+0000] {processor.py:840} INFO - DAG(s) 'spark-airflow-s3-ingestion-dag' retrieved from /opt/airflow/dags/dag-spark-airflow-s3-ingestion.py
[2026-03-27T17:51:57.076+0000] {logging_mixin.py:188} INFO - [2026-03-27T17:51:57.076+0000] {dag.py:3089} INFO - Sync 1 DAGs
[2026-03-27T17:51:57.117+0000] {logging_mixin.py:188} INFO - [2026-03-27T17:51:57.116+0000] {dag.py:3947} INFO - Setting next_dagrun for spark-airflow-s3-ingestion-dag to None, run_after=None
[2026-03-27T17:51:57.186+0000] {processor.py:183} INFO - Processing /opt/airflow/dags/dag-spark-airflow-s3-ingestion.py took 0.248 seconds
[2026-03-27T17:52:27.493+0000] {processor.py:161} INFO - Started process (PID=7491) to work on /opt/airflow/dags/dag-spark-airflow-s3-ingestion.py
[2026-03-27T17:52:27.496+0000] {processor.py:830} INFO - Processing file /opt/airflow/dags/dag-spark-airflow-s3-ingestion.py for tasks to queue
[2026-03-27T17:52:27.504+0000] {logging_mixin.py:188} INFO - [2026-03-27T17:52:27.503+0000] {dagbag.py:545} INFO - Filling up the DagBag from /opt/airflow/dags/dag-spark-airflow-s3-ingestion.py
[2026-03-27T17:52:27.552+0000] {processor.py:840} INFO - DAG(s) 'spark-airflow-s3-ingestion-dag' retrieved from /opt/airflow/dags/dag-spark-airflow-s3-ingestion.py
[2026-03-27T17:52:27.612+0000] {logging_mixin.py:188} INFO - [2026-03-27T17:52:27.612+0000] {dag.py:3089} INFO - Sync 1 DAGs
[2026-03-27T17:52:27.645+0000] {logging_mixin.py:188} INFO - [2026-03-27T17:52:27.644+0000] {dag.py:3947} INFO - Setting next_dagrun for spark-airflow-s3-ingestion-dag to None, run_after=None
[2026-03-27T17:52:27.711+0000] {processor.py:183} INFO - Processing /opt/airflow/dags/dag-spark-airflow-s3-ingestion.py took 0.232 seconds
[2026-03-27T17:52:57.969+0000] {processor.py:161} INFO - Started process (PID=7516) to work on /opt/airflow/dags/dag-spark-airflow-s3-ingestion.py
[2026-03-27T17:52:57.972+0000] {processor.py:830} INFO - Processing file /opt/airflow/dags/dag-spark-airflow-s3-ingestion.py for tasks to queue
[2026-03-27T17:52:57.978+0000] {logging_mixin.py:188} INFO - [2026-03-27T17:52:57.977+0000] {dagbag.py:545} INFO - Filling up the DagBag from /opt/airflow/dags/dag-spark-airflow-s3-ingestion.py
[2026-03-27T17:52:58.043+0000] {processor.py:840} INFO - DAG(s) 'spark-airflow-s3-ingestion-dag' retrieved from /opt/airflow/dags/dag-spark-airflow-s3-ingestion.py
[2026-03-27T17:52:58.119+0000] {logging_mixin.py:188} INFO - [2026-03-27T17:52:58.118+0000] {dag.py:3089} INFO - Sync 1 DAGs
[2026-03-27T17:52:58.152+0000] {logging_mixin.py:188} INFO - [2026-03-27T17:52:58.151+0000] {dag.py:3947} INFO - Setting next_dagrun for spark-airflow-s3-ingestion-dag to None, run_after=None
[2026-03-27T17:52:58.194+0000] {processor.py:183} INFO - Processing /opt/airflow/dags/dag-spark-airflow-s3-ingestion.py took 0.244 seconds
[2026-03-27T17:53:02.184+0000] {processor.py:161} INFO - Started process (PID=7526) to work on /opt/airflow/dags/dag-spark-airflow-s3-ingestion.py
[2026-03-27T17:53:02.187+0000] {processor.py:830} INFO - Processing file /opt/airflow/dags/dag-spark-airflow-s3-ingestion.py for tasks to queue
[2026-03-27T17:53:02.193+0000] {logging_mixin.py:188} INFO - [2026-03-27T17:53:02.192+0000] {dagbag.py:545} INFO - Filling up the DagBag from /opt/airflow/dags/dag-spark-airflow-s3-ingestion.py
[2026-03-27T17:53:02.298+0000] {processor.py:840} INFO - DAG(s) 'spark-airflow-s3-ingestion-dag' retrieved from /opt/airflow/dags/dag-spark-airflow-s3-ingestion.py
[2026-03-27T17:53:02.646+0000] {logging_mixin.py:188} INFO - [2026-03-27T17:53:02.645+0000] {dag.py:3089} INFO - Sync 1 DAGs
[2026-03-27T17:53:02.712+0000] {logging_mixin.py:188} INFO - [2026-03-27T17:53:02.711+0000] {dag.py:3947} INFO - Setting next_dagrun for spark-airflow-s3-ingestion-dag to 2026-03-27 16:00:00+00:00, run_after=2026-03-27 17:00:00+00:00
[2026-03-27T17:53:02.802+0000] {processor.py:183} INFO - Processing /opt/airflow/dags/dag-spark-airflow-s3-ingestion.py took 0.635 seconds
[2026-03-27T17:53:33.321+0000] {processor.py:161} INFO - Started process (PID=7551) to work on /opt/airflow/dags/dag-spark-airflow-s3-ingestion.py
[2026-03-27T17:53:33.323+0000] {processor.py:830} INFO - Processing file /opt/airflow/dags/dag-spark-airflow-s3-ingestion.py for tasks to queue
[2026-03-27T17:53:33.327+0000] {logging_mixin.py:188} INFO - [2026-03-27T17:53:33.326+0000] {dagbag.py:545} INFO - Filling up the DagBag from /opt/airflow/dags/dag-spark-airflow-s3-ingestion.py
[2026-03-27T17:53:33.374+0000] {processor.py:840} INFO - DAG(s) 'spark-airflow-s3-ingestion-dag' retrieved from /opt/airflow/dags/dag-spark-airflow-s3-ingestion.py
[2026-03-27T17:53:33.429+0000] {logging_mixin.py:188} INFO - [2026-03-27T17:53:33.428+0000] {dag.py:3089} INFO - Sync 1 DAGs
[2026-03-27T17:53:33.468+0000] {logging_mixin.py:188} INFO - [2026-03-27T17:53:33.468+0000] {dag.py:3947} INFO - Setting next_dagrun for spark-airflow-s3-ingestion-dag to 2026-03-27 16:00:00+00:00, run_after=2026-03-27 17:00:00+00:00
[2026-03-27T17:53:33.503+0000] {processor.py:183} INFO - Processing /opt/airflow/dags/dag-spark-airflow-s3-ingestion.py took 0.199 seconds
[2026-03-27T17:54:55.456+0000] {processor.py:161} INFO - Started process (PID=167) to work on /opt/airflow/dags/dag-spark-airflow-s3-ingestion.py
[2026-03-27T17:54:55.460+0000] {processor.py:830} INFO - Processing file /opt/airflow/dags/dag-spark-airflow-s3-ingestion.py for tasks to queue
[2026-03-27T17:54:55.465+0000] {logging_mixin.py:188} INFO - [2026-03-27T17:54:55.464+0000] {dagbag.py:545} INFO - Filling up the DagBag from /opt/airflow/dags/dag-spark-airflow-s3-ingestion.py
[2026-03-27T17:54:56.313+0000] {processor.py:840} INFO - DAG(s) 'spark-airflow-s3-ingestion-dag' retrieved from /opt/airflow/dags/dag-spark-airflow-s3-ingestion.py
[2026-03-27T17:54:56.817+0000] {logging_mixin.py:188} INFO - [2026-03-27T17:54:56.816+0000] {override.py:1858} INFO - Created Permission View: can edit on DAG:spark-airflow-s3-ingestion-dag
[2026-03-27T17:54:56.836+0000] {logging_mixin.py:188} INFO - [2026-03-27T17:54:56.835+0000] {override.py:1858} INFO - Created Permission View: can read on DAG:spark-airflow-s3-ingestion-dag
[2026-03-27T17:54:56.849+0000] {logging_mixin.py:188} INFO - [2026-03-27T17:54:56.849+0000] {override.py:1858} INFO - Created Permission View: can delete on DAG:spark-airflow-s3-ingestion-dag
[2026-03-27T17:54:56.851+0000] {logging_mixin.py:188} INFO - [2026-03-27T17:54:56.850+0000] {dag.py:3089} INFO - Sync 1 DAGs
[2026-03-27T17:54:56.873+0000] {logging_mixin.py:188} INFO - [2026-03-27T17:54:56.872+0000] {dag.py:3111} INFO - Creating ORM DAG for spark-airflow-s3-ingestion-dag
[2026-03-27T17:54:56.894+0000] {logging_mixin.py:188} INFO - [2026-03-27T17:54:56.894+0000] {dag.py:3947} INFO - Setting next_dagrun for spark-airflow-s3-ingestion-dag to 2026-03-27 16:00:00+00:00, run_after=2026-03-27 17:00:00+00:00
[2026-03-27T17:54:56.941+0000] {processor.py:183} INFO - Processing /opt/airflow/dags/dag-spark-airflow-s3-ingestion.py took 1.502 seconds
[2026-03-27T17:55:27.450+0000] {processor.py:161} INFO - Started process (PID=192) to work on /opt/airflow/dags/dag-spark-airflow-s3-ingestion.py
[2026-03-27T17:55:27.454+0000] {processor.py:830} INFO - Processing file /opt/airflow/dags/dag-spark-airflow-s3-ingestion.py for tasks to queue
[2026-03-27T17:55:27.459+0000] {logging_mixin.py:188} INFO - [2026-03-27T17:55:27.458+0000] {dagbag.py:545} INFO - Filling up the DagBag from /opt/airflow/dags/dag-spark-airflow-s3-ingestion.py
[2026-03-27T17:55:27.673+0000] {processor.py:840} INFO - DAG(s) 'spark-airflow-s3-ingestion-dag' retrieved from /opt/airflow/dags/dag-spark-airflow-s3-ingestion.py
[2026-03-27T17:55:27.751+0000] {logging_mixin.py:188} INFO - [2026-03-27T17:55:27.750+0000] {dag.py:3089} INFO - Sync 1 DAGs
[2026-03-27T17:55:27.802+0000] {logging_mixin.py:188} INFO - [2026-03-27T17:55:27.801+0000] {dag.py:3947} INFO - Setting next_dagrun for spark-airflow-s3-ingestion-dag to 2026-03-27 16:00:00+00:00, run_after=2026-03-27 17:00:00+00:00
[2026-03-27T17:55:27.844+0000] {processor.py:183} INFO - Processing /opt/airflow/dags/dag-spark-airflow-s3-ingestion.py took 0.411 seconds
[2026-03-27T17:55:58.201+0000] {processor.py:161} INFO - Started process (PID=217) to work on /opt/airflow/dags/dag-spark-airflow-s3-ingestion.py
[2026-03-27T17:55:58.204+0000] {processor.py:830} INFO - Processing file /opt/airflow/dags/dag-spark-airflow-s3-ingestion.py for tasks to queue
[2026-03-27T17:55:58.209+0000] {logging_mixin.py:188} INFO - [2026-03-27T17:55:58.208+0000] {dagbag.py:545} INFO - Filling up the DagBag from /opt/airflow/dags/dag-spark-airflow-s3-ingestion.py
[2026-03-27T17:55:58.401+0000] {processor.py:840} INFO - DAG(s) 'spark-airflow-s3-ingestion-dag' retrieved from /opt/airflow/dags/dag-spark-airflow-s3-ingestion.py
[2026-03-27T17:55:58.475+0000] {logging_mixin.py:188} INFO - [2026-03-27T17:55:58.474+0000] {dag.py:3089} INFO - Sync 1 DAGs
[2026-03-27T17:55:58.527+0000] {logging_mixin.py:188} INFO - [2026-03-27T17:55:58.527+0000] {dag.py:3947} INFO - Setting next_dagrun for spark-airflow-s3-ingestion-dag to 2026-03-27 16:00:00+00:00, run_after=2026-03-27 17:00:00+00:00
[2026-03-27T17:55:58.570+0000] {processor.py:183} INFO - Processing /opt/airflow/dags/dag-spark-airflow-s3-ingestion.py took 0.382 seconds
[2026-03-27T17:56:29.176+0000] {processor.py:161} INFO - Started process (PID=343) to work on /opt/airflow/dags/dag-spark-airflow-s3-ingestion.py
[2026-03-27T17:56:29.179+0000] {processor.py:830} INFO - Processing file /opt/airflow/dags/dag-spark-airflow-s3-ingestion.py for tasks to queue
[2026-03-27T17:56:29.188+0000] {logging_mixin.py:188} INFO - [2026-03-27T17:56:29.185+0000] {dagbag.py:545} INFO - Filling up the DagBag from /opt/airflow/dags/dag-spark-airflow-s3-ingestion.py
[2026-03-27T17:56:29.542+0000] {processor.py:840} INFO - DAG(s) 'spark-airflow-s3-ingestion-dag' retrieved from /opt/airflow/dags/dag-spark-airflow-s3-ingestion.py
[2026-03-27T17:56:29.707+0000] {logging_mixin.py:188} INFO - [2026-03-27T17:56:29.706+0000] {dag.py:3089} INFO - Sync 1 DAGs
[2026-03-27T17:56:29.898+0000] {processor.py:183} INFO - Processing /opt/airflow/dags/dag-spark-airflow-s3-ingestion.py took 0.757 seconds
[2026-03-27T17:57:00.429+0000] {processor.py:161} INFO - Started process (PID=473) to work on /opt/airflow/dags/dag-spark-airflow-s3-ingestion.py
[2026-03-27T17:57:00.432+0000] {processor.py:830} INFO - Processing file /opt/airflow/dags/dag-spark-airflow-s3-ingestion.py for tasks to queue
[2026-03-27T17:57:00.442+0000] {logging_mixin.py:188} INFO - [2026-03-27T17:57:00.439+0000] {dagbag.py:545} INFO - Filling up the DagBag from /opt/airflow/dags/dag-spark-airflow-s3-ingestion.py
[2026-03-27T17:57:00.726+0000] {processor.py:840} INFO - DAG(s) 'spark-airflow-s3-ingestion-dag' retrieved from /opt/airflow/dags/dag-spark-airflow-s3-ingestion.py
[2026-03-27T17:57:00.821+0000] {logging_mixin.py:188} INFO - [2026-03-27T17:57:00.821+0000] {dag.py:3089} INFO - Sync 1 DAGs
[2026-03-27T17:57:00.940+0000] {processor.py:183} INFO - Processing /opt/airflow/dags/dag-spark-airflow-s3-ingestion.py took 0.534 seconds
[2026-03-27T17:57:31.611+0000] {processor.py:161} INFO - Started process (PID=1229) to work on /opt/airflow/dags/dag-spark-airflow-s3-ingestion.py
[2026-03-27T17:57:31.614+0000] {processor.py:830} INFO - Processing file /opt/airflow/dags/dag-spark-airflow-s3-ingestion.py for tasks to queue
[2026-03-27T17:57:31.621+0000] {logging_mixin.py:188} INFO - [2026-03-27T17:57:31.620+0000] {dagbag.py:545} INFO - Filling up the DagBag from /opt/airflow/dags/dag-spark-airflow-s3-ingestion.py
[2026-03-27T17:57:31.983+0000] {processor.py:840} INFO - DAG(s) 'spark-airflow-s3-ingestion-dag' retrieved from /opt/airflow/dags/dag-spark-airflow-s3-ingestion.py
[2026-03-27T17:57:32.101+0000] {logging_mixin.py:188} INFO - [2026-03-27T17:57:32.100+0000] {dag.py:3089} INFO - Sync 1 DAGs
[2026-03-27T17:57:32.281+0000] {processor.py:183} INFO - Processing /opt/airflow/dags/dag-spark-airflow-s3-ingestion.py took 0.697 seconds
[2026-03-27T17:58:02.746+0000] {processor.py:161} INFO - Started process (PID=1316) to work on /opt/airflow/dags/dag-spark-airflow-s3-ingestion.py
[2026-03-27T17:58:02.750+0000] {processor.py:830} INFO - Processing file /opt/airflow/dags/dag-spark-airflow-s3-ingestion.py for tasks to queue
[2026-03-27T17:58:02.756+0000] {logging_mixin.py:188} INFO - [2026-03-27T17:58:02.755+0000] {dagbag.py:545} INFO - Filling up the DagBag from /opt/airflow/dags/dag-spark-airflow-s3-ingestion.py
[2026-03-27T17:58:02.995+0000] {processor.py:840} INFO - DAG(s) 'spark-airflow-s3-ingestion-dag' retrieved from /opt/airflow/dags/dag-spark-airflow-s3-ingestion.py
[2026-03-27T17:58:03.075+0000] {logging_mixin.py:188} INFO - [2026-03-27T17:58:03.074+0000] {dag.py:3089} INFO - Sync 1 DAGs
[2026-03-27T17:58:03.181+0000] {processor.py:183} INFO - Processing /opt/airflow/dags/dag-spark-airflow-s3-ingestion.py took 0.460 seconds
[2026-03-27T17:58:33.581+0000] {processor.py:161} INFO - Started process (PID=1341) to work on /opt/airflow/dags/dag-spark-airflow-s3-ingestion.py
[2026-03-27T17:58:33.583+0000] {processor.py:830} INFO - Processing file /opt/airflow/dags/dag-spark-airflow-s3-ingestion.py for tasks to queue
[2026-03-27T17:58:33.587+0000] {logging_mixin.py:188} INFO - [2026-03-27T17:58:33.586+0000] {dagbag.py:545} INFO - Filling up the DagBag from /opt/airflow/dags/dag-spark-airflow-s3-ingestion.py
[2026-03-27T17:58:33.817+0000] {processor.py:840} INFO - DAG(s) 'spark-airflow-s3-ingestion-dag' retrieved from /opt/airflow/dags/dag-spark-airflow-s3-ingestion.py
[2026-03-27T17:58:33.893+0000] {logging_mixin.py:188} INFO - [2026-03-27T17:58:33.893+0000] {dag.py:3089} INFO - Sync 1 DAGs
[2026-03-27T17:58:33.991+0000] {processor.py:183} INFO - Processing /opt/airflow/dags/dag-spark-airflow-s3-ingestion.py took 0.422 seconds
[2026-03-27T17:59:04.292+0000] {processor.py:161} INFO - Started process (PID=1366) to work on /opt/airflow/dags/dag-spark-airflow-s3-ingestion.py
[2026-03-27T17:59:04.296+0000] {processor.py:830} INFO - Processing file /opt/airflow/dags/dag-spark-airflow-s3-ingestion.py for tasks to queue
[2026-03-27T17:59:04.302+0000] {logging_mixin.py:188} INFO - [2026-03-27T17:59:04.301+0000] {dagbag.py:545} INFO - Filling up the DagBag from /opt/airflow/dags/dag-spark-airflow-s3-ingestion.py
[2026-03-27T17:59:04.541+0000] {processor.py:840} INFO - DAG(s) 'spark-airflow-s3-ingestion-dag' retrieved from /opt/airflow/dags/dag-spark-airflow-s3-ingestion.py
[2026-03-27T17:59:04.630+0000] {logging_mixin.py:188} INFO - [2026-03-27T17:59:04.629+0000] {dag.py:3089} INFO - Sync 1 DAGs
[2026-03-27T17:59:04.744+0000] {processor.py:183} INFO - Processing /opt/airflow/dags/dag-spark-airflow-s3-ingestion.py took 0.470 seconds
[2026-03-27T17:59:35.084+0000] {processor.py:161} INFO - Started process (PID=1398) to work on /opt/airflow/dags/dag-spark-airflow-s3-ingestion.py
[2026-03-27T17:59:35.086+0000] {processor.py:830} INFO - Processing file /opt/airflow/dags/dag-spark-airflow-s3-ingestion.py for tasks to queue
[2026-03-27T17:59:35.090+0000] {logging_mixin.py:188} INFO - [2026-03-27T17:59:35.089+0000] {dagbag.py:545} INFO - Filling up the DagBag from /opt/airflow/dags/dag-spark-airflow-s3-ingestion.py
[2026-03-27T17:59:35.319+0000] {processor.py:840} INFO - DAG(s) 'spark-airflow-s3-ingestion-dag' retrieved from /opt/airflow/dags/dag-spark-airflow-s3-ingestion.py
[2026-03-27T17:59:35.409+0000] {logging_mixin.py:188} INFO - [2026-03-27T17:59:35.409+0000] {dag.py:3089} INFO - Sync 1 DAGs
[2026-03-27T17:59:35.550+0000] {processor.py:183} INFO - Processing /opt/airflow/dags/dag-spark-airflow-s3-ingestion.py took 0.480 seconds
[2026-03-27T18:00:05.880+0000] {processor.py:161} INFO - Started process (PID=1423) to work on /opt/airflow/dags/dag-spark-airflow-s3-ingestion.py
[2026-03-27T18:00:05.883+0000] {processor.py:830} INFO - Processing file /opt/airflow/dags/dag-spark-airflow-s3-ingestion.py for tasks to queue
[2026-03-27T18:00:05.891+0000] {logging_mixin.py:188} INFO - [2026-03-27T18:00:05.890+0000] {dagbag.py:545} INFO - Filling up the DagBag from /opt/airflow/dags/dag-spark-airflow-s3-ingestion.py
[2026-03-27T18:00:06.127+0000] {processor.py:840} INFO - DAG(s) 'spark-airflow-s3-ingestion-dag' retrieved from /opt/airflow/dags/dag-spark-airflow-s3-ingestion.py
[2026-03-27T18:00:06.209+0000] {logging_mixin.py:188} INFO - [2026-03-27T18:00:06.209+0000] {dag.py:3089} INFO - Sync 1 DAGs
[2026-03-27T18:00:06.308+0000] {processor.py:183} INFO - Processing /opt/airflow/dags/dag-spark-airflow-s3-ingestion.py took 0.449 seconds
[2026-03-27T18:00:37.036+0000] {processor.py:161} INFO - Started process (PID=1448) to work on /opt/airflow/dags/dag-spark-airflow-s3-ingestion.py
[2026-03-27T18:00:37.038+0000] {processor.py:830} INFO - Processing file /opt/airflow/dags/dag-spark-airflow-s3-ingestion.py for tasks to queue
[2026-03-27T18:00:37.044+0000] {logging_mixin.py:188} INFO - [2026-03-27T18:00:37.043+0000] {dagbag.py:545} INFO - Filling up the DagBag from /opt/airflow/dags/dag-spark-airflow-s3-ingestion.py
[2026-03-27T18:00:37.242+0000] {processor.py:840} INFO - DAG(s) 'spark-airflow-s3-ingestion-dag' retrieved from /opt/airflow/dags/dag-spark-airflow-s3-ingestion.py
[2026-03-27T18:00:37.315+0000] {logging_mixin.py:188} INFO - [2026-03-27T18:00:37.315+0000] {dag.py:3089} INFO - Sync 1 DAGs
[2026-03-27T18:00:37.410+0000] {processor.py:183} INFO - Processing /opt/airflow/dags/dag-spark-airflow-s3-ingestion.py took 0.392 seconds
[2026-03-27T18:01:07.938+0000] {processor.py:161} INFO - Started process (PID=1473) to work on /opt/airflow/dags/dag-spark-airflow-s3-ingestion.py
[2026-03-27T18:01:07.941+0000] {processor.py:830} INFO - Processing file /opt/airflow/dags/dag-spark-airflow-s3-ingestion.py for tasks to queue
[2026-03-27T18:01:07.945+0000] {logging_mixin.py:188} INFO - [2026-03-27T18:01:07.944+0000] {dagbag.py:545} INFO - Filling up the DagBag from /opt/airflow/dags/dag-spark-airflow-s3-ingestion.py
[2026-03-27T18:01:08.177+0000] {processor.py:840} INFO - DAG(s) 'spark-airflow-s3-ingestion-dag' retrieved from /opt/airflow/dags/dag-spark-airflow-s3-ingestion.py
[2026-03-27T18:01:08.248+0000] {logging_mixin.py:188} INFO - [2026-03-27T18:01:08.247+0000] {dag.py:3089} INFO - Sync 1 DAGs
[2026-03-27T18:01:08.361+0000] {processor.py:183} INFO - Processing /opt/airflow/dags/dag-spark-airflow-s3-ingestion.py took 0.440 seconds
[2026-03-27T18:01:38.761+0000] {processor.py:161} INFO - Started process (PID=1504) to work on /opt/airflow/dags/dag-spark-airflow-s3-ingestion.py
[2026-03-27T18:01:38.763+0000] {processor.py:830} INFO - Processing file /opt/airflow/dags/dag-spark-airflow-s3-ingestion.py for tasks to queue
[2026-03-27T18:01:38.767+0000] {logging_mixin.py:188} INFO - [2026-03-27T18:01:38.766+0000] {dagbag.py:545} INFO - Filling up the DagBag from /opt/airflow/dags/dag-spark-airflow-s3-ingestion.py
[2026-03-27T18:01:38.969+0000] {processor.py:840} INFO - DAG(s) 'spark-airflow-s3-ingestion-dag' retrieved from /opt/airflow/dags/dag-spark-airflow-s3-ingestion.py
[2026-03-27T18:01:39.066+0000] {logging_mixin.py:188} INFO - [2026-03-27T18:01:39.066+0000] {dag.py:3089} INFO - Sync 1 DAGs
[2026-03-27T18:01:39.180+0000] {processor.py:183} INFO - Processing /opt/airflow/dags/dag-spark-airflow-s3-ingestion.py took 0.432 seconds
[2026-03-27T18:02:09.907+0000] {processor.py:161} INFO - Started process (PID=1533) to work on /opt/airflow/dags/dag-spark-airflow-s3-ingestion.py
[2026-03-27T18:02:09.911+0000] {processor.py:830} INFO - Processing file /opt/airflow/dags/dag-spark-airflow-s3-ingestion.py for tasks to queue
[2026-03-27T18:02:09.917+0000] {logging_mixin.py:188} INFO - [2026-03-27T18:02:09.916+0000] {dagbag.py:545} INFO - Filling up the DagBag from /opt/airflow/dags/dag-spark-airflow-s3-ingestion.py
[2026-03-27T18:02:10.115+0000] {processor.py:840} INFO - DAG(s) 'spark-airflow-s3-ingestion-dag' retrieved from /opt/airflow/dags/dag-spark-airflow-s3-ingestion.py
[2026-03-27T18:02:10.186+0000] {logging_mixin.py:188} INFO - [2026-03-27T18:02:10.185+0000] {dag.py:3089} INFO - Sync 1 DAGs
[2026-03-27T18:02:10.281+0000] {processor.py:183} INFO - Processing /opt/airflow/dags/dag-spark-airflow-s3-ingestion.py took 0.389 seconds
[2026-03-27T18:02:40.875+0000] {processor.py:161} INFO - Started process (PID=1558) to work on /opt/airflow/dags/dag-spark-airflow-s3-ingestion.py
[2026-03-27T18:02:40.878+0000] {processor.py:830} INFO - Processing file /opt/airflow/dags/dag-spark-airflow-s3-ingestion.py for tasks to queue
[2026-03-27T18:02:40.882+0000] {logging_mixin.py:188} INFO - [2026-03-27T18:02:40.881+0000] {dagbag.py:545} INFO - Filling up the DagBag from /opt/airflow/dags/dag-spark-airflow-s3-ingestion.py
[2026-03-27T18:02:41.074+0000] {processor.py:840} INFO - DAG(s) 'spark-airflow-s3-ingestion-dag' retrieved from /opt/airflow/dags/dag-spark-airflow-s3-ingestion.py
[2026-03-27T18:02:41.148+0000] {logging_mixin.py:188} INFO - [2026-03-27T18:02:41.147+0000] {dag.py:3089} INFO - Sync 1 DAGs
[2026-03-27T18:02:41.251+0000] {processor.py:183} INFO - Processing /opt/airflow/dags/dag-spark-airflow-s3-ingestion.py took 0.387 seconds
[2026-03-27T18:03:11.706+0000] {processor.py:161} INFO - Started process (PID=1583) to work on /opt/airflow/dags/dag-spark-airflow-s3-ingestion.py
[2026-03-27T18:03:11.708+0000] {processor.py:830} INFO - Processing file /opt/airflow/dags/dag-spark-airflow-s3-ingestion.py for tasks to queue
[2026-03-27T18:03:11.712+0000] {logging_mixin.py:188} INFO - [2026-03-27T18:03:11.712+0000] {dagbag.py:545} INFO - Filling up the DagBag from /opt/airflow/dags/dag-spark-airflow-s3-ingestion.py
[2026-03-27T18:03:11.948+0000] {processor.py:840} INFO - DAG(s) 'spark-airflow-s3-ingestion-dag' retrieved from /opt/airflow/dags/dag-spark-airflow-s3-ingestion.py
[2026-03-27T18:03:12.035+0000] {logging_mixin.py:188} INFO - [2026-03-27T18:03:12.035+0000] {dag.py:3089} INFO - Sync 1 DAGs
[2026-03-27T18:03:12.143+0000] {processor.py:183} INFO - Processing /opt/airflow/dags/dag-spark-airflow-s3-ingestion.py took 0.450 seconds
[2026-03-27T18:03:42.838+0000] {processor.py:161} INFO - Started process (PID=2430) to work on /opt/airflow/dags/dag-spark-airflow-s3-ingestion.py
[2026-03-27T18:03:42.840+0000] {processor.py:830} INFO - Processing file /opt/airflow/dags/dag-spark-airflow-s3-ingestion.py for tasks to queue
[2026-03-27T18:03:42.848+0000] {logging_mixin.py:188} INFO - [2026-03-27T18:03:42.846+0000] {dagbag.py:545} INFO - Filling up the DagBag from /opt/airflow/dags/dag-spark-airflow-s3-ingestion.py
[2026-03-27T18:03:43.078+0000] {processor.py:840} INFO - DAG(s) 'spark-airflow-s3-ingestion-dag' retrieved from /opt/airflow/dags/dag-spark-airflow-s3-ingestion.py
[2026-03-27T18:03:43.164+0000] {logging_mixin.py:188} INFO - [2026-03-27T18:03:43.163+0000] {dag.py:3089} INFO - Sync 1 DAGs
[2026-03-27T18:03:43.290+0000] {processor.py:183} INFO - Processing /opt/airflow/dags/dag-spark-airflow-s3-ingestion.py took 0.471 seconds
[2026-03-27T18:04:13.799+0000] {processor.py:161} INFO - Started process (PID=3456) to work on /opt/airflow/dags/dag-spark-airflow-s3-ingestion.py
[2026-03-27T18:04:13.801+0000] {processor.py:830} INFO - Processing file /opt/airflow/dags/dag-spark-airflow-s3-ingestion.py for tasks to queue
[2026-03-27T18:04:13.807+0000] {logging_mixin.py:188} INFO - [2026-03-27T18:04:13.805+0000] {dagbag.py:545} INFO - Filling up the DagBag from /opt/airflow/dags/dag-spark-airflow-s3-ingestion.py
[2026-03-27T18:04:14.082+0000] {processor.py:840} INFO - DAG(s) 'spark-airflow-s3-ingestion-dag' retrieved from /opt/airflow/dags/dag-spark-airflow-s3-ingestion.py
[2026-03-27T18:04:14.187+0000] {logging_mixin.py:188} INFO - [2026-03-27T18:04:14.186+0000] {dag.py:3089} INFO - Sync 1 DAGs
[2026-03-27T18:04:14.313+0000] {processor.py:183} INFO - Processing /opt/airflow/dags/dag-spark-airflow-s3-ingestion.py took 0.531 seconds
[2026-03-27T18:04:44.921+0000] {processor.py:161} INFO - Started process (PID=3491) to work on /opt/airflow/dags/dag-spark-airflow-s3-ingestion.py
[2026-03-27T18:04:44.922+0000] {processor.py:830} INFO - Processing file /opt/airflow/dags/dag-spark-airflow-s3-ingestion.py for tasks to queue
[2026-03-27T18:04:44.926+0000] {logging_mixin.py:188} INFO - [2026-03-27T18:04:44.925+0000] {dagbag.py:545} INFO - Filling up the DagBag from /opt/airflow/dags/dag-spark-airflow-s3-ingestion.py
[2026-03-27T18:04:45.139+0000] {processor.py:840} INFO - DAG(s) 'spark-airflow-s3-ingestion-dag' retrieved from /opt/airflow/dags/dag-spark-airflow-s3-ingestion.py
[2026-03-27T18:04:45.224+0000] {logging_mixin.py:188} INFO - [2026-03-27T18:04:45.223+0000] {dag.py:3089} INFO - Sync 1 DAGs
[2026-03-27T18:04:45.324+0000] {processor.py:183} INFO - Processing /opt/airflow/dags/dag-spark-airflow-s3-ingestion.py took 0.415 seconds
[2026-03-27T18:05:16.110+0000] {processor.py:161} INFO - Started process (PID=3516) to work on /opt/airflow/dags/dag-spark-airflow-s3-ingestion.py
[2026-03-27T18:05:16.113+0000] {processor.py:830} INFO - Processing file /opt/airflow/dags/dag-spark-airflow-s3-ingestion.py for tasks to queue
[2026-03-27T18:05:16.118+0000] {logging_mixin.py:188} INFO - [2026-03-27T18:05:16.117+0000] {dagbag.py:545} INFO - Filling up the DagBag from /opt/airflow/dags/dag-spark-airflow-s3-ingestion.py
[2026-03-27T18:05:16.301+0000] {processor.py:840} INFO - DAG(s) 'spark-airflow-s3-ingestion-dag' retrieved from /opt/airflow/dags/dag-spark-airflow-s3-ingestion.py
[2026-03-27T18:05:16.369+0000] {logging_mixin.py:188} INFO - [2026-03-27T18:05:16.368+0000] {dag.py:3089} INFO - Sync 1 DAGs
[2026-03-27T18:05:16.462+0000] {processor.py:183} INFO - Processing /opt/airflow/dags/dag-spark-airflow-s3-ingestion.py took 0.365 seconds
[2026-03-27T18:05:47.169+0000] {processor.py:161} INFO - Started process (PID=3541) to work on /opt/airflow/dags/dag-spark-airflow-s3-ingestion.py
[2026-03-27T18:05:47.172+0000] {processor.py:830} INFO - Processing file /opt/airflow/dags/dag-spark-airflow-s3-ingestion.py for tasks to queue
[2026-03-27T18:05:47.178+0000] {logging_mixin.py:188} INFO - [2026-03-27T18:05:47.177+0000] {dagbag.py:545} INFO - Filling up the DagBag from /opt/airflow/dags/dag-spark-airflow-s3-ingestion.py
[2026-03-27T18:05:47.400+0000] {processor.py:840} INFO - DAG(s) 'spark-airflow-s3-ingestion-dag' retrieved from /opt/airflow/dags/dag-spark-airflow-s3-ingestion.py
[2026-03-27T18:05:47.479+0000] {logging_mixin.py:188} INFO - [2026-03-27T18:05:47.478+0000] {dag.py:3089} INFO - Sync 1 DAGs
[2026-03-27T18:05:47.610+0000] {processor.py:183} INFO - Processing /opt/airflow/dags/dag-spark-airflow-s3-ingestion.py took 0.462 seconds
[2026-03-27T18:14:50.005+0000] {processor.py:161} INFO - Started process (PID=163) to work on /opt/airflow/dags/dag-spark-airflow-s3-ingestion.py
[2026-03-27T18:14:50.007+0000] {processor.py:830} INFO - Processing file /opt/airflow/dags/dag-spark-airflow-s3-ingestion.py for tasks to queue
[2026-03-27T18:14:50.013+0000] {logging_mixin.py:188} INFO - [2026-03-27T18:14:50.012+0000] {dagbag.py:545} INFO - Filling up the DagBag from /opt/airflow/dags/dag-spark-airflow-s3-ingestion.py
[2026-03-27T18:14:50.129+0000] {processor.py:840} INFO - DAG(s) 'spark-airflow-s3-ingestion-dag' retrieved from /opt/airflow/dags/dag-spark-airflow-s3-ingestion.py
[2026-03-27T18:14:50.598+0000] {logging_mixin.py:188} INFO - [2026-03-27T18:14:50.597+0000] {override.py:1858} INFO - Created Permission View: can edit on DAG:spark-airflow-s3-ingestion-dag
[2026-03-27T18:14:50.622+0000] {logging_mixin.py:188} INFO - [2026-03-27T18:14:50.621+0000] {override.py:1858} INFO - Created Permission View: can delete on DAG:spark-airflow-s3-ingestion-dag
[2026-03-27T18:14:50.638+0000] {logging_mixin.py:188} INFO - [2026-03-27T18:14:50.637+0000] {override.py:1858} INFO - Created Permission View: can read on DAG:spark-airflow-s3-ingestion-dag
[2026-03-27T18:14:50.639+0000] {logging_mixin.py:188} INFO - [2026-03-27T18:14:50.639+0000] {dag.py:3089} INFO - Sync 1 DAGs
[2026-03-27T18:14:50.661+0000] {logging_mixin.py:188} INFO - [2026-03-27T18:14:50.660+0000] {dag.py:3111} INFO - Creating ORM DAG for spark-airflow-s3-ingestion-dag
[2026-03-27T18:14:50.682+0000] {logging_mixin.py:188} INFO - [2026-03-27T18:14:50.682+0000] {dag.py:3947} INFO - Setting next_dagrun for spark-airflow-s3-ingestion-dag to 2026-03-27 17:00:00+00:00, run_after=2026-03-27 18:00:00+00:00
[2026-03-27T18:14:50.723+0000] {processor.py:183} INFO - Processing /opt/airflow/dags/dag-spark-airflow-s3-ingestion.py took 0.735 seconds
[2026-03-27T18:15:20.872+0000] {processor.py:161} INFO - Started process (PID=188) to work on /opt/airflow/dags/dag-spark-airflow-s3-ingestion.py
[2026-03-27T18:15:20.875+0000] {processor.py:830} INFO - Processing file /opt/airflow/dags/dag-spark-airflow-s3-ingestion.py for tasks to queue
[2026-03-27T18:15:20.880+0000] {logging_mixin.py:188} INFO - [2026-03-27T18:15:20.879+0000] {dagbag.py:545} INFO - Filling up the DagBag from /opt/airflow/dags/dag-spark-airflow-s3-ingestion.py
[2026-03-27T18:15:20.935+0000] {processor.py:840} INFO - DAG(s) 'spark-airflow-s3-ingestion-dag' retrieved from /opt/airflow/dags/dag-spark-airflow-s3-ingestion.py
[2026-03-27T18:15:21.005+0000] {logging_mixin.py:188} INFO - [2026-03-27T18:15:21.005+0000] {dag.py:3089} INFO - Sync 1 DAGs
[2026-03-27T18:15:21.053+0000] {logging_mixin.py:188} INFO - [2026-03-27T18:15:21.052+0000] {dag.py:3947} INFO - Setting next_dagrun for spark-airflow-s3-ingestion-dag to 2026-03-27 17:00:00+00:00, run_after=2026-03-27 18:00:00+00:00
[2026-03-27T18:15:21.116+0000] {processor.py:183} INFO - Processing /opt/airflow/dags/dag-spark-airflow-s3-ingestion.py took 0.258 seconds
[2026-03-27T18:15:51.395+0000] {processor.py:161} INFO - Started process (PID=213) to work on /opt/airflow/dags/dag-spark-airflow-s3-ingestion.py
[2026-03-27T18:15:51.397+0000] {processor.py:830} INFO - Processing file /opt/airflow/dags/dag-spark-airflow-s3-ingestion.py for tasks to queue
[2026-03-27T18:15:51.402+0000] {logging_mixin.py:188} INFO - [2026-03-27T18:15:51.401+0000] {dagbag.py:545} INFO - Filling up the DagBag from /opt/airflow/dags/dag-spark-airflow-s3-ingestion.py
[2026-03-27T18:15:51.456+0000] {processor.py:840} INFO - DAG(s) 'spark-airflow-s3-ingestion-dag' retrieved from /opt/airflow/dags/dag-spark-airflow-s3-ingestion.py
[2026-03-27T18:15:51.530+0000] {logging_mixin.py:188} INFO - [2026-03-27T18:15:51.529+0000] {dag.py:3089} INFO - Sync 1 DAGs
[2026-03-27T18:15:51.634+0000] {processor.py:183} INFO - Processing /opt/airflow/dags/dag-spark-airflow-s3-ingestion.py took 0.252 seconds
[2026-03-27T18:16:22.053+0000] {processor.py:161} INFO - Started process (PID=339) to work on /opt/airflow/dags/dag-spark-airflow-s3-ingestion.py
[2026-03-27T18:16:22.065+0000] {processor.py:830} INFO - Processing file /opt/airflow/dags/dag-spark-airflow-s3-ingestion.py for tasks to queue
[2026-03-27T18:16:22.072+0000] {logging_mixin.py:188} INFO - [2026-03-27T18:16:22.071+0000] {dagbag.py:545} INFO - Filling up the DagBag from /opt/airflow/dags/dag-spark-airflow-s3-ingestion.py
[2026-03-27T18:16:22.166+0000] {processor.py:840} INFO - DAG(s) 'spark-airflow-s3-ingestion-dag' retrieved from /opt/airflow/dags/dag-spark-airflow-s3-ingestion.py
[2026-03-27T18:16:22.323+0000] {logging_mixin.py:188} INFO - [2026-03-27T18:16:22.322+0000] {dag.py:3089} INFO - Sync 1 DAGs
[2026-03-27T18:16:22.541+0000] {processor.py:183} INFO - Processing /opt/airflow/dags/dag-spark-airflow-s3-ingestion.py took 0.521 seconds
[2026-03-27T18:16:53.048+0000] {processor.py:161} INFO - Started process (PID=506) to work on /opt/airflow/dags/dag-spark-airflow-s3-ingestion.py
[2026-03-27T18:16:53.053+0000] {processor.py:830} INFO - Processing file /opt/airflow/dags/dag-spark-airflow-s3-ingestion.py for tasks to queue
[2026-03-27T18:16:53.061+0000] {logging_mixin.py:188} INFO - [2026-03-27T18:16:53.060+0000] {dagbag.py:545} INFO - Filling up the DagBag from /opt/airflow/dags/dag-spark-airflow-s3-ingestion.py
[2026-03-27T18:16:53.205+0000] {processor.py:840} INFO - DAG(s) 'spark-airflow-s3-ingestion-dag' retrieved from /opt/airflow/dags/dag-spark-airflow-s3-ingestion.py
[2026-03-27T18:16:53.312+0000] {logging_mixin.py:188} INFO - [2026-03-27T18:16:53.312+0000] {dag.py:3089} INFO - Sync 1 DAGs
[2026-03-27T18:16:53.515+0000] {processor.py:183} INFO - Processing /opt/airflow/dags/dag-spark-airflow-s3-ingestion.py took 0.499 seconds
[2026-03-27T18:17:23.969+0000] {processor.py:161} INFO - Started process (PID=1185) to work on /opt/airflow/dags/dag-spark-airflow-s3-ingestion.py
[2026-03-27T18:17:23.971+0000] {processor.py:830} INFO - Processing file /opt/airflow/dags/dag-spark-airflow-s3-ingestion.py for tasks to queue
[2026-03-27T18:17:23.975+0000] {logging_mixin.py:188} INFO - [2026-03-27T18:17:23.974+0000] {dagbag.py:545} INFO - Filling up the DagBag from /opt/airflow/dags/dag-spark-airflow-s3-ingestion.py
[2026-03-27T18:17:24.045+0000] {processor.py:840} INFO - DAG(s) 'spark-airflow-s3-ingestion-dag' retrieved from /opt/airflow/dags/dag-spark-airflow-s3-ingestion.py
[2026-03-27T18:17:24.111+0000] {logging_mixin.py:188} INFO - [2026-03-27T18:17:24.110+0000] {dag.py:3089} INFO - Sync 1 DAGs
[2026-03-27T18:17:24.207+0000] {processor.py:183} INFO - Processing /opt/airflow/dags/dag-spark-airflow-s3-ingestion.py took 0.252 seconds
[2026-03-27T18:17:54.418+0000] {processor.py:161} INFO - Started process (PID=1258) to work on /opt/airflow/dags/dag-spark-airflow-s3-ingestion.py
[2026-03-27T18:17:54.422+0000] {processor.py:830} INFO - Processing file /opt/airflow/dags/dag-spark-airflow-s3-ingestion.py for tasks to queue
[2026-03-27T18:17:54.430+0000] {logging_mixin.py:188} INFO - [2026-03-27T18:17:54.429+0000] {dagbag.py:545} INFO - Filling up the DagBag from /opt/airflow/dags/dag-spark-airflow-s3-ingestion.py
[2026-03-27T18:17:54.511+0000] {processor.py:840} INFO - DAG(s) 'spark-airflow-s3-ingestion-dag' retrieved from /opt/airflow/dags/dag-spark-airflow-s3-ingestion.py
[2026-03-27T18:17:54.611+0000] {logging_mixin.py:188} INFO - [2026-03-27T18:17:54.610+0000] {dag.py:3089} INFO - Sync 1 DAGs
[2026-03-27T18:17:54.706+0000] {processor.py:183} INFO - Processing /opt/airflow/dags/dag-spark-airflow-s3-ingestion.py took 0.315 seconds
[2026-03-27T18:18:24.928+0000] {processor.py:161} INFO - Started process (PID=1283) to work on /opt/airflow/dags/dag-spark-airflow-s3-ingestion.py
[2026-03-27T18:18:24.932+0000] {processor.py:830} INFO - Processing file /opt/airflow/dags/dag-spark-airflow-s3-ingestion.py for tasks to queue
[2026-03-27T18:18:24.941+0000] {logging_mixin.py:188} INFO - [2026-03-27T18:18:24.939+0000] {dagbag.py:545} INFO - Filling up the DagBag from /opt/airflow/dags/dag-spark-airflow-s3-ingestion.py
[2026-03-27T18:18:25.034+0000] {processor.py:840} INFO - DAG(s) 'spark-airflow-s3-ingestion-dag' retrieved from /opt/airflow/dags/dag-spark-airflow-s3-ingestion.py
[2026-03-27T18:18:25.101+0000] {logging_mixin.py:188} INFO - [2026-03-27T18:18:25.101+0000] {dag.py:3089} INFO - Sync 1 DAGs
[2026-03-27T18:18:25.203+0000] {processor.py:183} INFO - Processing /opt/airflow/dags/dag-spark-airflow-s3-ingestion.py took 0.304 seconds
[2026-03-27T18:18:55.709+0000] {processor.py:161} INFO - Started process (PID=1308) to work on /opt/airflow/dags/dag-spark-airflow-s3-ingestion.py
[2026-03-27T18:18:55.713+0000] {processor.py:830} INFO - Processing file /opt/airflow/dags/dag-spark-airflow-s3-ingestion.py for tasks to queue
[2026-03-27T18:18:55.724+0000] {logging_mixin.py:188} INFO - [2026-03-27T18:18:55.722+0000] {dagbag.py:545} INFO - Filling up the DagBag from /opt/airflow/dags/dag-spark-airflow-s3-ingestion.py
[2026-03-27T18:18:55.806+0000] {processor.py:840} INFO - DAG(s) 'spark-airflow-s3-ingestion-dag' retrieved from /opt/airflow/dags/dag-spark-airflow-s3-ingestion.py
[2026-03-27T18:18:55.878+0000] {logging_mixin.py:188} INFO - [2026-03-27T18:18:55.878+0000] {dag.py:3089} INFO - Sync 1 DAGs
[2026-03-27T18:18:55.982+0000] {processor.py:183} INFO - Processing /opt/airflow/dags/dag-spark-airflow-s3-ingestion.py took 0.297 seconds
[2026-03-27T18:19:26.318+0000] {processor.py:161} INFO - Started process (PID=1333) to work on /opt/airflow/dags/dag-spark-airflow-s3-ingestion.py
[2026-03-27T18:19:26.321+0000] {processor.py:830} INFO - Processing file /opt/airflow/dags/dag-spark-airflow-s3-ingestion.py for tasks to queue
[2026-03-27T18:19:26.326+0000] {logging_mixin.py:188} INFO - [2026-03-27T18:19:26.325+0000] {dagbag.py:545} INFO - Filling up the DagBag from /opt/airflow/dags/dag-spark-airflow-s3-ingestion.py
[2026-03-27T18:19:26.387+0000] {processor.py:840} INFO - DAG(s) 'spark-airflow-s3-ingestion-dag' retrieved from /opt/airflow/dags/dag-spark-airflow-s3-ingestion.py
[2026-03-27T18:19:26.462+0000] {logging_mixin.py:188} INFO - [2026-03-27T18:19:26.461+0000] {dag.py:3089} INFO - Sync 1 DAGs
[2026-03-27T18:19:26.556+0000] {processor.py:183} INFO - Processing /opt/airflow/dags/dag-spark-airflow-s3-ingestion.py took 0.258 seconds
[2026-03-27T18:19:57.232+0000] {processor.py:161} INFO - Started process (PID=1358) to work on /opt/airflow/dags/dag-spark-airflow-s3-ingestion.py
[2026-03-27T18:19:57.234+0000] {processor.py:830} INFO - Processing file /opt/airflow/dags/dag-spark-airflow-s3-ingestion.py for tasks to queue
[2026-03-27T18:19:57.239+0000] {logging_mixin.py:188} INFO - [2026-03-27T18:19:57.238+0000] {dagbag.py:545} INFO - Filling up the DagBag from /opt/airflow/dags/dag-spark-airflow-s3-ingestion.py
[2026-03-27T18:19:57.295+0000] {processor.py:840} INFO - DAG(s) 'spark-airflow-s3-ingestion-dag' retrieved from /opt/airflow/dags/dag-spark-airflow-s3-ingestion.py
[2026-03-27T18:19:57.360+0000] {logging_mixin.py:188} INFO - [2026-03-27T18:19:57.360+0000] {dag.py:3089} INFO - Sync 1 DAGs
[2026-03-27T18:19:57.469+0000] {processor.py:183} INFO - Processing /opt/airflow/dags/dag-spark-airflow-s3-ingestion.py took 0.253 seconds
[2026-03-27T18:20:27.989+0000] {processor.py:161} INFO - Started process (PID=1383) to work on /opt/airflow/dags/dag-spark-airflow-s3-ingestion.py
[2026-03-27T18:20:27.991+0000] {processor.py:830} INFO - Processing file /opt/airflow/dags/dag-spark-airflow-s3-ingestion.py for tasks to queue
[2026-03-27T18:20:27.995+0000] {logging_mixin.py:188} INFO - [2026-03-27T18:20:27.994+0000] {dagbag.py:545} INFO - Filling up the DagBag from /opt/airflow/dags/dag-spark-airflow-s3-ingestion.py
[2026-03-27T18:20:28.047+0000] {processor.py:840} INFO - DAG(s) 'spark-airflow-s3-ingestion-dag' retrieved from /opt/airflow/dags/dag-spark-airflow-s3-ingestion.py
[2026-03-27T18:20:28.128+0000] {logging_mixin.py:188} INFO - [2026-03-27T18:20:28.127+0000] {dag.py:3089} INFO - Sync 1 DAGs
[2026-03-27T18:20:28.260+0000] {processor.py:183} INFO - Processing /opt/airflow/dags/dag-spark-airflow-s3-ingestion.py took 0.285 seconds
[2026-03-27T18:20:58.679+0000] {processor.py:161} INFO - Started process (PID=1408) to work on /opt/airflow/dags/dag-spark-airflow-s3-ingestion.py
[2026-03-27T18:20:58.681+0000] {processor.py:830} INFO - Processing file /opt/airflow/dags/dag-spark-airflow-s3-ingestion.py for tasks to queue
[2026-03-27T18:20:58.685+0000] {logging_mixin.py:188} INFO - [2026-03-27T18:20:58.684+0000] {dagbag.py:545} INFO - Filling up the DagBag from /opt/airflow/dags/dag-spark-airflow-s3-ingestion.py
[2026-03-27T18:20:58.736+0000] {processor.py:840} INFO - DAG(s) 'spark-airflow-s3-ingestion-dag' retrieved from /opt/airflow/dags/dag-spark-airflow-s3-ingestion.py
[2026-03-27T18:20:58.893+0000] {logging_mixin.py:188} INFO - [2026-03-27T18:20:58.893+0000] {dag.py:3089} INFO - Sync 1 DAGs
[2026-03-27T18:20:59.009+0000] {processor.py:183} INFO - Processing /opt/airflow/dags/dag-spark-airflow-s3-ingestion.py took 0.347 seconds
[2026-03-27T18:21:29.944+0000] {processor.py:161} INFO - Started process (PID=1443) to work on /opt/airflow/dags/dag-spark-airflow-s3-ingestion.py
[2026-03-27T18:21:29.947+0000] {processor.py:830} INFO - Processing file /opt/airflow/dags/dag-spark-airflow-s3-ingestion.py for tasks to queue
[2026-03-27T18:21:29.952+0000] {logging_mixin.py:188} INFO - [2026-03-27T18:21:29.951+0000] {dagbag.py:545} INFO - Filling up the DagBag from /opt/airflow/dags/dag-spark-airflow-s3-ingestion.py
[2026-03-27T18:21:30.024+0000] {processor.py:840} INFO - DAG(s) 'spark-airflow-s3-ingestion-dag' retrieved from /opt/airflow/dags/dag-spark-airflow-s3-ingestion.py
[2026-03-27T18:21:30.099+0000] {logging_mixin.py:188} INFO - [2026-03-27T18:21:30.098+0000] {dag.py:3089} INFO - Sync 1 DAGs
[2026-03-27T18:21:30.200+0000] {processor.py:183} INFO - Processing /opt/airflow/dags/dag-spark-airflow-s3-ingestion.py took 0.274 seconds
[2026-03-27T18:22:00.980+0000] {processor.py:161} INFO - Started process (PID=1468) to work on /opt/airflow/dags/dag-spark-airflow-s3-ingestion.py
[2026-03-27T18:22:00.983+0000] {processor.py:830} INFO - Processing file /opt/airflow/dags/dag-spark-airflow-s3-ingestion.py for tasks to queue
[2026-03-27T18:22:00.987+0000] {logging_mixin.py:188} INFO - [2026-03-27T18:22:00.986+0000] {dagbag.py:545} INFO - Filling up the DagBag from /opt/airflow/dags/dag-spark-airflow-s3-ingestion.py
[2026-03-27T18:22:01.041+0000] {processor.py:840} INFO - DAG(s) 'spark-airflow-s3-ingestion-dag' retrieved from /opt/airflow/dags/dag-spark-airflow-s3-ingestion.py
[2026-03-27T18:22:01.113+0000] {logging_mixin.py:188} INFO - [2026-03-27T18:22:01.112+0000] {dag.py:3089} INFO - Sync 1 DAGs
[2026-03-27T18:22:01.232+0000] {processor.py:183} INFO - Processing /opt/airflow/dags/dag-spark-airflow-s3-ingestion.py took 0.271 seconds
[2026-03-27T18:22:31.547+0000] {processor.py:161} INFO - Started process (PID=1493) to work on /opt/airflow/dags/dag-spark-airflow-s3-ingestion.py
[2026-03-27T18:22:31.549+0000] {processor.py:830} INFO - Processing file /opt/airflow/dags/dag-spark-airflow-s3-ingestion.py for tasks to queue
[2026-03-27T18:22:31.553+0000] {logging_mixin.py:188} INFO - [2026-03-27T18:22:31.552+0000] {dagbag.py:545} INFO - Filling up the DagBag from /opt/airflow/dags/dag-spark-airflow-s3-ingestion.py
[2026-03-27T18:22:31.603+0000] {processor.py:840} INFO - DAG(s) 'spark-airflow-s3-ingestion-dag' retrieved from /opt/airflow/dags/dag-spark-airflow-s3-ingestion.py
[2026-03-27T18:22:31.673+0000] {logging_mixin.py:188} INFO - [2026-03-27T18:22:31.672+0000] {dag.py:3089} INFO - Sync 1 DAGs
[2026-03-27T18:22:31.790+0000] {processor.py:183} INFO - Processing /opt/airflow/dags/dag-spark-airflow-s3-ingestion.py took 0.256 seconds
[2026-03-27T18:23:02.268+0000] {processor.py:161} INFO - Started process (PID=1518) to work on /opt/airflow/dags/dag-spark-airflow-s3-ingestion.py
[2026-03-27T18:23:02.270+0000] {processor.py:830} INFO - Processing file /opt/airflow/dags/dag-spark-airflow-s3-ingestion.py for tasks to queue
[2026-03-27T18:23:02.275+0000] {logging_mixin.py:188} INFO - [2026-03-27T18:23:02.273+0000] {dagbag.py:545} INFO - Filling up the DagBag from /opt/airflow/dags/dag-spark-airflow-s3-ingestion.py
[2026-03-27T18:23:02.328+0000] {processor.py:840} INFO - DAG(s) 'spark-airflow-s3-ingestion-dag' retrieved from /opt/airflow/dags/dag-spark-airflow-s3-ingestion.py
[2026-03-27T18:23:02.396+0000] {logging_mixin.py:188} INFO - [2026-03-27T18:23:02.396+0000] {dag.py:3089} INFO - Sync 1 DAGs
[2026-03-27T18:23:02.499+0000] {processor.py:183} INFO - Processing /opt/airflow/dags/dag-spark-airflow-s3-ingestion.py took 0.248 seconds
[2026-03-27T18:23:33.129+0000] {processor.py:161} INFO - Started process (PID=1758) to work on /opt/airflow/dags/dag-spark-airflow-s3-ingestion.py
[2026-03-27T18:23:33.132+0000] {processor.py:830} INFO - Processing file /opt/airflow/dags/dag-spark-airflow-s3-ingestion.py for tasks to queue
[2026-03-27T18:23:33.139+0000] {logging_mixin.py:188} INFO - [2026-03-27T18:23:33.138+0000] {dagbag.py:545} INFO - Filling up the DagBag from /opt/airflow/dags/dag-spark-airflow-s3-ingestion.py
[2026-03-27T18:23:33.205+0000] {processor.py:840} INFO - DAG(s) 'spark-airflow-s3-ingestion-dag' retrieved from /opt/airflow/dags/dag-spark-airflow-s3-ingestion.py
[2026-03-27T18:23:33.303+0000] {logging_mixin.py:188} INFO - [2026-03-27T18:23:33.302+0000] {dag.py:3089} INFO - Sync 1 DAGs
[2026-03-27T18:23:33.484+0000] {processor.py:183} INFO - Processing /opt/airflow/dags/dag-spark-airflow-s3-ingestion.py took 0.375 seconds
[2026-03-27T18:24:03.645+0000] {processor.py:161} INFO - Started process (PID=3377) to work on /opt/airflow/dags/dag-spark-airflow-s3-ingestion.py
[2026-03-27T18:24:03.649+0000] {processor.py:830} INFO - Processing file /opt/airflow/dags/dag-spark-airflow-s3-ingestion.py for tasks to queue
[2026-03-27T18:24:03.654+0000] {logging_mixin.py:188} INFO - [2026-03-27T18:24:03.653+0000] {dagbag.py:545} INFO - Filling up the DagBag from /opt/airflow/dags/dag-spark-airflow-s3-ingestion.py
[2026-03-27T18:24:03.732+0000] {processor.py:840} INFO - DAG(s) 'spark-airflow-s3-ingestion-dag' retrieved from /opt/airflow/dags/dag-spark-airflow-s3-ingestion.py
[2026-03-27T18:24:03.812+0000] {logging_mixin.py:188} INFO - [2026-03-27T18:24:03.811+0000] {dag.py:3089} INFO - Sync 1 DAGs
[2026-03-27T18:24:03.907+0000] {processor.py:183} INFO - Processing /opt/airflow/dags/dag-spark-airflow-s3-ingestion.py took 0.278 seconds
[2026-03-27T18:24:34.167+0000] {processor.py:161} INFO - Started process (PID=3406) to work on /opt/airflow/dags/dag-spark-airflow-s3-ingestion.py
[2026-03-27T18:24:34.170+0000] {processor.py:830} INFO - Processing file /opt/airflow/dags/dag-spark-airflow-s3-ingestion.py for tasks to queue
[2026-03-27T18:24:34.174+0000] {logging_mixin.py:188} INFO - [2026-03-27T18:24:34.173+0000] {dagbag.py:545} INFO - Filling up the DagBag from /opt/airflow/dags/dag-spark-airflow-s3-ingestion.py
[2026-03-27T18:24:34.226+0000] {processor.py:840} INFO - DAG(s) 'spark-airflow-s3-ingestion-dag' retrieved from /opt/airflow/dags/dag-spark-airflow-s3-ingestion.py
[2026-03-27T18:24:34.302+0000] {logging_mixin.py:188} INFO - [2026-03-27T18:24:34.301+0000] {dag.py:3089} INFO - Sync 1 DAGs
[2026-03-27T18:24:34.412+0000] {processor.py:183} INFO - Processing /opt/airflow/dags/dag-spark-airflow-s3-ingestion.py took 0.257 seconds
[2026-03-27T18:25:04.808+0000] {processor.py:161} INFO - Started process (PID=3431) to work on /opt/airflow/dags/dag-spark-airflow-s3-ingestion.py
[2026-03-27T18:25:04.810+0000] {processor.py:830} INFO - Processing file /opt/airflow/dags/dag-spark-airflow-s3-ingestion.py for tasks to queue
[2026-03-27T18:25:04.815+0000] {logging_mixin.py:188} INFO - [2026-03-27T18:25:04.814+0000] {dagbag.py:545} INFO - Filling up the DagBag from /opt/airflow/dags/dag-spark-airflow-s3-ingestion.py
[2026-03-27T18:25:04.866+0000] {processor.py:840} INFO - DAG(s) 'spark-airflow-s3-ingestion-dag' retrieved from /opt/airflow/dags/dag-spark-airflow-s3-ingestion.py
[2026-03-27T18:25:04.928+0000] {logging_mixin.py:188} INFO - [2026-03-27T18:25:04.928+0000] {dag.py:3089} INFO - Sync 1 DAGs
[2026-03-27T18:25:05.042+0000] {processor.py:183} INFO - Processing /opt/airflow/dags/dag-spark-airflow-s3-ingestion.py took 0.249 seconds
[2026-03-27T18:25:35.463+0000] {processor.py:161} INFO - Started process (PID=3456) to work on /opt/airflow/dags/dag-spark-airflow-s3-ingestion.py
[2026-03-27T18:25:35.467+0000] {processor.py:830} INFO - Processing file /opt/airflow/dags/dag-spark-airflow-s3-ingestion.py for tasks to queue
[2026-03-27T18:25:35.475+0000] {logging_mixin.py:188} INFO - [2026-03-27T18:25:35.474+0000] {dagbag.py:545} INFO - Filling up the DagBag from /opt/airflow/dags/dag-spark-airflow-s3-ingestion.py
[2026-03-27T18:25:35.535+0000] {processor.py:840} INFO - DAG(s) 'spark-airflow-s3-ingestion-dag' retrieved from /opt/airflow/dags/dag-spark-airflow-s3-ingestion.py
[2026-03-27T18:25:35.596+0000] {logging_mixin.py:188} INFO - [2026-03-27T18:25:35.595+0000] {dag.py:3089} INFO - Sync 1 DAGs
[2026-03-27T18:25:35.685+0000] {processor.py:183} INFO - Processing /opt/airflow/dags/dag-spark-airflow-s3-ingestion.py took 0.251 seconds
[2026-03-27T18:26:06.214+0000] {processor.py:161} INFO - Started process (PID=3481) to work on /opt/airflow/dags/dag-spark-airflow-s3-ingestion.py
[2026-03-27T18:26:06.216+0000] {processor.py:830} INFO - Processing file /opt/airflow/dags/dag-spark-airflow-s3-ingestion.py for tasks to queue
[2026-03-27T18:26:06.224+0000] {logging_mixin.py:188} INFO - [2026-03-27T18:26:06.224+0000] {dagbag.py:545} INFO - Filling up the DagBag from /opt/airflow/dags/dag-spark-airflow-s3-ingestion.py
[2026-03-27T18:26:06.281+0000] {processor.py:840} INFO - DAG(s) 'spark-airflow-s3-ingestion-dag' retrieved from /opt/airflow/dags/dag-spark-airflow-s3-ingestion.py
[2026-03-27T18:26:06.348+0000] {logging_mixin.py:188} INFO - [2026-03-27T18:26:06.348+0000] {dag.py:3089} INFO - Sync 1 DAGs
[2026-03-27T18:26:06.458+0000] {processor.py:183} INFO - Processing /opt/airflow/dags/dag-spark-airflow-s3-ingestion.py took 0.260 seconds
[2026-03-27T18:26:36.991+0000] {processor.py:161} INFO - Started process (PID=3516) to work on /opt/airflow/dags/dag-spark-airflow-s3-ingestion.py
[2026-03-27T18:26:36.994+0000] {processor.py:830} INFO - Processing file /opt/airflow/dags/dag-spark-airflow-s3-ingestion.py for tasks to queue
[2026-03-27T18:26:36.998+0000] {logging_mixin.py:188} INFO - [2026-03-27T18:26:36.997+0000] {dagbag.py:545} INFO - Filling up the DagBag from /opt/airflow/dags/dag-spark-airflow-s3-ingestion.py
[2026-03-27T18:26:37.054+0000] {processor.py:840} INFO - DAG(s) 'spark-airflow-s3-ingestion-dag' retrieved from /opt/airflow/dags/dag-spark-airflow-s3-ingestion.py
[2026-03-27T18:26:37.124+0000] {logging_mixin.py:188} INFO - [2026-03-27T18:26:37.123+0000] {dag.py:3089} INFO - Sync 1 DAGs
[2026-03-27T18:26:37.217+0000] {processor.py:183} INFO - Processing /opt/airflow/dags/dag-spark-airflow-s3-ingestion.py took 0.244 seconds
[2026-03-27T18:27:07.998+0000] {processor.py:161} INFO - Started process (PID=3541) to work on /opt/airflow/dags/dag-spark-airflow-s3-ingestion.py
[2026-03-27T18:27:08.001+0000] {processor.py:830} INFO - Processing file /opt/airflow/dags/dag-spark-airflow-s3-ingestion.py for tasks to queue
[2026-03-27T18:27:08.008+0000] {logging_mixin.py:188} INFO - [2026-03-27T18:27:08.007+0000] {dagbag.py:545} INFO - Filling up the DagBag from /opt/airflow/dags/dag-spark-airflow-s3-ingestion.py
[2026-03-27T18:27:08.087+0000] {processor.py:840} INFO - DAG(s) 'spark-airflow-s3-ingestion-dag' retrieved from /opt/airflow/dags/dag-spark-airflow-s3-ingestion.py
[2026-03-27T18:27:08.167+0000] {logging_mixin.py:188} INFO - [2026-03-27T18:27:08.166+0000] {dag.py:3089} INFO - Sync 1 DAGs
[2026-03-27T18:27:08.293+0000] {processor.py:183} INFO - Processing /opt/airflow/dags/dag-spark-airflow-s3-ingestion.py took 0.320 seconds
[2026-03-27T18:27:38.466+0000] {processor.py:161} INFO - Started process (PID=4764) to work on /opt/airflow/dags/dag-spark-airflow-s3-ingestion.py
[2026-03-27T18:27:38.470+0000] {processor.py:830} INFO - Processing file /opt/airflow/dags/dag-spark-airflow-s3-ingestion.py for tasks to queue
[2026-03-27T18:27:38.476+0000] {logging_mixin.py:188} INFO - [2026-03-27T18:27:38.475+0000] {dagbag.py:545} INFO - Filling up the DagBag from /opt/airflow/dags/dag-spark-airflow-s3-ingestion.py
[2026-03-27T18:27:38.535+0000] {processor.py:840} INFO - DAG(s) 'spark-airflow-s3-ingestion-dag' retrieved from /opt/airflow/dags/dag-spark-airflow-s3-ingestion.py
[2026-03-27T18:27:38.620+0000] {logging_mixin.py:188} INFO - [2026-03-27T18:27:38.619+0000] {dag.py:3089} INFO - Sync 1 DAGs
[2026-03-27T18:27:38.738+0000] {processor.py:183} INFO - Processing /opt/airflow/dags/dag-spark-airflow-s3-ingestion.py took 0.293 seconds
[2026-03-27T18:28:08.940+0000] {processor.py:161} INFO - Started process (PID=5482) to work on /opt/airflow/dags/dag-spark-airflow-s3-ingestion.py
[2026-03-27T18:28:08.943+0000] {processor.py:830} INFO - Processing file /opt/airflow/dags/dag-spark-airflow-s3-ingestion.py for tasks to queue
[2026-03-27T18:28:08.948+0000] {logging_mixin.py:188} INFO - [2026-03-27T18:28:08.948+0000] {dagbag.py:545} INFO - Filling up the DagBag from /opt/airflow/dags/dag-spark-airflow-s3-ingestion.py
[2026-03-27T18:28:09.027+0000] {processor.py:840} INFO - DAG(s) 'spark-airflow-s3-ingestion-dag' retrieved from /opt/airflow/dags/dag-spark-airflow-s3-ingestion.py
[2026-03-27T18:28:09.103+0000] {logging_mixin.py:188} INFO - [2026-03-27T18:28:09.103+0000] {dag.py:3089} INFO - Sync 1 DAGs
[2026-03-27T18:28:09.192+0000] {processor.py:183} INFO - Processing /opt/airflow/dags/dag-spark-airflow-s3-ingestion.py took 0.270 seconds
[2026-03-27T18:28:39.699+0000] {processor.py:161} INFO - Started process (PID=5517) to work on /opt/airflow/dags/dag-spark-airflow-s3-ingestion.py
[2026-03-27T18:28:39.701+0000] {processor.py:830} INFO - Processing file /opt/airflow/dags/dag-spark-airflow-s3-ingestion.py for tasks to queue
[2026-03-27T18:28:39.705+0000] {logging_mixin.py:188} INFO - [2026-03-27T18:28:39.704+0000] {dagbag.py:545} INFO - Filling up the DagBag from /opt/airflow/dags/dag-spark-airflow-s3-ingestion.py
[2026-03-27T18:28:39.752+0000] {processor.py:840} INFO - DAG(s) 'spark-airflow-s3-ingestion-dag' retrieved from /opt/airflow/dags/dag-spark-airflow-s3-ingestion.py
[2026-03-27T18:28:39.805+0000] {logging_mixin.py:188} INFO - [2026-03-27T18:28:39.804+0000] {dag.py:3089} INFO - Sync 1 DAGs
[2026-03-27T18:28:39.913+0000] {processor.py:183} INFO - Processing /opt/airflow/dags/dag-spark-airflow-s3-ingestion.py took 0.224 seconds
[2026-03-27T18:29:10.224+0000] {processor.py:161} INFO - Started process (PID=5570) to work on /opt/airflow/dags/dag-spark-airflow-s3-ingestion.py
[2026-03-27T18:29:10.229+0000] {processor.py:830} INFO - Processing file /opt/airflow/dags/dag-spark-airflow-s3-ingestion.py for tasks to queue
[2026-03-27T18:29:10.239+0000] {logging_mixin.py:188} INFO - [2026-03-27T18:29:10.238+0000] {dagbag.py:545} INFO - Filling up the DagBag from /opt/airflow/dags/dag-spark-airflow-s3-ingestion.py
[2026-03-27T18:29:10.312+0000] {processor.py:840} INFO - DAG(s) 'spark-airflow-s3-ingestion-dag' retrieved from /opt/airflow/dags/dag-spark-airflow-s3-ingestion.py
[2026-03-27T18:29:10.374+0000] {logging_mixin.py:188} INFO - [2026-03-27T18:29:10.374+0000] {dag.py:3089} INFO - Sync 1 DAGs
[2026-03-27T18:29:10.480+0000] {processor.py:183} INFO - Processing /opt/airflow/dags/dag-spark-airflow-s3-ingestion.py took 0.289 seconds
[2026-03-27T18:29:40.759+0000] {processor.py:161} INFO - Started process (PID=5595) to work on /opt/airflow/dags/dag-spark-airflow-s3-ingestion.py
[2026-03-27T18:29:40.761+0000] {processor.py:830} INFO - Processing file /opt/airflow/dags/dag-spark-airflow-s3-ingestion.py for tasks to queue
[2026-03-27T18:29:40.766+0000] {logging_mixin.py:188} INFO - [2026-03-27T18:29:40.765+0000] {dagbag.py:545} INFO - Filling up the DagBag from /opt/airflow/dags/dag-spark-airflow-s3-ingestion.py
[2026-03-27T18:29:40.813+0000] {processor.py:840} INFO - DAG(s) 'spark-airflow-s3-ingestion-dag' retrieved from /opt/airflow/dags/dag-spark-airflow-s3-ingestion.py
[2026-03-27T18:29:40.870+0000] {logging_mixin.py:188} INFO - [2026-03-27T18:29:40.870+0000] {dag.py:3089} INFO - Sync 1 DAGs
[2026-03-27T18:29:40.970+0000] {processor.py:183} INFO - Processing /opt/airflow/dags/dag-spark-airflow-s3-ingestion.py took 0.228 seconds
[2026-03-27T18:30:11.438+0000] {processor.py:161} INFO - Started process (PID=5620) to work on /opt/airflow/dags/dag-spark-airflow-s3-ingestion.py
[2026-03-27T18:30:11.441+0000] {processor.py:830} INFO - Processing file /opt/airflow/dags/dag-spark-airflow-s3-ingestion.py for tasks to queue
[2026-03-27T18:30:11.445+0000] {logging_mixin.py:188} INFO - [2026-03-27T18:30:11.445+0000] {dagbag.py:545} INFO - Filling up the DagBag from /opt/airflow/dags/dag-spark-airflow-s3-ingestion.py
[2026-03-27T18:30:11.493+0000] {processor.py:840} INFO - DAG(s) 'spark-airflow-s3-ingestion-dag' retrieved from /opt/airflow/dags/dag-spark-airflow-s3-ingestion.py
[2026-03-27T18:30:11.560+0000] {logging_mixin.py:188} INFO - [2026-03-27T18:30:11.559+0000] {dag.py:3089} INFO - Sync 1 DAGs
[2026-03-27T18:30:11.687+0000] {processor.py:183} INFO - Processing /opt/airflow/dags/dag-spark-airflow-s3-ingestion.py took 0.262 seconds
[2026-03-27T18:30:42.023+0000] {processor.py:161} INFO - Started process (PID=5645) to work on /opt/airflow/dags/dag-spark-airflow-s3-ingestion.py
[2026-03-27T18:30:42.025+0000] {processor.py:830} INFO - Processing file /opt/airflow/dags/dag-spark-airflow-s3-ingestion.py for tasks to queue
[2026-03-27T18:30:42.029+0000] {logging_mixin.py:188} INFO - [2026-03-27T18:30:42.028+0000] {dagbag.py:545} INFO - Filling up the DagBag from /opt/airflow/dags/dag-spark-airflow-s3-ingestion.py
[2026-03-27T18:30:42.080+0000] {processor.py:840} INFO - DAG(s) 'spark-airflow-s3-ingestion-dag' retrieved from /opt/airflow/dags/dag-spark-airflow-s3-ingestion.py
[2026-03-27T18:30:42.140+0000] {logging_mixin.py:188} INFO - [2026-03-27T18:30:42.139+0000] {dag.py:3089} INFO - Sync 1 DAGs
[2026-03-27T18:30:42.224+0000] {processor.py:183} INFO - Processing /opt/airflow/dags/dag-spark-airflow-s3-ingestion.py took 0.224 seconds
[2026-03-27T18:31:12.679+0000] {processor.py:161} INFO - Started process (PID=5670) to work on /opt/airflow/dags/dag-spark-airflow-s3-ingestion.py
[2026-03-27T18:31:12.681+0000] {processor.py:830} INFO - Processing file /opt/airflow/dags/dag-spark-airflow-s3-ingestion.py for tasks to queue
[2026-03-27T18:31:12.684+0000] {logging_mixin.py:188} INFO - [2026-03-27T18:31:12.684+0000] {dagbag.py:545} INFO - Filling up the DagBag from /opt/airflow/dags/dag-spark-airflow-s3-ingestion.py
[2026-03-27T18:31:12.733+0000] {processor.py:840} INFO - DAG(s) 'spark-airflow-s3-ingestion-dag' retrieved from /opt/airflow/dags/dag-spark-airflow-s3-ingestion.py
[2026-03-27T18:31:12.789+0000] {logging_mixin.py:188} INFO - [2026-03-27T18:31:12.789+0000] {dag.py:3089} INFO - Sync 1 DAGs
[2026-03-27T18:31:12.882+0000] {processor.py:183} INFO - Processing /opt/airflow/dags/dag-spark-airflow-s3-ingestion.py took 0.217 seconds
[2026-03-27T18:31:43.339+0000] {processor.py:161} INFO - Started process (PID=6926) to work on /opt/airflow/dags/dag-spark-airflow-s3-ingestion.py
[2026-03-27T18:31:43.342+0000] {processor.py:830} INFO - Processing file /opt/airflow/dags/dag-spark-airflow-s3-ingestion.py for tasks to queue
[2026-03-27T18:31:43.346+0000] {logging_mixin.py:188} INFO - [2026-03-27T18:31:43.345+0000] {dagbag.py:545} INFO - Filling up the DagBag from /opt/airflow/dags/dag-spark-airflow-s3-ingestion.py
[2026-03-27T18:31:43.398+0000] {processor.py:840} INFO - DAG(s) 'spark-airflow-s3-ingestion-dag' retrieved from /opt/airflow/dags/dag-spark-airflow-s3-ingestion.py
[2026-03-27T18:31:43.482+0000] {logging_mixin.py:188} INFO - [2026-03-27T18:31:43.481+0000] {dag.py:3089} INFO - Sync 1 DAGs
[2026-03-27T18:31:43.552+0000] {logging_mixin.py:188} INFO - [2026-03-27T18:31:43.551+0000] {dag.py:3947} INFO - Setting next_dagrun for spark-airflow-s3-ingestion-dag to 2026-03-27 18:00:00+00:00, run_after=2026-03-27 19:00:00+00:00
[2026-03-27T18:31:43.610+0000] {processor.py:183} INFO - Processing /opt/airflow/dags/dag-spark-airflow-s3-ingestion.py took 0.290 seconds
[2026-03-27T18:32:14.054+0000] {processor.py:161} INFO - Started process (PID=8097) to work on /opt/airflow/dags/dag-spark-airflow-s3-ingestion.py
[2026-03-27T18:32:14.056+0000] {processor.py:830} INFO - Processing file /opt/airflow/dags/dag-spark-airflow-s3-ingestion.py for tasks to queue
[2026-03-27T18:32:14.060+0000] {logging_mixin.py:188} INFO - [2026-03-27T18:32:14.060+0000] {dagbag.py:545} INFO - Filling up the DagBag from /opt/airflow/dags/dag-spark-airflow-s3-ingestion.py
[2026-03-27T18:32:14.111+0000] {processor.py:840} INFO - DAG(s) 'spark-airflow-s3-ingestion-dag' retrieved from /opt/airflow/dags/dag-spark-airflow-s3-ingestion.py
[2026-03-27T18:32:14.181+0000] {logging_mixin.py:188} INFO - [2026-03-27T18:32:14.181+0000] {dag.py:3089} INFO - Sync 1 DAGs
[2026-03-27T18:32:14.245+0000] {logging_mixin.py:188} INFO - [2026-03-27T18:32:14.245+0000] {dag.py:3947} INFO - Setting next_dagrun for spark-airflow-s3-ingestion-dag to 2026-03-27 18:00:00+00:00, run_after=2026-03-27 19:00:00+00:00
[2026-03-27T18:32:14.319+0000] {processor.py:183} INFO - Processing /opt/airflow/dags/dag-spark-airflow-s3-ingestion.py took 0.288 seconds
[2026-03-27T18:32:44.460+0000] {processor.py:161} INFO - Started process (PID=8129) to work on /opt/airflow/dags/dag-spark-airflow-s3-ingestion.py
[2026-03-27T18:32:44.463+0000] {processor.py:830} INFO - Processing file /opt/airflow/dags/dag-spark-airflow-s3-ingestion.py for tasks to queue
[2026-03-27T18:32:44.467+0000] {logging_mixin.py:188} INFO - [2026-03-27T18:32:44.466+0000] {dagbag.py:545} INFO - Filling up the DagBag from /opt/airflow/dags/dag-spark-airflow-s3-ingestion.py
[2026-03-27T18:32:44.514+0000] {processor.py:840} INFO - DAG(s) 'spark-airflow-s3-ingestion-dag' retrieved from /opt/airflow/dags/dag-spark-airflow-s3-ingestion.py
[2026-03-27T18:32:44.567+0000] {logging_mixin.py:188} INFO - [2026-03-27T18:32:44.567+0000] {dag.py:3089} INFO - Sync 1 DAGs
[2026-03-27T18:32:44.642+0000] {logging_mixin.py:188} INFO - [2026-03-27T18:32:44.641+0000] {dag.py:3947} INFO - Setting next_dagrun for spark-airflow-s3-ingestion-dag to 2026-03-27 18:00:00+00:00, run_after=2026-03-27 19:00:00+00:00
[2026-03-27T18:32:44.691+0000] {processor.py:183} INFO - Processing /opt/airflow/dags/dag-spark-airflow-s3-ingestion.py took 0.245 seconds
[2026-03-27T18:33:14.946+0000] {processor.py:161} INFO - Started process (PID=8154) to work on /opt/airflow/dags/dag-spark-airflow-s3-ingestion.py
[2026-03-27T18:33:14.948+0000] {processor.py:830} INFO - Processing file /opt/airflow/dags/dag-spark-airflow-s3-ingestion.py for tasks to queue
[2026-03-27T18:33:14.953+0000] {logging_mixin.py:188} INFO - [2026-03-27T18:33:14.952+0000] {dagbag.py:545} INFO - Filling up the DagBag from /opt/airflow/dags/dag-spark-airflow-s3-ingestion.py
[2026-03-27T18:33:15.024+0000] {processor.py:840} INFO - DAG(s) 'spark-airflow-s3-ingestion-dag' retrieved from /opt/airflow/dags/dag-spark-airflow-s3-ingestion.py
[2026-03-27T18:33:15.101+0000] {logging_mixin.py:188} INFO - [2026-03-27T18:33:15.101+0000] {dag.py:3089} INFO - Sync 1 DAGs
[2026-03-27T18:33:15.164+0000] {logging_mixin.py:188} INFO - [2026-03-27T18:33:15.164+0000] {dag.py:3947} INFO - Setting next_dagrun for spark-airflow-s3-ingestion-dag to 2026-03-27 18:00:00+00:00, run_after=2026-03-27 19:00:00+00:00
[2026-03-27T18:33:15.206+0000] {processor.py:183} INFO - Processing /opt/airflow/dags/dag-spark-airflow-s3-ingestion.py took 0.275 seconds
[2026-03-27T18:33:45.482+0000] {processor.py:161} INFO - Started process (PID=8179) to work on /opt/airflow/dags/dag-spark-airflow-s3-ingestion.py
[2026-03-27T18:33:45.487+0000] {processor.py:830} INFO - Processing file /opt/airflow/dags/dag-spark-airflow-s3-ingestion.py for tasks to queue
[2026-03-27T18:33:45.497+0000] {logging_mixin.py:188} INFO - [2026-03-27T18:33:45.495+0000] {dagbag.py:545} INFO - Filling up the DagBag from /opt/airflow/dags/dag-spark-airflow-s3-ingestion.py
[2026-03-27T18:33:45.614+0000] {processor.py:840} INFO - DAG(s) 'spark-airflow-s3-ingestion-dag' retrieved from /opt/airflow/dags/dag-spark-airflow-s3-ingestion.py
[2026-03-27T18:33:45.723+0000] {logging_mixin.py:188} INFO - [2026-03-27T18:33:45.722+0000] {dag.py:3089} INFO - Sync 1 DAGs
[2026-03-27T18:33:45.813+0000] {logging_mixin.py:188} INFO - [2026-03-27T18:33:45.813+0000] {dag.py:3947} INFO - Setting next_dagrun for spark-airflow-s3-ingestion-dag to 2026-03-27 18:00:00+00:00, run_after=2026-03-27 19:00:00+00:00
[2026-03-27T18:33:45.880+0000] {processor.py:183} INFO - Processing /opt/airflow/dags/dag-spark-airflow-s3-ingestion.py took 0.432 seconds
[2026-03-27T18:34:16.515+0000] {processor.py:161} INFO - Started process (PID=8204) to work on /opt/airflow/dags/dag-spark-airflow-s3-ingestion.py
[2026-03-27T18:34:16.520+0000] {processor.py:830} INFO - Processing file /opt/airflow/dags/dag-spark-airflow-s3-ingestion.py for tasks to queue
[2026-03-27T18:34:16.528+0000] {logging_mixin.py:188} INFO - [2026-03-27T18:34:16.527+0000] {dagbag.py:545} INFO - Filling up the DagBag from /opt/airflow/dags/dag-spark-airflow-s3-ingestion.py
[2026-03-27T18:34:16.631+0000] {processor.py:840} INFO - DAG(s) 'spark-airflow-s3-ingestion-dag' retrieved from /opt/airflow/dags/dag-spark-airflow-s3-ingestion.py
[2026-03-27T18:34:16.748+0000] {logging_mixin.py:188} INFO - [2026-03-27T18:34:16.747+0000] {dag.py:3089} INFO - Sync 1 DAGs
[2026-03-27T18:34:16.803+0000] {logging_mixin.py:188} INFO - [2026-03-27T18:34:16.803+0000] {dag.py:3947} INFO - Setting next_dagrun for spark-airflow-s3-ingestion-dag to 2026-03-27 18:00:00+00:00, run_after=2026-03-27 19:00:00+00:00
[2026-03-27T18:34:16.843+0000] {processor.py:183} INFO - Processing /opt/airflow/dags/dag-spark-airflow-s3-ingestion.py took 0.355 seconds
[2026-03-27T18:34:47.236+0000] {processor.py:161} INFO - Started process (PID=8229) to work on /opt/airflow/dags/dag-spark-airflow-s3-ingestion.py
[2026-03-27T18:34:47.239+0000] {processor.py:830} INFO - Processing file /opt/airflow/dags/dag-spark-airflow-s3-ingestion.py for tasks to queue
[2026-03-27T18:34:47.244+0000] {logging_mixin.py:188} INFO - [2026-03-27T18:34:47.243+0000] {dagbag.py:545} INFO - Filling up the DagBag from /opt/airflow/dags/dag-spark-airflow-s3-ingestion.py
[2026-03-27T18:34:47.296+0000] {processor.py:840} INFO - DAG(s) 'spark-airflow-s3-ingestion-dag' retrieved from /opt/airflow/dags/dag-spark-airflow-s3-ingestion.py
[2026-03-27T18:34:47.359+0000] {logging_mixin.py:188} INFO - [2026-03-27T18:34:47.359+0000] {dag.py:3089} INFO - Sync 1 DAGs
[2026-03-27T18:34:47.407+0000] {logging_mixin.py:188} INFO - [2026-03-27T18:34:47.407+0000] {dag.py:3947} INFO - Setting next_dagrun for spark-airflow-s3-ingestion-dag to 2026-03-27 18:00:00+00:00, run_after=2026-03-27 19:00:00+00:00
[2026-03-27T18:34:47.448+0000] {processor.py:183} INFO - Processing /opt/airflow/dags/dag-spark-airflow-s3-ingestion.py took 0.229 seconds
[2026-03-27T18:35:17.872+0000] {processor.py:161} INFO - Started process (PID=8261) to work on /opt/airflow/dags/dag-spark-airflow-s3-ingestion.py
[2026-03-27T18:35:17.875+0000] {processor.py:830} INFO - Processing file /opt/airflow/dags/dag-spark-airflow-s3-ingestion.py for tasks to queue
[2026-03-27T18:35:17.880+0000] {logging_mixin.py:188} INFO - [2026-03-27T18:35:17.879+0000] {dagbag.py:545} INFO - Filling up the DagBag from /opt/airflow/dags/dag-spark-airflow-s3-ingestion.py
[2026-03-27T18:35:17.933+0000] {processor.py:840} INFO - DAG(s) 'spark-airflow-s3-ingestion-dag' retrieved from /opt/airflow/dags/dag-spark-airflow-s3-ingestion.py
[2026-03-27T18:35:17.999+0000] {logging_mixin.py:188} INFO - [2026-03-27T18:35:17.999+0000] {dag.py:3089} INFO - Sync 1 DAGs
[2026-03-27T18:35:18.058+0000] {logging_mixin.py:188} INFO - [2026-03-27T18:35:18.058+0000] {dag.py:3947} INFO - Setting next_dagrun for spark-airflow-s3-ingestion-dag to 2026-03-27 18:00:00+00:00, run_after=2026-03-27 19:00:00+00:00
[2026-03-27T18:35:18.104+0000] {processor.py:183} INFO - Processing /opt/airflow/dags/dag-spark-airflow-s3-ingestion.py took 0.249 seconds
[2026-03-27T18:35:48.314+0000] {processor.py:161} INFO - Started process (PID=9626) to work on /opt/airflow/dags/dag-spark-airflow-s3-ingestion.py
[2026-03-27T18:35:48.318+0000] {processor.py:830} INFO - Processing file /opt/airflow/dags/dag-spark-airflow-s3-ingestion.py for tasks to queue
[2026-03-27T18:35:48.326+0000] {logging_mixin.py:188} INFO - [2026-03-27T18:35:48.324+0000] {dagbag.py:545} INFO - Filling up the DagBag from /opt/airflow/dags/dag-spark-airflow-s3-ingestion.py
[2026-03-27T18:35:48.432+0000] {processor.py:840} INFO - DAG(s) 'spark-airflow-s3-ingestion-dag' retrieved from /opt/airflow/dags/dag-spark-airflow-s3-ingestion.py
[2026-03-27T18:35:48.519+0000] {logging_mixin.py:188} INFO - [2026-03-27T18:35:48.519+0000] {dag.py:3089} INFO - Sync 1 DAGs
[2026-03-27T18:35:48.573+0000] {logging_mixin.py:188} INFO - [2026-03-27T18:35:48.573+0000] {dag.py:3947} INFO - Setting next_dagrun for spark-airflow-s3-ingestion-dag to 2026-03-27 18:00:00+00:00, run_after=2026-03-27 19:00:00+00:00
[2026-03-27T18:35:48.623+0000] {processor.py:183} INFO - Processing /opt/airflow/dags/dag-spark-airflow-s3-ingestion.py took 0.335 seconds
[2026-03-27T18:36:18.815+0000] {processor.py:161} INFO - Started process (PID=10155) to work on /opt/airflow/dags/dag-spark-airflow-s3-ingestion.py
[2026-03-27T18:36:18.818+0000] {processor.py:830} INFO - Processing file /opt/airflow/dags/dag-spark-airflow-s3-ingestion.py for tasks to queue
[2026-03-27T18:36:18.821+0000] {logging_mixin.py:188} INFO - [2026-03-27T18:36:18.821+0000] {dagbag.py:545} INFO - Filling up the DagBag from /opt/airflow/dags/dag-spark-airflow-s3-ingestion.py
[2026-03-27T18:36:18.884+0000] {processor.py:840} INFO - DAG(s) 'spark-airflow-s3-ingestion-dag' retrieved from /opt/airflow/dags/dag-spark-airflow-s3-ingestion.py
[2026-03-27T18:36:18.966+0000] {logging_mixin.py:188} INFO - [2026-03-27T18:36:18.965+0000] {dag.py:3089} INFO - Sync 1 DAGs
[2026-03-27T18:36:19.036+0000] {logging_mixin.py:188} INFO - [2026-03-27T18:36:19.035+0000] {dag.py:3947} INFO - Setting next_dagrun for spark-airflow-s3-ingestion-dag to 2026-03-27 18:00:00+00:00, run_after=2026-03-27 19:00:00+00:00
[2026-03-27T18:36:19.084+0000] {processor.py:183} INFO - Processing /opt/airflow/dags/dag-spark-airflow-s3-ingestion.py took 0.282 seconds
[2026-03-27T18:36:49.409+0000] {processor.py:161} INFO - Started process (PID=10198) to work on /opt/airflow/dags/dag-spark-airflow-s3-ingestion.py
[2026-03-27T18:36:49.412+0000] {processor.py:830} INFO - Processing file /opt/airflow/dags/dag-spark-airflow-s3-ingestion.py for tasks to queue
[2026-03-27T18:36:49.417+0000] {logging_mixin.py:188} INFO - [2026-03-27T18:36:49.416+0000] {dagbag.py:545} INFO - Filling up the DagBag from /opt/airflow/dags/dag-spark-airflow-s3-ingestion.py
[2026-03-27T18:36:49.457+0000] {processor.py:840} INFO - DAG(s) 'spark-airflow-s3-ingestion-dag' retrieved from /opt/airflow/dags/dag-spark-airflow-s3-ingestion.py
[2026-03-27T18:36:49.521+0000] {logging_mixin.py:188} INFO - [2026-03-27T18:36:49.520+0000] {dag.py:3089} INFO - Sync 1 DAGs
[2026-03-27T18:36:49.575+0000] {logging_mixin.py:188} INFO - [2026-03-27T18:36:49.575+0000] {dag.py:3947} INFO - Setting next_dagrun for spark-airflow-s3-ingestion-dag to 2026-03-27 18:00:00+00:00, run_after=2026-03-27 19:00:00+00:00
[2026-03-27T18:36:49.638+0000] {processor.py:183} INFO - Processing /opt/airflow/dags/dag-spark-airflow-s3-ingestion.py took 0.243 seconds
[2026-03-27T18:37:20.144+0000] {processor.py:161} INFO - Started process (PID=10223) to work on /opt/airflow/dags/dag-spark-airflow-s3-ingestion.py
[2026-03-27T18:37:20.147+0000] {processor.py:830} INFO - Processing file /opt/airflow/dags/dag-spark-airflow-s3-ingestion.py for tasks to queue
[2026-03-27T18:37:20.154+0000] {logging_mixin.py:188} INFO - [2026-03-27T18:37:20.153+0000] {dagbag.py:545} INFO - Filling up the DagBag from /opt/airflow/dags/dag-spark-airflow-s3-ingestion.py
[2026-03-27T18:37:20.224+0000] {processor.py:840} INFO - DAG(s) 'spark-airflow-s3-ingestion-dag' retrieved from /opt/airflow/dags/dag-spark-airflow-s3-ingestion.py
[2026-03-27T18:37:20.286+0000] {logging_mixin.py:188} INFO - [2026-03-27T18:37:20.285+0000] {dag.py:3089} INFO - Sync 1 DAGs
[2026-03-27T18:37:20.337+0000] {logging_mixin.py:188} INFO - [2026-03-27T18:37:20.336+0000] {dag.py:3947} INFO - Setting next_dagrun for spark-airflow-s3-ingestion-dag to 2026-03-27 18:00:00+00:00, run_after=2026-03-27 19:00:00+00:00
[2026-03-27T18:37:20.395+0000] {processor.py:183} INFO - Processing /opt/airflow/dags/dag-spark-airflow-s3-ingestion.py took 0.287 seconds
[2026-03-27T18:37:50.553+0000] {processor.py:161} INFO - Started process (PID=10248) to work on /opt/airflow/dags/dag-spark-airflow-s3-ingestion.py
[2026-03-27T18:37:50.555+0000] {processor.py:830} INFO - Processing file /opt/airflow/dags/dag-spark-airflow-s3-ingestion.py for tasks to queue
[2026-03-27T18:37:50.559+0000] {logging_mixin.py:188} INFO - [2026-03-27T18:37:50.558+0000] {dagbag.py:545} INFO - Filling up the DagBag from /opt/airflow/dags/dag-spark-airflow-s3-ingestion.py
[2026-03-27T18:37:50.607+0000] {processor.py:840} INFO - DAG(s) 'spark-airflow-s3-ingestion-dag' retrieved from /opt/airflow/dags/dag-spark-airflow-s3-ingestion.py
[2026-03-27T18:37:50.660+0000] {logging_mixin.py:188} INFO - [2026-03-27T18:37:50.660+0000] {dag.py:3089} INFO - Sync 1 DAGs
[2026-03-27T18:37:50.700+0000] {logging_mixin.py:188} INFO - [2026-03-27T18:37:50.700+0000] {dag.py:3947} INFO - Setting next_dagrun for spark-airflow-s3-ingestion-dag to 2026-03-27 18:00:00+00:00, run_after=2026-03-27 19:00:00+00:00
[2026-03-27T18:37:50.767+0000] {processor.py:183} INFO - Processing /opt/airflow/dags/dag-spark-airflow-s3-ingestion.py took 0.226 seconds
[2026-03-27T18:38:21.084+0000] {processor.py:161} INFO - Started process (PID=10273) to work on /opt/airflow/dags/dag-spark-airflow-s3-ingestion.py
[2026-03-27T18:38:21.092+0000] {processor.py:830} INFO - Processing file /opt/airflow/dags/dag-spark-airflow-s3-ingestion.py for tasks to queue
[2026-03-27T18:38:21.103+0000] {logging_mixin.py:188} INFO - [2026-03-27T18:38:21.101+0000] {dagbag.py:545} INFO - Filling up the DagBag from /opt/airflow/dags/dag-spark-airflow-s3-ingestion.py
[2026-03-27T18:38:21.174+0000] {processor.py:840} INFO - DAG(s) 'spark-airflow-s3-ingestion-dag' retrieved from /opt/airflow/dags/dag-spark-airflow-s3-ingestion.py
[2026-03-27T18:38:21.246+0000] {logging_mixin.py:188} INFO - [2026-03-27T18:38:21.245+0000] {dag.py:3089} INFO - Sync 1 DAGs
[2026-03-27T18:38:21.312+0000] {logging_mixin.py:188} INFO - [2026-03-27T18:38:21.312+0000] {dag.py:3947} INFO - Setting next_dagrun for spark-airflow-s3-ingestion-dag to 2026-03-27 18:00:00+00:00, run_after=2026-03-27 19:00:00+00:00
[2026-03-27T18:38:21.377+0000] {processor.py:183} INFO - Processing /opt/airflow/dags/dag-spark-airflow-s3-ingestion.py took 0.324 seconds
[2026-03-27T18:38:51.613+0000] {processor.py:161} INFO - Started process (PID=10298) to work on /opt/airflow/dags/dag-spark-airflow-s3-ingestion.py
[2026-03-27T18:38:51.616+0000] {processor.py:830} INFO - Processing file /opt/airflow/dags/dag-spark-airflow-s3-ingestion.py for tasks to queue
[2026-03-27T18:38:51.619+0000] {logging_mixin.py:188} INFO - [2026-03-27T18:38:51.619+0000] {dagbag.py:545} INFO - Filling up the DagBag from /opt/airflow/dags/dag-spark-airflow-s3-ingestion.py
[2026-03-27T18:38:51.670+0000] {processor.py:840} INFO - DAG(s) 'spark-airflow-s3-ingestion-dag' retrieved from /opt/airflow/dags/dag-spark-airflow-s3-ingestion.py
[2026-03-27T18:38:51.734+0000] {logging_mixin.py:188} INFO - [2026-03-27T18:38:51.733+0000] {dag.py:3089} INFO - Sync 1 DAGs
[2026-03-27T18:38:51.782+0000] {logging_mixin.py:188} INFO - [2026-03-27T18:38:51.782+0000] {dag.py:3947} INFO - Setting next_dagrun for spark-airflow-s3-ingestion-dag to 2026-03-27 18:00:00+00:00, run_after=2026-03-27 19:00:00+00:00
[2026-03-27T18:38:51.821+0000] {processor.py:183} INFO - Processing /opt/airflow/dags/dag-spark-airflow-s3-ingestion.py took 0.220 seconds
[2026-03-27T18:39:22.097+0000] {processor.py:161} INFO - Started process (PID=10404) to work on /opt/airflow/dags/dag-spark-airflow-s3-ingestion.py
[2026-03-27T18:39:22.099+0000] {processor.py:830} INFO - Processing file /opt/airflow/dags/dag-spark-airflow-s3-ingestion.py for tasks to queue
[2026-03-27T18:39:22.103+0000] {logging_mixin.py:188} INFO - [2026-03-27T18:39:22.102+0000] {dagbag.py:545} INFO - Filling up the DagBag from /opt/airflow/dags/dag-spark-airflow-s3-ingestion.py
[2026-03-27T18:39:22.150+0000] {processor.py:840} INFO - DAG(s) 'spark-airflow-s3-ingestion-dag' retrieved from /opt/airflow/dags/dag-spark-airflow-s3-ingestion.py
[2026-03-27T18:39:22.206+0000] {logging_mixin.py:188} INFO - [2026-03-27T18:39:22.206+0000] {dag.py:3089} INFO - Sync 1 DAGs
[2026-03-27T18:39:22.266+0000] {logging_mixin.py:188} INFO - [2026-03-27T18:39:22.265+0000] {dag.py:3947} INFO - Setting next_dagrun for spark-airflow-s3-ingestion-dag to 2026-03-27 18:00:00+00:00, run_after=2026-03-27 19:00:00+00:00
[2026-03-27T18:39:22.319+0000] {processor.py:183} INFO - Processing /opt/airflow/dags/dag-spark-airflow-s3-ingestion.py took 0.235 seconds
[2026-03-27T18:39:52.725+0000] {processor.py:161} INFO - Started process (PID=12142) to work on /opt/airflow/dags/dag-spark-airflow-s3-ingestion.py
[2026-03-27T18:39:52.728+0000] {processor.py:830} INFO - Processing file /opt/airflow/dags/dag-spark-airflow-s3-ingestion.py for tasks to queue
[2026-03-27T18:39:52.734+0000] {logging_mixin.py:188} INFO - [2026-03-27T18:39:52.733+0000] {dagbag.py:545} INFO - Filling up the DagBag from /opt/airflow/dags/dag-spark-airflow-s3-ingestion.py
[2026-03-27T18:39:52.806+0000] {processor.py:840} INFO - DAG(s) 'spark-airflow-s3-ingestion-dag' retrieved from /opt/airflow/dags/dag-spark-airflow-s3-ingestion.py
[2026-03-27T18:39:52.868+0000] {logging_mixin.py:188} INFO - [2026-03-27T18:39:52.867+0000] {dag.py:3089} INFO - Sync 1 DAGs
[2026-03-27T18:39:52.924+0000] {logging_mixin.py:188} INFO - [2026-03-27T18:39:52.923+0000] {dag.py:3947} INFO - Setting next_dagrun for spark-airflow-s3-ingestion-dag to 2026-03-27 18:00:00+00:00, run_after=2026-03-27 19:00:00+00:00
[2026-03-27T18:39:52.969+0000] {processor.py:183} INFO - Processing /opt/airflow/dags/dag-spark-airflow-s3-ingestion.py took 0.269 seconds
[2026-03-27T18:40:23.214+0000] {processor.py:161} INFO - Started process (PID=12227) to work on /opt/airflow/dags/dag-spark-airflow-s3-ingestion.py
[2026-03-27T18:40:23.216+0000] {processor.py:830} INFO - Processing file /opt/airflow/dags/dag-spark-airflow-s3-ingestion.py for tasks to queue
[2026-03-27T18:40:23.220+0000] {logging_mixin.py:188} INFO - [2026-03-27T18:40:23.219+0000] {dagbag.py:545} INFO - Filling up the DagBag from /opt/airflow/dags/dag-spark-airflow-s3-ingestion.py
[2026-03-27T18:40:23.271+0000] {processor.py:840} INFO - DAG(s) 'spark-airflow-s3-ingestion-dag' retrieved from /opt/airflow/dags/dag-spark-airflow-s3-ingestion.py
[2026-03-27T18:40:23.334+0000] {logging_mixin.py:188} INFO - [2026-03-27T18:40:23.333+0000] {dag.py:3089} INFO - Sync 1 DAGs
[2026-03-27T18:40:23.387+0000] {logging_mixin.py:188} INFO - [2026-03-27T18:40:23.386+0000] {dag.py:3947} INFO - Setting next_dagrun for spark-airflow-s3-ingestion-dag to 2026-03-27 18:00:00+00:00, run_after=2026-03-27 19:00:00+00:00
[2026-03-27T18:40:23.428+0000] {processor.py:183} INFO - Processing /opt/airflow/dags/dag-spark-airflow-s3-ingestion.py took 0.229 seconds
[2026-03-27T18:40:53.673+0000] {processor.py:161} INFO - Started process (PID=12252) to work on /opt/airflow/dags/dag-spark-airflow-s3-ingestion.py
[2026-03-27T18:40:53.675+0000] {processor.py:830} INFO - Processing file /opt/airflow/dags/dag-spark-airflow-s3-ingestion.py for tasks to queue
[2026-03-27T18:40:53.680+0000] {logging_mixin.py:188} INFO - [2026-03-27T18:40:53.679+0000] {dagbag.py:545} INFO - Filling up the DagBag from /opt/airflow/dags/dag-spark-airflow-s3-ingestion.py
[2026-03-27T18:40:53.727+0000] {processor.py:840} INFO - DAG(s) 'spark-airflow-s3-ingestion-dag' retrieved from /opt/airflow/dags/dag-spark-airflow-s3-ingestion.py
[2026-03-27T18:40:53.798+0000] {logging_mixin.py:188} INFO - [2026-03-27T18:40:53.797+0000] {dag.py:3089} INFO - Sync 1 DAGs
[2026-03-27T18:40:53.870+0000] {logging_mixin.py:188} INFO - [2026-03-27T18:40:53.869+0000] {dag.py:3947} INFO - Setting next_dagrun for spark-airflow-s3-ingestion-dag to 2026-03-27 18:00:00+00:00, run_after=2026-03-27 19:00:00+00:00
[2026-03-27T18:40:53.926+0000] {processor.py:183} INFO - Processing /opt/airflow/dags/dag-spark-airflow-s3-ingestion.py took 0.268 seconds
[2026-03-27T18:41:24.126+0000] {processor.py:161} INFO - Started process (PID=12277) to work on /opt/airflow/dags/dag-spark-airflow-s3-ingestion.py
[2026-03-27T18:41:24.128+0000] {processor.py:830} INFO - Processing file /opt/airflow/dags/dag-spark-airflow-s3-ingestion.py for tasks to queue
[2026-03-27T18:41:24.132+0000] {logging_mixin.py:188} INFO - [2026-03-27T18:41:24.131+0000] {dagbag.py:545} INFO - Filling up the DagBag from /opt/airflow/dags/dag-spark-airflow-s3-ingestion.py
[2026-03-27T18:41:24.180+0000] {processor.py:840} INFO - DAG(s) 'spark-airflow-s3-ingestion-dag' retrieved from /opt/airflow/dags/dag-spark-airflow-s3-ingestion.py
[2026-03-27T18:41:24.233+0000] {logging_mixin.py:188} INFO - [2026-03-27T18:41:24.233+0000] {dag.py:3089} INFO - Sync 1 DAGs
[2026-03-27T18:41:24.279+0000] {logging_mixin.py:188} INFO - [2026-03-27T18:41:24.279+0000] {dag.py:3947} INFO - Setting next_dagrun for spark-airflow-s3-ingestion-dag to 2026-03-27 18:00:00+00:00, run_after=2026-03-27 19:00:00+00:00
[2026-03-27T18:41:24.318+0000] {processor.py:183} INFO - Processing /opt/airflow/dags/dag-spark-airflow-s3-ingestion.py took 0.207 seconds
[2026-03-27T18:41:54.560+0000] {processor.py:161} INFO - Started process (PID=12302) to work on /opt/airflow/dags/dag-spark-airflow-s3-ingestion.py
[2026-03-27T18:41:54.562+0000] {processor.py:830} INFO - Processing file /opt/airflow/dags/dag-spark-airflow-s3-ingestion.py for tasks to queue
[2026-03-27T18:41:54.567+0000] {logging_mixin.py:188} INFO - [2026-03-27T18:41:54.566+0000] {dagbag.py:545} INFO - Filling up the DagBag from /opt/airflow/dags/dag-spark-airflow-s3-ingestion.py
[2026-03-27T18:41:54.616+0000] {processor.py:840} INFO - DAG(s) 'spark-airflow-s3-ingestion-dag' retrieved from /opt/airflow/dags/dag-spark-airflow-s3-ingestion.py
[2026-03-27T18:41:54.673+0000] {logging_mixin.py:188} INFO - [2026-03-27T18:41:54.673+0000] {dag.py:3089} INFO - Sync 1 DAGs
[2026-03-27T18:41:54.720+0000] {logging_mixin.py:188} INFO - [2026-03-27T18:41:54.719+0000] {dag.py:3947} INFO - Setting next_dagrun for spark-airflow-s3-ingestion-dag to 2026-03-27 18:00:00+00:00, run_after=2026-03-27 19:00:00+00:00
[2026-03-27T18:41:54.778+0000] {processor.py:183} INFO - Processing /opt/airflow/dags/dag-spark-airflow-s3-ingestion.py took 0.232 seconds
[2026-03-27T18:42:25.143+0000] {processor.py:161} INFO - Started process (PID=12327) to work on /opt/airflow/dags/dag-spark-airflow-s3-ingestion.py
[2026-03-27T18:42:25.147+0000] {processor.py:830} INFO - Processing file /opt/airflow/dags/dag-spark-airflow-s3-ingestion.py for tasks to queue
[2026-03-27T18:42:25.152+0000] {logging_mixin.py:188} INFO - [2026-03-27T18:42:25.152+0000] {dagbag.py:545} INFO - Filling up the DagBag from /opt/airflow/dags/dag-spark-airflow-s3-ingestion.py
[2026-03-27T18:42:25.214+0000] {processor.py:840} INFO - DAG(s) 'spark-airflow-s3-ingestion-dag' retrieved from /opt/airflow/dags/dag-spark-airflow-s3-ingestion.py
[2026-03-27T18:42:25.278+0000] {logging_mixin.py:188} INFO - [2026-03-27T18:42:25.278+0000] {dag.py:3089} INFO - Sync 1 DAGs
[2026-03-27T18:42:25.328+0000] {logging_mixin.py:188} INFO - [2026-03-27T18:42:25.327+0000] {dag.py:3947} INFO - Setting next_dagrun for spark-airflow-s3-ingestion-dag to 2026-03-27 18:00:00+00:00, run_after=2026-03-27 19:00:00+00:00
[2026-03-27T18:42:25.370+0000] {processor.py:183} INFO - Processing /opt/airflow/dags/dag-spark-airflow-s3-ingestion.py took 0.253 seconds
[2026-03-27T18:42:55.587+0000] {processor.py:161} INFO - Started process (PID=12352) to work on /opt/airflow/dags/dag-spark-airflow-s3-ingestion.py
[2026-03-27T18:42:55.592+0000] {processor.py:830} INFO - Processing file /opt/airflow/dags/dag-spark-airflow-s3-ingestion.py for tasks to queue
[2026-03-27T18:42:55.602+0000] {logging_mixin.py:188} INFO - [2026-03-27T18:42:55.600+0000] {dagbag.py:545} INFO - Filling up the DagBag from /opt/airflow/dags/dag-spark-airflow-s3-ingestion.py
[2026-03-27T18:42:55.733+0000] {processor.py:840} INFO - DAG(s) 'spark-airflow-s3-ingestion-dag' retrieved from /opt/airflow/dags/dag-spark-airflow-s3-ingestion.py
[2026-03-27T18:42:55.793+0000] {logging_mixin.py:188} INFO - [2026-03-27T18:42:55.793+0000] {dag.py:3089} INFO - Sync 1 DAGs
[2026-03-27T18:42:55.833+0000] {logging_mixin.py:188} INFO - [2026-03-27T18:42:55.832+0000] {dag.py:3947} INFO - Setting next_dagrun for spark-airflow-s3-ingestion-dag to 2026-03-27 18:00:00+00:00, run_after=2026-03-27 19:00:00+00:00
[2026-03-27T18:42:55.896+0000] {processor.py:183} INFO - Processing /opt/airflow/dags/dag-spark-airflow-s3-ingestion.py took 0.341 seconds
[2026-03-27T18:43:26.355+0000] {processor.py:161} INFO - Started process (PID=13188) to work on /opt/airflow/dags/dag-spark-airflow-s3-ingestion.py
[2026-03-27T18:43:26.358+0000] {processor.py:830} INFO - Processing file /opt/airflow/dags/dag-spark-airflow-s3-ingestion.py for tasks to queue
[2026-03-27T18:43:26.363+0000] {logging_mixin.py:188} INFO - [2026-03-27T18:43:26.362+0000] {dagbag.py:545} INFO - Filling up the DagBag from /opt/airflow/dags/dag-spark-airflow-s3-ingestion.py
[2026-03-27T18:43:26.429+0000] {processor.py:840} INFO - DAG(s) 'spark-airflow-s3-ingestion-dag' retrieved from /opt/airflow/dags/dag-spark-airflow-s3-ingestion.py
[2026-03-27T18:43:26.497+0000] {logging_mixin.py:188} INFO - [2026-03-27T18:43:26.497+0000] {dag.py:3089} INFO - Sync 1 DAGs
[2026-03-27T18:43:26.556+0000] {logging_mixin.py:188} INFO - [2026-03-27T18:43:26.556+0000] {dag.py:3947} INFO - Setting next_dagrun for spark-airflow-s3-ingestion-dag to 2026-03-27 18:00:00+00:00, run_after=2026-03-27 19:00:00+00:00
[2026-03-27T18:43:26.618+0000] {processor.py:183} INFO - Processing /opt/airflow/dags/dag-spark-airflow-s3-ingestion.py took 0.279 seconds
[2026-03-27T18:43:56.711+0000] {processor.py:161} INFO - Started process (PID=14196) to work on /opt/airflow/dags/dag-spark-airflow-s3-ingestion.py
[2026-03-27T18:43:56.713+0000] {processor.py:830} INFO - Processing file /opt/airflow/dags/dag-spark-airflow-s3-ingestion.py for tasks to queue
[2026-03-27T18:43:56.718+0000] {logging_mixin.py:188} INFO - [2026-03-27T18:43:56.717+0000] {dagbag.py:545} INFO - Filling up the DagBag from /opt/airflow/dags/dag-spark-airflow-s3-ingestion.py
[2026-03-27T18:43:56.770+0000] {processor.py:840} INFO - DAG(s) 'spark-airflow-s3-ingestion-dag' retrieved from /opt/airflow/dags/dag-spark-airflow-s3-ingestion.py
[2026-03-27T18:43:56.836+0000] {logging_mixin.py:188} INFO - [2026-03-27T18:43:56.835+0000] {dag.py:3089} INFO - Sync 1 DAGs
[2026-03-27T18:43:56.893+0000] {logging_mixin.py:188} INFO - [2026-03-27T18:43:56.893+0000] {dag.py:3947} INFO - Setting next_dagrun for spark-airflow-s3-ingestion-dag to 2026-03-27 18:00:00+00:00, run_after=2026-03-27 19:00:00+00:00
[2026-03-27T18:43:56.964+0000] {processor.py:183} INFO - Processing /opt/airflow/dags/dag-spark-airflow-s3-ingestion.py took 0.267 seconds
[2026-03-27T18:44:27.751+0000] {processor.py:161} INFO - Started process (PID=14248) to work on /opt/airflow/dags/dag-spark-airflow-s3-ingestion.py
[2026-03-27T18:44:27.757+0000] {processor.py:830} INFO - Processing file /opt/airflow/dags/dag-spark-airflow-s3-ingestion.py for tasks to queue
[2026-03-27T18:44:27.768+0000] {logging_mixin.py:188} INFO - [2026-03-27T18:44:27.766+0000] {dagbag.py:545} INFO - Filling up the DagBag from /opt/airflow/dags/dag-spark-airflow-s3-ingestion.py
[2026-03-27T18:44:27.864+0000] {processor.py:840} INFO - DAG(s) 'spark-airflow-s3-ingestion-dag' retrieved from /opt/airflow/dags/dag-spark-airflow-s3-ingestion.py
[2026-03-27T18:44:27.967+0000] {logging_mixin.py:188} INFO - [2026-03-27T18:44:27.966+0000] {dag.py:3089} INFO - Sync 1 DAGs
[2026-03-27T18:44:28.070+0000] {logging_mixin.py:188} INFO - [2026-03-27T18:44:28.070+0000] {dag.py:3947} INFO - Setting next_dagrun for spark-airflow-s3-ingestion-dag to 2026-03-27 18:00:00+00:00, run_after=2026-03-27 19:00:00+00:00
[2026-03-27T18:44:28.123+0000] {processor.py:183} INFO - Processing /opt/airflow/dags/dag-spark-airflow-s3-ingestion.py took 0.405 seconds
[2026-03-27T18:44:58.841+0000] {processor.py:161} INFO - Started process (PID=14273) to work on /opt/airflow/dags/dag-spark-airflow-s3-ingestion.py
[2026-03-27T18:44:58.846+0000] {processor.py:830} INFO - Processing file /opt/airflow/dags/dag-spark-airflow-s3-ingestion.py for tasks to queue
[2026-03-27T18:44:58.855+0000] {logging_mixin.py:188} INFO - [2026-03-27T18:44:58.853+0000] {dagbag.py:545} INFO - Filling up the DagBag from /opt/airflow/dags/dag-spark-airflow-s3-ingestion.py
[2026-03-27T18:44:58.966+0000] {processor.py:840} INFO - DAG(s) 'spark-airflow-s3-ingestion-dag' retrieved from /opt/airflow/dags/dag-spark-airflow-s3-ingestion.py
[2026-03-27T18:44:59.101+0000] {logging_mixin.py:188} INFO - [2026-03-27T18:44:59.100+0000] {dag.py:3089} INFO - Sync 1 DAGs
[2026-03-27T18:44:59.179+0000] {logging_mixin.py:188} INFO - [2026-03-27T18:44:59.179+0000] {dag.py:3947} INFO - Setting next_dagrun for spark-airflow-s3-ingestion-dag to 2026-03-27 18:00:00+00:00, run_after=2026-03-27 19:00:00+00:00
[2026-03-27T18:44:59.263+0000] {processor.py:183} INFO - Processing /opt/airflow/dags/dag-spark-airflow-s3-ingestion.py took 0.454 seconds
[2026-03-27T18:45:30.037+0000] {processor.py:161} INFO - Started process (PID=14298) to work on /opt/airflow/dags/dag-spark-airflow-s3-ingestion.py
[2026-03-27T18:45:30.042+0000] {processor.py:830} INFO - Processing file /opt/airflow/dags/dag-spark-airflow-s3-ingestion.py for tasks to queue
[2026-03-27T18:45:30.052+0000] {logging_mixin.py:188} INFO - [2026-03-27T18:45:30.050+0000] {dagbag.py:545} INFO - Filling up the DagBag from /opt/airflow/dags/dag-spark-airflow-s3-ingestion.py
[2026-03-27T18:45:30.182+0000] {processor.py:840} INFO - DAG(s) 'spark-airflow-s3-ingestion-dag' retrieved from /opt/airflow/dags/dag-spark-airflow-s3-ingestion.py
[2026-03-27T18:45:30.297+0000] {logging_mixin.py:188} INFO - [2026-03-27T18:45:30.296+0000] {dag.py:3089} INFO - Sync 1 DAGs
[2026-03-27T18:45:30.381+0000] {logging_mixin.py:188} INFO - [2026-03-27T18:45:30.380+0000] {dag.py:3947} INFO - Setting next_dagrun for spark-airflow-s3-ingestion-dag to 2026-03-27 18:00:00+00:00, run_after=2026-03-27 19:00:00+00:00
[2026-03-27T18:45:30.449+0000] {processor.py:183} INFO - Processing /opt/airflow/dags/dag-spark-airflow-s3-ingestion.py took 0.446 seconds
[2026-03-27T18:46:00.783+0000] {processor.py:161} INFO - Started process (PID=14323) to work on /opt/airflow/dags/dag-spark-airflow-s3-ingestion.py
[2026-03-27T18:46:00.788+0000] {processor.py:830} INFO - Processing file /opt/airflow/dags/dag-spark-airflow-s3-ingestion.py for tasks to queue
[2026-03-27T18:46:00.794+0000] {logging_mixin.py:188} INFO - [2026-03-27T18:46:00.793+0000] {dagbag.py:545} INFO - Filling up the DagBag from /opt/airflow/dags/dag-spark-airflow-s3-ingestion.py
[2026-03-27T18:46:00.877+0000] {processor.py:840} INFO - DAG(s) 'spark-airflow-s3-ingestion-dag' retrieved from /opt/airflow/dags/dag-spark-airflow-s3-ingestion.py
[2026-03-27T18:46:00.940+0000] {logging_mixin.py:188} INFO - [2026-03-27T18:46:00.939+0000] {dag.py:3089} INFO - Sync 1 DAGs
[2026-03-27T18:46:00.988+0000] {logging_mixin.py:188} INFO - [2026-03-27T18:46:00.987+0000] {dag.py:3947} INFO - Setting next_dagrun for spark-airflow-s3-ingestion-dag to 2026-03-27 18:00:00+00:00, run_after=2026-03-27 19:00:00+00:00
[2026-03-27T18:46:01.029+0000] {processor.py:183} INFO - Processing /opt/airflow/dags/dag-spark-airflow-s3-ingestion.py took 0.269 seconds
[2026-03-27T18:46:31.799+0000] {processor.py:161} INFO - Started process (PID=14348) to work on /opt/airflow/dags/dag-spark-airflow-s3-ingestion.py
[2026-03-27T18:46:31.805+0000] {processor.py:830} INFO - Processing file /opt/airflow/dags/dag-spark-airflow-s3-ingestion.py for tasks to queue
[2026-03-27T18:46:31.818+0000] {logging_mixin.py:188} INFO - [2026-03-27T18:46:31.815+0000] {dagbag.py:545} INFO - Filling up the DagBag from /opt/airflow/dags/dag-spark-airflow-s3-ingestion.py
[2026-03-27T18:46:31.936+0000] {processor.py:840} INFO - DAG(s) 'spark-airflow-s3-ingestion-dag' retrieved from /opt/airflow/dags/dag-spark-airflow-s3-ingestion.py
[2026-03-27T18:46:32.082+0000] {logging_mixin.py:188} INFO - [2026-03-27T18:46:32.081+0000] {dag.py:3089} INFO - Sync 1 DAGs
[2026-03-27T18:46:32.145+0000] {logging_mixin.py:188} INFO - [2026-03-27T18:46:32.145+0000] {dag.py:3947} INFO - Setting next_dagrun for spark-airflow-s3-ingestion-dag to 2026-03-27 18:00:00+00:00, run_after=2026-03-27 19:00:00+00:00
[2026-03-27T18:46:32.189+0000] {processor.py:183} INFO - Processing /opt/airflow/dags/dag-spark-airflow-s3-ingestion.py took 0.427 seconds
[2026-03-27T18:47:02.790+0000] {processor.py:161} INFO - Started process (PID=14373) to work on /opt/airflow/dags/dag-spark-airflow-s3-ingestion.py
[2026-03-27T18:47:02.796+0000] {processor.py:830} INFO - Processing file /opt/airflow/dags/dag-spark-airflow-s3-ingestion.py for tasks to queue
[2026-03-27T18:47:02.808+0000] {logging_mixin.py:188} INFO - [2026-03-27T18:47:02.806+0000] {dagbag.py:545} INFO - Filling up the DagBag from /opt/airflow/dags/dag-spark-airflow-s3-ingestion.py
[2026-03-27T18:47:02.918+0000] {processor.py:840} INFO - DAG(s) 'spark-airflow-s3-ingestion-dag' retrieved from /opt/airflow/dags/dag-spark-airflow-s3-ingestion.py
[2026-03-27T18:47:03.017+0000] {logging_mixin.py:188} INFO - [2026-03-27T18:47:03.016+0000] {dag.py:3089} INFO - Sync 1 DAGs
[2026-03-27T18:47:03.095+0000] {logging_mixin.py:188} INFO - [2026-03-27T18:47:03.095+0000] {dag.py:3947} INFO - Setting next_dagrun for spark-airflow-s3-ingestion-dag to 2026-03-27 18:00:00+00:00, run_after=2026-03-27 19:00:00+00:00
[2026-03-27T18:47:03.141+0000] {processor.py:183} INFO - Processing /opt/airflow/dags/dag-spark-airflow-s3-ingestion.py took 0.384 seconds
[2026-03-27T18:47:33.619+0000] {processor.py:161} INFO - Started process (PID=15358) to work on /opt/airflow/dags/dag-spark-airflow-s3-ingestion.py
[2026-03-27T18:47:33.624+0000] {processor.py:830} INFO - Processing file /opt/airflow/dags/dag-spark-airflow-s3-ingestion.py for tasks to queue
[2026-03-27T18:47:33.634+0000] {logging_mixin.py:188} INFO - [2026-03-27T18:47:33.631+0000] {dagbag.py:545} INFO - Filling up the DagBag from /opt/airflow/dags/dag-spark-airflow-s3-ingestion.py
[2026-03-27T18:47:33.733+0000] {processor.py:840} INFO - DAG(s) 'spark-airflow-s3-ingestion-dag' retrieved from /opt/airflow/dags/dag-spark-airflow-s3-ingestion.py
[2026-03-27T18:47:33.855+0000] {logging_mixin.py:188} INFO - [2026-03-27T18:47:33.854+0000] {dag.py:3089} INFO - Sync 1 DAGs
[2026-03-27T18:47:33.998+0000] {logging_mixin.py:188} INFO - [2026-03-27T18:47:33.997+0000] {dag.py:3947} INFO - Setting next_dagrun for spark-airflow-s3-ingestion-dag to 2026-03-27 18:00:00+00:00, run_after=2026-03-27 19:00:00+00:00
[2026-03-27T18:47:34.108+0000] {processor.py:183} INFO - Processing /opt/airflow/dags/dag-spark-airflow-s3-ingestion.py took 0.515 seconds
[2026-03-27T18:48:04.710+0000] {processor.py:161} INFO - Started process (PID=15989) to work on /opt/airflow/dags/dag-spark-airflow-s3-ingestion.py
[2026-03-27T18:48:04.715+0000] {processor.py:830} INFO - Processing file /opt/airflow/dags/dag-spark-airflow-s3-ingestion.py for tasks to queue
[2026-03-27T18:48:04.728+0000] {logging_mixin.py:188} INFO - [2026-03-27T18:48:04.726+0000] {dagbag.py:545} INFO - Filling up the DagBag from /opt/airflow/dags/dag-spark-airflow-s3-ingestion.py
[2026-03-27T18:48:04.853+0000] {processor.py:840} INFO - DAG(s) 'spark-airflow-s3-ingestion-dag' retrieved from /opt/airflow/dags/dag-spark-airflow-s3-ingestion.py
[2026-03-27T18:48:04.977+0000] {logging_mixin.py:188} INFO - [2026-03-27T18:48:04.977+0000] {dag.py:3089} INFO - Sync 1 DAGs
[2026-03-27T18:48:05.063+0000] {logging_mixin.py:188} INFO - [2026-03-27T18:48:05.062+0000] {dag.py:3947} INFO - Setting next_dagrun for spark-airflow-s3-ingestion-dag to 2026-03-27 18:00:00+00:00, run_after=2026-03-27 19:00:00+00:00
[2026-03-27T18:48:05.133+0000] {processor.py:183} INFO - Processing /opt/airflow/dags/dag-spark-airflow-s3-ingestion.py took 0.454 seconds
[2026-03-27T18:48:35.354+0000] {processor.py:161} INFO - Started process (PID=16022) to work on /opt/airflow/dags/dag-spark-airflow-s3-ingestion.py
[2026-03-27T18:48:35.359+0000] {processor.py:830} INFO - Processing file /opt/airflow/dags/dag-spark-airflow-s3-ingestion.py for tasks to queue
[2026-03-27T18:48:35.366+0000] {logging_mixin.py:188} INFO - [2026-03-27T18:48:35.365+0000] {dagbag.py:545} INFO - Filling up the DagBag from /opt/airflow/dags/dag-spark-airflow-s3-ingestion.py
[2026-03-27T18:48:35.457+0000] {processor.py:840} INFO - DAG(s) 'spark-airflow-s3-ingestion-dag' retrieved from /opt/airflow/dags/dag-spark-airflow-s3-ingestion.py
[2026-03-27T18:48:35.582+0000] {logging_mixin.py:188} INFO - [2026-03-27T18:48:35.581+0000] {dag.py:3089} INFO - Sync 1 DAGs
[2026-03-27T18:48:35.675+0000] {logging_mixin.py:188} INFO - [2026-03-27T18:48:35.674+0000] {dag.py:3947} INFO - Setting next_dagrun for spark-airflow-s3-ingestion-dag to 2026-03-27 18:00:00+00:00, run_after=2026-03-27 19:00:00+00:00
[2026-03-27T18:48:35.753+0000] {processor.py:183} INFO - Processing /opt/airflow/dags/dag-spark-airflow-s3-ingestion.py took 0.422 seconds
[2026-03-27T18:49:06.425+0000] {processor.py:161} INFO - Started process (PID=16047) to work on /opt/airflow/dags/dag-spark-airflow-s3-ingestion.py
[2026-03-27T18:49:06.430+0000] {processor.py:830} INFO - Processing file /opt/airflow/dags/dag-spark-airflow-s3-ingestion.py for tasks to queue
[2026-03-27T18:49:06.439+0000] {logging_mixin.py:188} INFO - [2026-03-27T18:49:06.438+0000] {dagbag.py:545} INFO - Filling up the DagBag from /opt/airflow/dags/dag-spark-airflow-s3-ingestion.py
[2026-03-27T18:49:06.550+0000] {processor.py:840} INFO - DAG(s) 'spark-airflow-s3-ingestion-dag' retrieved from /opt/airflow/dags/dag-spark-airflow-s3-ingestion.py
[2026-03-27T18:49:06.730+0000] {logging_mixin.py:188} INFO - [2026-03-27T18:49:06.729+0000] {dag.py:3089} INFO - Sync 1 DAGs
[2026-03-27T18:49:06.862+0000] {logging_mixin.py:188} INFO - [2026-03-27T18:49:06.861+0000] {dag.py:3947} INFO - Setting next_dagrun for spark-airflow-s3-ingestion-dag to 2026-03-27 18:00:00+00:00, run_after=2026-03-27 19:00:00+00:00
[2026-03-27T18:49:06.969+0000] {processor.py:183} INFO - Processing /opt/airflow/dags/dag-spark-airflow-s3-ingestion.py took 0.576 seconds
[2026-03-27T18:49:37.422+0000] {processor.py:161} INFO - Started process (PID=16072) to work on /opt/airflow/dags/dag-spark-airflow-s3-ingestion.py
[2026-03-27T18:49:37.426+0000] {processor.py:830} INFO - Processing file /opt/airflow/dags/dag-spark-airflow-s3-ingestion.py for tasks to queue
[2026-03-27T18:49:37.433+0000] {logging_mixin.py:188} INFO - [2026-03-27T18:49:37.432+0000] {dagbag.py:545} INFO - Filling up the DagBag from /opt/airflow/dags/dag-spark-airflow-s3-ingestion.py
[2026-03-27T18:49:37.532+0000] {processor.py:840} INFO - DAG(s) 'spark-airflow-s3-ingestion-dag' retrieved from /opt/airflow/dags/dag-spark-airflow-s3-ingestion.py
[2026-03-27T18:49:37.655+0000] {logging_mixin.py:188} INFO - [2026-03-27T18:49:37.654+0000] {dag.py:3089} INFO - Sync 1 DAGs
[2026-03-27T18:49:37.739+0000] {logging_mixin.py:188} INFO - [2026-03-27T18:49:37.739+0000] {dag.py:3947} INFO - Setting next_dagrun for spark-airflow-s3-ingestion-dag to 2026-03-27 18:00:00+00:00, run_after=2026-03-27 19:00:00+00:00
[2026-03-27T18:49:37.797+0000] {processor.py:183} INFO - Processing /opt/airflow/dags/dag-spark-airflow-s3-ingestion.py took 0.399 seconds
[2026-03-27T18:50:08.479+0000] {processor.py:161} INFO - Started process (PID=16097) to work on /opt/airflow/dags/dag-spark-airflow-s3-ingestion.py
[2026-03-27T18:50:08.486+0000] {processor.py:830} INFO - Processing file /opt/airflow/dags/dag-spark-airflow-s3-ingestion.py for tasks to queue
[2026-03-27T18:50:08.497+0000] {logging_mixin.py:188} INFO - [2026-03-27T18:50:08.495+0000] {dagbag.py:545} INFO - Filling up the DagBag from /opt/airflow/dags/dag-spark-airflow-s3-ingestion.py
[2026-03-27T18:50:08.580+0000] {processor.py:840} INFO - DAG(s) 'spark-airflow-s3-ingestion-dag' retrieved from /opt/airflow/dags/dag-spark-airflow-s3-ingestion.py
[2026-03-27T18:50:08.676+0000] {logging_mixin.py:188} INFO - [2026-03-27T18:50:08.675+0000] {dag.py:3089} INFO - Sync 1 DAGs
[2026-03-27T18:50:08.770+0000] {logging_mixin.py:188} INFO - [2026-03-27T18:50:08.769+0000] {dag.py:3947} INFO - Setting next_dagrun for spark-airflow-s3-ingestion-dag to 2026-03-27 18:00:00+00:00, run_after=2026-03-27 19:00:00+00:00
[2026-03-27T18:50:08.895+0000] {processor.py:183} INFO - Processing /opt/airflow/dags/dag-spark-airflow-s3-ingestion.py took 0.453 seconds
[2026-03-27T18:50:39.524+0000] {processor.py:161} INFO - Started process (PID=16122) to work on /opt/airflow/dags/dag-spark-airflow-s3-ingestion.py
[2026-03-27T18:50:39.528+0000] {processor.py:830} INFO - Processing file /opt/airflow/dags/dag-spark-airflow-s3-ingestion.py for tasks to queue
[2026-03-27T18:50:39.536+0000] {logging_mixin.py:188} INFO - [2026-03-27T18:50:39.534+0000] {dagbag.py:545} INFO - Filling up the DagBag from /opt/airflow/dags/dag-spark-airflow-s3-ingestion.py
[2026-03-27T18:50:39.624+0000] {processor.py:840} INFO - DAG(s) 'spark-airflow-s3-ingestion-dag' retrieved from /opt/airflow/dags/dag-spark-airflow-s3-ingestion.py
[2026-03-27T18:50:39.775+0000] {logging_mixin.py:188} INFO - [2026-03-27T18:50:39.773+0000] {dag.py:3089} INFO - Sync 1 DAGs
[2026-03-27T18:50:39.864+0000] {logging_mixin.py:188} INFO - [2026-03-27T18:50:39.864+0000] {dag.py:3947} INFO - Setting next_dagrun for spark-airflow-s3-ingestion-dag to 2026-03-27 18:00:00+00:00, run_after=2026-03-27 19:00:00+00:00
[2026-03-27T18:50:39.902+0000] {processor.py:183} INFO - Processing /opt/airflow/dags/dag-spark-airflow-s3-ingestion.py took 0.402 seconds
[2026-03-27T18:51:10.181+0000] {processor.py:161} INFO - Started process (PID=16202) to work on /opt/airflow/dags/dag-spark-airflow-s3-ingestion.py
[2026-03-27T18:51:10.186+0000] {processor.py:830} INFO - Processing file /opt/airflow/dags/dag-spark-airflow-s3-ingestion.py for tasks to queue
[2026-03-27T18:51:10.195+0000] {logging_mixin.py:188} INFO - [2026-03-27T18:51:10.194+0000] {dagbag.py:545} INFO - Filling up the DagBag from /opt/airflow/dags/dag-spark-airflow-s3-ingestion.py
[2026-03-27T18:51:10.308+0000] {processor.py:840} INFO - DAG(s) 'spark-airflow-s3-ingestion-dag' retrieved from /opt/airflow/dags/dag-spark-airflow-s3-ingestion.py
[2026-03-27T18:51:10.437+0000] {logging_mixin.py:188} INFO - [2026-03-27T18:51:10.436+0000] {dag.py:3089} INFO - Sync 1 DAGs
[2026-03-27T18:51:10.547+0000] {logging_mixin.py:188} INFO - [2026-03-27T18:51:10.545+0000] {dag.py:3947} INFO - Setting next_dagrun for spark-airflow-s3-ingestion-dag to 2026-03-27 18:00:00+00:00, run_after=2026-03-27 19:00:00+00:00
[2026-03-27T18:51:10.683+0000] {processor.py:183} INFO - Processing /opt/airflow/dags/dag-spark-airflow-s3-ingestion.py took 0.538 seconds
[2026-03-27T18:51:41.066+0000] {processor.py:161} INFO - Started process (PID=17722) to work on /opt/airflow/dags/dag-spark-airflow-s3-ingestion.py
[2026-03-27T18:51:41.072+0000] {processor.py:830} INFO - Processing file /opt/airflow/dags/dag-spark-airflow-s3-ingestion.py for tasks to queue
[2026-03-27T18:51:41.081+0000] {logging_mixin.py:188} INFO - [2026-03-27T18:51:41.079+0000] {dagbag.py:545} INFO - Filling up the DagBag from /opt/airflow/dags/dag-spark-airflow-s3-ingestion.py
[2026-03-27T18:51:41.179+0000] {processor.py:840} INFO - DAG(s) 'spark-airflow-s3-ingestion-dag' retrieved from /opt/airflow/dags/dag-spark-airflow-s3-ingestion.py
[2026-03-27T18:51:41.304+0000] {logging_mixin.py:188} INFO - [2026-03-27T18:51:41.303+0000] {dag.py:3089} INFO - Sync 1 DAGs
[2026-03-27T18:51:41.409+0000] {logging_mixin.py:188} INFO - [2026-03-27T18:51:41.409+0000] {dag.py:3947} INFO - Setting next_dagrun for spark-airflow-s3-ingestion-dag to 2026-03-27 18:00:00+00:00, run_after=2026-03-27 19:00:00+00:00
[2026-03-27T18:51:41.513+0000] {processor.py:183} INFO - Processing /opt/airflow/dags/dag-spark-airflow-s3-ingestion.py took 0.476 seconds
[2026-03-27T18:52:12.112+0000] {processor.py:161} INFO - Started process (PID=17893) to work on /opt/airflow/dags/dag-spark-airflow-s3-ingestion.py
[2026-03-27T18:52:12.117+0000] {processor.py:830} INFO - Processing file /opt/airflow/dags/dag-spark-airflow-s3-ingestion.py for tasks to queue
[2026-03-27T18:52:12.126+0000] {logging_mixin.py:188} INFO - [2026-03-27T18:52:12.124+0000] {dagbag.py:545} INFO - Filling up the DagBag from /opt/airflow/dags/dag-spark-airflow-s3-ingestion.py
[2026-03-27T18:52:12.254+0000] {processor.py:840} INFO - DAG(s) 'spark-airflow-s3-ingestion-dag' retrieved from /opt/airflow/dags/dag-spark-airflow-s3-ingestion.py
[2026-03-27T18:52:12.413+0000] {logging_mixin.py:188} INFO - [2026-03-27T18:52:12.412+0000] {dag.py:3089} INFO - Sync 1 DAGs
[2026-03-27T18:52:12.472+0000] {logging_mixin.py:188} INFO - [2026-03-27T18:52:12.472+0000] {dag.py:3947} INFO - Setting next_dagrun for spark-airflow-s3-ingestion-dag to 2026-03-27 18:00:00+00:00, run_after=2026-03-27 19:00:00+00:00
[2026-03-27T18:52:12.514+0000] {processor.py:183} INFO - Processing /opt/airflow/dags/dag-spark-airflow-s3-ingestion.py took 0.432 seconds
[2026-03-27T18:52:43.126+0000] {processor.py:161} INFO - Started process (PID=17918) to work on /opt/airflow/dags/dag-spark-airflow-s3-ingestion.py
[2026-03-27T18:52:43.130+0000] {processor.py:830} INFO - Processing file /opt/airflow/dags/dag-spark-airflow-s3-ingestion.py for tasks to queue
[2026-03-27T18:52:43.140+0000] {logging_mixin.py:188} INFO - [2026-03-27T18:52:43.138+0000] {dagbag.py:545} INFO - Filling up the DagBag from /opt/airflow/dags/dag-spark-airflow-s3-ingestion.py
[2026-03-27T18:52:43.244+0000] {processor.py:840} INFO - DAG(s) 'spark-airflow-s3-ingestion-dag' retrieved from /opt/airflow/dags/dag-spark-airflow-s3-ingestion.py
[2026-03-27T18:52:43.396+0000] {logging_mixin.py:188} INFO - [2026-03-27T18:52:43.394+0000] {dag.py:3089} INFO - Sync 1 DAGs
[2026-03-27T18:52:43.522+0000] {logging_mixin.py:188} INFO - [2026-03-27T18:52:43.521+0000] {dag.py:3947} INFO - Setting next_dagrun for spark-airflow-s3-ingestion-dag to 2026-03-27 18:00:00+00:00, run_after=2026-03-27 19:00:00+00:00
[2026-03-27T18:52:43.619+0000] {processor.py:183} INFO - Processing /opt/airflow/dags/dag-spark-airflow-s3-ingestion.py took 0.524 seconds
[2026-03-27T18:53:14.148+0000] {processor.py:161} INFO - Started process (PID=17943) to work on /opt/airflow/dags/dag-spark-airflow-s3-ingestion.py
[2026-03-27T18:53:14.154+0000] {processor.py:830} INFO - Processing file /opt/airflow/dags/dag-spark-airflow-s3-ingestion.py for tasks to queue
[2026-03-27T18:53:14.164+0000] {logging_mixin.py:188} INFO - [2026-03-27T18:53:14.163+0000] {dagbag.py:545} INFO - Filling up the DagBag from /opt/airflow/dags/dag-spark-airflow-s3-ingestion.py
[2026-03-27T18:53:14.284+0000] {processor.py:840} INFO - DAG(s) 'spark-airflow-s3-ingestion-dag' retrieved from /opt/airflow/dags/dag-spark-airflow-s3-ingestion.py
[2026-03-27T18:53:14.452+0000] {logging_mixin.py:188} INFO - [2026-03-27T18:53:14.451+0000] {dag.py:3089} INFO - Sync 1 DAGs
[2026-03-27T18:53:14.592+0000] {logging_mixin.py:188} INFO - [2026-03-27T18:53:14.591+0000] {dag.py:3947} INFO - Setting next_dagrun for spark-airflow-s3-ingestion-dag to 2026-03-27 18:00:00+00:00, run_after=2026-03-27 19:00:00+00:00
[2026-03-27T18:53:14.644+0000] {processor.py:183} INFO - Processing /opt/airflow/dags/dag-spark-airflow-s3-ingestion.py took 0.525 seconds
[2026-03-27T18:53:44.797+0000] {processor.py:161} INFO - Started process (PID=17968) to work on /opt/airflow/dags/dag-spark-airflow-s3-ingestion.py
[2026-03-27T18:53:44.799+0000] {processor.py:830} INFO - Processing file /opt/airflow/dags/dag-spark-airflow-s3-ingestion.py for tasks to queue
[2026-03-27T18:53:44.804+0000] {logging_mixin.py:188} INFO - [2026-03-27T18:53:44.803+0000] {dagbag.py:545} INFO - Filling up the DagBag from /opt/airflow/dags/dag-spark-airflow-s3-ingestion.py
[2026-03-27T18:53:44.848+0000] {processor.py:840} INFO - DAG(s) 'spark-airflow-s3-ingestion-dag' retrieved from /opt/airflow/dags/dag-spark-airflow-s3-ingestion.py
[2026-03-27T18:53:44.901+0000] {logging_mixin.py:188} INFO - [2026-03-27T18:53:44.901+0000] {dag.py:3089} INFO - Sync 1 DAGs
[2026-03-27T18:53:44.957+0000] {logging_mixin.py:188} INFO - [2026-03-27T18:53:44.956+0000] {dag.py:3947} INFO - Setting next_dagrun for spark-airflow-s3-ingestion-dag to 2026-03-27 18:00:00+00:00, run_after=2026-03-27 19:00:00+00:00
[2026-03-27T18:53:45.033+0000] {processor.py:183} INFO - Processing /opt/airflow/dags/dag-spark-airflow-s3-ingestion.py took 0.258 seconds
[2026-03-27T18:54:15.667+0000] {processor.py:161} INFO - Started process (PID=17993) to work on /opt/airflow/dags/dag-spark-airflow-s3-ingestion.py
[2026-03-27T18:54:15.672+0000] {processor.py:830} INFO - Processing file /opt/airflow/dags/dag-spark-airflow-s3-ingestion.py for tasks to queue
[2026-03-27T18:54:15.681+0000] {logging_mixin.py:188} INFO - [2026-03-27T18:54:15.679+0000] {dagbag.py:545} INFO - Filling up the DagBag from /opt/airflow/dags/dag-spark-airflow-s3-ingestion.py
[2026-03-27T18:54:15.799+0000] {processor.py:840} INFO - DAG(s) 'spark-airflow-s3-ingestion-dag' retrieved from /opt/airflow/dags/dag-spark-airflow-s3-ingestion.py
[2026-03-27T18:54:15.896+0000] {logging_mixin.py:188} INFO - [2026-03-27T18:54:15.896+0000] {dag.py:3089} INFO - Sync 1 DAGs
[2026-03-27T18:54:15.970+0000] {logging_mixin.py:188} INFO - [2026-03-27T18:54:15.970+0000] {dag.py:3947} INFO - Setting next_dagrun for spark-airflow-s3-ingestion-dag to 2026-03-27 18:00:00+00:00, run_after=2026-03-27 19:00:00+00:00
[2026-03-27T18:54:16.040+0000] {processor.py:183} INFO - Processing /opt/airflow/dags/dag-spark-airflow-s3-ingestion.py took 0.405 seconds
[2026-03-27T18:54:46.561+0000] {processor.py:161} INFO - Started process (PID=18018) to work on /opt/airflow/dags/dag-spark-airflow-s3-ingestion.py
[2026-03-27T18:54:46.564+0000] {processor.py:830} INFO - Processing file /opt/airflow/dags/dag-spark-airflow-s3-ingestion.py for tasks to queue
[2026-03-27T18:54:46.569+0000] {logging_mixin.py:188} INFO - [2026-03-27T18:54:46.568+0000] {dagbag.py:545} INFO - Filling up the DagBag from /opt/airflow/dags/dag-spark-airflow-s3-ingestion.py
[2026-03-27T18:54:46.615+0000] {processor.py:840} INFO - DAG(s) 'spark-airflow-s3-ingestion-dag' retrieved from /opt/airflow/dags/dag-spark-airflow-s3-ingestion.py
[2026-03-27T18:54:46.673+0000] {logging_mixin.py:188} INFO - [2026-03-27T18:54:46.672+0000] {dag.py:3089} INFO - Sync 1 DAGs
[2026-03-27T18:54:46.725+0000] {logging_mixin.py:188} INFO - [2026-03-27T18:54:46.725+0000] {dag.py:3947} INFO - Setting next_dagrun for spark-airflow-s3-ingestion-dag to 2026-03-27 18:00:00+00:00, run_after=2026-03-27 19:00:00+00:00
[2026-03-27T18:54:46.783+0000] {processor.py:183} INFO - Processing /opt/airflow/dags/dag-spark-airflow-s3-ingestion.py took 0.241 seconds
[2026-03-27T18:55:17.157+0000] {processor.py:161} INFO - Started process (PID=18614) to work on /opt/airflow/dags/dag-spark-airflow-s3-ingestion.py
[2026-03-27T18:55:17.160+0000] {processor.py:830} INFO - Processing file /opt/airflow/dags/dag-spark-airflow-s3-ingestion.py for tasks to queue
[2026-03-27T18:55:17.165+0000] {logging_mixin.py:188} INFO - [2026-03-27T18:55:17.164+0000] {dagbag.py:545} INFO - Filling up the DagBag from /opt/airflow/dags/dag-spark-airflow-s3-ingestion.py
[2026-03-27T18:55:17.220+0000] {processor.py:840} INFO - DAG(s) 'spark-airflow-s3-ingestion-dag' retrieved from /opt/airflow/dags/dag-spark-airflow-s3-ingestion.py
[2026-03-27T18:55:17.295+0000] {logging_mixin.py:188} INFO - [2026-03-27T18:55:17.294+0000] {dag.py:3089} INFO - Sync 1 DAGs
[2026-03-27T18:55:17.345+0000] {logging_mixin.py:188} INFO - [2026-03-27T18:55:17.344+0000] {dag.py:3947} INFO - Setting next_dagrun for spark-airflow-s3-ingestion-dag to 2026-03-27 18:00:00+00:00, run_after=2026-03-27 19:00:00+00:00
[2026-03-27T18:55:17.387+0000] {processor.py:183} INFO - Processing /opt/airflow/dags/dag-spark-airflow-s3-ingestion.py took 0.252 seconds
[2026-03-27T18:55:47.839+0000] {processor.py:161} INFO - Started process (PID=19710) to work on /opt/airflow/dags/dag-spark-airflow-s3-ingestion.py
[2026-03-27T18:55:47.844+0000] {processor.py:830} INFO - Processing file /opt/airflow/dags/dag-spark-airflow-s3-ingestion.py for tasks to queue
[2026-03-27T18:55:47.855+0000] {logging_mixin.py:188} INFO - [2026-03-27T18:55:47.853+0000] {dagbag.py:545} INFO - Filling up the DagBag from /opt/airflow/dags/dag-spark-airflow-s3-ingestion.py
[2026-03-27T18:55:47.948+0000] {processor.py:840} INFO - DAG(s) 'spark-airflow-s3-ingestion-dag' retrieved from /opt/airflow/dags/dag-spark-airflow-s3-ingestion.py
[2026-03-27T18:55:48.012+0000] {logging_mixin.py:188} INFO - [2026-03-27T18:55:48.011+0000] {dag.py:3089} INFO - Sync 1 DAGs
[2026-03-27T18:55:48.066+0000] {logging_mixin.py:188} INFO - [2026-03-27T18:55:48.066+0000] {dag.py:3947} INFO - Setting next_dagrun for spark-airflow-s3-ingestion-dag to 2026-03-27 18:00:00+00:00, run_after=2026-03-27 19:00:00+00:00
[2026-03-27T18:55:48.139+0000] {processor.py:183} INFO - Processing /opt/airflow/dags/dag-spark-airflow-s3-ingestion.py took 0.328 seconds
[2026-03-27T18:56:18.841+0000] {processor.py:161} INFO - Started process (PID=19749) to work on /opt/airflow/dags/dag-spark-airflow-s3-ingestion.py
[2026-03-27T18:56:18.846+0000] {processor.py:830} INFO - Processing file /opt/airflow/dags/dag-spark-airflow-s3-ingestion.py for tasks to queue
[2026-03-27T18:56:18.856+0000] {logging_mixin.py:188} INFO - [2026-03-27T18:56:18.855+0000] {dagbag.py:545} INFO - Filling up the DagBag from /opt/airflow/dags/dag-spark-airflow-s3-ingestion.py
[2026-03-27T18:56:18.967+0000] {processor.py:840} INFO - DAG(s) 'spark-airflow-s3-ingestion-dag' retrieved from /opt/airflow/dags/dag-spark-airflow-s3-ingestion.py
[2026-03-27T18:56:19.096+0000] {logging_mixin.py:188} INFO - [2026-03-27T18:56:19.095+0000] {dag.py:3089} INFO - Sync 1 DAGs
[2026-03-27T18:56:19.210+0000] {logging_mixin.py:188} INFO - [2026-03-27T18:56:19.209+0000] {dag.py:3947} INFO - Setting next_dagrun for spark-airflow-s3-ingestion-dag to 2026-03-27 18:00:00+00:00, run_after=2026-03-27 19:00:00+00:00
[2026-03-27T18:56:19.296+0000] {processor.py:183} INFO - Processing /opt/airflow/dags/dag-spark-airflow-s3-ingestion.py took 0.487 seconds
[2026-03-27T18:56:50.074+0000] {processor.py:161} INFO - Started process (PID=19774) to work on /opt/airflow/dags/dag-spark-airflow-s3-ingestion.py
[2026-03-27T18:56:50.079+0000] {processor.py:830} INFO - Processing file /opt/airflow/dags/dag-spark-airflow-s3-ingestion.py for tasks to queue
[2026-03-27T18:56:50.088+0000] {logging_mixin.py:188} INFO - [2026-03-27T18:56:50.086+0000] {dagbag.py:545} INFO - Filling up the DagBag from /opt/airflow/dags/dag-spark-airflow-s3-ingestion.py
[2026-03-27T18:56:50.192+0000] {processor.py:840} INFO - DAG(s) 'spark-airflow-s3-ingestion-dag' retrieved from /opt/airflow/dags/dag-spark-airflow-s3-ingestion.py
[2026-03-27T18:56:50.335+0000] {logging_mixin.py:188} INFO - [2026-03-27T18:56:50.333+0000] {dag.py:3089} INFO - Sync 1 DAGs
[2026-03-27T18:56:50.442+0000] {logging_mixin.py:188} INFO - [2026-03-27T18:56:50.441+0000] {dag.py:3947} INFO - Setting next_dagrun for spark-airflow-s3-ingestion-dag to 2026-03-27 18:00:00+00:00, run_after=2026-03-27 19:00:00+00:00
[2026-03-27T18:56:50.525+0000] {processor.py:183} INFO - Processing /opt/airflow/dags/dag-spark-airflow-s3-ingestion.py took 0.483 seconds
[2026-03-27T18:57:21.040+0000] {processor.py:161} INFO - Started process (PID=19799) to work on /opt/airflow/dags/dag-spark-airflow-s3-ingestion.py
[2026-03-27T18:57:21.042+0000] {processor.py:830} INFO - Processing file /opt/airflow/dags/dag-spark-airflow-s3-ingestion.py for tasks to queue
[2026-03-27T18:57:21.048+0000] {logging_mixin.py:188} INFO - [2026-03-27T18:57:21.047+0000] {dagbag.py:545} INFO - Filling up the DagBag from /opt/airflow/dags/dag-spark-airflow-s3-ingestion.py
[2026-03-27T18:57:21.146+0000] {processor.py:840} INFO - DAG(s) 'spark-airflow-s3-ingestion-dag' retrieved from /opt/airflow/dags/dag-spark-airflow-s3-ingestion.py
[2026-03-27T18:57:21.224+0000] {logging_mixin.py:188} INFO - [2026-03-27T18:57:21.224+0000] {dag.py:3089} INFO - Sync 1 DAGs
[2026-03-27T18:57:21.290+0000] {logging_mixin.py:188} INFO - [2026-03-27T18:57:21.289+0000] {dag.py:3947} INFO - Setting next_dagrun for spark-airflow-s3-ingestion-dag to 2026-03-27 18:00:00+00:00, run_after=2026-03-27 19:00:00+00:00
[2026-03-27T18:57:21.379+0000] {processor.py:183} INFO - Processing /opt/airflow/dags/dag-spark-airflow-s3-ingestion.py took 0.355 seconds
[2026-03-27T18:57:51.618+0000] {processor.py:161} INFO - Started process (PID=19824) to work on /opt/airflow/dags/dag-spark-airflow-s3-ingestion.py
[2026-03-27T18:57:51.622+0000] {processor.py:830} INFO - Processing file /opt/airflow/dags/dag-spark-airflow-s3-ingestion.py for tasks to queue
[2026-03-27T18:57:51.630+0000] {logging_mixin.py:188} INFO - [2026-03-27T18:57:51.629+0000] {dagbag.py:545} INFO - Filling up the DagBag from /opt/airflow/dags/dag-spark-airflow-s3-ingestion.py
[2026-03-27T18:57:51.749+0000] {processor.py:840} INFO - DAG(s) 'spark-airflow-s3-ingestion-dag' retrieved from /opt/airflow/dags/dag-spark-airflow-s3-ingestion.py
[2026-03-27T18:57:51.882+0000] {logging_mixin.py:188} INFO - [2026-03-27T18:57:51.881+0000] {dag.py:3089} INFO - Sync 1 DAGs
[2026-03-27T18:57:52.016+0000] {logging_mixin.py:188} INFO - [2026-03-27T18:57:52.016+0000] {dag.py:3947} INFO - Setting next_dagrun for spark-airflow-s3-ingestion-dag to 2026-03-27 18:00:00+00:00, run_after=2026-03-27 19:00:00+00:00
[2026-03-27T18:57:52.102+0000] {processor.py:183} INFO - Processing /opt/airflow/dags/dag-spark-airflow-s3-ingestion.py took 0.512 seconds
[2026-03-27T18:58:23.016+0000] {processor.py:161} INFO - Started process (PID=19849) to work on /opt/airflow/dags/dag-spark-airflow-s3-ingestion.py
[2026-03-27T18:58:23.021+0000] {processor.py:830} INFO - Processing file /opt/airflow/dags/dag-spark-airflow-s3-ingestion.py for tasks to queue
[2026-03-27T18:58:23.030+0000] {logging_mixin.py:188} INFO - [2026-03-27T18:58:23.028+0000] {dagbag.py:545} INFO - Filling up the DagBag from /opt/airflow/dags/dag-spark-airflow-s3-ingestion.py
[2026-03-27T18:58:23.136+0000] {processor.py:840} INFO - DAG(s) 'spark-airflow-s3-ingestion-dag' retrieved from /opt/airflow/dags/dag-spark-airflow-s3-ingestion.py
[2026-03-27T18:58:23.312+0000] {logging_mixin.py:188} INFO - [2026-03-27T18:58:23.311+0000] {dag.py:3089} INFO - Sync 1 DAGs
[2026-03-27T18:58:23.410+0000] {logging_mixin.py:188} INFO - [2026-03-27T18:58:23.409+0000] {dag.py:3947} INFO - Setting next_dagrun for spark-airflow-s3-ingestion-dag to 2026-03-27 18:00:00+00:00, run_after=2026-03-27 19:00:00+00:00
[2026-03-27T18:58:23.484+0000] {processor.py:183} INFO - Processing /opt/airflow/dags/dag-spark-airflow-s3-ingestion.py took 0.507 seconds
[2026-03-27T18:58:53.937+0000] {processor.py:161} INFO - Started process (PID=19874) to work on /opt/airflow/dags/dag-spark-airflow-s3-ingestion.py
[2026-03-27T18:58:53.942+0000] {processor.py:830} INFO - Processing file /opt/airflow/dags/dag-spark-airflow-s3-ingestion.py for tasks to queue
[2026-03-27T18:58:53.951+0000] {logging_mixin.py:188} INFO - [2026-03-27T18:58:53.950+0000] {dagbag.py:545} INFO - Filling up the DagBag from /opt/airflow/dags/dag-spark-airflow-s3-ingestion.py
[2026-03-27T18:58:54.069+0000] {processor.py:840} INFO - DAG(s) 'spark-airflow-s3-ingestion-dag' retrieved from /opt/airflow/dags/dag-spark-airflow-s3-ingestion.py
[2026-03-27T18:58:54.224+0000] {logging_mixin.py:188} INFO - [2026-03-27T18:58:54.223+0000] {dag.py:3089} INFO - Sync 1 DAGs
[2026-03-27T18:58:54.360+0000] {logging_mixin.py:188} INFO - [2026-03-27T18:58:54.359+0000] {dag.py:3947} INFO - Setting next_dagrun for spark-airflow-s3-ingestion-dag to 2026-03-27 18:00:00+00:00, run_after=2026-03-27 19:00:00+00:00
[2026-03-27T18:58:54.447+0000] {processor.py:183} INFO - Processing /opt/airflow/dags/dag-spark-airflow-s3-ingestion.py took 0.543 seconds
[2026-03-27T18:59:24.820+0000] {processor.py:161} INFO - Started process (PID=20896) to work on /opt/airflow/dags/dag-spark-airflow-s3-ingestion.py
[2026-03-27T18:59:24.823+0000] {processor.py:830} INFO - Processing file /opt/airflow/dags/dag-spark-airflow-s3-ingestion.py for tasks to queue
[2026-03-27T18:59:24.828+0000] {logging_mixin.py:188} INFO - [2026-03-27T18:59:24.827+0000] {dagbag.py:545} INFO - Filling up the DagBag from /opt/airflow/dags/dag-spark-airflow-s3-ingestion.py
[2026-03-27T18:59:24.886+0000] {processor.py:840} INFO - DAG(s) 'spark-airflow-s3-ingestion-dag' retrieved from /opt/airflow/dags/dag-spark-airflow-s3-ingestion.py
[2026-03-27T18:59:24.947+0000] {logging_mixin.py:188} INFO - [2026-03-27T18:59:24.947+0000] {dag.py:3089} INFO - Sync 1 DAGs
[2026-03-27T18:59:24.993+0000] {logging_mixin.py:188} INFO - [2026-03-27T18:59:24.993+0000] {dag.py:3947} INFO - Setting next_dagrun for spark-airflow-s3-ingestion-dag to 2026-03-27 18:00:00+00:00, run_after=2026-03-27 19:00:00+00:00
[2026-03-27T18:59:25.052+0000] {processor.py:183} INFO - Processing /opt/airflow/dags/dag-spark-airflow-s3-ingestion.py took 0.249 seconds
[2026-03-27T18:59:55.592+0000] {processor.py:161} INFO - Started process (PID=21452) to work on /opt/airflow/dags/dag-spark-airflow-s3-ingestion.py
[2026-03-27T18:59:55.597+0000] {processor.py:830} INFO - Processing file /opt/airflow/dags/dag-spark-airflow-s3-ingestion.py for tasks to queue
[2026-03-27T18:59:55.606+0000] {logging_mixin.py:188} INFO - [2026-03-27T18:59:55.605+0000] {dagbag.py:545} INFO - Filling up the DagBag from /opt/airflow/dags/dag-spark-airflow-s3-ingestion.py
[2026-03-27T18:59:55.727+0000] {processor.py:840} INFO - DAG(s) 'spark-airflow-s3-ingestion-dag' retrieved from /opt/airflow/dags/dag-spark-airflow-s3-ingestion.py
[2026-03-27T18:59:55.807+0000] {logging_mixin.py:188} INFO - [2026-03-27T18:59:55.806+0000] {dag.py:3089} INFO - Sync 1 DAGs
[2026-03-27T18:59:55.877+0000] {logging_mixin.py:188} INFO - [2026-03-27T18:59:55.877+0000] {dag.py:3947} INFO - Setting next_dagrun for spark-airflow-s3-ingestion-dag to 2026-03-27 18:00:00+00:00, run_after=2026-03-27 19:00:00+00:00
[2026-03-27T18:59:55.930+0000] {processor.py:183} INFO - Processing /opt/airflow/dags/dag-spark-airflow-s3-ingestion.py took 0.374 seconds
[2026-03-27T19:00:26.155+0000] {processor.py:161} INFO - Started process (PID=21490) to work on /opt/airflow/dags/dag-spark-airflow-s3-ingestion.py
[2026-03-27T19:00:26.161+0000] {processor.py:830} INFO - Processing file /opt/airflow/dags/dag-spark-airflow-s3-ingestion.py for tasks to queue
[2026-03-27T19:00:26.171+0000] {logging_mixin.py:188} INFO - [2026-03-27T19:00:26.170+0000] {dagbag.py:545} INFO - Filling up the DagBag from /opt/airflow/dags/dag-spark-airflow-s3-ingestion.py
[2026-03-27T19:00:26.291+0000] {processor.py:840} INFO - DAG(s) 'spark-airflow-s3-ingestion-dag' retrieved from /opt/airflow/dags/dag-spark-airflow-s3-ingestion.py
[2026-03-27T19:00:26.439+0000] {logging_mixin.py:188} INFO - [2026-03-27T19:00:26.437+0000] {dag.py:3089} INFO - Sync 1 DAGs
[2026-03-27T19:00:26.630+0000] {processor.py:183} INFO - Processing /opt/airflow/dags/dag-spark-airflow-s3-ingestion.py took 0.515 seconds
[2026-03-27T19:00:57.079+0000] {processor.py:161} INFO - Started process (PID=21515) to work on /opt/airflow/dags/dag-spark-airflow-s3-ingestion.py
[2026-03-27T19:00:57.083+0000] {processor.py:830} INFO - Processing file /opt/airflow/dags/dag-spark-airflow-s3-ingestion.py for tasks to queue
[2026-03-27T19:00:57.091+0000] {logging_mixin.py:188} INFO - [2026-03-27T19:00:57.090+0000] {dagbag.py:545} INFO - Filling up the DagBag from /opt/airflow/dags/dag-spark-airflow-s3-ingestion.py
[2026-03-27T19:00:57.220+0000] {processor.py:840} INFO - DAG(s) 'spark-airflow-s3-ingestion-dag' retrieved from /opt/airflow/dags/dag-spark-airflow-s3-ingestion.py
[2026-03-27T19:00:57.350+0000] {logging_mixin.py:188} INFO - [2026-03-27T19:00:57.349+0000] {dag.py:3089} INFO - Sync 1 DAGs
[2026-03-27T19:00:57.568+0000] {processor.py:183} INFO - Processing /opt/airflow/dags/dag-spark-airflow-s3-ingestion.py took 0.515 seconds
[2026-03-27T19:01:27.981+0000] {processor.py:161} INFO - Started process (PID=21540) to work on /opt/airflow/dags/dag-spark-airflow-s3-ingestion.py
[2026-03-27T19:01:27.985+0000] {processor.py:830} INFO - Processing file /opt/airflow/dags/dag-spark-airflow-s3-ingestion.py for tasks to queue
[2026-03-27T19:01:27.995+0000] {logging_mixin.py:188} INFO - [2026-03-27T19:01:27.993+0000] {dagbag.py:545} INFO - Filling up the DagBag from /opt/airflow/dags/dag-spark-airflow-s3-ingestion.py
[2026-03-27T19:01:28.110+0000] {processor.py:840} INFO - DAG(s) 'spark-airflow-s3-ingestion-dag' retrieved from /opt/airflow/dags/dag-spark-airflow-s3-ingestion.py
[2026-03-27T19:01:28.248+0000] {logging_mixin.py:188} INFO - [2026-03-27T19:01:28.247+0000] {dag.py:3089} INFO - Sync 1 DAGs
[2026-03-27T19:01:28.482+0000] {processor.py:183} INFO - Processing /opt/airflow/dags/dag-spark-airflow-s3-ingestion.py took 0.530 seconds
[2026-03-27T19:01:59.366+0000] {processor.py:161} INFO - Started process (PID=21565) to work on /opt/airflow/dags/dag-spark-airflow-s3-ingestion.py
[2026-03-27T19:01:59.371+0000] {processor.py:830} INFO - Processing file /opt/airflow/dags/dag-spark-airflow-s3-ingestion.py for tasks to queue
[2026-03-27T19:01:59.380+0000] {logging_mixin.py:188} INFO - [2026-03-27T19:01:59.378+0000] {dagbag.py:545} INFO - Filling up the DagBag from /opt/airflow/dags/dag-spark-airflow-s3-ingestion.py
[2026-03-27T19:01:59.486+0000] {processor.py:840} INFO - DAG(s) 'spark-airflow-s3-ingestion-dag' retrieved from /opt/airflow/dags/dag-spark-airflow-s3-ingestion.py
[2026-03-27T19:01:59.629+0000] {logging_mixin.py:188} INFO - [2026-03-27T19:01:59.628+0000] {dag.py:3089} INFO - Sync 1 DAGs
[2026-03-27T19:01:59.828+0000] {processor.py:183} INFO - Processing /opt/airflow/dags/dag-spark-airflow-s3-ingestion.py took 0.496 seconds
[2026-03-27T19:02:30.253+0000] {processor.py:161} INFO - Started process (PID=21590) to work on /opt/airflow/dags/dag-spark-airflow-s3-ingestion.py
[2026-03-27T19:02:30.258+0000] {processor.py:830} INFO - Processing file /opt/airflow/dags/dag-spark-airflow-s3-ingestion.py for tasks to queue
[2026-03-27T19:02:30.267+0000] {logging_mixin.py:188} INFO - [2026-03-27T19:02:30.266+0000] {dagbag.py:545} INFO - Filling up the DagBag from /opt/airflow/dags/dag-spark-airflow-s3-ingestion.py
[2026-03-27T19:02:30.384+0000] {processor.py:840} INFO - DAG(s) 'spark-airflow-s3-ingestion-dag' retrieved from /opt/airflow/dags/dag-spark-airflow-s3-ingestion.py
[2026-03-27T19:02:30.535+0000] {logging_mixin.py:188} INFO - [2026-03-27T19:02:30.534+0000] {dag.py:3089} INFO - Sync 1 DAGs
[2026-03-27T19:02:30.722+0000] {processor.py:183} INFO - Processing /opt/airflow/dags/dag-spark-airflow-s3-ingestion.py took 0.506 seconds
[2026-03-27T19:03:01.505+0000] {processor.py:161} INFO - Started process (PID=21663) to work on /opt/airflow/dags/dag-spark-airflow-s3-ingestion.py
[2026-03-27T19:03:01.510+0000] {processor.py:830} INFO - Processing file /opt/airflow/dags/dag-spark-airflow-s3-ingestion.py for tasks to queue
[2026-03-27T19:03:01.519+0000] {logging_mixin.py:188} INFO - [2026-03-27T19:03:01.517+0000] {dagbag.py:545} INFO - Filling up the DagBag from /opt/airflow/dags/dag-spark-airflow-s3-ingestion.py
[2026-03-27T19:03:01.636+0000] {processor.py:840} INFO - DAG(s) 'spark-airflow-s3-ingestion-dag' retrieved from /opt/airflow/dags/dag-spark-airflow-s3-ingestion.py
[2026-03-27T19:03:01.717+0000] {logging_mixin.py:188} INFO - [2026-03-27T19:03:01.716+0000] {dag.py:3089} INFO - Sync 1 DAGs
[2026-03-27T19:03:01.813+0000] {processor.py:183} INFO - Processing /opt/airflow/dags/dag-spark-airflow-s3-ingestion.py took 0.340 seconds
[2026-03-27T19:03:32.380+0000] {processor.py:161} INFO - Started process (PID=23097) to work on /opt/airflow/dags/dag-spark-airflow-s3-ingestion.py
[2026-03-27T19:03:32.384+0000] {processor.py:830} INFO - Processing file /opt/airflow/dags/dag-spark-airflow-s3-ingestion.py for tasks to queue
[2026-03-27T19:03:32.392+0000] {logging_mixin.py:188} INFO - [2026-03-27T19:03:32.390+0000] {dagbag.py:545} INFO - Filling up the DagBag from /opt/airflow/dags/dag-spark-airflow-s3-ingestion.py
[2026-03-27T19:03:32.446+0000] {processor.py:840} INFO - DAG(s) 'spark-airflow-s3-ingestion-dag' retrieved from /opt/airflow/dags/dag-spark-airflow-s3-ingestion.py
[2026-03-27T19:03:32.509+0000] {logging_mixin.py:188} INFO - [2026-03-27T19:03:32.508+0000] {dag.py:3089} INFO - Sync 1 DAGs
[2026-03-27T19:03:32.614+0000] {processor.py:183} INFO - Processing /opt/airflow/dags/dag-spark-airflow-s3-ingestion.py took 0.256 seconds
[2026-03-27T19:04:03.212+0000] {processor.py:161} INFO - Started process (PID=23158) to work on /opt/airflow/dags/dag-spark-airflow-s3-ingestion.py
[2026-03-27T19:04:03.220+0000] {processor.py:830} INFO - Processing file /opt/airflow/dags/dag-spark-airflow-s3-ingestion.py for tasks to queue
[2026-03-27T19:04:03.234+0000] {logging_mixin.py:188} INFO - [2026-03-27T19:04:03.230+0000] {dagbag.py:545} INFO - Filling up the DagBag from /opt/airflow/dags/dag-spark-airflow-s3-ingestion.py
[2026-03-27T19:04:03.368+0000] {processor.py:840} INFO - DAG(s) 'spark-airflow-s3-ingestion-dag' retrieved from /opt/airflow/dags/dag-spark-airflow-s3-ingestion.py
[2026-03-27T19:04:03.451+0000] {logging_mixin.py:188} INFO - [2026-03-27T19:04:03.451+0000] {dag.py:3089} INFO - Sync 1 DAGs
[2026-03-27T19:04:03.580+0000] {processor.py:183} INFO - Processing /opt/airflow/dags/dag-spark-airflow-s3-ingestion.py took 0.406 seconds
[2026-03-27T19:04:33.981+0000] {processor.py:161} INFO - Started process (PID=23191) to work on /opt/airflow/dags/dag-spark-airflow-s3-ingestion.py
[2026-03-27T19:04:33.986+0000] {processor.py:830} INFO - Processing file /opt/airflow/dags/dag-spark-airflow-s3-ingestion.py for tasks to queue
[2026-03-27T19:04:33.995+0000] {logging_mixin.py:188} INFO - [2026-03-27T19:04:33.994+0000] {dagbag.py:545} INFO - Filling up the DagBag from /opt/airflow/dags/dag-spark-airflow-s3-ingestion.py
[2026-03-27T19:04:34.116+0000] {processor.py:840} INFO - DAG(s) 'spark-airflow-s3-ingestion-dag' retrieved from /opt/airflow/dags/dag-spark-airflow-s3-ingestion.py
[2026-03-27T19:04:34.328+0000] {logging_mixin.py:188} INFO - [2026-03-27T19:04:34.317+0000] {dag.py:3089} INFO - Sync 1 DAGs
[2026-03-27T19:04:34.473+0000] {processor.py:183} INFO - Processing /opt/airflow/dags/dag-spark-airflow-s3-ingestion.py took 0.524 seconds
[2026-03-27T19:05:04.966+0000] {processor.py:161} INFO - Started process (PID=23216) to work on /opt/airflow/dags/dag-spark-airflow-s3-ingestion.py
[2026-03-27T19:05:04.973+0000] {processor.py:830} INFO - Processing file /opt/airflow/dags/dag-spark-airflow-s3-ingestion.py for tasks to queue
[2026-03-27T19:05:04.992+0000] {logging_mixin.py:188} INFO - [2026-03-27T19:05:04.986+0000] {dagbag.py:545} INFO - Filling up the DagBag from /opt/airflow/dags/dag-spark-airflow-s3-ingestion.py
[2026-03-27T19:05:05.051+0000] {processor.py:840} INFO - DAG(s) 'spark-airflow-s3-ingestion-dag' retrieved from /opt/airflow/dags/dag-spark-airflow-s3-ingestion.py
[2026-03-27T19:05:05.142+0000] {logging_mixin.py:188} INFO - [2026-03-27T19:05:05.141+0000] {dag.py:3089} INFO - Sync 1 DAGs
[2026-03-27T19:05:05.270+0000] {processor.py:183} INFO - Processing /opt/airflow/dags/dag-spark-airflow-s3-ingestion.py took 0.347 seconds
[2026-03-27T19:05:35.748+0000] {processor.py:161} INFO - Started process (PID=23245) to work on /opt/airflow/dags/dag-spark-airflow-s3-ingestion.py
[2026-03-27T19:05:35.750+0000] {processor.py:830} INFO - Processing file /opt/airflow/dags/dag-spark-airflow-s3-ingestion.py for tasks to queue
[2026-03-27T19:05:35.754+0000] {logging_mixin.py:188} INFO - [2026-03-27T19:05:35.753+0000] {dagbag.py:545} INFO - Filling up the DagBag from /opt/airflow/dags/dag-spark-airflow-s3-ingestion.py
[2026-03-27T19:05:35.806+0000] {processor.py:840} INFO - DAG(s) 'spark-airflow-s3-ingestion-dag' retrieved from /opt/airflow/dags/dag-spark-airflow-s3-ingestion.py
[2026-03-27T19:05:35.874+0000] {logging_mixin.py:188} INFO - [2026-03-27T19:05:35.874+0000] {dag.py:3089} INFO - Sync 1 DAGs
[2026-03-27T19:05:35.926+0000] {logging_mixin.py:188} INFO - [2026-03-27T19:05:35.925+0000] {dag.py:3947} INFO - Setting next_dagrun for spark-airflow-s3-ingestion-dag to 2026-03-27 19:00:00+00:00, run_after=2026-03-27 20:00:00+00:00
[2026-03-27T19:05:35.974+0000] {processor.py:183} INFO - Processing /opt/airflow/dags/dag-spark-airflow-s3-ingestion.py took 0.246 seconds
[2026-03-27T19:06:06.170+0000] {processor.py:161} INFO - Started process (PID=23270) to work on /opt/airflow/dags/dag-spark-airflow-s3-ingestion.py
[2026-03-27T19:06:06.171+0000] {processor.py:830} INFO - Processing file /opt/airflow/dags/dag-spark-airflow-s3-ingestion.py for tasks to queue
[2026-03-27T19:06:06.173+0000] {logging_mixin.py:188} INFO - [2026-03-27T19:06:06.173+0000] {dagbag.py:545} INFO - Filling up the DagBag from /opt/airflow/dags/dag-spark-airflow-s3-ingestion.py
[2026-03-27T19:06:06.194+0000] {processor.py:840} INFO - DAG(s) 'spark-airflow-s3-ingestion-dag' retrieved from /opt/airflow/dags/dag-spark-airflow-s3-ingestion.py
[2026-03-27T19:06:06.225+0000] {logging_mixin.py:188} INFO - [2026-03-27T19:06:06.225+0000] {dag.py:3089} INFO - Sync 1 DAGs
[2026-03-27T19:06:06.251+0000] {logging_mixin.py:188} INFO - [2026-03-27T19:06:06.250+0000] {dag.py:3947} INFO - Setting next_dagrun for spark-airflow-s3-ingestion-dag to 2026-03-27 19:00:00+00:00, run_after=2026-03-27 20:00:00+00:00
[2026-03-27T19:06:06.274+0000] {processor.py:183} INFO - Processing /opt/airflow/dags/dag-spark-airflow-s3-ingestion.py took 0.109 seconds
[2026-03-27T19:06:36.973+0000] {processor.py:161} INFO - Started process (PID=23295) to work on /opt/airflow/dags/dag-spark-airflow-s3-ingestion.py
[2026-03-27T19:06:36.979+0000] {processor.py:830} INFO - Processing file /opt/airflow/dags/dag-spark-airflow-s3-ingestion.py for tasks to queue
[2026-03-27T19:06:36.982+0000] {logging_mixin.py:188} INFO - [2026-03-27T19:06:36.981+0000] {dagbag.py:545} INFO - Filling up the DagBag from /opt/airflow/dags/dag-spark-airflow-s3-ingestion.py
[2026-03-27T19:06:37.013+0000] {processor.py:840} INFO - DAG(s) 'spark-airflow-s3-ingestion-dag' retrieved from /opt/airflow/dags/dag-spark-airflow-s3-ingestion.py
[2026-03-27T19:06:37.045+0000] {logging_mixin.py:188} INFO - [2026-03-27T19:06:37.045+0000] {dag.py:3089} INFO - Sync 1 DAGs
[2026-03-27T19:06:37.069+0000] {logging_mixin.py:188} INFO - [2026-03-27T19:06:37.069+0000] {dag.py:3947} INFO - Setting next_dagrun for spark-airflow-s3-ingestion-dag to 2026-03-27 19:00:00+00:00, run_after=2026-03-27 20:00:00+00:00
[2026-03-27T19:06:37.090+0000] {processor.py:183} INFO - Processing /opt/airflow/dags/dag-spark-airflow-s3-ingestion.py took 0.125 seconds
[2026-03-27T19:07:07.847+0000] {processor.py:161} INFO - Started process (PID=24108) to work on /opt/airflow/dags/dag-spark-airflow-s3-ingestion.py
[2026-03-27T19:07:07.848+0000] {processor.py:830} INFO - Processing file /opt/airflow/dags/dag-spark-airflow-s3-ingestion.py for tasks to queue
[2026-03-27T19:07:07.850+0000] {logging_mixin.py:188} INFO - [2026-03-27T19:07:07.850+0000] {dagbag.py:545} INFO - Filling up the DagBag from /opt/airflow/dags/dag-spark-airflow-s3-ingestion.py
[2026-03-27T19:07:07.871+0000] {processor.py:840} INFO - DAG(s) 'spark-airflow-s3-ingestion-dag' retrieved from /opt/airflow/dags/dag-spark-airflow-s3-ingestion.py
[2026-03-27T19:07:07.900+0000] {logging_mixin.py:188} INFO - [2026-03-27T19:07:07.900+0000] {dag.py:3089} INFO - Sync 1 DAGs
[2026-03-27T19:07:07.923+0000] {logging_mixin.py:188} INFO - [2026-03-27T19:07:07.923+0000] {dag.py:3947} INFO - Setting next_dagrun for spark-airflow-s3-ingestion-dag to 2026-03-27 19:00:00+00:00, run_after=2026-03-27 20:00:00+00:00
[2026-03-27T19:07:07.946+0000] {processor.py:183} INFO - Processing /opt/airflow/dags/dag-spark-airflow-s3-ingestion.py took 0.105 seconds
[2026-03-27T19:07:38.539+0000] {processor.py:161} INFO - Started process (PID=25349) to work on /opt/airflow/dags/dag-spark-airflow-s3-ingestion.py
[2026-03-27T19:07:38.540+0000] {processor.py:830} INFO - Processing file /opt/airflow/dags/dag-spark-airflow-s3-ingestion.py for tasks to queue
[2026-03-27T19:07:38.542+0000] {logging_mixin.py:188} INFO - [2026-03-27T19:07:38.542+0000] {dagbag.py:545} INFO - Filling up the DagBag from /opt/airflow/dags/dag-spark-airflow-s3-ingestion.py
[2026-03-27T19:07:38.567+0000] {processor.py:840} INFO - DAG(s) 'spark-airflow-s3-ingestion-dag' retrieved from /opt/airflow/dags/dag-spark-airflow-s3-ingestion.py
[2026-03-27T19:07:38.600+0000] {logging_mixin.py:188} INFO - [2026-03-27T19:07:38.600+0000] {dag.py:3089} INFO - Sync 1 DAGs
[2026-03-27T19:07:38.632+0000] {logging_mixin.py:188} INFO - [2026-03-27T19:07:38.631+0000] {dag.py:3947} INFO - Setting next_dagrun for spark-airflow-s3-ingestion-dag to 2026-03-27 19:00:00+00:00, run_after=2026-03-27 20:00:00+00:00
[2026-03-27T19:07:38.655+0000] {processor.py:183} INFO - Processing /opt/airflow/dags/dag-spark-airflow-s3-ingestion.py took 0.123 seconds
[2026-03-27T19:08:09.390+0000] {processor.py:161} INFO - Started process (PID=25395) to work on /opt/airflow/dags/dag-spark-airflow-s3-ingestion.py
[2026-03-27T19:08:09.391+0000] {processor.py:830} INFO - Processing file /opt/airflow/dags/dag-spark-airflow-s3-ingestion.py for tasks to queue
[2026-03-27T19:08:09.393+0000] {logging_mixin.py:188} INFO - [2026-03-27T19:08:09.392+0000] {dagbag.py:545} INFO - Filling up the DagBag from /opt/airflow/dags/dag-spark-airflow-s3-ingestion.py
[2026-03-27T19:08:09.414+0000] {processor.py:840} INFO - DAG(s) 'spark-airflow-s3-ingestion-dag' retrieved from /opt/airflow/dags/dag-spark-airflow-s3-ingestion.py
[2026-03-27T19:08:09.446+0000] {logging_mixin.py:188} INFO - [2026-03-27T19:08:09.446+0000] {dag.py:3089} INFO - Sync 1 DAGs
[2026-03-27T19:08:09.472+0000] {logging_mixin.py:188} INFO - [2026-03-27T19:08:09.472+0000] {dag.py:3947} INFO - Setting next_dagrun for spark-airflow-s3-ingestion-dag to 2026-03-27 19:00:00+00:00, run_after=2026-03-27 20:00:00+00:00
[2026-03-27T19:08:09.496+0000] {processor.py:183} INFO - Processing /opt/airflow/dags/dag-spark-airflow-s3-ingestion.py took 0.113 seconds
[2026-03-27T19:08:40.112+0000] {processor.py:161} INFO - Started process (PID=25420) to work on /opt/airflow/dags/dag-spark-airflow-s3-ingestion.py
[2026-03-27T19:08:40.114+0000] {processor.py:830} INFO - Processing file /opt/airflow/dags/dag-spark-airflow-s3-ingestion.py for tasks to queue
[2026-03-27T19:08:40.115+0000] {logging_mixin.py:188} INFO - [2026-03-27T19:08:40.115+0000] {dagbag.py:545} INFO - Filling up the DagBag from /opt/airflow/dags/dag-spark-airflow-s3-ingestion.py
[2026-03-27T19:08:40.139+0000] {processor.py:840} INFO - DAG(s) 'spark-airflow-s3-ingestion-dag' retrieved from /opt/airflow/dags/dag-spark-airflow-s3-ingestion.py
[2026-03-27T19:08:40.170+0000] {logging_mixin.py:188} INFO - [2026-03-27T19:08:40.170+0000] {dag.py:3089} INFO - Sync 1 DAGs
[2026-03-27T19:08:40.195+0000] {logging_mixin.py:188} INFO - [2026-03-27T19:08:40.195+0000] {dag.py:3947} INFO - Setting next_dagrun for spark-airflow-s3-ingestion-dag to 2026-03-27 19:00:00+00:00, run_after=2026-03-27 20:00:00+00:00
[2026-03-27T19:08:40.218+0000] {processor.py:183} INFO - Processing /opt/airflow/dags/dag-spark-airflow-s3-ingestion.py took 0.112 seconds
[2026-03-27T19:09:10.901+0000] {processor.py:161} INFO - Started process (PID=25445) to work on /opt/airflow/dags/dag-spark-airflow-s3-ingestion.py
[2026-03-27T19:09:10.902+0000] {processor.py:830} INFO - Processing file /opt/airflow/dags/dag-spark-airflow-s3-ingestion.py for tasks to queue
[2026-03-27T19:09:10.904+0000] {logging_mixin.py:188} INFO - [2026-03-27T19:09:10.904+0000] {dagbag.py:545} INFO - Filling up the DagBag from /opt/airflow/dags/dag-spark-airflow-s3-ingestion.py
[2026-03-27T19:09:10.925+0000] {processor.py:840} INFO - DAG(s) 'spark-airflow-s3-ingestion-dag' retrieved from /opt/airflow/dags/dag-spark-airflow-s3-ingestion.py
[2026-03-27T19:09:10.953+0000] {logging_mixin.py:188} INFO - [2026-03-27T19:09:10.953+0000] {dag.py:3089} INFO - Sync 1 DAGs
[2026-03-27T19:09:10.980+0000] {logging_mixin.py:188} INFO - [2026-03-27T19:09:10.980+0000] {dag.py:3947} INFO - Setting next_dagrun for spark-airflow-s3-ingestion-dag to 2026-03-27 19:00:00+00:00, run_after=2026-03-27 20:00:00+00:00
[2026-03-27T19:09:11.003+0000] {processor.py:183} INFO - Processing /opt/airflow/dags/dag-spark-airflow-s3-ingestion.py took 0.107 seconds
[2026-03-27T19:09:41.686+0000] {processor.py:161} INFO - Started process (PID=25470) to work on /opt/airflow/dags/dag-spark-airflow-s3-ingestion.py
[2026-03-27T19:09:41.687+0000] {processor.py:830} INFO - Processing file /opt/airflow/dags/dag-spark-airflow-s3-ingestion.py for tasks to queue
[2026-03-27T19:09:41.689+0000] {logging_mixin.py:188} INFO - [2026-03-27T19:09:41.689+0000] {dagbag.py:545} INFO - Filling up the DagBag from /opt/airflow/dags/dag-spark-airflow-s3-ingestion.py
[2026-03-27T19:09:41.713+0000] {processor.py:840} INFO - DAG(s) 'spark-airflow-s3-ingestion-dag' retrieved from /opt/airflow/dags/dag-spark-airflow-s3-ingestion.py
[2026-03-27T19:09:41.744+0000] {logging_mixin.py:188} INFO - [2026-03-27T19:09:41.744+0000] {dag.py:3089} INFO - Sync 1 DAGs
[2026-03-27T19:09:41.772+0000] {logging_mixin.py:188} INFO - [2026-03-27T19:09:41.772+0000] {dag.py:3947} INFO - Setting next_dagrun for spark-airflow-s3-ingestion-dag to 2026-03-27 19:00:00+00:00, run_after=2026-03-27 20:00:00+00:00
[2026-03-27T19:09:41.795+0000] {processor.py:183} INFO - Processing /opt/airflow/dags/dag-spark-airflow-s3-ingestion.py took 0.116 seconds
[2026-03-27T19:10:12.499+0000] {processor.py:161} INFO - Started process (PID=25495) to work on /opt/airflow/dags/dag-spark-airflow-s3-ingestion.py
[2026-03-27T19:10:12.500+0000] {processor.py:830} INFO - Processing file /opt/airflow/dags/dag-spark-airflow-s3-ingestion.py for tasks to queue
[2026-03-27T19:10:12.502+0000] {logging_mixin.py:188} INFO - [2026-03-27T19:10:12.502+0000] {dagbag.py:545} INFO - Filling up the DagBag from /opt/airflow/dags/dag-spark-airflow-s3-ingestion.py
[2026-03-27T19:10:12.524+0000] {processor.py:840} INFO - DAG(s) 'spark-airflow-s3-ingestion-dag' retrieved from /opt/airflow/dags/dag-spark-airflow-s3-ingestion.py
[2026-03-27T19:10:12.554+0000] {logging_mixin.py:188} INFO - [2026-03-27T19:10:12.553+0000] {dag.py:3089} INFO - Sync 1 DAGs
[2026-03-27T19:10:12.577+0000] {logging_mixin.py:188} INFO - [2026-03-27T19:10:12.577+0000] {dag.py:3947} INFO - Setting next_dagrun for spark-airflow-s3-ingestion-dag to 2026-03-27 19:00:00+00:00, run_after=2026-03-27 20:00:00+00:00
[2026-03-27T19:10:12.600+0000] {processor.py:183} INFO - Processing /opt/airflow/dags/dag-spark-airflow-s3-ingestion.py took 0.108 seconds
[2026-03-27T19:10:43.122+0000] {processor.py:161} INFO - Started process (PID=25568) to work on /opt/airflow/dags/dag-spark-airflow-s3-ingestion.py
[2026-03-27T19:10:43.123+0000] {processor.py:830} INFO - Processing file /opt/airflow/dags/dag-spark-airflow-s3-ingestion.py for tasks to queue
[2026-03-27T19:10:43.125+0000] {logging_mixin.py:188} INFO - [2026-03-27T19:10:43.124+0000] {dagbag.py:545} INFO - Filling up the DagBag from /opt/airflow/dags/dag-spark-airflow-s3-ingestion.py
[2026-03-27T19:10:43.147+0000] {processor.py:840} INFO - DAG(s) 'spark-airflow-s3-ingestion-dag' retrieved from /opt/airflow/dags/dag-spark-airflow-s3-ingestion.py
[2026-03-27T19:10:43.179+0000] {logging_mixin.py:188} INFO - [2026-03-27T19:10:43.179+0000] {dag.py:3089} INFO - Sync 1 DAGs
[2026-03-27T19:10:43.208+0000] {logging_mixin.py:188} INFO - [2026-03-27T19:10:43.207+0000] {dag.py:3947} INFO - Setting next_dagrun for spark-airflow-s3-ingestion-dag to 2026-03-27 19:00:00+00:00, run_after=2026-03-27 20:00:00+00:00
[2026-03-27T19:10:43.231+0000] {processor.py:183} INFO - Processing /opt/airflow/dags/dag-spark-airflow-s3-ingestion.py took 0.115 seconds
[2026-03-27T19:11:13.678+0000] {processor.py:161} INFO - Started process (PID=27118) to work on /opt/airflow/dags/dag-spark-airflow-s3-ingestion.py
[2026-03-27T19:11:13.679+0000] {processor.py:830} INFO - Processing file /opt/airflow/dags/dag-spark-airflow-s3-ingestion.py for tasks to queue
[2026-03-27T19:11:13.681+0000] {logging_mixin.py:188} INFO - [2026-03-27T19:11:13.681+0000] {dagbag.py:545} INFO - Filling up the DagBag from /opt/airflow/dags/dag-spark-airflow-s3-ingestion.py
[2026-03-27T19:11:13.702+0000] {processor.py:840} INFO - DAG(s) 'spark-airflow-s3-ingestion-dag' retrieved from /opt/airflow/dags/dag-spark-airflow-s3-ingestion.py
[2026-03-27T19:11:13.733+0000] {logging_mixin.py:188} INFO - [2026-03-27T19:11:13.732+0000] {dag.py:3089} INFO - Sync 1 DAGs
[2026-03-27T19:11:13.758+0000] {logging_mixin.py:188} INFO - [2026-03-27T19:11:13.758+0000] {dag.py:3947} INFO - Setting next_dagrun for spark-airflow-s3-ingestion-dag to 2026-03-27 19:00:00+00:00, run_after=2026-03-27 20:00:00+00:00
[2026-03-27T19:11:13.783+0000] {processor.py:183} INFO - Processing /opt/airflow/dags/dag-spark-airflow-s3-ingestion.py took 0.111 seconds
[2026-03-27T19:11:44.279+0000] {processor.py:161} INFO - Started process (PID=27908) to work on /opt/airflow/dags/dag-spark-airflow-s3-ingestion.py
[2026-03-27T19:11:44.280+0000] {processor.py:830} INFO - Processing file /opt/airflow/dags/dag-spark-airflow-s3-ingestion.py for tasks to queue
[2026-03-27T19:11:44.282+0000] {logging_mixin.py:188} INFO - [2026-03-27T19:11:44.282+0000] {dagbag.py:545} INFO - Filling up the DagBag from /opt/airflow/dags/dag-spark-airflow-s3-ingestion.py
[2026-03-27T19:11:44.307+0000] {processor.py:840} INFO - DAG(s) 'spark-airflow-s3-ingestion-dag' retrieved from /opt/airflow/dags/dag-spark-airflow-s3-ingestion.py
[2026-03-27T19:11:44.338+0000] {logging_mixin.py:188} INFO - [2026-03-27T19:11:44.337+0000] {dag.py:3089} INFO - Sync 1 DAGs
[2026-03-27T19:11:44.364+0000] {logging_mixin.py:188} INFO - [2026-03-27T19:11:44.364+0000] {dag.py:3947} INFO - Setting next_dagrun for spark-airflow-s3-ingestion-dag to 2026-03-27 19:00:00+00:00, run_after=2026-03-27 20:00:00+00:00
[2026-03-27T19:11:44.388+0000] {processor.py:183} INFO - Processing /opt/airflow/dags/dag-spark-airflow-s3-ingestion.py took 0.115 seconds
[2026-03-27T19:11:56.735+0000] {processor.py:161} INFO - Started process (PID=27933) to work on /opt/airflow/dags/dag-spark-airflow-s3-ingestion.py
[2026-03-27T19:11:56.736+0000] {processor.py:830} INFO - Processing file /opt/airflow/dags/dag-spark-airflow-s3-ingestion.py for tasks to queue
[2026-03-27T19:11:56.739+0000] {logging_mixin.py:188} INFO - [2026-03-27T19:11:56.738+0000] {dagbag.py:545} INFO - Filling up the DagBag from /opt/airflow/dags/dag-spark-airflow-s3-ingestion.py
[2026-03-27T19:11:56.772+0000] {processor.py:840} INFO - DAG(s) 'spark-airflow-s3-ingestion-dag' retrieved from /opt/airflow/dags/dag-spark-airflow-s3-ingestion.py
[2026-03-27T19:11:56.908+0000] {logging_mixin.py:188} INFO - [2026-03-27T19:11:56.908+0000] {dag.py:3089} INFO - Sync 1 DAGs
[2026-03-27T19:11:56.920+0000] {logging_mixin.py:188} INFO - [2026-03-27T19:11:56.920+0000] {dag.py:3947} INFO - Setting next_dagrun for spark-airflow-s3-ingestion-dag to None, run_after=None
[2026-03-27T19:11:56.956+0000] {processor.py:183} INFO - Processing /opt/airflow/dags/dag-spark-airflow-s3-ingestion.py took 0.227 seconds
[2026-03-27T19:12:27.599+0000] {processor.py:161} INFO - Started process (PID=27977) to work on /opt/airflow/dags/dag-spark-airflow-s3-ingestion.py
[2026-03-27T19:12:27.600+0000] {processor.py:830} INFO - Processing file /opt/airflow/dags/dag-spark-airflow-s3-ingestion.py for tasks to queue
[2026-03-27T19:12:27.602+0000] {logging_mixin.py:188} INFO - [2026-03-27T19:12:27.602+0000] {dagbag.py:545} INFO - Filling up the DagBag from /opt/airflow/dags/dag-spark-airflow-s3-ingestion.py
[2026-03-27T19:12:27.624+0000] {processor.py:840} INFO - DAG(s) 'spark-airflow-s3-ingestion-dag' retrieved from /opt/airflow/dags/dag-spark-airflow-s3-ingestion.py
[2026-03-27T19:12:27.655+0000] {logging_mixin.py:188} INFO - [2026-03-27T19:12:27.654+0000] {dag.py:3089} INFO - Sync 1 DAGs
[2026-03-27T19:12:27.669+0000] {logging_mixin.py:188} INFO - [2026-03-27T19:12:27.669+0000] {dag.py:3947} INFO - Setting next_dagrun for spark-airflow-s3-ingestion-dag to None, run_after=None
[2026-03-27T19:12:27.692+0000] {processor.py:183} INFO - Processing /opt/airflow/dags/dag-spark-airflow-s3-ingestion.py took 0.100 seconds
[2026-03-27T19:13:32.399+0000] {processor.py:161} INFO - Started process (PID=167) to work on /opt/airflow/dags/dag-spark-airflow-s3-ingestion.py
[2026-03-27T19:13:32.401+0000] {processor.py:830} INFO - Processing file /opt/airflow/dags/dag-spark-airflow-s3-ingestion.py for tasks to queue
[2026-03-27T19:13:32.405+0000] {logging_mixin.py:188} INFO - [2026-03-27T19:13:32.404+0000] {dagbag.py:545} INFO - Filling up the DagBag from /opt/airflow/dags/dag-spark-airflow-s3-ingestion.py
[2026-03-27T19:13:32.881+0000] {processor.py:840} INFO - DAG(s) 'spark-airflow-s3-ingestion-dag' retrieved from /opt/airflow/dags/dag-spark-airflow-s3-ingestion.py
[2026-03-27T19:13:33.251+0000] {logging_mixin.py:188} INFO - [2026-03-27T19:13:33.250+0000] {override.py:1858} INFO - Created Permission View: can delete on DAG:spark-airflow-s3-ingestion-dag
[2026-03-27T19:13:33.270+0000] {logging_mixin.py:188} INFO - [2026-03-27T19:13:33.269+0000] {override.py:1858} INFO - Created Permission View: can read on DAG:spark-airflow-s3-ingestion-dag
[2026-03-27T19:13:33.282+0000] {logging_mixin.py:188} INFO - [2026-03-27T19:13:33.281+0000] {override.py:1858} INFO - Created Permission View: can edit on DAG:spark-airflow-s3-ingestion-dag
[2026-03-27T19:13:33.282+0000] {logging_mixin.py:188} INFO - [2026-03-27T19:13:33.282+0000] {dag.py:3089} INFO - Sync 1 DAGs
[2026-03-27T19:13:33.302+0000] {logging_mixin.py:188} INFO - [2026-03-27T19:13:33.301+0000] {dag.py:3111} INFO - Creating ORM DAG for spark-airflow-s3-ingestion-dag
[2026-03-27T19:13:33.303+0000] {logging_mixin.py:188} INFO - [2026-03-27T19:13:33.303+0000] {dag.py:3947} INFO - Setting next_dagrun for spark-airflow-s3-ingestion-dag to None, run_after=None
[2026-03-27T19:13:33.335+0000] {processor.py:183} INFO - Processing /opt/airflow/dags/dag-spark-airflow-s3-ingestion.py took 0.947 seconds
[2026-03-27T19:14:03.444+0000] {processor.py:161} INFO - Started process (PID=192) to work on /opt/airflow/dags/dag-spark-airflow-s3-ingestion.py
[2026-03-27T19:14:03.445+0000] {processor.py:830} INFO - Processing file /opt/airflow/dags/dag-spark-airflow-s3-ingestion.py for tasks to queue
[2026-03-27T19:14:03.448+0000] {logging_mixin.py:188} INFO - [2026-03-27T19:14:03.448+0000] {dagbag.py:545} INFO - Filling up the DagBag from /opt/airflow/dags/dag-spark-airflow-s3-ingestion.py
[2026-03-27T19:14:03.583+0000] {processor.py:840} INFO - DAG(s) 'spark-airflow-s3-ingestion-dag' retrieved from /opt/airflow/dags/dag-spark-airflow-s3-ingestion.py
[2026-03-27T19:14:03.639+0000] {logging_mixin.py:188} INFO - [2026-03-27T19:14:03.639+0000] {dag.py:3089} INFO - Sync 1 DAGs
[2026-03-27T19:14:03.660+0000] {logging_mixin.py:188} INFO - [2026-03-27T19:14:03.660+0000] {dag.py:3947} INFO - Setting next_dagrun for spark-airflow-s3-ingestion-dag to None, run_after=None
[2026-03-27T19:14:03.684+0000] {processor.py:183} INFO - Processing /opt/airflow/dags/dag-spark-airflow-s3-ingestion.py took 0.250 seconds
[2026-03-27T19:14:34.136+0000] {processor.py:161} INFO - Started process (PID=312) to work on /opt/airflow/dags/dag-spark-airflow-s3-ingestion.py
[2026-03-27T19:14:34.138+0000] {processor.py:830} INFO - Processing file /opt/airflow/dags/dag-spark-airflow-s3-ingestion.py for tasks to queue
[2026-03-27T19:14:34.140+0000] {logging_mixin.py:188} INFO - [2026-03-27T19:14:34.140+0000] {dagbag.py:545} INFO - Filling up the DagBag from /opt/airflow/dags/dag-spark-airflow-s3-ingestion.py
[2026-03-27T19:14:34.240+0000] {processor.py:840} INFO - DAG(s) 'spark-airflow-s3-ingestion-dag' retrieved from /opt/airflow/dags/dag-spark-airflow-s3-ingestion.py
[2026-03-27T19:14:34.291+0000] {logging_mixin.py:188} INFO - [2026-03-27T19:14:34.291+0000] {dag.py:3089} INFO - Sync 1 DAGs
[2026-03-27T19:14:34.308+0000] {logging_mixin.py:188} INFO - [2026-03-27T19:14:34.308+0000] {dag.py:3947} INFO - Setting next_dagrun for spark-airflow-s3-ingestion-dag to None, run_after=None
[2026-03-27T19:14:34.335+0000] {processor.py:183} INFO - Processing /opt/airflow/dags/dag-spark-airflow-s3-ingestion.py took 0.207 seconds
[2026-03-27T19:15:05.205+0000] {processor.py:161} INFO - Started process (PID=390) to work on /opt/airflow/dags/dag-spark-airflow-s3-ingestion.py
[2026-03-27T19:15:05.207+0000] {processor.py:830} INFO - Processing file /opt/airflow/dags/dag-spark-airflow-s3-ingestion.py for tasks to queue
[2026-03-27T19:15:05.212+0000] {logging_mixin.py:188} INFO - [2026-03-27T19:15:05.211+0000] {dagbag.py:545} INFO - Filling up the DagBag from /opt/airflow/dags/dag-spark-airflow-s3-ingestion.py
[2026-03-27T19:15:05.388+0000] {processor.py:840} INFO - DAG(s) 'spark-airflow-s3-ingestion-dag' retrieved from /opt/airflow/dags/dag-spark-airflow-s3-ingestion.py
[2026-03-27T19:15:05.450+0000] {logging_mixin.py:188} INFO - [2026-03-27T19:15:05.449+0000] {dag.py:3089} INFO - Sync 1 DAGs
[2026-03-27T19:15:05.478+0000] {logging_mixin.py:188} INFO - [2026-03-27T19:15:05.478+0000] {dag.py:3947} INFO - Setting next_dagrun for spark-airflow-s3-ingestion-dag to None, run_after=None
[2026-03-27T19:15:05.512+0000] {processor.py:183} INFO - Processing /opt/airflow/dags/dag-spark-airflow-s3-ingestion.py took 0.323 seconds
[2026-03-27T19:15:36.243+0000] {processor.py:161} INFO - Started process (PID=1277) to work on /opt/airflow/dags/dag-spark-airflow-s3-ingestion.py
[2026-03-27T19:15:36.248+0000] {processor.py:830} INFO - Processing file /opt/airflow/dags/dag-spark-airflow-s3-ingestion.py for tasks to queue
[2026-03-27T19:15:36.253+0000] {logging_mixin.py:188} INFO - [2026-03-27T19:15:36.252+0000] {dagbag.py:545} INFO - Filling up the DagBag from /opt/airflow/dags/dag-spark-airflow-s3-ingestion.py
[2026-03-27T19:15:36.479+0000] {processor.py:840} INFO - DAG(s) 'spark-airflow-s3-ingestion-dag' retrieved from /opt/airflow/dags/dag-spark-airflow-s3-ingestion.py
[2026-03-27T19:15:36.549+0000] {logging_mixin.py:188} INFO - [2026-03-27T19:15:36.549+0000] {dag.py:3089} INFO - Sync 1 DAGs
[2026-03-27T19:15:36.575+0000] {logging_mixin.py:188} INFO - [2026-03-27T19:15:36.575+0000] {dag.py:3947} INFO - Setting next_dagrun for spark-airflow-s3-ingestion-dag to None, run_after=None
[2026-03-27T19:15:36.609+0000] {processor.py:183} INFO - Processing /opt/airflow/dags/dag-spark-airflow-s3-ingestion.py took 0.384 seconds
[2026-03-27T19:16:07.314+0000] {processor.py:161} INFO - Started process (PID=1320) to work on /opt/airflow/dags/dag-spark-airflow-s3-ingestion.py
[2026-03-27T19:16:07.316+0000] {processor.py:830} INFO - Processing file /opt/airflow/dags/dag-spark-airflow-s3-ingestion.py for tasks to queue
[2026-03-27T19:16:07.319+0000] {logging_mixin.py:188} INFO - [2026-03-27T19:16:07.318+0000] {dagbag.py:545} INFO - Filling up the DagBag from /opt/airflow/dags/dag-spark-airflow-s3-ingestion.py
[2026-03-27T19:16:07.414+0000] {processor.py:840} INFO - DAG(s) 'spark-airflow-s3-ingestion-dag' retrieved from /opt/airflow/dags/dag-spark-airflow-s3-ingestion.py
[2026-03-27T19:16:07.453+0000] {logging_mixin.py:188} INFO - [2026-03-27T19:16:07.453+0000] {dag.py:3089} INFO - Sync 1 DAGs
[2026-03-27T19:16:07.478+0000] {logging_mixin.py:188} INFO - [2026-03-27T19:16:07.478+0000] {dag.py:3947} INFO - Setting next_dagrun for spark-airflow-s3-ingestion-dag to None, run_after=None
[2026-03-27T19:16:07.510+0000] {processor.py:183} INFO - Processing /opt/airflow/dags/dag-spark-airflow-s3-ingestion.py took 0.204 seconds
[2026-03-27T19:16:38.126+0000] {processor.py:161} INFO - Started process (PID=1345) to work on /opt/airflow/dags/dag-spark-airflow-s3-ingestion.py
[2026-03-27T19:16:38.127+0000] {processor.py:830} INFO - Processing file /opt/airflow/dags/dag-spark-airflow-s3-ingestion.py for tasks to queue
[2026-03-27T19:16:38.130+0000] {logging_mixin.py:188} INFO - [2026-03-27T19:16:38.130+0000] {dagbag.py:545} INFO - Filling up the DagBag from /opt/airflow/dags/dag-spark-airflow-s3-ingestion.py
[2026-03-27T19:16:38.233+0000] {processor.py:840} INFO - DAG(s) 'spark-airflow-s3-ingestion-dag' retrieved from /opt/airflow/dags/dag-spark-airflow-s3-ingestion.py
[2026-03-27T19:16:38.270+0000] {logging_mixin.py:188} INFO - [2026-03-27T19:16:38.270+0000] {dag.py:3089} INFO - Sync 1 DAGs
[2026-03-27T19:16:38.290+0000] {logging_mixin.py:188} INFO - [2026-03-27T19:16:38.290+0000] {dag.py:3947} INFO - Setting next_dagrun for spark-airflow-s3-ingestion-dag to None, run_after=None
[2026-03-27T19:16:38.316+0000] {processor.py:183} INFO - Processing /opt/airflow/dags/dag-spark-airflow-s3-ingestion.py took 0.196 seconds
[2026-03-27T19:17:08.917+0000] {processor.py:161} INFO - Started process (PID=1370) to work on /opt/airflow/dags/dag-spark-airflow-s3-ingestion.py
[2026-03-27T19:17:08.918+0000] {processor.py:830} INFO - Processing file /opt/airflow/dags/dag-spark-airflow-s3-ingestion.py for tasks to queue
[2026-03-27T19:17:08.922+0000] {logging_mixin.py:188} INFO - [2026-03-27T19:17:08.921+0000] {dagbag.py:545} INFO - Filling up the DagBag from /opt/airflow/dags/dag-spark-airflow-s3-ingestion.py
[2026-03-27T19:17:09.026+0000] {processor.py:840} INFO - DAG(s) 'spark-airflow-s3-ingestion-dag' retrieved from /opt/airflow/dags/dag-spark-airflow-s3-ingestion.py
[2026-03-27T19:17:09.066+0000] {logging_mixin.py:188} INFO - [2026-03-27T19:17:09.066+0000] {dag.py:3089} INFO - Sync 1 DAGs
[2026-03-27T19:17:09.081+0000] {logging_mixin.py:188} INFO - [2026-03-27T19:17:09.081+0000] {dag.py:3947} INFO - Setting next_dagrun for spark-airflow-s3-ingestion-dag to None, run_after=None
[2026-03-27T19:17:09.110+0000] {processor.py:183} INFO - Processing /opt/airflow/dags/dag-spark-airflow-s3-ingestion.py took 0.201 seconds
[2026-03-27T19:17:39.583+0000] {processor.py:161} INFO - Started process (PID=1395) to work on /opt/airflow/dags/dag-spark-airflow-s3-ingestion.py
[2026-03-27T19:17:39.584+0000] {processor.py:830} INFO - Processing file /opt/airflow/dags/dag-spark-airflow-s3-ingestion.py for tasks to queue
[2026-03-27T19:17:39.587+0000] {logging_mixin.py:188} INFO - [2026-03-27T19:17:39.587+0000] {dagbag.py:545} INFO - Filling up the DagBag from /opt/airflow/dags/dag-spark-airflow-s3-ingestion.py
[2026-03-27T19:17:39.677+0000] {processor.py:840} INFO - DAG(s) 'spark-airflow-s3-ingestion-dag' retrieved from /opt/airflow/dags/dag-spark-airflow-s3-ingestion.py
[2026-03-27T19:17:39.715+0000] {logging_mixin.py:188} INFO - [2026-03-27T19:17:39.715+0000] {dag.py:3089} INFO - Sync 1 DAGs
[2026-03-27T19:17:39.735+0000] {logging_mixin.py:188} INFO - [2026-03-27T19:17:39.734+0000] {dag.py:3947} INFO - Setting next_dagrun for spark-airflow-s3-ingestion-dag to None, run_after=None
[2026-03-27T19:17:39.757+0000] {processor.py:183} INFO - Processing /opt/airflow/dags/dag-spark-airflow-s3-ingestion.py took 0.182 seconds
[2026-03-27T19:18:10.465+0000] {processor.py:161} INFO - Started process (PID=1420) to work on /opt/airflow/dags/dag-spark-airflow-s3-ingestion.py
[2026-03-27T19:18:10.467+0000] {processor.py:830} INFO - Processing file /opt/airflow/dags/dag-spark-airflow-s3-ingestion.py for tasks to queue
[2026-03-27T19:18:10.469+0000] {logging_mixin.py:188} INFO - [2026-03-27T19:18:10.469+0000] {dagbag.py:545} INFO - Filling up the DagBag from /opt/airflow/dags/dag-spark-airflow-s3-ingestion.py
[2026-03-27T19:18:10.564+0000] {processor.py:840} INFO - DAG(s) 'spark-airflow-s3-ingestion-dag' retrieved from /opt/airflow/dags/dag-spark-airflow-s3-ingestion.py
[2026-03-27T19:18:10.601+0000] {logging_mixin.py:188} INFO - [2026-03-27T19:18:10.601+0000] {dag.py:3089} INFO - Sync 1 DAGs
[2026-03-27T19:18:10.618+0000] {logging_mixin.py:188} INFO - [2026-03-27T19:18:10.618+0000] {dag.py:3947} INFO - Setting next_dagrun for spark-airflow-s3-ingestion-dag to None, run_after=None
[2026-03-27T19:18:10.649+0000] {processor.py:183} INFO - Processing /opt/airflow/dags/dag-spark-airflow-s3-ingestion.py took 0.189 seconds
[2026-03-27T19:18:41.305+0000] {processor.py:161} INFO - Started process (PID=1445) to work on /opt/airflow/dags/dag-spark-airflow-s3-ingestion.py
[2026-03-27T19:18:41.307+0000] {processor.py:830} INFO - Processing file /opt/airflow/dags/dag-spark-airflow-s3-ingestion.py for tasks to queue
[2026-03-27T19:18:41.310+0000] {logging_mixin.py:188} INFO - [2026-03-27T19:18:41.310+0000] {dagbag.py:545} INFO - Filling up the DagBag from /opt/airflow/dags/dag-spark-airflow-s3-ingestion.py
[2026-03-27T19:18:41.430+0000] {processor.py:840} INFO - DAG(s) 'spark-airflow-s3-ingestion-dag' retrieved from /opt/airflow/dags/dag-spark-airflow-s3-ingestion.py
[2026-03-27T19:18:41.480+0000] {logging_mixin.py:188} INFO - [2026-03-27T19:18:41.479+0000] {dag.py:3089} INFO - Sync 1 DAGs
[2026-03-27T19:18:41.503+0000] {logging_mixin.py:188} INFO - [2026-03-27T19:18:41.503+0000] {dag.py:3947} INFO - Setting next_dagrun for spark-airflow-s3-ingestion-dag to None, run_after=None
[2026-03-27T19:18:41.535+0000] {processor.py:183} INFO - Processing /opt/airflow/dags/dag-spark-airflow-s3-ingestion.py took 0.243 seconds
[2026-03-27T19:19:12.190+0000] {processor.py:161} INFO - Started process (PID=1484) to work on /opt/airflow/dags/dag-spark-airflow-s3-ingestion.py
[2026-03-27T19:19:12.191+0000] {processor.py:830} INFO - Processing file /opt/airflow/dags/dag-spark-airflow-s3-ingestion.py for tasks to queue
[2026-03-27T19:19:12.194+0000] {logging_mixin.py:188} INFO - [2026-03-27T19:19:12.193+0000] {dagbag.py:545} INFO - Filling up the DagBag from /opt/airflow/dags/dag-spark-airflow-s3-ingestion.py
[2026-03-27T19:19:12.289+0000] {processor.py:840} INFO - DAG(s) 'spark-airflow-s3-ingestion-dag' retrieved from /opt/airflow/dags/dag-spark-airflow-s3-ingestion.py
[2026-03-27T19:19:12.325+0000] {logging_mixin.py:188} INFO - [2026-03-27T19:19:12.325+0000] {dag.py:3089} INFO - Sync 1 DAGs
[2026-03-27T19:19:12.339+0000] {logging_mixin.py:188} INFO - [2026-03-27T19:19:12.339+0000] {dag.py:3947} INFO - Setting next_dagrun for spark-airflow-s3-ingestion-dag to None, run_after=None
[2026-03-27T19:19:12.362+0000] {processor.py:183} INFO - Processing /opt/airflow/dags/dag-spark-airflow-s3-ingestion.py took 0.178 seconds
[2026-03-27T19:19:42.871+0000] {processor.py:161} INFO - Started process (PID=1513) to work on /opt/airflow/dags/dag-spark-airflow-s3-ingestion.py
[2026-03-27T19:19:42.872+0000] {processor.py:830} INFO - Processing file /opt/airflow/dags/dag-spark-airflow-s3-ingestion.py for tasks to queue
[2026-03-27T19:19:42.874+0000] {logging_mixin.py:188} INFO - [2026-03-27T19:19:42.873+0000] {dagbag.py:545} INFO - Filling up the DagBag from /opt/airflow/dags/dag-spark-airflow-s3-ingestion.py
[2026-03-27T19:19:42.979+0000] {processor.py:840} INFO - DAG(s) 'spark-airflow-s3-ingestion-dag' retrieved from /opt/airflow/dags/dag-spark-airflow-s3-ingestion.py
[2026-03-27T19:19:43.023+0000] {logging_mixin.py:188} INFO - [2026-03-27T19:19:43.022+0000] {dag.py:3089} INFO - Sync 1 DAGs
[2026-03-27T19:19:43.040+0000] {logging_mixin.py:188} INFO - [2026-03-27T19:19:43.040+0000] {dag.py:3947} INFO - Setting next_dagrun for spark-airflow-s3-ingestion-dag to None, run_after=None
[2026-03-27T19:19:43.067+0000] {processor.py:183} INFO - Processing /opt/airflow/dags/dag-spark-airflow-s3-ingestion.py took 0.204 seconds
[2026-03-27T19:32:20.737+0000] {processor.py:161} INFO - Started process (PID=167) to work on /opt/airflow/dags/dag-spark-airflow-s3-ingestion.py
[2026-03-27T19:32:20.739+0000] {processor.py:830} INFO - Processing file /opt/airflow/dags/dag-spark-airflow-s3-ingestion.py for tasks to queue
[2026-03-27T19:32:20.746+0000] {logging_mixin.py:188} INFO - [2026-03-27T19:32:20.745+0000] {dagbag.py:545} INFO - Filling up the DagBag from /opt/airflow/dags/dag-spark-airflow-s3-ingestion.py
[2026-03-27T19:32:20.806+0000] {processor.py:840} INFO - DAG(s) 'spark-airflow-s3-ingestion-dag' retrieved from /opt/airflow/dags/dag-spark-airflow-s3-ingestion.py
[2026-03-27T19:32:21.211+0000] {logging_mixin.py:188} INFO - [2026-03-27T19:32:21.210+0000] {override.py:1858} INFO - Created Permission View: can edit on DAG:spark-airflow-s3-ingestion-dag
[2026-03-27T19:32:21.238+0000] {logging_mixin.py:188} INFO - [2026-03-27T19:32:21.233+0000] {override.py:1858} INFO - Created Permission View: can read on DAG:spark-airflow-s3-ingestion-dag
[2026-03-27T19:32:21.257+0000] {logging_mixin.py:188} INFO - [2026-03-27T19:32:21.256+0000] {override.py:1858} INFO - Created Permission View: can delete on DAG:spark-airflow-s3-ingestion-dag
[2026-03-27T19:32:21.258+0000] {logging_mixin.py:188} INFO - [2026-03-27T19:32:21.258+0000] {dag.py:3089} INFO - Sync 1 DAGs
[2026-03-27T19:32:21.284+0000] {logging_mixin.py:188} INFO - [2026-03-27T19:32:21.284+0000] {dag.py:3111} INFO - Creating ORM DAG for spark-airflow-s3-ingestion-dag
[2026-03-27T19:32:21.286+0000] {logging_mixin.py:188} INFO - [2026-03-27T19:32:21.286+0000] {dag.py:3947} INFO - Setting next_dagrun for spark-airflow-s3-ingestion-dag to None, run_after=None
[2026-03-27T19:32:21.333+0000] {processor.py:183} INFO - Processing /opt/airflow/dags/dag-spark-airflow-s3-ingestion.py took 0.607 seconds
[2026-03-27T19:32:51.666+0000] {processor.py:161} INFO - Started process (PID=192) to work on /opt/airflow/dags/dag-spark-airflow-s3-ingestion.py
[2026-03-27T19:32:51.667+0000] {processor.py:830} INFO - Processing file /opt/airflow/dags/dag-spark-airflow-s3-ingestion.py for tasks to queue
[2026-03-27T19:32:51.669+0000] {logging_mixin.py:188} INFO - [2026-03-27T19:32:51.669+0000] {dagbag.py:545} INFO - Filling up the DagBag from /opt/airflow/dags/dag-spark-airflow-s3-ingestion.py
[2026-03-27T19:32:51.691+0000] {processor.py:840} INFO - DAG(s) 'spark-airflow-s3-ingestion-dag' retrieved from /opt/airflow/dags/dag-spark-airflow-s3-ingestion.py
[2026-03-27T19:32:51.726+0000] {logging_mixin.py:188} INFO - [2026-03-27T19:32:51.726+0000] {dag.py:3089} INFO - Sync 1 DAGs
[2026-03-27T19:32:51.742+0000] {logging_mixin.py:188} INFO - [2026-03-27T19:32:51.742+0000] {dag.py:3947} INFO - Setting next_dagrun for spark-airflow-s3-ingestion-dag to None, run_after=None
[2026-03-27T19:32:51.767+0000] {processor.py:183} INFO - Processing /opt/airflow/dags/dag-spark-airflow-s3-ingestion.py took 0.107 seconds
[2026-03-27T19:33:22.805+0000] {processor.py:161} INFO - Started process (PID=217) to work on /opt/airflow/dags/dag-spark-airflow-s3-ingestion.py
[2026-03-27T19:33:22.806+0000] {processor.py:830} INFO - Processing file /opt/airflow/dags/dag-spark-airflow-s3-ingestion.py for tasks to queue
[2026-03-27T19:33:22.808+0000] {logging_mixin.py:188} INFO - [2026-03-27T19:33:22.807+0000] {dagbag.py:545} INFO - Filling up the DagBag from /opt/airflow/dags/dag-spark-airflow-s3-ingestion.py
[2026-03-27T19:33:22.828+0000] {processor.py:840} INFO - DAG(s) 'spark-airflow-s3-ingestion-dag' retrieved from /opt/airflow/dags/dag-spark-airflow-s3-ingestion.py
[2026-03-27T19:33:22.858+0000] {logging_mixin.py:188} INFO - [2026-03-27T19:33:22.858+0000] {dag.py:3089} INFO - Sync 1 DAGs
[2026-03-27T19:33:22.874+0000] {logging_mixin.py:188} INFO - [2026-03-27T19:33:22.874+0000] {dag.py:3947} INFO - Setting next_dagrun for spark-airflow-s3-ingestion-dag to None, run_after=None
[2026-03-27T19:33:22.897+0000] {processor.py:183} INFO - Processing /opt/airflow/dags/dag-spark-airflow-s3-ingestion.py took 0.098 seconds
[2026-03-27T19:33:53.093+0000] {processor.py:161} INFO - Started process (PID=244) to work on /opt/airflow/dags/dag-spark-airflow-s3-ingestion.py
[2026-03-27T19:33:53.094+0000] {processor.py:830} INFO - Processing file /opt/airflow/dags/dag-spark-airflow-s3-ingestion.py for tasks to queue
[2026-03-27T19:33:53.096+0000] {logging_mixin.py:188} INFO - [2026-03-27T19:33:53.096+0000] {dagbag.py:545} INFO - Filling up the DagBag from /opt/airflow/dags/dag-spark-airflow-s3-ingestion.py
[2026-03-27T19:33:53.117+0000] {processor.py:840} INFO - DAG(s) 'spark-airflow-s3-ingestion-dag' retrieved from /opt/airflow/dags/dag-spark-airflow-s3-ingestion.py
[2026-03-27T19:33:53.148+0000] {logging_mixin.py:188} INFO - [2026-03-27T19:33:53.147+0000] {dag.py:3089} INFO - Sync 1 DAGs
[2026-03-27T19:33:53.169+0000] {logging_mixin.py:188} INFO - [2026-03-27T19:33:53.169+0000] {dag.py:3947} INFO - Setting next_dagrun for spark-airflow-s3-ingestion-dag to None, run_after=None
[2026-03-27T19:33:53.193+0000] {processor.py:183} INFO - Processing /opt/airflow/dags/dag-spark-airflow-s3-ingestion.py took 0.106 seconds
[2026-03-27T19:34:23.940+0000] {processor.py:161} INFO - Started process (PID=358) to work on /opt/airflow/dags/dag-spark-airflow-s3-ingestion.py
[2026-03-27T19:34:23.942+0000] {processor.py:830} INFO - Processing file /opt/airflow/dags/dag-spark-airflow-s3-ingestion.py for tasks to queue
[2026-03-27T19:34:23.946+0000] {logging_mixin.py:188} INFO - [2026-03-27T19:34:23.945+0000] {dagbag.py:545} INFO - Filling up the DagBag from /opt/airflow/dags/dag-spark-airflow-s3-ingestion.py
[2026-03-27T19:34:23.993+0000] {processor.py:840} INFO - DAG(s) 'spark-airflow-s3-ingestion-dag' retrieved from /opt/airflow/dags/dag-spark-airflow-s3-ingestion.py
[2026-03-27T19:34:24.063+0000] {logging_mixin.py:188} INFO - [2026-03-27T19:34:24.062+0000] {dag.py:3089} INFO - Sync 1 DAGs
[2026-03-27T19:34:24.101+0000] {logging_mixin.py:188} INFO - [2026-03-27T19:34:24.100+0000] {dag.py:3947} INFO - Setting next_dagrun for spark-airflow-s3-ingestion-dag to None, run_after=None
[2026-03-27T19:34:24.152+0000] {processor.py:183} INFO - Processing /opt/airflow/dags/dag-spark-airflow-s3-ingestion.py took 0.228 seconds
[2026-03-27T19:34:54.312+0000] {processor.py:161} INFO - Started process (PID=568) to work on /opt/airflow/dags/dag-spark-airflow-s3-ingestion.py
[2026-03-27T19:34:54.314+0000] {processor.py:830} INFO - Processing file /opt/airflow/dags/dag-spark-airflow-s3-ingestion.py for tasks to queue
[2026-03-27T19:34:54.318+0000] {logging_mixin.py:188} INFO - [2026-03-27T19:34:54.317+0000] {dagbag.py:545} INFO - Filling up the DagBag from /opt/airflow/dags/dag-spark-airflow-s3-ingestion.py
[2026-03-27T19:34:54.353+0000] {processor.py:840} INFO - DAG(s) 'spark-airflow-s3-ingestion-dag' retrieved from /opt/airflow/dags/dag-spark-airflow-s3-ingestion.py
[2026-03-27T19:34:54.404+0000] {logging_mixin.py:188} INFO - [2026-03-27T19:34:54.404+0000] {dag.py:3089} INFO - Sync 1 DAGs
[2026-03-27T19:34:54.442+0000] {logging_mixin.py:188} INFO - [2026-03-27T19:34:54.441+0000] {dag.py:3947} INFO - Setting next_dagrun for spark-airflow-s3-ingestion-dag to None, run_after=None
[2026-03-27T19:34:54.484+0000] {processor.py:183} INFO - Processing /opt/airflow/dags/dag-spark-airflow-s3-ingestion.py took 0.183 seconds
[2026-03-27T19:35:24.798+0000] {processor.py:161} INFO - Started process (PID=1544) to work on /opt/airflow/dags/dag-spark-airflow-s3-ingestion.py
[2026-03-27T19:35:24.799+0000] {processor.py:830} INFO - Processing file /opt/airflow/dags/dag-spark-airflow-s3-ingestion.py for tasks to queue
[2026-03-27T19:35:24.802+0000] {logging_mixin.py:188} INFO - [2026-03-27T19:35:24.802+0000] {dagbag.py:545} INFO - Filling up the DagBag from /opt/airflow/dags/dag-spark-airflow-s3-ingestion.py
[2026-03-27T19:35:24.829+0000] {processor.py:840} INFO - DAG(s) 'spark-airflow-s3-ingestion-dag' retrieved from /opt/airflow/dags/dag-spark-airflow-s3-ingestion.py
[2026-03-27T19:35:24.868+0000] {logging_mixin.py:188} INFO - [2026-03-27T19:35:24.868+0000] {dag.py:3089} INFO - Sync 1 DAGs
[2026-03-27T19:35:24.887+0000] {logging_mixin.py:188} INFO - [2026-03-27T19:35:24.886+0000] {dag.py:3947} INFO - Setting next_dagrun for spark-airflow-s3-ingestion-dag to None, run_after=None
[2026-03-27T19:35:24.910+0000] {processor.py:183} INFO - Processing /opt/airflow/dags/dag-spark-airflow-s3-ingestion.py took 0.121 seconds
[2026-03-27T19:35:55.571+0000] {processor.py:161} INFO - Started process (PID=1606) to work on /opt/airflow/dags/dag-spark-airflow-s3-ingestion.py
[2026-03-27T19:35:55.572+0000] {processor.py:830} INFO - Processing file /opt/airflow/dags/dag-spark-airflow-s3-ingestion.py for tasks to queue
[2026-03-27T19:35:55.574+0000] {logging_mixin.py:188} INFO - [2026-03-27T19:35:55.574+0000] {dagbag.py:545} INFO - Filling up the DagBag from /opt/airflow/dags/dag-spark-airflow-s3-ingestion.py
[2026-03-27T19:35:55.595+0000] {processor.py:840} INFO - DAG(s) 'spark-airflow-s3-ingestion-dag' retrieved from /opt/airflow/dags/dag-spark-airflow-s3-ingestion.py
[2026-03-27T19:35:55.625+0000] {logging_mixin.py:188} INFO - [2026-03-27T19:35:55.625+0000] {dag.py:3089} INFO - Sync 1 DAGs
[2026-03-27T19:35:55.641+0000] {logging_mixin.py:188} INFO - [2026-03-27T19:35:55.641+0000] {dag.py:3947} INFO - Setting next_dagrun for spark-airflow-s3-ingestion-dag to None, run_after=None
[2026-03-27T19:35:55.665+0000] {processor.py:183} INFO - Processing /opt/airflow/dags/dag-spark-airflow-s3-ingestion.py took 0.101 seconds
[2026-03-27T19:36:26.421+0000] {processor.py:161} INFO - Started process (PID=1631) to work on /opt/airflow/dags/dag-spark-airflow-s3-ingestion.py
[2026-03-27T19:36:26.423+0000] {processor.py:830} INFO - Processing file /opt/airflow/dags/dag-spark-airflow-s3-ingestion.py for tasks to queue
[2026-03-27T19:36:26.425+0000] {logging_mixin.py:188} INFO - [2026-03-27T19:36:26.425+0000] {dagbag.py:545} INFO - Filling up the DagBag from /opt/airflow/dags/dag-spark-airflow-s3-ingestion.py
[2026-03-27T19:36:26.452+0000] {processor.py:840} INFO - DAG(s) 'spark-airflow-s3-ingestion-dag' retrieved from /opt/airflow/dags/dag-spark-airflow-s3-ingestion.py
[2026-03-27T19:36:26.481+0000] {logging_mixin.py:188} INFO - [2026-03-27T19:36:26.481+0000] {dag.py:3089} INFO - Sync 1 DAGs
[2026-03-27T19:36:26.497+0000] {logging_mixin.py:188} INFO - [2026-03-27T19:36:26.497+0000] {dag.py:3947} INFO - Setting next_dagrun for spark-airflow-s3-ingestion-dag to None, run_after=None
[2026-03-27T19:36:26.520+0000] {processor.py:183} INFO - Processing /opt/airflow/dags/dag-spark-airflow-s3-ingestion.py took 0.107 seconds
[2026-03-27T19:36:57.264+0000] {processor.py:161} INFO - Started process (PID=1656) to work on /opt/airflow/dags/dag-spark-airflow-s3-ingestion.py
[2026-03-27T19:36:57.265+0000] {processor.py:830} INFO - Processing file /opt/airflow/dags/dag-spark-airflow-s3-ingestion.py for tasks to queue
[2026-03-27T19:36:57.267+0000] {logging_mixin.py:188} INFO - [2026-03-27T19:36:57.267+0000] {dagbag.py:545} INFO - Filling up the DagBag from /opt/airflow/dags/dag-spark-airflow-s3-ingestion.py
[2026-03-27T19:36:57.301+0000] {processor.py:840} INFO - DAG(s) 'spark-airflow-s3-ingestion-dag' retrieved from /opt/airflow/dags/dag-spark-airflow-s3-ingestion.py
[2026-03-27T19:36:57.341+0000] {logging_mixin.py:188} INFO - [2026-03-27T19:36:57.340+0000] {dag.py:3089} INFO - Sync 1 DAGs
[2026-03-27T19:36:57.358+0000] {logging_mixin.py:188} INFO - [2026-03-27T19:36:57.357+0000] {dag.py:3947} INFO - Setting next_dagrun for spark-airflow-s3-ingestion-dag to None, run_after=None
[2026-03-27T19:36:57.383+0000] {processor.py:183} INFO - Processing /opt/airflow/dags/dag-spark-airflow-s3-ingestion.py took 0.125 seconds
[2026-03-27T19:37:28.145+0000] {processor.py:161} INFO - Started process (PID=1681) to work on /opt/airflow/dags/dag-spark-airflow-s3-ingestion.py
[2026-03-27T19:37:28.146+0000] {processor.py:830} INFO - Processing file /opt/airflow/dags/dag-spark-airflow-s3-ingestion.py for tasks to queue
[2026-03-27T19:37:28.148+0000] {logging_mixin.py:188} INFO - [2026-03-27T19:37:28.148+0000] {dagbag.py:545} INFO - Filling up the DagBag from /opt/airflow/dags/dag-spark-airflow-s3-ingestion.py
[2026-03-27T19:37:28.166+0000] {processor.py:840} INFO - DAG(s) 'spark-airflow-s3-ingestion-dag' retrieved from /opt/airflow/dags/dag-spark-airflow-s3-ingestion.py
[2026-03-27T19:37:28.196+0000] {logging_mixin.py:188} INFO - [2026-03-27T19:37:28.196+0000] {dag.py:3089} INFO - Sync 1 DAGs
[2026-03-27T19:37:28.216+0000] {logging_mixin.py:188} INFO - [2026-03-27T19:37:28.216+0000] {dag.py:3947} INFO - Setting next_dagrun for spark-airflow-s3-ingestion-dag to None, run_after=None
[2026-03-27T19:37:28.241+0000] {processor.py:183} INFO - Processing /opt/airflow/dags/dag-spark-airflow-s3-ingestion.py took 0.102 seconds
[2026-03-27T19:37:58.962+0000] {processor.py:161} INFO - Started process (PID=1706) to work on /opt/airflow/dags/dag-spark-airflow-s3-ingestion.py
[2026-03-27T19:37:58.964+0000] {processor.py:830} INFO - Processing file /opt/airflow/dags/dag-spark-airflow-s3-ingestion.py for tasks to queue
[2026-03-27T19:37:58.965+0000] {logging_mixin.py:188} INFO - [2026-03-27T19:37:58.965+0000] {dagbag.py:545} INFO - Filling up the DagBag from /opt/airflow/dags/dag-spark-airflow-s3-ingestion.py
[2026-03-27T19:37:58.987+0000] {processor.py:840} INFO - DAG(s) 'spark-airflow-s3-ingestion-dag' retrieved from /opt/airflow/dags/dag-spark-airflow-s3-ingestion.py
[2026-03-27T19:37:59.017+0000] {logging_mixin.py:188} INFO - [2026-03-27T19:37:59.016+0000] {dag.py:3089} INFO - Sync 1 DAGs
[2026-03-27T19:37:59.032+0000] {logging_mixin.py:188} INFO - [2026-03-27T19:37:59.032+0000] {dag.py:3947} INFO - Setting next_dagrun for spark-airflow-s3-ingestion-dag to None, run_after=None
[2026-03-27T19:37:59.055+0000] {processor.py:183} INFO - Processing /opt/airflow/dags/dag-spark-airflow-s3-ingestion.py took 0.100 seconds
[2026-03-27T19:38:29.767+0000] {processor.py:161} INFO - Started process (PID=1731) to work on /opt/airflow/dags/dag-spark-airflow-s3-ingestion.py
[2026-03-27T19:38:29.768+0000] {processor.py:830} INFO - Processing file /opt/airflow/dags/dag-spark-airflow-s3-ingestion.py for tasks to queue
[2026-03-27T19:38:29.770+0000] {logging_mixin.py:188} INFO - [2026-03-27T19:38:29.770+0000] {dagbag.py:545} INFO - Filling up the DagBag from /opt/airflow/dags/dag-spark-airflow-s3-ingestion.py
[2026-03-27T19:38:29.789+0000] {processor.py:840} INFO - DAG(s) 'spark-airflow-s3-ingestion-dag' retrieved from /opt/airflow/dags/dag-spark-airflow-s3-ingestion.py
[2026-03-27T19:38:29.818+0000] {logging_mixin.py:188} INFO - [2026-03-27T19:38:29.817+0000] {dag.py:3089} INFO - Sync 1 DAGs
[2026-03-27T19:38:29.833+0000] {logging_mixin.py:188} INFO - [2026-03-27T19:38:29.833+0000] {dag.py:3947} INFO - Setting next_dagrun for spark-airflow-s3-ingestion-dag to None, run_after=None
[2026-03-27T19:38:29.857+0000] {processor.py:183} INFO - Processing /opt/airflow/dags/dag-spark-airflow-s3-ingestion.py took 0.096 seconds
[2026-03-27T19:39:00.522+0000] {processor.py:161} INFO - Started process (PID=1756) to work on /opt/airflow/dags/dag-spark-airflow-s3-ingestion.py
[2026-03-27T19:39:00.523+0000] {processor.py:830} INFO - Processing file /opt/airflow/dags/dag-spark-airflow-s3-ingestion.py for tasks to queue
[2026-03-27T19:39:00.525+0000] {logging_mixin.py:188} INFO - [2026-03-27T19:39:00.524+0000] {dagbag.py:545} INFO - Filling up the DagBag from /opt/airflow/dags/dag-spark-airflow-s3-ingestion.py
[2026-03-27T19:39:00.545+0000] {processor.py:840} INFO - DAG(s) 'spark-airflow-s3-ingestion-dag' retrieved from /opt/airflow/dags/dag-spark-airflow-s3-ingestion.py
[2026-03-27T19:39:00.574+0000] {logging_mixin.py:188} INFO - [2026-03-27T19:39:00.574+0000] {dag.py:3089} INFO - Sync 1 DAGs
[2026-03-27T19:39:00.589+0000] {logging_mixin.py:188} INFO - [2026-03-27T19:39:00.589+0000] {dag.py:3947} INFO - Setting next_dagrun for spark-airflow-s3-ingestion-dag to None, run_after=None
[2026-03-27T19:39:00.613+0000] {processor.py:183} INFO - Processing /opt/airflow/dags/dag-spark-airflow-s3-ingestion.py took 0.096 seconds
[2026-03-27T19:39:31.390+0000] {processor.py:161} INFO - Started process (PID=1787) to work on /opt/airflow/dags/dag-spark-airflow-s3-ingestion.py
[2026-03-27T19:39:31.391+0000] {processor.py:830} INFO - Processing file /opt/airflow/dags/dag-spark-airflow-s3-ingestion.py for tasks to queue
[2026-03-27T19:39:31.393+0000] {logging_mixin.py:188} INFO - [2026-03-27T19:39:31.393+0000] {dagbag.py:545} INFO - Filling up the DagBag from /opt/airflow/dags/dag-spark-airflow-s3-ingestion.py
[2026-03-27T19:39:31.415+0000] {processor.py:840} INFO - DAG(s) 'spark-airflow-s3-ingestion-dag' retrieved from /opt/airflow/dags/dag-spark-airflow-s3-ingestion.py
[2026-03-27T19:39:31.442+0000] {logging_mixin.py:188} INFO - [2026-03-27T19:39:31.442+0000] {dag.py:3089} INFO - Sync 1 DAGs
[2026-03-27T19:39:31.456+0000] {logging_mixin.py:188} INFO - [2026-03-27T19:39:31.456+0000] {dag.py:3947} INFO - Setting next_dagrun for spark-airflow-s3-ingestion-dag to None, run_after=None
[2026-03-27T19:39:31.482+0000] {processor.py:183} INFO - Processing /opt/airflow/dags/dag-spark-airflow-s3-ingestion.py took 0.098 seconds
[2026-03-27T19:40:02.169+0000] {processor.py:161} INFO - Started process (PID=1819) to work on /opt/airflow/dags/dag-spark-airflow-s3-ingestion.py
[2026-03-27T19:40:02.171+0000] {processor.py:830} INFO - Processing file /opt/airflow/dags/dag-spark-airflow-s3-ingestion.py for tasks to queue
[2026-03-27T19:40:02.173+0000] {logging_mixin.py:188} INFO - [2026-03-27T19:40:02.173+0000] {dagbag.py:545} INFO - Filling up the DagBag from /opt/airflow/dags/dag-spark-airflow-s3-ingestion.py
[2026-03-27T19:40:02.194+0000] {processor.py:840} INFO - DAG(s) 'spark-airflow-s3-ingestion-dag' retrieved from /opt/airflow/dags/dag-spark-airflow-s3-ingestion.py
[2026-03-27T19:40:02.224+0000] {logging_mixin.py:188} INFO - [2026-03-27T19:40:02.224+0000] {dag.py:3089} INFO - Sync 1 DAGs
[2026-03-27T19:40:02.239+0000] {logging_mixin.py:188} INFO - [2026-03-27T19:40:02.238+0000] {dag.py:3947} INFO - Setting next_dagrun for spark-airflow-s3-ingestion-dag to None, run_after=None
[2026-03-27T19:40:02.262+0000] {processor.py:183} INFO - Processing /opt/airflow/dags/dag-spark-airflow-s3-ingestion.py took 0.099 seconds
[2026-03-27T19:40:33.073+0000] {processor.py:161} INFO - Started process (PID=1844) to work on /opt/airflow/dags/dag-spark-airflow-s3-ingestion.py
[2026-03-27T19:40:33.074+0000] {processor.py:830} INFO - Processing file /opt/airflow/dags/dag-spark-airflow-s3-ingestion.py for tasks to queue
[2026-03-27T19:40:33.076+0000] {logging_mixin.py:188} INFO - [2026-03-27T19:40:33.076+0000] {dagbag.py:545} INFO - Filling up the DagBag from /opt/airflow/dags/dag-spark-airflow-s3-ingestion.py
[2026-03-27T19:40:33.096+0000] {processor.py:840} INFO - DAG(s) 'spark-airflow-s3-ingestion-dag' retrieved from /opt/airflow/dags/dag-spark-airflow-s3-ingestion.py
[2026-03-27T19:40:33.124+0000] {logging_mixin.py:188} INFO - [2026-03-27T19:40:33.124+0000] {dag.py:3089} INFO - Sync 1 DAGs
[2026-03-27T19:40:33.139+0000] {logging_mixin.py:188} INFO - [2026-03-27T19:40:33.139+0000] {dag.py:3947} INFO - Setting next_dagrun for spark-airflow-s3-ingestion-dag to None, run_after=None
[2026-03-27T19:40:33.164+0000] {processor.py:183} INFO - Processing /opt/airflow/dags/dag-spark-airflow-s3-ingestion.py took 0.098 seconds
[2026-03-27T19:41:03.952+0000] {processor.py:161} INFO - Started process (PID=1869) to work on /opt/airflow/dags/dag-spark-airflow-s3-ingestion.py
[2026-03-27T19:41:03.953+0000] {processor.py:830} INFO - Processing file /opt/airflow/dags/dag-spark-airflow-s3-ingestion.py for tasks to queue
[2026-03-27T19:41:03.956+0000] {logging_mixin.py:188} INFO - [2026-03-27T19:41:03.955+0000] {dagbag.py:545} INFO - Filling up the DagBag from /opt/airflow/dags/dag-spark-airflow-s3-ingestion.py
[2026-03-27T19:41:03.977+0000] {processor.py:840} INFO - DAG(s) 'spark-airflow-s3-ingestion-dag' retrieved from /opt/airflow/dags/dag-spark-airflow-s3-ingestion.py
[2026-03-27T19:41:04.006+0000] {logging_mixin.py:188} INFO - [2026-03-27T19:41:04.005+0000] {dag.py:3089} INFO - Sync 1 DAGs
[2026-03-27T19:41:04.028+0000] {logging_mixin.py:188} INFO - [2026-03-27T19:41:04.028+0000] {dag.py:3947} INFO - Setting next_dagrun for spark-airflow-s3-ingestion-dag to None, run_after=None
[2026-03-27T19:41:04.052+0000] {processor.py:183} INFO - Processing /opt/airflow/dags/dag-spark-airflow-s3-ingestion.py took 0.106 seconds
[2026-03-27T19:41:34.697+0000] {processor.py:161} INFO - Started process (PID=3167) to work on /opt/airflow/dags/dag-spark-airflow-s3-ingestion.py
[2026-03-27T19:41:34.698+0000] {processor.py:830} INFO - Processing file /opt/airflow/dags/dag-spark-airflow-s3-ingestion.py for tasks to queue
[2026-03-27T19:41:34.701+0000] {logging_mixin.py:188} INFO - [2026-03-27T19:41:34.700+0000] {dagbag.py:545} INFO - Filling up the DagBag from /opt/airflow/dags/dag-spark-airflow-s3-ingestion.py
[2026-03-27T19:41:34.724+0000] {processor.py:840} INFO - DAG(s) 'spark-airflow-s3-ingestion-dag' retrieved from /opt/airflow/dags/dag-spark-airflow-s3-ingestion.py
[2026-03-27T19:41:34.753+0000] {logging_mixin.py:188} INFO - [2026-03-27T19:41:34.753+0000] {dag.py:3089} INFO - Sync 1 DAGs
[2026-03-27T19:41:34.769+0000] {logging_mixin.py:188} INFO - [2026-03-27T19:41:34.769+0000] {dag.py:3947} INFO - Setting next_dagrun for spark-airflow-s3-ingestion-dag to None, run_after=None
[2026-03-27T19:41:34.794+0000] {processor.py:183} INFO - Processing /opt/airflow/dags/dag-spark-airflow-s3-ingestion.py took 0.104 seconds
[2026-03-27T19:42:05.459+0000] {processor.py:161} INFO - Started process (PID=3991) to work on /opt/airflow/dags/dag-spark-airflow-s3-ingestion.py
[2026-03-27T19:42:05.461+0000] {processor.py:830} INFO - Processing file /opt/airflow/dags/dag-spark-airflow-s3-ingestion.py for tasks to queue
[2026-03-27T19:42:05.463+0000] {logging_mixin.py:188} INFO - [2026-03-27T19:42:05.463+0000] {dagbag.py:545} INFO - Filling up the DagBag from /opt/airflow/dags/dag-spark-airflow-s3-ingestion.py
[2026-03-27T19:42:05.483+0000] {processor.py:840} INFO - DAG(s) 'spark-airflow-s3-ingestion-dag' retrieved from /opt/airflow/dags/dag-spark-airflow-s3-ingestion.py
[2026-03-27T19:42:05.511+0000] {logging_mixin.py:188} INFO - [2026-03-27T19:42:05.511+0000] {dag.py:3089} INFO - Sync 1 DAGs
[2026-03-27T19:42:05.526+0000] {logging_mixin.py:188} INFO - [2026-03-27T19:42:05.526+0000] {dag.py:3947} INFO - Setting next_dagrun for spark-airflow-s3-ingestion-dag to None, run_after=None
[2026-03-27T19:42:05.550+0000] {processor.py:183} INFO - Processing /opt/airflow/dags/dag-spark-airflow-s3-ingestion.py took 0.098 seconds
[2026-03-27T19:42:36.296+0000] {processor.py:161} INFO - Started process (PID=4016) to work on /opt/airflow/dags/dag-spark-airflow-s3-ingestion.py
[2026-03-27T19:42:36.297+0000] {processor.py:830} INFO - Processing file /opt/airflow/dags/dag-spark-airflow-s3-ingestion.py for tasks to queue
[2026-03-27T19:42:36.299+0000] {logging_mixin.py:188} INFO - [2026-03-27T19:42:36.299+0000] {dagbag.py:545} INFO - Filling up the DagBag from /opt/airflow/dags/dag-spark-airflow-s3-ingestion.py
[2026-03-27T19:42:36.317+0000] {processor.py:840} INFO - DAG(s) 'spark-airflow-s3-ingestion-dag' retrieved from /opt/airflow/dags/dag-spark-airflow-s3-ingestion.py
[2026-03-27T19:42:36.347+0000] {logging_mixin.py:188} INFO - [2026-03-27T19:42:36.346+0000] {dag.py:3089} INFO - Sync 1 DAGs
[2026-03-27T19:42:36.362+0000] {logging_mixin.py:188} INFO - [2026-03-27T19:42:36.361+0000] {dag.py:3947} INFO - Setting next_dagrun for spark-airflow-s3-ingestion-dag to None, run_after=None
[2026-03-27T19:42:36.385+0000] {processor.py:183} INFO - Processing /opt/airflow/dags/dag-spark-airflow-s3-ingestion.py took 0.094 seconds
[2026-03-27T19:43:07.152+0000] {processor.py:161} INFO - Started process (PID=4041) to work on /opt/airflow/dags/dag-spark-airflow-s3-ingestion.py
[2026-03-27T19:43:07.154+0000] {processor.py:830} INFO - Processing file /opt/airflow/dags/dag-spark-airflow-s3-ingestion.py for tasks to queue
[2026-03-27T19:43:07.156+0000] {logging_mixin.py:188} INFO - [2026-03-27T19:43:07.156+0000] {dagbag.py:545} INFO - Filling up the DagBag from /opt/airflow/dags/dag-spark-airflow-s3-ingestion.py
[2026-03-27T19:43:07.180+0000] {processor.py:840} INFO - DAG(s) 'spark-airflow-s3-ingestion-dag' retrieved from /opt/airflow/dags/dag-spark-airflow-s3-ingestion.py
[2026-03-27T19:43:07.209+0000] {logging_mixin.py:188} INFO - [2026-03-27T19:43:07.209+0000] {dag.py:3089} INFO - Sync 1 DAGs
[2026-03-27T19:43:07.223+0000] {logging_mixin.py:188} INFO - [2026-03-27T19:43:07.223+0000] {dag.py:3947} INFO - Setting next_dagrun for spark-airflow-s3-ingestion-dag to None, run_after=None
[2026-03-27T19:43:07.243+0000] {processor.py:183} INFO - Processing /opt/airflow/dags/dag-spark-airflow-s3-ingestion.py took 0.101 seconds
[2026-03-27T19:43:37.933+0000] {processor.py:161} INFO - Started process (PID=4066) to work on /opt/airflow/dags/dag-spark-airflow-s3-ingestion.py
[2026-03-27T19:43:37.934+0000] {processor.py:830} INFO - Processing file /opt/airflow/dags/dag-spark-airflow-s3-ingestion.py for tasks to queue
[2026-03-27T19:43:37.937+0000] {logging_mixin.py:188} INFO - [2026-03-27T19:43:37.936+0000] {dagbag.py:545} INFO - Filling up the DagBag from /opt/airflow/dags/dag-spark-airflow-s3-ingestion.py
[2026-03-27T19:43:37.958+0000] {processor.py:840} INFO - DAG(s) 'spark-airflow-s3-ingestion-dag' retrieved from /opt/airflow/dags/dag-spark-airflow-s3-ingestion.py
[2026-03-27T19:43:37.987+0000] {logging_mixin.py:188} INFO - [2026-03-27T19:43:37.987+0000] {dag.py:3089} INFO - Sync 1 DAGs
[2026-03-27T19:43:38.003+0000] {logging_mixin.py:188} INFO - [2026-03-27T19:43:38.003+0000] {dag.py:3947} INFO - Setting next_dagrun for spark-airflow-s3-ingestion-dag to None, run_after=None
[2026-03-27T19:43:38.027+0000] {processor.py:183} INFO - Processing /opt/airflow/dags/dag-spark-airflow-s3-ingestion.py took 0.101 seconds
[2026-03-27T19:44:08.735+0000] {processor.py:161} INFO - Started process (PID=4091) to work on /opt/airflow/dags/dag-spark-airflow-s3-ingestion.py
[2026-03-27T19:44:08.736+0000] {processor.py:830} INFO - Processing file /opt/airflow/dags/dag-spark-airflow-s3-ingestion.py for tasks to queue
[2026-03-27T19:44:08.738+0000] {logging_mixin.py:188} INFO - [2026-03-27T19:44:08.738+0000] {dagbag.py:545} INFO - Filling up the DagBag from /opt/airflow/dags/dag-spark-airflow-s3-ingestion.py
[2026-03-27T19:44:08.758+0000] {processor.py:840} INFO - DAG(s) 'spark-airflow-s3-ingestion-dag' retrieved from /opt/airflow/dags/dag-spark-airflow-s3-ingestion.py
[2026-03-27T19:44:08.789+0000] {logging_mixin.py:188} INFO - [2026-03-27T19:44:08.789+0000] {dag.py:3089} INFO - Sync 1 DAGs
[2026-03-27T19:44:08.805+0000] {logging_mixin.py:188} INFO - [2026-03-27T19:44:08.804+0000] {dag.py:3947} INFO - Setting next_dagrun for spark-airflow-s3-ingestion-dag to None, run_after=None
[2026-03-27T19:44:08.828+0000] {processor.py:183} INFO - Processing /opt/airflow/dags/dag-spark-airflow-s3-ingestion.py took 0.100 seconds
[2026-03-27T19:44:39.586+0000] {processor.py:161} INFO - Started process (PID=4119) to work on /opt/airflow/dags/dag-spark-airflow-s3-ingestion.py
[2026-03-27T19:44:39.588+0000] {processor.py:830} INFO - Processing file /opt/airflow/dags/dag-spark-airflow-s3-ingestion.py for tasks to queue
[2026-03-27T19:44:39.590+0000] {logging_mixin.py:188} INFO - [2026-03-27T19:44:39.590+0000] {dagbag.py:545} INFO - Filling up the DagBag from /opt/airflow/dags/dag-spark-airflow-s3-ingestion.py
[2026-03-27T19:44:39.608+0000] {processor.py:840} INFO - DAG(s) 'spark-airflow-s3-ingestion-dag' retrieved from /opt/airflow/dags/dag-spark-airflow-s3-ingestion.py
[2026-03-27T19:44:39.635+0000] {logging_mixin.py:188} INFO - [2026-03-27T19:44:39.635+0000] {dag.py:3089} INFO - Sync 1 DAGs
[2026-03-27T19:44:39.650+0000] {logging_mixin.py:188} INFO - [2026-03-27T19:44:39.649+0000] {dag.py:3947} INFO - Setting next_dagrun for spark-airflow-s3-ingestion-dag to None, run_after=None
[2026-03-27T19:44:39.674+0000] {processor.py:183} INFO - Processing /opt/airflow/dags/dag-spark-airflow-s3-ingestion.py took 0.094 seconds
[2026-03-27T19:45:10.386+0000] {processor.py:161} INFO - Started process (PID=4432) to work on /opt/airflow/dags/dag-spark-airflow-s3-ingestion.py
[2026-03-27T19:45:10.387+0000] {processor.py:830} INFO - Processing file /opt/airflow/dags/dag-spark-airflow-s3-ingestion.py for tasks to queue
[2026-03-27T19:45:10.390+0000] {logging_mixin.py:188} INFO - [2026-03-27T19:45:10.389+0000] {dagbag.py:545} INFO - Filling up the DagBag from /opt/airflow/dags/dag-spark-airflow-s3-ingestion.py
[2026-03-27T19:45:10.410+0000] {processor.py:840} INFO - DAG(s) 'spark-airflow-s3-ingestion-dag' retrieved from /opt/airflow/dags/dag-spark-airflow-s3-ingestion.py
[2026-03-27T19:45:10.441+0000] {logging_mixin.py:188} INFO - [2026-03-27T19:45:10.440+0000] {dag.py:3089} INFO - Sync 1 DAGs
[2026-03-27T19:45:10.456+0000] {logging_mixin.py:188} INFO - [2026-03-27T19:45:10.456+0000] {dag.py:3947} INFO - Setting next_dagrun for spark-airflow-s3-ingestion-dag to None, run_after=None
[2026-03-27T19:45:10.480+0000] {processor.py:183} INFO - Processing /opt/airflow/dags/dag-spark-airflow-s3-ingestion.py took 0.102 seconds
[2026-03-27T19:45:41.194+0000] {processor.py:161} INFO - Started process (PID=5689) to work on /opt/airflow/dags/dag-spark-airflow-s3-ingestion.py
[2026-03-27T19:45:41.196+0000] {processor.py:830} INFO - Processing file /opt/airflow/dags/dag-spark-airflow-s3-ingestion.py for tasks to queue
[2026-03-27T19:45:41.198+0000] {logging_mixin.py:188} INFO - [2026-03-27T19:45:41.197+0000] {dagbag.py:545} INFO - Filling up the DagBag from /opt/airflow/dags/dag-spark-airflow-s3-ingestion.py
[2026-03-27T19:45:41.220+0000] {processor.py:840} INFO - DAG(s) 'spark-airflow-s3-ingestion-dag' retrieved from /opt/airflow/dags/dag-spark-airflow-s3-ingestion.py
[2026-03-27T19:45:41.253+0000] {logging_mixin.py:188} INFO - [2026-03-27T19:45:41.253+0000] {dag.py:3089} INFO - Sync 1 DAGs
[2026-03-27T19:45:41.269+0000] {logging_mixin.py:188} INFO - [2026-03-27T19:45:41.268+0000] {dag.py:3947} INFO - Setting next_dagrun for spark-airflow-s3-ingestion-dag to None, run_after=None
[2026-03-27T19:45:41.292+0000] {processor.py:183} INFO - Processing /opt/airflow/dags/dag-spark-airflow-s3-ingestion.py took 0.105 seconds
[2026-03-27T19:46:11.925+0000] {processor.py:161} INFO - Started process (PID=5736) to work on /opt/airflow/dags/dag-spark-airflow-s3-ingestion.py
[2026-03-27T19:46:11.926+0000] {processor.py:830} INFO - Processing file /opt/airflow/dags/dag-spark-airflow-s3-ingestion.py for tasks to queue
[2026-03-27T19:46:11.930+0000] {logging_mixin.py:188} INFO - [2026-03-27T19:46:11.929+0000] {dagbag.py:545} INFO - Filling up the DagBag from /opt/airflow/dags/dag-spark-airflow-s3-ingestion.py
[2026-03-27T19:46:11.952+0000] {processor.py:840} INFO - DAG(s) 'spark-airflow-s3-ingestion-dag' retrieved from /opt/airflow/dags/dag-spark-airflow-s3-ingestion.py
[2026-03-27T19:46:11.987+0000] {logging_mixin.py:188} INFO - [2026-03-27T19:46:11.987+0000] {dag.py:3089} INFO - Sync 1 DAGs
[2026-03-27T19:46:12.004+0000] {logging_mixin.py:188} INFO - [2026-03-27T19:46:12.004+0000] {dag.py:3947} INFO - Setting next_dagrun for spark-airflow-s3-ingestion-dag to None, run_after=None
[2026-03-27T19:46:12.029+0000] {processor.py:183} INFO - Processing /opt/airflow/dags/dag-spark-airflow-s3-ingestion.py took 0.111 seconds
[2026-03-27T19:46:42.630+0000] {processor.py:161} INFO - Started process (PID=5761) to work on /opt/airflow/dags/dag-spark-airflow-s3-ingestion.py
[2026-03-27T19:46:42.631+0000] {processor.py:830} INFO - Processing file /opt/airflow/dags/dag-spark-airflow-s3-ingestion.py for tasks to queue
[2026-03-27T19:46:42.634+0000] {logging_mixin.py:188} INFO - [2026-03-27T19:46:42.633+0000] {dagbag.py:545} INFO - Filling up the DagBag from /opt/airflow/dags/dag-spark-airflow-s3-ingestion.py
[2026-03-27T19:46:42.658+0000] {processor.py:840} INFO - DAG(s) 'spark-airflow-s3-ingestion-dag' retrieved from /opt/airflow/dags/dag-spark-airflow-s3-ingestion.py
[2026-03-27T19:46:42.688+0000] {logging_mixin.py:188} INFO - [2026-03-27T19:46:42.687+0000] {dag.py:3089} INFO - Sync 1 DAGs
[2026-03-27T19:46:42.706+0000] {logging_mixin.py:188} INFO - [2026-03-27T19:46:42.706+0000] {dag.py:3947} INFO - Setting next_dagrun for spark-airflow-s3-ingestion-dag to None, run_after=None
[2026-03-27T19:46:42.732+0000] {processor.py:183} INFO - Processing /opt/airflow/dags/dag-spark-airflow-s3-ingestion.py took 0.112 seconds
[2026-03-27T19:47:13.343+0000] {processor.py:161} INFO - Started process (PID=5786) to work on /opt/airflow/dags/dag-spark-airflow-s3-ingestion.py
[2026-03-27T19:47:13.344+0000] {processor.py:830} INFO - Processing file /opt/airflow/dags/dag-spark-airflow-s3-ingestion.py for tasks to queue
[2026-03-27T19:47:13.346+0000] {logging_mixin.py:188} INFO - [2026-03-27T19:47:13.346+0000] {dagbag.py:545} INFO - Filling up the DagBag from /opt/airflow/dags/dag-spark-airflow-s3-ingestion.py
[2026-03-27T19:47:13.369+0000] {processor.py:840} INFO - DAG(s) 'spark-airflow-s3-ingestion-dag' retrieved from /opt/airflow/dags/dag-spark-airflow-s3-ingestion.py
[2026-03-27T19:47:13.402+0000] {logging_mixin.py:188} INFO - [2026-03-27T19:47:13.401+0000] {dag.py:3089} INFO - Sync 1 DAGs
[2026-03-27T19:47:13.421+0000] {logging_mixin.py:188} INFO - [2026-03-27T19:47:13.420+0000] {dag.py:3947} INFO - Setting next_dagrun for spark-airflow-s3-ingestion-dag to None, run_after=None
[2026-03-27T19:47:13.447+0000] {processor.py:183} INFO - Processing /opt/airflow/dags/dag-spark-airflow-s3-ingestion.py took 0.111 seconds
[2026-03-27T19:47:44.157+0000] {processor.py:161} INFO - Started process (PID=5811) to work on /opt/airflow/dags/dag-spark-airflow-s3-ingestion.py
[2026-03-27T19:47:44.158+0000] {processor.py:830} INFO - Processing file /opt/airflow/dags/dag-spark-airflow-s3-ingestion.py for tasks to queue
[2026-03-27T19:47:44.160+0000] {logging_mixin.py:188} INFO - [2026-03-27T19:47:44.160+0000] {dagbag.py:545} INFO - Filling up the DagBag from /opt/airflow/dags/dag-spark-airflow-s3-ingestion.py
[2026-03-27T19:47:44.181+0000] {processor.py:840} INFO - DAG(s) 'spark-airflow-s3-ingestion-dag' retrieved from /opt/airflow/dags/dag-spark-airflow-s3-ingestion.py
[2026-03-27T19:47:44.210+0000] {logging_mixin.py:188} INFO - [2026-03-27T19:47:44.210+0000] {dag.py:3089} INFO - Sync 1 DAGs
[2026-03-27T19:47:44.224+0000] {logging_mixin.py:188} INFO - [2026-03-27T19:47:44.224+0000] {dag.py:3947} INFO - Setting next_dagrun for spark-airflow-s3-ingestion-dag to None, run_after=None
[2026-03-27T19:47:44.251+0000] {processor.py:183} INFO - Processing /opt/airflow/dags/dag-spark-airflow-s3-ingestion.py took 0.101 seconds
[2026-03-27T19:48:14.977+0000] {processor.py:161} INFO - Started process (PID=5836) to work on /opt/airflow/dags/dag-spark-airflow-s3-ingestion.py
[2026-03-27T19:48:14.977+0000] {processor.py:830} INFO - Processing file /opt/airflow/dags/dag-spark-airflow-s3-ingestion.py for tasks to queue
[2026-03-27T19:48:14.979+0000] {logging_mixin.py:188} INFO - [2026-03-27T19:48:14.979+0000] {dagbag.py:545} INFO - Filling up the DagBag from /opt/airflow/dags/dag-spark-airflow-s3-ingestion.py
[2026-03-27T19:48:14.996+0000] {processor.py:840} INFO - DAG(s) 'spark-airflow-s3-ingestion-dag' retrieved from /opt/airflow/dags/dag-spark-airflow-s3-ingestion.py
[2026-03-27T19:48:15.026+0000] {logging_mixin.py:188} INFO - [2026-03-27T19:48:15.026+0000] {dag.py:3089} INFO - Sync 1 DAGs
[2026-03-27T19:48:15.041+0000] {logging_mixin.py:188} INFO - [2026-03-27T19:48:15.041+0000] {dag.py:3947} INFO - Setting next_dagrun for spark-airflow-s3-ingestion-dag to None, run_after=None
[2026-03-27T19:48:15.064+0000] {processor.py:183} INFO - Processing /opt/airflow/dags/dag-spark-airflow-s3-ingestion.py took 0.093 seconds
[2026-03-27T19:48:45.760+0000] {processor.py:161} INFO - Started process (PID=5861) to work on /opt/airflow/dags/dag-spark-airflow-s3-ingestion.py
[2026-03-27T19:48:45.761+0000] {processor.py:830} INFO - Processing file /opt/airflow/dags/dag-spark-airflow-s3-ingestion.py for tasks to queue
[2026-03-27T19:48:45.763+0000] {logging_mixin.py:188} INFO - [2026-03-27T19:48:45.763+0000] {dagbag.py:545} INFO - Filling up the DagBag from /opt/airflow/dags/dag-spark-airflow-s3-ingestion.py
[2026-03-27T19:48:45.783+0000] {processor.py:840} INFO - DAG(s) 'spark-airflow-s3-ingestion-dag' retrieved from /opt/airflow/dags/dag-spark-airflow-s3-ingestion.py
[2026-03-27T19:48:45.812+0000] {logging_mixin.py:188} INFO - [2026-03-27T19:48:45.812+0000] {dag.py:3089} INFO - Sync 1 DAGs
[2026-03-27T19:48:45.828+0000] {logging_mixin.py:188} INFO - [2026-03-27T19:48:45.828+0000] {dag.py:3947} INFO - Setting next_dagrun for spark-airflow-s3-ingestion-dag to None, run_after=None
[2026-03-27T19:48:45.852+0000] {processor.py:183} INFO - Processing /opt/airflow/dags/dag-spark-airflow-s3-ingestion.py took 0.097 seconds
[2026-03-27T19:49:16.489+0000] {processor.py:161} INFO - Started process (PID=7639) to work on /opt/airflow/dags/dag-spark-airflow-s3-ingestion.py
[2026-03-27T19:49:16.490+0000] {processor.py:830} INFO - Processing file /opt/airflow/dags/dag-spark-airflow-s3-ingestion.py for tasks to queue
[2026-03-27T19:49:16.492+0000] {logging_mixin.py:188} INFO - [2026-03-27T19:49:16.492+0000] {dagbag.py:545} INFO - Filling up the DagBag from /opt/airflow/dags/dag-spark-airflow-s3-ingestion.py
[2026-03-27T19:49:16.517+0000] {processor.py:840} INFO - DAG(s) 'spark-airflow-s3-ingestion-dag' retrieved from /opt/airflow/dags/dag-spark-airflow-s3-ingestion.py
[2026-03-27T19:49:16.549+0000] {logging_mixin.py:188} INFO - [2026-03-27T19:49:16.548+0000] {dag.py:3089} INFO - Sync 1 DAGs
[2026-03-27T19:49:16.564+0000] {logging_mixin.py:188} INFO - [2026-03-27T19:49:16.564+0000] {dag.py:3947} INFO - Setting next_dagrun for spark-airflow-s3-ingestion-dag to None, run_after=None
[2026-03-27T19:49:16.587+0000] {processor.py:183} INFO - Processing /opt/airflow/dags/dag-spark-airflow-s3-ingestion.py took 0.104 seconds
[2026-03-27T19:49:47.311+0000] {processor.py:161} INFO - Started process (PID=7966) to work on /opt/airflow/dags/dag-spark-airflow-s3-ingestion.py
[2026-03-27T19:49:47.312+0000] {processor.py:830} INFO - Processing file /opt/airflow/dags/dag-spark-airflow-s3-ingestion.py for tasks to queue
[2026-03-27T19:49:47.314+0000] {logging_mixin.py:188} INFO - [2026-03-27T19:49:47.314+0000] {dagbag.py:545} INFO - Filling up the DagBag from /opt/airflow/dags/dag-spark-airflow-s3-ingestion.py
[2026-03-27T19:49:47.336+0000] {processor.py:840} INFO - DAG(s) 'spark-airflow-s3-ingestion-dag' retrieved from /opt/airflow/dags/dag-spark-airflow-s3-ingestion.py
[2026-03-27T19:49:47.369+0000] {logging_mixin.py:188} INFO - [2026-03-27T19:49:47.368+0000] {dag.py:3089} INFO - Sync 1 DAGs
[2026-03-27T19:49:47.392+0000] {logging_mixin.py:188} INFO - [2026-03-27T19:49:47.392+0000] {dag.py:3947} INFO - Setting next_dagrun for spark-airflow-s3-ingestion-dag to None, run_after=None
[2026-03-27T19:49:47.424+0000] {processor.py:183} INFO - Processing /opt/airflow/dags/dag-spark-airflow-s3-ingestion.py took 0.119 seconds
[2026-03-27T19:50:18.171+0000] {processor.py:161} INFO - Started process (PID=7991) to work on /opt/airflow/dags/dag-spark-airflow-s3-ingestion.py
[2026-03-27T19:50:18.172+0000] {processor.py:830} INFO - Processing file /opt/airflow/dags/dag-spark-airflow-s3-ingestion.py for tasks to queue
[2026-03-27T19:50:18.174+0000] {logging_mixin.py:188} INFO - [2026-03-27T19:50:18.173+0000] {dagbag.py:545} INFO - Filling up the DagBag from /opt/airflow/dags/dag-spark-airflow-s3-ingestion.py
[2026-03-27T19:50:18.191+0000] {processor.py:840} INFO - DAG(s) 'spark-airflow-s3-ingestion-dag' retrieved from /opt/airflow/dags/dag-spark-airflow-s3-ingestion.py
[2026-03-27T19:50:18.217+0000] {logging_mixin.py:188} INFO - [2026-03-27T19:50:18.216+0000] {dag.py:3089} INFO - Sync 1 DAGs
[2026-03-27T19:50:18.230+0000] {logging_mixin.py:188} INFO - [2026-03-27T19:50:18.230+0000] {dag.py:3947} INFO - Setting next_dagrun for spark-airflow-s3-ingestion-dag to None, run_after=None
[2026-03-27T19:50:18.253+0000] {processor.py:183} INFO - Processing /opt/airflow/dags/dag-spark-airflow-s3-ingestion.py took 0.087 seconds
[2026-03-27T19:50:49.013+0000] {processor.py:161} INFO - Started process (PID=8016) to work on /opt/airflow/dags/dag-spark-airflow-s3-ingestion.py
[2026-03-27T19:50:49.014+0000] {processor.py:830} INFO - Processing file /opt/airflow/dags/dag-spark-airflow-s3-ingestion.py for tasks to queue
[2026-03-27T19:50:49.016+0000] {logging_mixin.py:188} INFO - [2026-03-27T19:50:49.016+0000] {dagbag.py:545} INFO - Filling up the DagBag from /opt/airflow/dags/dag-spark-airflow-s3-ingestion.py
[2026-03-27T19:50:49.034+0000] {processor.py:840} INFO - DAG(s) 'spark-airflow-s3-ingestion-dag' retrieved from /opt/airflow/dags/dag-spark-airflow-s3-ingestion.py
[2026-03-27T19:50:49.060+0000] {logging_mixin.py:188} INFO - [2026-03-27T19:50:49.060+0000] {dag.py:3089} INFO - Sync 1 DAGs
[2026-03-27T19:50:49.073+0000] {logging_mixin.py:188} INFO - [2026-03-27T19:50:49.073+0000] {dag.py:3947} INFO - Setting next_dagrun for spark-airflow-s3-ingestion-dag to None, run_after=None
[2026-03-27T19:50:49.096+0000] {processor.py:183} INFO - Processing /opt/airflow/dags/dag-spark-airflow-s3-ingestion.py took 0.089 seconds
[2026-03-27T19:51:19.858+0000] {processor.py:161} INFO - Started process (PID=8041) to work on /opt/airflow/dags/dag-spark-airflow-s3-ingestion.py
[2026-03-27T19:51:19.859+0000] {processor.py:830} INFO - Processing file /opt/airflow/dags/dag-spark-airflow-s3-ingestion.py for tasks to queue
[2026-03-27T19:51:19.861+0000] {logging_mixin.py:188} INFO - [2026-03-27T19:51:19.860+0000] {dagbag.py:545} INFO - Filling up the DagBag from /opt/airflow/dags/dag-spark-airflow-s3-ingestion.py
[2026-03-27T19:51:19.885+0000] {processor.py:840} INFO - DAG(s) 'spark-airflow-s3-ingestion-dag' retrieved from /opt/airflow/dags/dag-spark-airflow-s3-ingestion.py
[2026-03-27T19:51:19.913+0000] {logging_mixin.py:188} INFO - [2026-03-27T19:51:19.913+0000] {dag.py:3089} INFO - Sync 1 DAGs
[2026-03-27T19:51:19.928+0000] {logging_mixin.py:188} INFO - [2026-03-27T19:51:19.927+0000] {dag.py:3947} INFO - Setting next_dagrun for spark-airflow-s3-ingestion-dag to None, run_after=None
[2026-03-27T19:51:19.951+0000] {processor.py:183} INFO - Processing /opt/airflow/dags/dag-spark-airflow-s3-ingestion.py took 0.098 seconds
[2026-03-27T19:51:50.665+0000] {processor.py:161} INFO - Started process (PID=8066) to work on /opt/airflow/dags/dag-spark-airflow-s3-ingestion.py
[2026-03-27T19:51:50.666+0000] {processor.py:830} INFO - Processing file /opt/airflow/dags/dag-spark-airflow-s3-ingestion.py for tasks to queue
[2026-03-27T19:51:50.668+0000] {logging_mixin.py:188} INFO - [2026-03-27T19:51:50.668+0000] {dagbag.py:545} INFO - Filling up the DagBag from /opt/airflow/dags/dag-spark-airflow-s3-ingestion.py
[2026-03-27T19:51:50.690+0000] {processor.py:840} INFO - DAG(s) 'spark-airflow-s3-ingestion-dag' retrieved from /opt/airflow/dags/dag-spark-airflow-s3-ingestion.py
[2026-03-27T19:51:50.718+0000] {logging_mixin.py:188} INFO - [2026-03-27T19:51:50.718+0000] {dag.py:3089} INFO - Sync 1 DAGs
[2026-03-27T19:51:50.734+0000] {logging_mixin.py:188} INFO - [2026-03-27T19:51:50.734+0000] {dag.py:3947} INFO - Setting next_dagrun for spark-airflow-s3-ingestion-dag to None, run_after=None
[2026-03-27T19:51:50.757+0000] {processor.py:183} INFO - Processing /opt/airflow/dags/dag-spark-airflow-s3-ingestion.py took 0.101 seconds
