[2026-03-27T15:44:29.677+0000] {processor.py:161} INFO - Started process (PID=364) to work on /opt/airflow/dags/postgres-airflow-ingestion-dag.py
[2026-03-27T15:44:29.679+0000] {processor.py:830} INFO - Processing file /opt/airflow/dags/postgres-airflow-ingestion-dag.py for tasks to queue
[2026-03-27T15:44:29.681+0000] {logging_mixin.py:188} INFO - [2026-03-27T15:44:29.681+0000] {dagbag.py:545} INFO - Filling up the DagBag from /opt/airflow/dags/postgres-airflow-ingestion-dag.py
[2026-03-27T15:44:29.704+0000] {processor.py:840} INFO - DAG(s) 'spark_streaming_pipeline' retrieved from /opt/airflow/dags/postgres-airflow-ingestion-dag.py
[2026-03-27T15:44:29.739+0000] {logging_mixin.py:188} INFO - [2026-03-27T15:44:29.739+0000] {dag.py:3089} INFO - Sync 1 DAGs
[2026-03-27T15:44:29.754+0000] {logging_mixin.py:188} INFO - [2026-03-27T15:44:29.754+0000] {dag.py:3947} INFO - Setting next_dagrun for spark_streaming_pipeline to None, run_after=None
[2026-03-27T15:44:29.777+0000] {processor.py:183} INFO - Processing /opt/airflow/dags/postgres-airflow-ingestion-dag.py took 0.106 seconds
[2026-03-27T15:45:00.929+0000] {processor.py:161} INFO - Started process (PID=387) to work on /opt/airflow/dags/postgres-airflow-ingestion-dag.py
[2026-03-27T15:45:00.931+0000] {processor.py:830} INFO - Processing file /opt/airflow/dags/postgres-airflow-ingestion-dag.py for tasks to queue
[2026-03-27T15:45:00.934+0000] {logging_mixin.py:188} INFO - [2026-03-27T15:45:00.933+0000] {dagbag.py:545} INFO - Filling up the DagBag from /opt/airflow/dags/postgres-airflow-ingestion-dag.py
[2026-03-27T15:45:00.965+0000] {processor.py:840} INFO - DAG(s) 'spark_streaming_pipeline' retrieved from /opt/airflow/dags/postgres-airflow-ingestion-dag.py
[2026-03-27T15:45:01.044+0000] {logging_mixin.py:188} INFO - [2026-03-27T15:45:01.043+0000] {dag.py:3089} INFO - Sync 1 DAGs
[2026-03-27T15:45:01.097+0000] {logging_mixin.py:188} INFO - [2026-03-27T15:45:01.097+0000] {dag.py:3947} INFO - Setting next_dagrun for spark_streaming_pipeline to None, run_after=None
[2026-03-27T15:45:01.160+0000] {processor.py:183} INFO - Processing /opt/airflow/dags/postgres-airflow-ingestion-dag.py took 0.250 seconds
[2026-03-27T15:45:32.057+0000] {processor.py:161} INFO - Started process (PID=552) to work on /opt/airflow/dags/postgres-airflow-ingestion-dag.py
[2026-03-27T15:45:32.059+0000] {processor.py:830} INFO - Processing file /opt/airflow/dags/postgres-airflow-ingestion-dag.py for tasks to queue
[2026-03-27T15:45:32.063+0000] {logging_mixin.py:188} INFO - [2026-03-27T15:45:32.063+0000] {dagbag.py:545} INFO - Filling up the DagBag from /opt/airflow/dags/postgres-airflow-ingestion-dag.py
[2026-03-27T15:45:32.099+0000] {processor.py:840} INFO - DAG(s) 'spark_streaming_pipeline' retrieved from /opt/airflow/dags/postgres-airflow-ingestion-dag.py
[2026-03-27T15:45:32.166+0000] {logging_mixin.py:188} INFO - [2026-03-27T15:45:32.165+0000] {dag.py:3089} INFO - Sync 1 DAGs
[2026-03-27T15:45:32.198+0000] {logging_mixin.py:188} INFO - [2026-03-27T15:45:32.197+0000] {dag.py:3947} INFO - Setting next_dagrun for spark_streaming_pipeline to None, run_after=None
[2026-03-27T15:45:32.250+0000] {processor.py:183} INFO - Processing /opt/airflow/dags/postgres-airflow-ingestion-dag.py took 0.207 seconds
[2026-03-27T15:46:02.773+0000] {processor.py:161} INFO - Started process (PID=598) to work on /opt/airflow/dags/postgres-airflow-ingestion-dag.py
[2026-03-27T15:46:02.774+0000] {processor.py:830} INFO - Processing file /opt/airflow/dags/postgres-airflow-ingestion-dag.py for tasks to queue
[2026-03-27T15:46:02.776+0000] {logging_mixin.py:188} INFO - [2026-03-27T15:46:02.776+0000] {dagbag.py:545} INFO - Filling up the DagBag from /opt/airflow/dags/postgres-airflow-ingestion-dag.py
[2026-03-27T15:46:02.801+0000] {processor.py:840} INFO - DAG(s) 'spark_streaming_pipeline' retrieved from /opt/airflow/dags/postgres-airflow-ingestion-dag.py
[2026-03-27T15:46:02.835+0000] {logging_mixin.py:188} INFO - [2026-03-27T15:46:02.835+0000] {dag.py:3089} INFO - Sync 1 DAGs
[2026-03-27T15:46:02.849+0000] {logging_mixin.py:188} INFO - [2026-03-27T15:46:02.849+0000] {dag.py:3947} INFO - Setting next_dagrun for spark_streaming_pipeline to None, run_after=None
[2026-03-27T15:46:02.870+0000] {processor.py:183} INFO - Processing /opt/airflow/dags/postgres-airflow-ingestion-dag.py took 0.103 seconds
[2026-03-27T15:46:33.668+0000] {processor.py:161} INFO - Started process (PID=634) to work on /opt/airflow/dags/postgres-airflow-ingestion-dag.py
[2026-03-27T15:46:33.670+0000] {processor.py:830} INFO - Processing file /opt/airflow/dags/postgres-airflow-ingestion-dag.py for tasks to queue
[2026-03-27T15:46:33.672+0000] {logging_mixin.py:188} INFO - [2026-03-27T15:46:33.671+0000] {dagbag.py:545} INFO - Filling up the DagBag from /opt/airflow/dags/postgres-airflow-ingestion-dag.py
[2026-03-27T15:46:33.692+0000] {processor.py:840} INFO - DAG(s) 'spark_streaming_pipeline' retrieved from /opt/airflow/dags/postgres-airflow-ingestion-dag.py
[2026-03-27T15:46:33.724+0000] {logging_mixin.py:188} INFO - [2026-03-27T15:46:33.723+0000] {dag.py:3089} INFO - Sync 1 DAGs
[2026-03-27T15:46:33.737+0000] {logging_mixin.py:188} INFO - [2026-03-27T15:46:33.737+0000] {dag.py:3947} INFO - Setting next_dagrun for spark_streaming_pipeline to None, run_after=None
[2026-03-27T15:46:33.765+0000] {processor.py:183} INFO - Processing /opt/airflow/dags/postgres-airflow-ingestion-dag.py took 0.104 seconds
[2026-03-27T15:47:04.551+0000] {processor.py:161} INFO - Started process (PID=706) to work on /opt/airflow/dags/postgres-airflow-ingestion-dag.py
[2026-03-27T15:47:04.552+0000] {processor.py:830} INFO - Processing file /opt/airflow/dags/postgres-airflow-ingestion-dag.py for tasks to queue
[2026-03-27T15:47:04.554+0000] {logging_mixin.py:188} INFO - [2026-03-27T15:47:04.554+0000] {dagbag.py:545} INFO - Filling up the DagBag from /opt/airflow/dags/postgres-airflow-ingestion-dag.py
[2026-03-27T15:47:04.577+0000] {processor.py:840} INFO - DAG(s) 'spark_streaming_pipeline' retrieved from /opt/airflow/dags/postgres-airflow-ingestion-dag.py
[2026-03-27T15:47:04.614+0000] {logging_mixin.py:188} INFO - [2026-03-27T15:47:04.614+0000] {dag.py:3089} INFO - Sync 1 DAGs
[2026-03-27T15:47:04.629+0000] {logging_mixin.py:188} INFO - [2026-03-27T15:47:04.628+0000] {dag.py:3947} INFO - Setting next_dagrun for spark_streaming_pipeline to None, run_after=None
[2026-03-27T15:47:04.650+0000] {processor.py:183} INFO - Processing /opt/airflow/dags/postgres-airflow-ingestion-dag.py took 0.107 seconds
[2026-03-27T15:47:35.304+0000] {processor.py:161} INFO - Started process (PID=726) to work on /opt/airflow/dags/postgres-airflow-ingestion-dag.py
[2026-03-27T15:47:35.305+0000] {processor.py:830} INFO - Processing file /opt/airflow/dags/postgres-airflow-ingestion-dag.py for tasks to queue
[2026-03-27T15:47:35.307+0000] {logging_mixin.py:188} INFO - [2026-03-27T15:47:35.307+0000] {dagbag.py:545} INFO - Filling up the DagBag from /opt/airflow/dags/postgres-airflow-ingestion-dag.py
[2026-03-27T15:47:35.332+0000] {processor.py:840} INFO - DAG(s) 'spark_streaming_pipeline' retrieved from /opt/airflow/dags/postgres-airflow-ingestion-dag.py
[2026-03-27T15:47:35.364+0000] {logging_mixin.py:188} INFO - [2026-03-27T15:47:35.364+0000] {dag.py:3089} INFO - Sync 1 DAGs
[2026-03-27T15:47:35.378+0000] {logging_mixin.py:188} INFO - [2026-03-27T15:47:35.378+0000] {dag.py:3947} INFO - Setting next_dagrun for spark_streaming_pipeline to None, run_after=None
[2026-03-27T15:47:35.401+0000] {processor.py:183} INFO - Processing /opt/airflow/dags/postgres-airflow-ingestion-dag.py took 0.103 seconds
[2026-03-27T15:48:06.228+0000] {processor.py:161} INFO - Started process (PID=746) to work on /opt/airflow/dags/postgres-airflow-ingestion-dag.py
[2026-03-27T15:48:06.230+0000] {processor.py:830} INFO - Processing file /opt/airflow/dags/postgres-airflow-ingestion-dag.py for tasks to queue
[2026-03-27T15:48:06.232+0000] {logging_mixin.py:188} INFO - [2026-03-27T15:48:06.232+0000] {dagbag.py:545} INFO - Filling up the DagBag from /opt/airflow/dags/postgres-airflow-ingestion-dag.py
[2026-03-27T15:48:06.256+0000] {processor.py:840} INFO - DAG(s) 'spark_streaming_pipeline' retrieved from /opt/airflow/dags/postgres-airflow-ingestion-dag.py
[2026-03-27T15:48:06.289+0000] {logging_mixin.py:188} INFO - [2026-03-27T15:48:06.289+0000] {dag.py:3089} INFO - Sync 1 DAGs
[2026-03-27T15:48:06.305+0000] {logging_mixin.py:188} INFO - [2026-03-27T15:48:06.305+0000] {dag.py:3947} INFO - Setting next_dagrun for spark_streaming_pipeline to None, run_after=None
[2026-03-27T15:48:06.327+0000] {processor.py:183} INFO - Processing /opt/airflow/dags/postgres-airflow-ingestion-dag.py took 0.110 seconds
[2026-03-27T15:48:37.062+0000] {processor.py:161} INFO - Started process (PID=766) to work on /opt/airflow/dags/postgres-airflow-ingestion-dag.py
[2026-03-27T15:48:37.063+0000] {processor.py:830} INFO - Processing file /opt/airflow/dags/postgres-airflow-ingestion-dag.py for tasks to queue
[2026-03-27T15:48:37.066+0000] {logging_mixin.py:188} INFO - [2026-03-27T15:48:37.065+0000] {dagbag.py:545} INFO - Filling up the DagBag from /opt/airflow/dags/postgres-airflow-ingestion-dag.py
[2026-03-27T15:48:37.089+0000] {processor.py:840} INFO - DAG(s) 'spark_streaming_pipeline' retrieved from /opt/airflow/dags/postgres-airflow-ingestion-dag.py
[2026-03-27T15:48:37.126+0000] {logging_mixin.py:188} INFO - [2026-03-27T15:48:37.125+0000] {dag.py:3089} INFO - Sync 1 DAGs
[2026-03-27T15:48:37.144+0000] {logging_mixin.py:188} INFO - [2026-03-27T15:48:37.143+0000] {dag.py:3947} INFO - Setting next_dagrun for spark_streaming_pipeline to None, run_after=None
[2026-03-27T15:48:37.165+0000] {processor.py:183} INFO - Processing /opt/airflow/dags/postgres-airflow-ingestion-dag.py took 0.110 seconds
[2026-03-27T15:49:07.894+0000] {processor.py:161} INFO - Started process (PID=786) to work on /opt/airflow/dags/postgres-airflow-ingestion-dag.py
[2026-03-27T15:49:07.895+0000] {processor.py:830} INFO - Processing file /opt/airflow/dags/postgres-airflow-ingestion-dag.py for tasks to queue
[2026-03-27T15:49:07.897+0000] {logging_mixin.py:188} INFO - [2026-03-27T15:49:07.897+0000] {dagbag.py:545} INFO - Filling up the DagBag from /opt/airflow/dags/postgres-airflow-ingestion-dag.py
[2026-03-27T15:49:07.924+0000] {processor.py:840} INFO - DAG(s) 'spark_streaming_pipeline' retrieved from /opt/airflow/dags/postgres-airflow-ingestion-dag.py
[2026-03-27T15:49:07.974+0000] {logging_mixin.py:188} INFO - [2026-03-27T15:49:07.973+0000] {dag.py:3089} INFO - Sync 1 DAGs
[2026-03-27T15:49:07.990+0000] {logging_mixin.py:188} INFO - [2026-03-27T15:49:07.990+0000] {dag.py:3947} INFO - Setting next_dagrun for spark_streaming_pipeline to None, run_after=None
[2026-03-27T15:49:08.012+0000] {processor.py:183} INFO - Processing /opt/airflow/dags/postgres-airflow-ingestion-dag.py took 0.124 seconds
[2026-03-27T15:49:38.746+0000] {processor.py:161} INFO - Started process (PID=806) to work on /opt/airflow/dags/postgres-airflow-ingestion-dag.py
[2026-03-27T15:49:38.748+0000] {processor.py:830} INFO - Processing file /opt/airflow/dags/postgres-airflow-ingestion-dag.py for tasks to queue
[2026-03-27T15:49:38.750+0000] {logging_mixin.py:188} INFO - [2026-03-27T15:49:38.750+0000] {dagbag.py:545} INFO - Filling up the DagBag from /opt/airflow/dags/postgres-airflow-ingestion-dag.py
[2026-03-27T15:49:38.773+0000] {processor.py:840} INFO - DAG(s) 'spark_streaming_pipeline' retrieved from /opt/airflow/dags/postgres-airflow-ingestion-dag.py
[2026-03-27T15:49:38.809+0000] {logging_mixin.py:188} INFO - [2026-03-27T15:49:38.809+0000] {dag.py:3089} INFO - Sync 1 DAGs
[2026-03-27T15:49:38.827+0000] {logging_mixin.py:188} INFO - [2026-03-27T15:49:38.827+0000] {dag.py:3947} INFO - Setting next_dagrun for spark_streaming_pipeline to None, run_after=None
[2026-03-27T15:49:38.849+0000] {processor.py:183} INFO - Processing /opt/airflow/dags/postgres-airflow-ingestion-dag.py took 0.110 seconds
[2026-03-27T15:50:09.763+0000] {processor.py:161} INFO - Started process (PID=977) to work on /opt/airflow/dags/postgres-airflow-ingestion-dag.py
[2026-03-27T15:50:09.765+0000] {processor.py:830} INFO - Processing file /opt/airflow/dags/postgres-airflow-ingestion-dag.py for tasks to queue
[2026-03-27T15:50:09.768+0000] {logging_mixin.py:188} INFO - [2026-03-27T15:50:09.767+0000] {dagbag.py:545} INFO - Filling up the DagBag from /opt/airflow/dags/postgres-airflow-ingestion-dag.py
[2026-03-27T15:50:09.792+0000] {processor.py:840} INFO - DAG(s) 'spark_streaming_pipeline' retrieved from /opt/airflow/dags/postgres-airflow-ingestion-dag.py
[2026-03-27T15:50:09.844+0000] {logging_mixin.py:188} INFO - [2026-03-27T15:50:09.844+0000] {dag.py:3089} INFO - Sync 1 DAGs
[2026-03-27T15:50:09.866+0000] {logging_mixin.py:188} INFO - [2026-03-27T15:50:09.865+0000] {dag.py:3947} INFO - Setting next_dagrun for spark_streaming_pipeline to None, run_after=None
[2026-03-27T15:50:09.897+0000] {processor.py:183} INFO - Processing /opt/airflow/dags/postgres-airflow-ingestion-dag.py took 0.141 seconds
[2026-03-27T15:50:40.500+0000] {processor.py:161} INFO - Started process (PID=2078) to work on /opt/airflow/dags/postgres-airflow-ingestion-dag.py
[2026-03-27T15:50:40.501+0000] {processor.py:830} INFO - Processing file /opt/airflow/dags/postgres-airflow-ingestion-dag.py for tasks to queue
[2026-03-27T15:50:40.503+0000] {logging_mixin.py:188} INFO - [2026-03-27T15:50:40.503+0000] {dagbag.py:545} INFO - Filling up the DagBag from /opt/airflow/dags/postgres-airflow-ingestion-dag.py
[2026-03-27T15:50:40.528+0000] {processor.py:840} INFO - DAG(s) 'spark_streaming_pipeline' retrieved from /opt/airflow/dags/postgres-airflow-ingestion-dag.py
[2026-03-27T15:50:40.569+0000] {logging_mixin.py:188} INFO - [2026-03-27T15:50:40.569+0000] {dag.py:3089} INFO - Sync 1 DAGs
[2026-03-27T15:50:40.586+0000] {logging_mixin.py:188} INFO - [2026-03-27T15:50:40.586+0000] {dag.py:3947} INFO - Setting next_dagrun for spark_streaming_pipeline to None, run_after=None
[2026-03-27T15:50:40.624+0000] {processor.py:183} INFO - Processing /opt/airflow/dags/postgres-airflow-ingestion-dag.py took 0.131 seconds
[2026-03-27T15:51:11.255+0000] {processor.py:161} INFO - Started process (PID=3345) to work on /opt/airflow/dags/postgres-airflow-ingestion-dag.py
[2026-03-27T15:51:11.256+0000] {processor.py:830} INFO - Processing file /opt/airflow/dags/postgres-airflow-ingestion-dag.py for tasks to queue
[2026-03-27T15:51:11.259+0000] {logging_mixin.py:188} INFO - [2026-03-27T15:51:11.258+0000] {dagbag.py:545} INFO - Filling up the DagBag from /opt/airflow/dags/postgres-airflow-ingestion-dag.py
[2026-03-27T15:51:11.279+0000] {processor.py:840} INFO - DAG(s) 'spark_streaming_pipeline' retrieved from /opt/airflow/dags/postgres-airflow-ingestion-dag.py
[2026-03-27T15:51:11.312+0000] {logging_mixin.py:188} INFO - [2026-03-27T15:51:11.312+0000] {dag.py:3089} INFO - Sync 1 DAGs
[2026-03-27T15:51:11.327+0000] {logging_mixin.py:188} INFO - [2026-03-27T15:51:11.327+0000] {dag.py:3947} INFO - Setting next_dagrun for spark_streaming_pipeline to None, run_after=None
[2026-03-27T15:51:11.349+0000] {processor.py:183} INFO - Processing /opt/airflow/dags/postgres-airflow-ingestion-dag.py took 0.101 seconds
[2026-03-27T15:51:42.021+0000] {processor.py:161} INFO - Started process (PID=4230) to work on /opt/airflow/dags/postgres-airflow-ingestion-dag.py
[2026-03-27T15:51:42.022+0000] {processor.py:830} INFO - Processing file /opt/airflow/dags/postgres-airflow-ingestion-dag.py for tasks to queue
[2026-03-27T15:51:42.024+0000] {logging_mixin.py:188} INFO - [2026-03-27T15:51:42.024+0000] {dagbag.py:545} INFO - Filling up the DagBag from /opt/airflow/dags/postgres-airflow-ingestion-dag.py
[2026-03-27T15:51:42.049+0000] {processor.py:840} INFO - DAG(s) 'spark_streaming_pipeline' retrieved from /opt/airflow/dags/postgres-airflow-ingestion-dag.py
[2026-03-27T15:51:42.084+0000] {logging_mixin.py:188} INFO - [2026-03-27T15:51:42.084+0000] {dag.py:3089} INFO - Sync 1 DAGs
[2026-03-27T15:51:42.098+0000] {logging_mixin.py:188} INFO - [2026-03-27T15:51:42.097+0000] {dag.py:3947} INFO - Setting next_dagrun for spark_streaming_pipeline to None, run_after=None
[2026-03-27T15:51:42.119+0000] {processor.py:183} INFO - Processing /opt/airflow/dags/postgres-airflow-ingestion-dag.py took 0.104 seconds
[2026-03-27T15:52:13.032+0000] {processor.py:161} INFO - Started process (PID=4254) to work on /opt/airflow/dags/postgres-airflow-ingestion-dag.py
[2026-03-27T15:52:13.033+0000] {processor.py:830} INFO - Processing file /opt/airflow/dags/postgres-airflow-ingestion-dag.py for tasks to queue
[2026-03-27T15:52:13.036+0000] {logging_mixin.py:188} INFO - [2026-03-27T15:52:13.035+0000] {dagbag.py:545} INFO - Filling up the DagBag from /opt/airflow/dags/postgres-airflow-ingestion-dag.py
[2026-03-27T15:52:13.059+0000] {processor.py:840} INFO - DAG(s) 'spark_streaming_pipeline' retrieved from /opt/airflow/dags/postgres-airflow-ingestion-dag.py
[2026-03-27T15:52:13.098+0000] {logging_mixin.py:188} INFO - [2026-03-27T15:52:13.098+0000] {dag.py:3089} INFO - Sync 1 DAGs
[2026-03-27T15:52:13.114+0000] {logging_mixin.py:188} INFO - [2026-03-27T15:52:13.114+0000] {dag.py:3947} INFO - Setting next_dagrun for spark_streaming_pipeline to None, run_after=None
[2026-03-27T15:52:13.139+0000] {processor.py:183} INFO - Processing /opt/airflow/dags/postgres-airflow-ingestion-dag.py took 0.113 seconds
[2026-03-27T15:52:43.842+0000] {processor.py:161} INFO - Started process (PID=4274) to work on /opt/airflow/dags/postgres-airflow-ingestion-dag.py
[2026-03-27T15:52:43.843+0000] {processor.py:830} INFO - Processing file /opt/airflow/dags/postgres-airflow-ingestion-dag.py for tasks to queue
[2026-03-27T15:52:43.845+0000] {logging_mixin.py:188} INFO - [2026-03-27T15:52:43.845+0000] {dagbag.py:545} INFO - Filling up the DagBag from /opt/airflow/dags/postgres-airflow-ingestion-dag.py
[2026-03-27T15:52:43.867+0000] {processor.py:840} INFO - DAG(s) 'spark_streaming_pipeline' retrieved from /opt/airflow/dags/postgres-airflow-ingestion-dag.py
[2026-03-27T15:52:43.900+0000] {logging_mixin.py:188} INFO - [2026-03-27T15:52:43.899+0000] {dag.py:3089} INFO - Sync 1 DAGs
[2026-03-27T15:52:43.914+0000] {logging_mixin.py:188} INFO - [2026-03-27T15:52:43.914+0000] {dag.py:3947} INFO - Setting next_dagrun for spark_streaming_pipeline to None, run_after=None
[2026-03-27T15:52:43.938+0000] {processor.py:183} INFO - Processing /opt/airflow/dags/postgres-airflow-ingestion-dag.py took 0.102 seconds
[2026-03-27T15:53:14.686+0000] {processor.py:161} INFO - Started process (PID=4298) to work on /opt/airflow/dags/postgres-airflow-ingestion-dag.py
[2026-03-27T15:53:14.687+0000] {processor.py:830} INFO - Processing file /opt/airflow/dags/postgres-airflow-ingestion-dag.py for tasks to queue
[2026-03-27T15:53:14.690+0000] {logging_mixin.py:188} INFO - [2026-03-27T15:53:14.689+0000] {dagbag.py:545} INFO - Filling up the DagBag from /opt/airflow/dags/postgres-airflow-ingestion-dag.py
[2026-03-27T15:53:14.714+0000] {processor.py:840} INFO - DAG(s) 'spark_streaming_pipeline' retrieved from /opt/airflow/dags/postgres-airflow-ingestion-dag.py
[2026-03-27T15:53:14.748+0000] {logging_mixin.py:188} INFO - [2026-03-27T15:53:14.748+0000] {dag.py:3089} INFO - Sync 1 DAGs
[2026-03-27T15:53:14.762+0000] {logging_mixin.py:188} INFO - [2026-03-27T15:53:14.762+0000] {dag.py:3947} INFO - Setting next_dagrun for spark_streaming_pipeline to None, run_after=None
[2026-03-27T15:53:14.784+0000] {processor.py:183} INFO - Processing /opt/airflow/dags/postgres-airflow-ingestion-dag.py took 0.105 seconds
[2026-03-27T15:53:45.475+0000] {processor.py:161} INFO - Started process (PID=4318) to work on /opt/airflow/dags/postgres-airflow-ingestion-dag.py
[2026-03-27T15:53:45.477+0000] {processor.py:830} INFO - Processing file /opt/airflow/dags/postgres-airflow-ingestion-dag.py for tasks to queue
[2026-03-27T15:53:45.479+0000] {logging_mixin.py:188} INFO - [2026-03-27T15:53:45.478+0000] {dagbag.py:545} INFO - Filling up the DagBag from /opt/airflow/dags/postgres-airflow-ingestion-dag.py
[2026-03-27T15:53:45.501+0000] {processor.py:840} INFO - DAG(s) 'spark_streaming_pipeline' retrieved from /opt/airflow/dags/postgres-airflow-ingestion-dag.py
[2026-03-27T15:53:45.538+0000] {logging_mixin.py:188} INFO - [2026-03-27T15:53:45.538+0000] {dag.py:3089} INFO - Sync 1 DAGs
[2026-03-27T15:53:45.556+0000] {logging_mixin.py:188} INFO - [2026-03-27T15:53:45.556+0000] {dag.py:3947} INFO - Setting next_dagrun for spark_streaming_pipeline to None, run_after=None
[2026-03-27T15:53:45.582+0000] {processor.py:183} INFO - Processing /opt/airflow/dags/postgres-airflow-ingestion-dag.py took 0.112 seconds
[2026-03-27T15:54:16.305+0000] {processor.py:161} INFO - Started process (PID=4338) to work on /opt/airflow/dags/postgres-airflow-ingestion-dag.py
[2026-03-27T15:54:16.306+0000] {processor.py:830} INFO - Processing file /opt/airflow/dags/postgres-airflow-ingestion-dag.py for tasks to queue
[2026-03-27T15:54:16.309+0000] {logging_mixin.py:188} INFO - [2026-03-27T15:54:16.308+0000] {dagbag.py:545} INFO - Filling up the DagBag from /opt/airflow/dags/postgres-airflow-ingestion-dag.py
[2026-03-27T15:54:16.331+0000] {processor.py:840} INFO - DAG(s) 'spark_streaming_pipeline' retrieved from /opt/airflow/dags/postgres-airflow-ingestion-dag.py
[2026-03-27T15:54:16.367+0000] {logging_mixin.py:188} INFO - [2026-03-27T15:54:16.367+0000] {dag.py:3089} INFO - Sync 1 DAGs
[2026-03-27T15:54:16.382+0000] {logging_mixin.py:188} INFO - [2026-03-27T15:54:16.382+0000] {dag.py:3947} INFO - Setting next_dagrun for spark_streaming_pipeline to None, run_after=None
[2026-03-27T15:54:16.406+0000] {processor.py:183} INFO - Processing /opt/airflow/dags/postgres-airflow-ingestion-dag.py took 0.107 seconds
[2026-03-27T15:54:47.249+0000] {processor.py:161} INFO - Started process (PID=4358) to work on /opt/airflow/dags/postgres-airflow-ingestion-dag.py
[2026-03-27T15:54:47.250+0000] {processor.py:830} INFO - Processing file /opt/airflow/dags/postgres-airflow-ingestion-dag.py for tasks to queue
[2026-03-27T15:54:47.252+0000] {logging_mixin.py:188} INFO - [2026-03-27T15:54:47.252+0000] {dagbag.py:545} INFO - Filling up the DagBag from /opt/airflow/dags/postgres-airflow-ingestion-dag.py
[2026-03-27T15:54:47.273+0000] {processor.py:840} INFO - DAG(s) 'spark_streaming_pipeline' retrieved from /opt/airflow/dags/postgres-airflow-ingestion-dag.py
[2026-03-27T15:54:47.305+0000] {logging_mixin.py:188} INFO - [2026-03-27T15:54:47.304+0000] {dag.py:3089} INFO - Sync 1 DAGs
[2026-03-27T15:54:47.318+0000] {logging_mixin.py:188} INFO - [2026-03-27T15:54:47.318+0000] {dag.py:3947} INFO - Setting next_dagrun for spark_streaming_pipeline to None, run_after=None
[2026-03-27T15:54:47.339+0000] {processor.py:183} INFO - Processing /opt/airflow/dags/postgres-airflow-ingestion-dag.py took 0.096 seconds
[2026-03-27T15:55:18.199+0000] {processor.py:161} INFO - Started process (PID=4378) to work on /opt/airflow/dags/postgres-airflow-ingestion-dag.py
[2026-03-27T15:55:18.200+0000] {processor.py:830} INFO - Processing file /opt/airflow/dags/postgres-airflow-ingestion-dag.py for tasks to queue
[2026-03-27T15:55:18.202+0000] {logging_mixin.py:188} INFO - [2026-03-27T15:55:18.202+0000] {dagbag.py:545} INFO - Filling up the DagBag from /opt/airflow/dags/postgres-airflow-ingestion-dag.py
[2026-03-27T15:55:18.224+0000] {processor.py:840} INFO - DAG(s) 'spark_streaming_pipeline' retrieved from /opt/airflow/dags/postgres-airflow-ingestion-dag.py
[2026-03-27T15:55:18.256+0000] {logging_mixin.py:188} INFO - [2026-03-27T15:55:18.256+0000] {dag.py:3089} INFO - Sync 1 DAGs
[2026-03-27T15:55:18.273+0000] {logging_mixin.py:188} INFO - [2026-03-27T15:55:18.272+0000] {dag.py:3947} INFO - Setting next_dagrun for spark_streaming_pipeline to None, run_after=None
[2026-03-27T15:55:18.294+0000] {processor.py:183} INFO - Processing /opt/airflow/dags/postgres-airflow-ingestion-dag.py took 0.102 seconds
[2026-03-27T15:55:48.981+0000] {processor.py:161} INFO - Started process (PID=4398) to work on /opt/airflow/dags/postgres-airflow-ingestion-dag.py
[2026-03-27T15:55:48.982+0000] {processor.py:830} INFO - Processing file /opt/airflow/dags/postgres-airflow-ingestion-dag.py for tasks to queue
[2026-03-27T15:55:48.984+0000] {logging_mixin.py:188} INFO - [2026-03-27T15:55:48.984+0000] {dagbag.py:545} INFO - Filling up the DagBag from /opt/airflow/dags/postgres-airflow-ingestion-dag.py
[2026-03-27T15:55:49.004+0000] {processor.py:840} INFO - DAG(s) 'spark_streaming_pipeline' retrieved from /opt/airflow/dags/postgres-airflow-ingestion-dag.py
[2026-03-27T15:55:49.035+0000] {logging_mixin.py:188} INFO - [2026-03-27T15:55:49.034+0000] {dag.py:3089} INFO - Sync 1 DAGs
[2026-03-27T15:55:49.048+0000] {logging_mixin.py:188} INFO - [2026-03-27T15:55:49.048+0000] {dag.py:3947} INFO - Setting next_dagrun for spark_streaming_pipeline to None, run_after=None
[2026-03-27T15:55:49.071+0000] {processor.py:183} INFO - Processing /opt/airflow/dags/postgres-airflow-ingestion-dag.py took 0.095 seconds
[2026-03-27T15:56:19.982+0000] {processor.py:161} INFO - Started process (PID=4418) to work on /opt/airflow/dags/postgres-airflow-ingestion-dag.py
[2026-03-27T15:56:19.983+0000] {processor.py:830} INFO - Processing file /opt/airflow/dags/postgres-airflow-ingestion-dag.py for tasks to queue
[2026-03-27T15:56:19.985+0000] {logging_mixin.py:188} INFO - [2026-03-27T15:56:19.985+0000] {dagbag.py:545} INFO - Filling up the DagBag from /opt/airflow/dags/postgres-airflow-ingestion-dag.py
[2026-03-27T15:56:20.007+0000] {processor.py:840} INFO - DAG(s) 'spark_streaming_pipeline' retrieved from /opt/airflow/dags/postgres-airflow-ingestion-dag.py
[2026-03-27T15:56:20.039+0000] {logging_mixin.py:188} INFO - [2026-03-27T15:56:20.039+0000] {dag.py:3089} INFO - Sync 1 DAGs
[2026-03-27T15:56:20.054+0000] {logging_mixin.py:188} INFO - [2026-03-27T15:56:20.054+0000] {dag.py:3947} INFO - Setting next_dagrun for spark_streaming_pipeline to None, run_after=None
[2026-03-27T15:56:20.076+0000] {processor.py:183} INFO - Processing /opt/airflow/dags/postgres-airflow-ingestion-dag.py took 0.099 seconds
[2026-03-27T15:56:50.878+0000] {processor.py:161} INFO - Started process (PID=4438) to work on /opt/airflow/dags/postgres-airflow-ingestion-dag.py
[2026-03-27T15:56:50.880+0000] {processor.py:830} INFO - Processing file /opt/airflow/dags/postgres-airflow-ingestion-dag.py for tasks to queue
[2026-03-27T15:56:50.882+0000] {logging_mixin.py:188} INFO - [2026-03-27T15:56:50.881+0000] {dagbag.py:545} INFO - Filling up the DagBag from /opt/airflow/dags/postgres-airflow-ingestion-dag.py
[2026-03-27T15:56:50.903+0000] {processor.py:840} INFO - DAG(s) 'spark_streaming_pipeline' retrieved from /opt/airflow/dags/postgres-airflow-ingestion-dag.py
[2026-03-27T15:56:50.944+0000] {logging_mixin.py:188} INFO - [2026-03-27T15:56:50.944+0000] {dag.py:3089} INFO - Sync 1 DAGs
[2026-03-27T15:56:50.963+0000] {logging_mixin.py:188} INFO - [2026-03-27T15:56:50.963+0000] {dag.py:3947} INFO - Setting next_dagrun for spark_streaming_pipeline to None, run_after=None
[2026-03-27T15:56:50.990+0000] {processor.py:183} INFO - Processing /opt/airflow/dags/postgres-airflow-ingestion-dag.py took 0.119 seconds
[2026-03-27T15:57:21.952+0000] {processor.py:161} INFO - Started process (PID=4458) to work on /opt/airflow/dags/postgres-airflow-ingestion-dag.py
[2026-03-27T15:57:21.953+0000] {processor.py:830} INFO - Processing file /opt/airflow/dags/postgres-airflow-ingestion-dag.py for tasks to queue
[2026-03-27T15:57:21.955+0000] {logging_mixin.py:188} INFO - [2026-03-27T15:57:21.955+0000] {dagbag.py:545} INFO - Filling up the DagBag from /opt/airflow/dags/postgres-airflow-ingestion-dag.py
[2026-03-27T15:57:21.978+0000] {processor.py:840} INFO - DAG(s) 'spark_streaming_pipeline' retrieved from /opt/airflow/dags/postgres-airflow-ingestion-dag.py
[2026-03-27T15:57:22.010+0000] {logging_mixin.py:188} INFO - [2026-03-27T15:57:22.010+0000] {dag.py:3089} INFO - Sync 1 DAGs
[2026-03-27T15:57:22.026+0000] {logging_mixin.py:188} INFO - [2026-03-27T15:57:22.026+0000] {dag.py:3947} INFO - Setting next_dagrun for spark_streaming_pipeline to None, run_after=None
[2026-03-27T15:57:22.048+0000] {processor.py:183} INFO - Processing /opt/airflow/dags/postgres-airflow-ingestion-dag.py took 0.101 seconds
[2026-03-27T15:57:52.829+0000] {processor.py:161} INFO - Started process (PID=4478) to work on /opt/airflow/dags/postgres-airflow-ingestion-dag.py
[2026-03-27T15:57:52.830+0000] {processor.py:830} INFO - Processing file /opt/airflow/dags/postgres-airflow-ingestion-dag.py for tasks to queue
[2026-03-27T15:57:52.831+0000] {logging_mixin.py:188} INFO - [2026-03-27T15:57:52.831+0000] {dagbag.py:545} INFO - Filling up the DagBag from /opt/airflow/dags/postgres-airflow-ingestion-dag.py
[2026-03-27T15:57:52.853+0000] {processor.py:840} INFO - DAG(s) 'spark_streaming_pipeline' retrieved from /opt/airflow/dags/postgres-airflow-ingestion-dag.py
[2026-03-27T15:57:52.885+0000] {logging_mixin.py:188} INFO - [2026-03-27T15:57:52.885+0000] {dag.py:3089} INFO - Sync 1 DAGs
[2026-03-27T15:57:52.898+0000] {logging_mixin.py:188} INFO - [2026-03-27T15:57:52.898+0000] {dag.py:3947} INFO - Setting next_dagrun for spark_streaming_pipeline to None, run_after=None
[2026-03-27T15:57:52.918+0000] {processor.py:183} INFO - Processing /opt/airflow/dags/postgres-airflow-ingestion-dag.py took 0.095 seconds
[2026-03-27T15:58:23.673+0000] {processor.py:161} INFO - Started process (PID=4498) to work on /opt/airflow/dags/postgres-airflow-ingestion-dag.py
[2026-03-27T15:58:23.674+0000] {processor.py:830} INFO - Processing file /opt/airflow/dags/postgres-airflow-ingestion-dag.py for tasks to queue
[2026-03-27T15:58:23.676+0000] {logging_mixin.py:188} INFO - [2026-03-27T15:58:23.676+0000] {dagbag.py:545} INFO - Filling up the DagBag from /opt/airflow/dags/postgres-airflow-ingestion-dag.py
[2026-03-27T15:58:23.698+0000] {processor.py:840} INFO - DAG(s) 'spark_streaming_pipeline' retrieved from /opt/airflow/dags/postgres-airflow-ingestion-dag.py
[2026-03-27T15:58:23.730+0000] {logging_mixin.py:188} INFO - [2026-03-27T15:58:23.730+0000] {dag.py:3089} INFO - Sync 1 DAGs
[2026-03-27T15:58:23.743+0000] {logging_mixin.py:188} INFO - [2026-03-27T15:58:23.743+0000] {dag.py:3947} INFO - Setting next_dagrun for spark_streaming_pipeline to None, run_after=None
[2026-03-27T15:58:23.767+0000] {processor.py:183} INFO - Processing /opt/airflow/dags/postgres-airflow-ingestion-dag.py took 0.100 seconds
[2026-03-27T15:58:54.565+0000] {processor.py:161} INFO - Started process (PID=4518) to work on /opt/airflow/dags/postgres-airflow-ingestion-dag.py
[2026-03-27T15:58:54.567+0000] {processor.py:830} INFO - Processing file /opt/airflow/dags/postgres-airflow-ingestion-dag.py for tasks to queue
[2026-03-27T15:58:54.569+0000] {logging_mixin.py:188} INFO - [2026-03-27T15:58:54.568+0000] {dagbag.py:545} INFO - Filling up the DagBag from /opt/airflow/dags/postgres-airflow-ingestion-dag.py
[2026-03-27T15:58:54.591+0000] {processor.py:840} INFO - DAG(s) 'spark_streaming_pipeline' retrieved from /opt/airflow/dags/postgres-airflow-ingestion-dag.py
[2026-03-27T15:58:54.622+0000] {logging_mixin.py:188} INFO - [2026-03-27T15:58:54.622+0000] {dag.py:3089} INFO - Sync 1 DAGs
[2026-03-27T15:58:54.636+0000] {logging_mixin.py:188} INFO - [2026-03-27T15:58:54.636+0000] {dag.py:3947} INFO - Setting next_dagrun for spark_streaming_pipeline to None, run_after=None
[2026-03-27T15:58:54.661+0000] {processor.py:183} INFO - Processing /opt/airflow/dags/postgres-airflow-ingestion-dag.py took 0.102 seconds
[2026-03-27T15:59:25.481+0000] {processor.py:161} INFO - Started process (PID=4538) to work on /opt/airflow/dags/postgres-airflow-ingestion-dag.py
[2026-03-27T15:59:25.482+0000] {processor.py:830} INFO - Processing file /opt/airflow/dags/postgres-airflow-ingestion-dag.py for tasks to queue
[2026-03-27T15:59:25.484+0000] {logging_mixin.py:188} INFO - [2026-03-27T15:59:25.484+0000] {dagbag.py:545} INFO - Filling up the DagBag from /opt/airflow/dags/postgres-airflow-ingestion-dag.py
[2026-03-27T15:59:25.508+0000] {processor.py:840} INFO - DAG(s) 'spark_streaming_pipeline' retrieved from /opt/airflow/dags/postgres-airflow-ingestion-dag.py
[2026-03-27T15:59:25.542+0000] {logging_mixin.py:188} INFO - [2026-03-27T15:59:25.542+0000] {dag.py:3089} INFO - Sync 1 DAGs
[2026-03-27T15:59:25.556+0000] {logging_mixin.py:188} INFO - [2026-03-27T15:59:25.556+0000] {dag.py:3947} INFO - Setting next_dagrun for spark_streaming_pipeline to None, run_after=None
[2026-03-27T15:59:25.577+0000] {processor.py:183} INFO - Processing /opt/airflow/dags/postgres-airflow-ingestion-dag.py took 0.102 seconds
[2026-03-27T15:59:56.354+0000] {processor.py:161} INFO - Started process (PID=4558) to work on /opt/airflow/dags/postgres-airflow-ingestion-dag.py
[2026-03-27T15:59:56.355+0000] {processor.py:830} INFO - Processing file /opt/airflow/dags/postgres-airflow-ingestion-dag.py for tasks to queue
[2026-03-27T15:59:56.357+0000] {logging_mixin.py:188} INFO - [2026-03-27T15:59:56.357+0000] {dagbag.py:545} INFO - Filling up the DagBag from /opt/airflow/dags/postgres-airflow-ingestion-dag.py
[2026-03-27T15:59:56.379+0000] {processor.py:840} INFO - DAG(s) 'spark_streaming_pipeline' retrieved from /opt/airflow/dags/postgres-airflow-ingestion-dag.py
[2026-03-27T15:59:56.416+0000] {logging_mixin.py:188} INFO - [2026-03-27T15:59:56.416+0000] {dag.py:3089} INFO - Sync 1 DAGs
[2026-03-27T15:59:56.432+0000] {logging_mixin.py:188} INFO - [2026-03-27T15:59:56.432+0000] {dag.py:3947} INFO - Setting next_dagrun for spark_streaming_pipeline to None, run_after=None
[2026-03-27T15:59:56.452+0000] {processor.py:183} INFO - Processing /opt/airflow/dags/postgres-airflow-ingestion-dag.py took 0.105 seconds
[2026-03-27T16:00:27.118+0000] {processor.py:161} INFO - Started process (PID=4578) to work on /opt/airflow/dags/postgres-airflow-ingestion-dag.py
[2026-03-27T16:00:27.120+0000] {processor.py:830} INFO - Processing file /opt/airflow/dags/postgres-airflow-ingestion-dag.py for tasks to queue
[2026-03-27T16:00:27.123+0000] {logging_mixin.py:188} INFO - [2026-03-27T16:00:27.122+0000] {dagbag.py:545} INFO - Filling up the DagBag from /opt/airflow/dags/postgres-airflow-ingestion-dag.py
[2026-03-27T16:00:27.155+0000] {processor.py:840} INFO - DAG(s) 'spark_streaming_pipeline' retrieved from /opt/airflow/dags/postgres-airflow-ingestion-dag.py
[2026-03-27T16:00:27.228+0000] {logging_mixin.py:188} INFO - [2026-03-27T16:00:27.228+0000] {dag.py:3089} INFO - Sync 1 DAGs
[2026-03-27T16:00:27.255+0000] {logging_mixin.py:188} INFO - [2026-03-27T16:00:27.255+0000] {dag.py:3947} INFO - Setting next_dagrun for spark_streaming_pipeline to None, run_after=None
[2026-03-27T16:00:27.317+0000] {processor.py:183} INFO - Processing /opt/airflow/dags/postgres-airflow-ingestion-dag.py took 0.209 seconds
[2026-03-27T16:00:57.759+0000] {processor.py:161} INFO - Started process (PID=4598) to work on /opt/airflow/dags/postgres-airflow-ingestion-dag.py
[2026-03-27T16:00:57.760+0000] {processor.py:830} INFO - Processing file /opt/airflow/dags/postgres-airflow-ingestion-dag.py for tasks to queue
[2026-03-27T16:00:57.763+0000] {logging_mixin.py:188} INFO - [2026-03-27T16:00:57.762+0000] {dagbag.py:545} INFO - Filling up the DagBag from /opt/airflow/dags/postgres-airflow-ingestion-dag.py
[2026-03-27T16:00:57.787+0000] {processor.py:840} INFO - DAG(s) 'spark_streaming_pipeline' retrieved from /opt/airflow/dags/postgres-airflow-ingestion-dag.py
[2026-03-27T16:00:57.829+0000] {logging_mixin.py:188} INFO - [2026-03-27T16:00:57.829+0000] {dag.py:3089} INFO - Sync 1 DAGs
[2026-03-27T16:00:57.847+0000] {logging_mixin.py:188} INFO - [2026-03-27T16:00:57.846+0000] {dag.py:3947} INFO - Setting next_dagrun for spark_streaming_pipeline to None, run_after=None
[2026-03-27T16:00:57.873+0000] {processor.py:183} INFO - Processing /opt/airflow/dags/postgres-airflow-ingestion-dag.py took 0.122 seconds
[2026-03-27T16:01:28.372+0000] {processor.py:161} INFO - Started process (PID=4618) to work on /opt/airflow/dags/postgres-airflow-ingestion-dag.py
[2026-03-27T16:01:28.373+0000] {processor.py:830} INFO - Processing file /opt/airflow/dags/postgres-airflow-ingestion-dag.py for tasks to queue
[2026-03-27T16:01:28.376+0000] {logging_mixin.py:188} INFO - [2026-03-27T16:01:28.375+0000] {dagbag.py:545} INFO - Filling up the DagBag from /opt/airflow/dags/postgres-airflow-ingestion-dag.py
[2026-03-27T16:01:28.401+0000] {processor.py:840} INFO - DAG(s) 'spark_streaming_pipeline' retrieved from /opt/airflow/dags/postgres-airflow-ingestion-dag.py
[2026-03-27T16:01:28.447+0000] {logging_mixin.py:188} INFO - [2026-03-27T16:01:28.447+0000] {dag.py:3089} INFO - Sync 1 DAGs
[2026-03-27T16:01:28.468+0000] {logging_mixin.py:188} INFO - [2026-03-27T16:01:28.468+0000] {dag.py:3947} INFO - Setting next_dagrun for spark_streaming_pipeline to None, run_after=None
[2026-03-27T16:01:28.494+0000] {processor.py:183} INFO - Processing /opt/airflow/dags/postgres-airflow-ingestion-dag.py took 0.130 seconds
[2026-03-27T16:01:59.115+0000] {processor.py:161} INFO - Started process (PID=4638) to work on /opt/airflow/dags/postgres-airflow-ingestion-dag.py
[2026-03-27T16:01:59.117+0000] {processor.py:830} INFO - Processing file /opt/airflow/dags/postgres-airflow-ingestion-dag.py for tasks to queue
[2026-03-27T16:01:59.120+0000] {logging_mixin.py:188} INFO - [2026-03-27T16:01:59.119+0000] {dagbag.py:545} INFO - Filling up the DagBag from /opt/airflow/dags/postgres-airflow-ingestion-dag.py
[2026-03-27T16:01:59.145+0000] {processor.py:840} INFO - DAG(s) 'spark_streaming_pipeline' retrieved from /opt/airflow/dags/postgres-airflow-ingestion-dag.py
[2026-03-27T16:01:59.191+0000] {logging_mixin.py:188} INFO - [2026-03-27T16:01:59.190+0000] {dag.py:3089} INFO - Sync 1 DAGs
[2026-03-27T16:01:59.215+0000] {logging_mixin.py:188} INFO - [2026-03-27T16:01:59.214+0000] {dag.py:3947} INFO - Setting next_dagrun for spark_streaming_pipeline to None, run_after=None
[2026-03-27T16:01:59.242+0000] {processor.py:183} INFO - Processing /opt/airflow/dags/postgres-airflow-ingestion-dag.py took 0.138 seconds
[2026-03-27T16:02:29.803+0000] {processor.py:161} INFO - Started process (PID=4658) to work on /opt/airflow/dags/postgres-airflow-ingestion-dag.py
[2026-03-27T16:02:29.804+0000] {processor.py:830} INFO - Processing file /opt/airflow/dags/postgres-airflow-ingestion-dag.py for tasks to queue
[2026-03-27T16:02:29.807+0000] {logging_mixin.py:188} INFO - [2026-03-27T16:02:29.806+0000] {dagbag.py:545} INFO - Filling up the DagBag from /opt/airflow/dags/postgres-airflow-ingestion-dag.py
[2026-03-27T16:02:29.832+0000] {processor.py:840} INFO - DAG(s) 'spark_streaming_pipeline' retrieved from /opt/airflow/dags/postgres-airflow-ingestion-dag.py
[2026-03-27T16:02:29.876+0000] {logging_mixin.py:188} INFO - [2026-03-27T16:02:29.876+0000] {dag.py:3089} INFO - Sync 1 DAGs
[2026-03-27T16:02:29.895+0000] {logging_mixin.py:188} INFO - [2026-03-27T16:02:29.894+0000] {dag.py:3947} INFO - Setting next_dagrun for spark_streaming_pipeline to None, run_after=None
[2026-03-27T16:02:29.926+0000] {processor.py:183} INFO - Processing /opt/airflow/dags/postgres-airflow-ingestion-dag.py took 0.132 seconds
[2026-03-27T16:03:00.482+0000] {processor.py:161} INFO - Started process (PID=4720) to work on /opt/airflow/dags/postgres-airflow-ingestion-dag.py
[2026-03-27T16:03:00.484+0000] {processor.py:830} INFO - Processing file /opt/airflow/dags/postgres-airflow-ingestion-dag.py for tasks to queue
[2026-03-27T16:03:00.486+0000] {logging_mixin.py:188} INFO - [2026-03-27T16:03:00.486+0000] {dagbag.py:545} INFO - Filling up the DagBag from /opt/airflow/dags/postgres-airflow-ingestion-dag.py
[2026-03-27T16:03:00.510+0000] {processor.py:840} INFO - DAG(s) 'spark_streaming_pipeline' retrieved from /opt/airflow/dags/postgres-airflow-ingestion-dag.py
[2026-03-27T16:03:00.558+0000] {logging_mixin.py:188} INFO - [2026-03-27T16:03:00.558+0000] {dag.py:3089} INFO - Sync 1 DAGs
[2026-03-27T16:03:00.578+0000] {logging_mixin.py:188} INFO - [2026-03-27T16:03:00.578+0000] {dag.py:3947} INFO - Setting next_dagrun for spark_streaming_pipeline to None, run_after=None
[2026-03-27T16:03:00.608+0000] {processor.py:183} INFO - Processing /opt/airflow/dags/postgres-airflow-ingestion-dag.py took 0.134 seconds
[2026-03-27T16:03:31.250+0000] {processor.py:161} INFO - Started process (PID=6258) to work on /opt/airflow/dags/postgres-airflow-ingestion-dag.py
[2026-03-27T16:03:31.253+0000] {processor.py:830} INFO - Processing file /opt/airflow/dags/postgres-airflow-ingestion-dag.py for tasks to queue
[2026-03-27T16:03:31.257+0000] {logging_mixin.py:188} INFO - [2026-03-27T16:03:31.256+0000] {dagbag.py:545} INFO - Filling up the DagBag from /opt/airflow/dags/postgres-airflow-ingestion-dag.py
[2026-03-27T16:03:31.297+0000] {processor.py:840} INFO - DAG(s) 'spark_streaming_pipeline' retrieved from /opt/airflow/dags/postgres-airflow-ingestion-dag.py
[2026-03-27T16:03:31.369+0000] {logging_mixin.py:188} INFO - [2026-03-27T16:03:31.369+0000] {dag.py:3089} INFO - Sync 1 DAGs
[2026-03-27T16:03:31.396+0000] {logging_mixin.py:188} INFO - [2026-03-27T16:03:31.396+0000] {dag.py:3947} INFO - Setting next_dagrun for spark_streaming_pipeline to None, run_after=None
[2026-03-27T16:03:31.426+0000] {processor.py:183} INFO - Processing /opt/airflow/dags/postgres-airflow-ingestion-dag.py took 0.197 seconds
[2026-03-27T16:04:02.040+0000] {processor.py:161} INFO - Started process (PID=7503) to work on /opt/airflow/dags/postgres-airflow-ingestion-dag.py
[2026-03-27T16:04:02.042+0000] {processor.py:830} INFO - Processing file /opt/airflow/dags/postgres-airflow-ingestion-dag.py for tasks to queue
[2026-03-27T16:04:02.045+0000] {logging_mixin.py:188} INFO - [2026-03-27T16:04:02.044+0000] {dagbag.py:545} INFO - Filling up the DagBag from /opt/airflow/dags/postgres-airflow-ingestion-dag.py
[2026-03-27T16:04:02.073+0000] {processor.py:840} INFO - DAG(s) 'spark_streaming_pipeline' retrieved from /opt/airflow/dags/postgres-airflow-ingestion-dag.py
[2026-03-27T16:04:02.119+0000] {logging_mixin.py:188} INFO - [2026-03-27T16:04:02.118+0000] {dag.py:3089} INFO - Sync 1 DAGs
[2026-03-27T16:04:02.139+0000] {logging_mixin.py:188} INFO - [2026-03-27T16:04:02.138+0000] {dag.py:3947} INFO - Setting next_dagrun for spark_streaming_pipeline to None, run_after=None
[2026-03-27T16:04:02.169+0000] {processor.py:183} INFO - Processing /opt/airflow/dags/postgres-airflow-ingestion-dag.py took 0.137 seconds
[2026-03-27T16:04:32.755+0000] {processor.py:161} INFO - Started process (PID=7545) to work on /opt/airflow/dags/postgres-airflow-ingestion-dag.py
[2026-03-27T16:04:32.757+0000] {processor.py:830} INFO - Processing file /opt/airflow/dags/postgres-airflow-ingestion-dag.py for tasks to queue
[2026-03-27T16:04:32.759+0000] {logging_mixin.py:188} INFO - [2026-03-27T16:04:32.759+0000] {dagbag.py:545} INFO - Filling up the DagBag from /opt/airflow/dags/postgres-airflow-ingestion-dag.py
[2026-03-27T16:04:32.784+0000] {processor.py:840} INFO - DAG(s) 'spark_streaming_pipeline' retrieved from /opt/airflow/dags/postgres-airflow-ingestion-dag.py
[2026-03-27T16:04:32.828+0000] {logging_mixin.py:188} INFO - [2026-03-27T16:04:32.828+0000] {dag.py:3089} INFO - Sync 1 DAGs
[2026-03-27T16:04:32.847+0000] {logging_mixin.py:188} INFO - [2026-03-27T16:04:32.847+0000] {dag.py:3947} INFO - Setting next_dagrun for spark_streaming_pipeline to None, run_after=None
[2026-03-27T16:04:32.873+0000] {processor.py:183} INFO - Processing /opt/airflow/dags/postgres-airflow-ingestion-dag.py took 0.126 seconds
[2026-03-27T16:05:03.926+0000] {processor.py:161} INFO - Started process (PID=7565) to work on /opt/airflow/dags/postgres-airflow-ingestion-dag.py
[2026-03-27T16:05:03.928+0000] {processor.py:830} INFO - Processing file /opt/airflow/dags/postgres-airflow-ingestion-dag.py for tasks to queue
[2026-03-27T16:05:03.932+0000] {logging_mixin.py:188} INFO - [2026-03-27T16:05:03.931+0000] {dagbag.py:545} INFO - Filling up the DagBag from /opt/airflow/dags/postgres-airflow-ingestion-dag.py
[2026-03-27T16:05:03.983+0000] {processor.py:840} INFO - DAG(s) 'spark_streaming_pipeline' retrieved from /opt/airflow/dags/postgres-airflow-ingestion-dag.py
[2026-03-27T16:05:04.068+0000] {logging_mixin.py:188} INFO - [2026-03-27T16:05:04.067+0000] {dag.py:3089} INFO - Sync 1 DAGs
[2026-03-27T16:05:04.098+0000] {logging_mixin.py:188} INFO - [2026-03-27T16:05:04.097+0000] {dag.py:3947} INFO - Setting next_dagrun for spark_streaming_pipeline to None, run_after=None
[2026-03-27T16:05:04.137+0000] {processor.py:183} INFO - Processing /opt/airflow/dags/postgres-airflow-ingestion-dag.py took 0.222 seconds
[2026-03-27T16:05:34.684+0000] {processor.py:161} INFO - Started process (PID=7585) to work on /opt/airflow/dags/postgres-airflow-ingestion-dag.py
[2026-03-27T16:05:34.686+0000] {processor.py:830} INFO - Processing file /opt/airflow/dags/postgres-airflow-ingestion-dag.py for tasks to queue
[2026-03-27T16:05:34.690+0000] {logging_mixin.py:188} INFO - [2026-03-27T16:05:34.690+0000] {dagbag.py:545} INFO - Filling up the DagBag from /opt/airflow/dags/postgres-airflow-ingestion-dag.py
[2026-03-27T16:05:34.733+0000] {processor.py:840} INFO - DAG(s) 'spark_streaming_pipeline' retrieved from /opt/airflow/dags/postgres-airflow-ingestion-dag.py
[2026-03-27T16:05:34.792+0000] {logging_mixin.py:188} INFO - [2026-03-27T16:05:34.791+0000] {dag.py:3089} INFO - Sync 1 DAGs
[2026-03-27T16:05:34.817+0000] {logging_mixin.py:188} INFO - [2026-03-27T16:05:34.817+0000] {dag.py:3947} INFO - Setting next_dagrun for spark_streaming_pipeline to None, run_after=None
[2026-03-27T16:05:34.881+0000] {processor.py:183} INFO - Processing /opt/airflow/dags/postgres-airflow-ingestion-dag.py took 0.208 seconds
[2026-03-27T16:06:05.077+0000] {processor.py:161} INFO - Started process (PID=7605) to work on /opt/airflow/dags/postgres-airflow-ingestion-dag.py
[2026-03-27T16:06:05.079+0000] {processor.py:830} INFO - Processing file /opt/airflow/dags/postgres-airflow-ingestion-dag.py for tasks to queue
[2026-03-27T16:06:05.083+0000] {logging_mixin.py:188} INFO - [2026-03-27T16:06:05.082+0000] {dagbag.py:545} INFO - Filling up the DagBag from /opt/airflow/dags/postgres-airflow-ingestion-dag.py
[2026-03-27T16:06:05.128+0000] {processor.py:840} INFO - DAG(s) 'spark_streaming_pipeline' retrieved from /opt/airflow/dags/postgres-airflow-ingestion-dag.py
[2026-03-27T16:06:05.188+0000] {logging_mixin.py:188} INFO - [2026-03-27T16:06:05.187+0000] {dag.py:3089} INFO - Sync 1 DAGs
[2026-03-27T16:06:05.210+0000] {logging_mixin.py:188} INFO - [2026-03-27T16:06:05.210+0000] {dag.py:3947} INFO - Setting next_dagrun for spark_streaming_pipeline to None, run_after=None
[2026-03-27T16:06:05.253+0000] {processor.py:183} INFO - Processing /opt/airflow/dags/postgres-airflow-ingestion-dag.py took 0.187 seconds
[2026-03-27T16:06:35.662+0000] {processor.py:161} INFO - Started process (PID=7625) to work on /opt/airflow/dags/postgres-airflow-ingestion-dag.py
[2026-03-27T16:06:35.664+0000] {processor.py:830} INFO - Processing file /opt/airflow/dags/postgres-airflow-ingestion-dag.py for tasks to queue
[2026-03-27T16:06:35.668+0000] {logging_mixin.py:188} INFO - [2026-03-27T16:06:35.667+0000] {dagbag.py:545} INFO - Filling up the DagBag from /opt/airflow/dags/postgres-airflow-ingestion-dag.py
[2026-03-27T16:06:35.710+0000] {processor.py:840} INFO - DAG(s) 'spark_streaming_pipeline' retrieved from /opt/airflow/dags/postgres-airflow-ingestion-dag.py
[2026-03-27T16:06:35.770+0000] {logging_mixin.py:188} INFO - [2026-03-27T16:06:35.769+0000] {dag.py:3089} INFO - Sync 1 DAGs
[2026-03-27T16:06:35.796+0000] {logging_mixin.py:188} INFO - [2026-03-27T16:06:35.795+0000] {dag.py:3947} INFO - Setting next_dagrun for spark_streaming_pipeline to None, run_after=None
[2026-03-27T16:06:35.835+0000] {processor.py:183} INFO - Processing /opt/airflow/dags/postgres-airflow-ingestion-dag.py took 0.185 seconds
[2026-03-27T16:07:06.506+0000] {processor.py:161} INFO - Started process (PID=7647) to work on /opt/airflow/dags/postgres-airflow-ingestion-dag.py
[2026-03-27T16:07:06.509+0000] {processor.py:830} INFO - Processing file /opt/airflow/dags/postgres-airflow-ingestion-dag.py for tasks to queue
[2026-03-27T16:07:06.514+0000] {logging_mixin.py:188} INFO - [2026-03-27T16:07:06.513+0000] {dagbag.py:545} INFO - Filling up the DagBag from /opt/airflow/dags/postgres-airflow-ingestion-dag.py
[2026-03-27T16:07:06.582+0000] {processor.py:840} INFO - DAG(s) 'spark_streaming_pipeline' retrieved from /opt/airflow/dags/postgres-airflow-ingestion-dag.py
[2026-03-27T16:07:06.656+0000] {logging_mixin.py:188} INFO - [2026-03-27T16:07:06.656+0000] {dag.py:3089} INFO - Sync 1 DAGs
[2026-03-27T16:07:06.692+0000] {logging_mixin.py:188} INFO - [2026-03-27T16:07:06.691+0000] {dag.py:3947} INFO - Setting next_dagrun for spark_streaming_pipeline to None, run_after=None
[2026-03-27T16:07:06.756+0000] {processor.py:183} INFO - Processing /opt/airflow/dags/postgres-airflow-ingestion-dag.py took 0.268 seconds
[2026-03-27T16:07:37.130+0000] {processor.py:161} INFO - Started process (PID=7667) to work on /opt/airflow/dags/postgres-airflow-ingestion-dag.py
[2026-03-27T16:07:37.132+0000] {processor.py:830} INFO - Processing file /opt/airflow/dags/postgres-airflow-ingestion-dag.py for tasks to queue
[2026-03-27T16:07:37.136+0000] {logging_mixin.py:188} INFO - [2026-03-27T16:07:37.136+0000] {dagbag.py:545} INFO - Filling up the DagBag from /opt/airflow/dags/postgres-airflow-ingestion-dag.py
[2026-03-27T16:07:37.195+0000] {processor.py:840} INFO - DAG(s) 'spark_streaming_pipeline' retrieved from /opt/airflow/dags/postgres-airflow-ingestion-dag.py
[2026-03-27T16:07:37.268+0000] {logging_mixin.py:188} INFO - [2026-03-27T16:07:37.268+0000] {dag.py:3089} INFO - Sync 1 DAGs
[2026-03-27T16:07:37.296+0000] {logging_mixin.py:188} INFO - [2026-03-27T16:07:37.295+0000] {dag.py:3947} INFO - Setting next_dagrun for spark_streaming_pipeline to None, run_after=None
[2026-03-27T16:07:37.340+0000] {processor.py:183} INFO - Processing /opt/airflow/dags/postgres-airflow-ingestion-dag.py took 0.224 seconds
[2026-03-27T16:08:07.749+0000] {processor.py:161} INFO - Started process (PID=7735) to work on /opt/airflow/dags/postgres-airflow-ingestion-dag.py
[2026-03-27T16:08:07.751+0000] {processor.py:830} INFO - Processing file /opt/airflow/dags/postgres-airflow-ingestion-dag.py for tasks to queue
[2026-03-27T16:08:07.754+0000] {logging_mixin.py:188} INFO - [2026-03-27T16:08:07.754+0000] {dagbag.py:545} INFO - Filling up the DagBag from /opt/airflow/dags/postgres-airflow-ingestion-dag.py
[2026-03-27T16:08:07.805+0000] {processor.py:840} INFO - DAG(s) 'spark_streaming_pipeline' retrieved from /opt/airflow/dags/postgres-airflow-ingestion-dag.py
[2026-03-27T16:08:07.874+0000] {logging_mixin.py:188} INFO - [2026-03-27T16:08:07.873+0000] {dag.py:3089} INFO - Sync 1 DAGs
[2026-03-27T16:08:07.899+0000] {logging_mixin.py:188} INFO - [2026-03-27T16:08:07.898+0000] {dag.py:3947} INFO - Setting next_dagrun for spark_streaming_pipeline to None, run_after=None
[2026-03-27T16:08:07.947+0000] {processor.py:183} INFO - Processing /opt/airflow/dags/postgres-airflow-ingestion-dag.py took 0.212 seconds
[2026-03-27T16:08:38.301+0000] {processor.py:161} INFO - Started process (PID=9497) to work on /opt/airflow/dags/postgres-airflow-ingestion-dag.py
[2026-03-27T16:08:38.303+0000] {processor.py:830} INFO - Processing file /opt/airflow/dags/postgres-airflow-ingestion-dag.py for tasks to queue
[2026-03-27T16:08:38.308+0000] {logging_mixin.py:188} INFO - [2026-03-27T16:08:38.307+0000] {dagbag.py:545} INFO - Filling up the DagBag from /opt/airflow/dags/postgres-airflow-ingestion-dag.py
[2026-03-27T16:08:38.367+0000] {processor.py:840} INFO - DAG(s) 'spark_streaming_pipeline' retrieved from /opt/airflow/dags/postgres-airflow-ingestion-dag.py
[2026-03-27T16:08:38.426+0000] {logging_mixin.py:188} INFO - [2026-03-27T16:08:38.425+0000] {dag.py:3089} INFO - Sync 1 DAGs
[2026-03-27T16:08:38.450+0000] {logging_mixin.py:188} INFO - [2026-03-27T16:08:38.449+0000] {dag.py:3947} INFO - Setting next_dagrun for spark_streaming_pipeline to None, run_after=None
[2026-03-27T16:08:38.524+0000] {processor.py:183} INFO - Processing /opt/airflow/dags/postgres-airflow-ingestion-dag.py took 0.239 seconds
[2026-03-27T16:09:08.751+0000] {processor.py:161} INFO - Started process (PID=9895) to work on /opt/airflow/dags/postgres-airflow-ingestion-dag.py
[2026-03-27T16:09:08.754+0000] {processor.py:830} INFO - Processing file /opt/airflow/dags/postgres-airflow-ingestion-dag.py for tasks to queue
[2026-03-27T16:09:08.758+0000] {logging_mixin.py:188} INFO - [2026-03-27T16:09:08.757+0000] {dagbag.py:545} INFO - Filling up the DagBag from /opt/airflow/dags/postgres-airflow-ingestion-dag.py
[2026-03-27T16:09:08.804+0000] {processor.py:840} INFO - DAG(s) 'spark_streaming_pipeline' retrieved from /opt/airflow/dags/postgres-airflow-ingestion-dag.py
[2026-03-27T16:09:08.862+0000] {logging_mixin.py:188} INFO - [2026-03-27T16:09:08.861+0000] {dag.py:3089} INFO - Sync 1 DAGs
[2026-03-27T16:09:08.886+0000] {logging_mixin.py:188} INFO - [2026-03-27T16:09:08.886+0000] {dag.py:3947} INFO - Setting next_dagrun for spark_streaming_pipeline to None, run_after=None
[2026-03-27T16:09:08.948+0000] {processor.py:183} INFO - Processing /opt/airflow/dags/postgres-airflow-ingestion-dag.py took 0.209 seconds
[2026-03-27T16:09:39.205+0000] {processor.py:161} INFO - Started process (PID=9945) to work on /opt/airflow/dags/postgres-airflow-ingestion-dag.py
[2026-03-27T16:09:39.208+0000] {processor.py:830} INFO - Processing file /opt/airflow/dags/postgres-airflow-ingestion-dag.py for tasks to queue
[2026-03-27T16:09:39.212+0000] {logging_mixin.py:188} INFO - [2026-03-27T16:09:39.212+0000] {dagbag.py:545} INFO - Filling up the DagBag from /opt/airflow/dags/postgres-airflow-ingestion-dag.py
[2026-03-27T16:09:39.267+0000] {processor.py:840} INFO - DAG(s) 'spark_streaming_pipeline' retrieved from /opt/airflow/dags/postgres-airflow-ingestion-dag.py
[2026-03-27T16:09:39.338+0000] {logging_mixin.py:188} INFO - [2026-03-27T16:09:39.338+0000] {dag.py:3089} INFO - Sync 1 DAGs
[2026-03-27T16:09:39.364+0000] {logging_mixin.py:188} INFO - [2026-03-27T16:09:39.364+0000] {dag.py:3947} INFO - Setting next_dagrun for spark_streaming_pipeline to None, run_after=None
[2026-03-27T16:09:39.424+0000] {processor.py:183} INFO - Processing /opt/airflow/dags/postgres-airflow-ingestion-dag.py took 0.233 seconds
[2026-03-27T16:10:09.691+0000] {processor.py:161} INFO - Started process (PID=9965) to work on /opt/airflow/dags/postgres-airflow-ingestion-dag.py
[2026-03-27T16:10:09.695+0000] {processor.py:830} INFO - Processing file /opt/airflow/dags/postgres-airflow-ingestion-dag.py for tasks to queue
[2026-03-27T16:10:09.700+0000] {logging_mixin.py:188} INFO - [2026-03-27T16:10:09.699+0000] {dagbag.py:545} INFO - Filling up the DagBag from /opt/airflow/dags/postgres-airflow-ingestion-dag.py
[2026-03-27T16:10:09.747+0000] {processor.py:840} INFO - DAG(s) 'spark_streaming_pipeline' retrieved from /opt/airflow/dags/postgres-airflow-ingestion-dag.py
[2026-03-27T16:10:09.826+0000] {logging_mixin.py:188} INFO - [2026-03-27T16:10:09.826+0000] {dag.py:3089} INFO - Sync 1 DAGs
[2026-03-27T16:10:09.868+0000] {logging_mixin.py:188} INFO - [2026-03-27T16:10:09.867+0000] {dag.py:3947} INFO - Setting next_dagrun for spark_streaming_pipeline to None, run_after=None
[2026-03-27T16:10:09.928+0000] {processor.py:183} INFO - Processing /opt/airflow/dags/postgres-airflow-ingestion-dag.py took 0.255 seconds
[2026-03-27T16:10:40.177+0000] {processor.py:161} INFO - Started process (PID=9985) to work on /opt/airflow/dags/postgres-airflow-ingestion-dag.py
[2026-03-27T16:10:40.179+0000] {processor.py:830} INFO - Processing file /opt/airflow/dags/postgres-airflow-ingestion-dag.py for tasks to queue
[2026-03-27T16:10:40.182+0000] {logging_mixin.py:188} INFO - [2026-03-27T16:10:40.182+0000] {dagbag.py:545} INFO - Filling up the DagBag from /opt/airflow/dags/postgres-airflow-ingestion-dag.py
[2026-03-27T16:10:40.235+0000] {processor.py:840} INFO - DAG(s) 'spark_streaming_pipeline' retrieved from /opt/airflow/dags/postgres-airflow-ingestion-dag.py
[2026-03-27T16:10:40.303+0000] {logging_mixin.py:188} INFO - [2026-03-27T16:10:40.303+0000] {dag.py:3089} INFO - Sync 1 DAGs
[2026-03-27T16:10:40.325+0000] {logging_mixin.py:188} INFO - [2026-03-27T16:10:40.324+0000] {dag.py:3947} INFO - Setting next_dagrun for spark_streaming_pipeline to None, run_after=None
[2026-03-27T16:10:40.361+0000] {processor.py:183} INFO - Processing /opt/airflow/dags/postgres-airflow-ingestion-dag.py took 0.194 seconds
[2026-03-27T16:11:10.712+0000] {processor.py:161} INFO - Started process (PID=10005) to work on /opt/airflow/dags/postgres-airflow-ingestion-dag.py
[2026-03-27T16:11:10.714+0000] {processor.py:830} INFO - Processing file /opt/airflow/dags/postgres-airflow-ingestion-dag.py for tasks to queue
[2026-03-27T16:11:10.717+0000] {logging_mixin.py:188} INFO - [2026-03-27T16:11:10.717+0000] {dagbag.py:545} INFO - Filling up the DagBag from /opt/airflow/dags/postgres-airflow-ingestion-dag.py
[2026-03-27T16:11:10.756+0000] {processor.py:840} INFO - DAG(s) 'spark_streaming_pipeline' retrieved from /opt/airflow/dags/postgres-airflow-ingestion-dag.py
[2026-03-27T16:11:10.817+0000] {logging_mixin.py:188} INFO - [2026-03-27T16:11:10.817+0000] {dag.py:3089} INFO - Sync 1 DAGs
[2026-03-27T16:11:10.845+0000] {logging_mixin.py:188} INFO - [2026-03-27T16:11:10.844+0000] {dag.py:3947} INFO - Setting next_dagrun for spark_streaming_pipeline to None, run_after=None
[2026-03-27T16:11:10.914+0000] {processor.py:183} INFO - Processing /opt/airflow/dags/postgres-airflow-ingestion-dag.py took 0.214 seconds
[2026-03-27T16:11:41.184+0000] {processor.py:161} INFO - Started process (PID=10025) to work on /opt/airflow/dags/postgres-airflow-ingestion-dag.py
[2026-03-27T16:11:41.186+0000] {processor.py:830} INFO - Processing file /opt/airflow/dags/postgres-airflow-ingestion-dag.py for tasks to queue
[2026-03-27T16:11:41.190+0000] {logging_mixin.py:188} INFO - [2026-03-27T16:11:41.189+0000] {dagbag.py:545} INFO - Filling up the DagBag from /opt/airflow/dags/postgres-airflow-ingestion-dag.py
[2026-03-27T16:11:41.235+0000] {processor.py:840} INFO - DAG(s) 'spark_streaming_pipeline' retrieved from /opt/airflow/dags/postgres-airflow-ingestion-dag.py
[2026-03-27T16:11:41.301+0000] {logging_mixin.py:188} INFO - [2026-03-27T16:11:41.301+0000] {dag.py:3089} INFO - Sync 1 DAGs
[2026-03-27T16:11:41.338+0000] {logging_mixin.py:188} INFO - [2026-03-27T16:11:41.337+0000] {dag.py:3947} INFO - Setting next_dagrun for spark_streaming_pipeline to None, run_after=None
[2026-03-27T16:11:41.395+0000] {processor.py:183} INFO - Processing /opt/airflow/dags/postgres-airflow-ingestion-dag.py took 0.223 seconds
[2026-03-27T16:12:11.981+0000] {processor.py:161} INFO - Started process (PID=10045) to work on /opt/airflow/dags/postgres-airflow-ingestion-dag.py
[2026-03-27T16:12:11.984+0000] {processor.py:830} INFO - Processing file /opt/airflow/dags/postgres-airflow-ingestion-dag.py for tasks to queue
[2026-03-27T16:12:11.990+0000] {logging_mixin.py:188} INFO - [2026-03-27T16:12:11.989+0000] {dagbag.py:545} INFO - Filling up the DagBag from /opt/airflow/dags/postgres-airflow-ingestion-dag.py
[2026-03-27T16:12:12.054+0000] {processor.py:840} INFO - DAG(s) 'spark_streaming_pipeline' retrieved from /opt/airflow/dags/postgres-airflow-ingestion-dag.py
[2026-03-27T16:12:12.117+0000] {logging_mixin.py:188} INFO - [2026-03-27T16:12:12.116+0000] {dag.py:3089} INFO - Sync 1 DAGs
[2026-03-27T16:12:12.135+0000] {logging_mixin.py:188} INFO - [2026-03-27T16:12:12.135+0000] {dag.py:3947} INFO - Setting next_dagrun for spark_streaming_pipeline to None, run_after=None
[2026-03-27T16:12:12.196+0000] {processor.py:183} INFO - Processing /opt/airflow/dags/postgres-airflow-ingestion-dag.py took 0.233 seconds
[2026-03-27T16:12:42.596+0000] {processor.py:161} INFO - Started process (PID=10065) to work on /opt/airflow/dags/postgres-airflow-ingestion-dag.py
[2026-03-27T16:12:42.598+0000] {processor.py:830} INFO - Processing file /opt/airflow/dags/postgres-airflow-ingestion-dag.py for tasks to queue
[2026-03-27T16:12:42.602+0000] {logging_mixin.py:188} INFO - [2026-03-27T16:12:42.601+0000] {dagbag.py:545} INFO - Filling up the DagBag from /opt/airflow/dags/postgres-airflow-ingestion-dag.py
[2026-03-27T16:12:42.646+0000] {processor.py:840} INFO - DAG(s) 'spark_streaming_pipeline' retrieved from /opt/airflow/dags/postgres-airflow-ingestion-dag.py
[2026-03-27T16:12:42.701+0000] {logging_mixin.py:188} INFO - [2026-03-27T16:12:42.701+0000] {dag.py:3089} INFO - Sync 1 DAGs
[2026-03-27T16:12:42.720+0000] {logging_mixin.py:188} INFO - [2026-03-27T16:12:42.720+0000] {dag.py:3947} INFO - Setting next_dagrun for spark_streaming_pipeline to None, run_after=None
[2026-03-27T16:12:42.765+0000] {processor.py:183} INFO - Processing /opt/airflow/dags/postgres-airflow-ingestion-dag.py took 0.180 seconds
[2026-03-27T16:13:13.301+0000] {processor.py:161} INFO - Started process (PID=10085) to work on /opt/airflow/dags/postgres-airflow-ingestion-dag.py
[2026-03-27T16:13:13.302+0000] {processor.py:830} INFO - Processing file /opt/airflow/dags/postgres-airflow-ingestion-dag.py for tasks to queue
[2026-03-27T16:13:13.305+0000] {logging_mixin.py:188} INFO - [2026-03-27T16:13:13.305+0000] {dagbag.py:545} INFO - Filling up the DagBag from /opt/airflow/dags/postgres-airflow-ingestion-dag.py
[2026-03-27T16:13:13.358+0000] {processor.py:840} INFO - DAG(s) 'spark_streaming_pipeline' retrieved from /opt/airflow/dags/postgres-airflow-ingestion-dag.py
[2026-03-27T16:13:13.418+0000] {logging_mixin.py:188} INFO - [2026-03-27T16:13:13.417+0000] {dag.py:3089} INFO - Sync 1 DAGs
[2026-03-27T16:13:13.438+0000] {logging_mixin.py:188} INFO - [2026-03-27T16:13:13.438+0000] {dag.py:3947} INFO - Setting next_dagrun for spark_streaming_pipeline to None, run_after=None
[2026-03-27T16:13:13.479+0000] {processor.py:183} INFO - Processing /opt/airflow/dags/postgres-airflow-ingestion-dag.py took 0.190 seconds
[2026-03-27T16:13:43.765+0000] {processor.py:161} INFO - Started process (PID=11771) to work on /opt/airflow/dags/postgres-airflow-ingestion-dag.py
[2026-03-27T16:13:43.768+0000] {processor.py:830} INFO - Processing file /opt/airflow/dags/postgres-airflow-ingestion-dag.py for tasks to queue
[2026-03-27T16:13:43.773+0000] {logging_mixin.py:188} INFO - [2026-03-27T16:13:43.772+0000] {dagbag.py:545} INFO - Filling up the DagBag from /opt/airflow/dags/postgres-airflow-ingestion-dag.py
[2026-03-27T16:13:43.831+0000] {processor.py:840} INFO - DAG(s) 'spark_streaming_pipeline' retrieved from /opt/airflow/dags/postgres-airflow-ingestion-dag.py
[2026-03-27T16:13:43.901+0000] {logging_mixin.py:188} INFO - [2026-03-27T16:13:43.901+0000] {dag.py:3089} INFO - Sync 1 DAGs
[2026-03-27T16:13:43.933+0000] {logging_mixin.py:188} INFO - [2026-03-27T16:13:43.933+0000] {dag.py:3947} INFO - Setting next_dagrun for spark_streaming_pipeline to None, run_after=None
[2026-03-27T16:13:44.017+0000] {processor.py:183} INFO - Processing /opt/airflow/dags/postgres-airflow-ingestion-dag.py took 0.268 seconds
[2026-03-27T16:14:14.455+0000] {processor.py:161} INFO - Started process (PID=13171) to work on /opt/airflow/dags/postgres-airflow-ingestion-dag.py
[2026-03-27T16:14:14.457+0000] {processor.py:830} INFO - Processing file /opt/airflow/dags/postgres-airflow-ingestion-dag.py for tasks to queue
[2026-03-27T16:14:14.461+0000] {logging_mixin.py:188} INFO - [2026-03-27T16:14:14.460+0000] {dagbag.py:545} INFO - Filling up the DagBag from /opt/airflow/dags/postgres-airflow-ingestion-dag.py
[2026-03-27T16:14:14.504+0000] {processor.py:840} INFO - DAG(s) 'spark_streaming_pipeline' retrieved from /opt/airflow/dags/postgres-airflow-ingestion-dag.py
[2026-03-27T16:14:14.583+0000] {logging_mixin.py:188} INFO - [2026-03-27T16:14:14.582+0000] {dag.py:3089} INFO - Sync 1 DAGs
[2026-03-27T16:14:14.615+0000] {logging_mixin.py:188} INFO - [2026-03-27T16:14:14.614+0000] {dag.py:3947} INFO - Setting next_dagrun for spark_streaming_pipeline to None, run_after=None
[2026-03-27T16:14:14.661+0000] {processor.py:183} INFO - Processing /opt/airflow/dags/postgres-airflow-ingestion-dag.py took 0.218 seconds
[2026-03-27T16:14:45.031+0000] {processor.py:161} INFO - Started process (PID=13208) to work on /opt/airflow/dags/postgres-airflow-ingestion-dag.py
[2026-03-27T16:14:45.033+0000] {processor.py:830} INFO - Processing file /opt/airflow/dags/postgres-airflow-ingestion-dag.py for tasks to queue
[2026-03-27T16:14:45.036+0000] {logging_mixin.py:188} INFO - [2026-03-27T16:14:45.036+0000] {dagbag.py:545} INFO - Filling up the DagBag from /opt/airflow/dags/postgres-airflow-ingestion-dag.py
[2026-03-27T16:14:45.081+0000] {processor.py:840} INFO - DAG(s) 'spark_streaming_pipeline' retrieved from /opt/airflow/dags/postgres-airflow-ingestion-dag.py
[2026-03-27T16:14:45.140+0000] {logging_mixin.py:188} INFO - [2026-03-27T16:14:45.139+0000] {dag.py:3089} INFO - Sync 1 DAGs
[2026-03-27T16:14:45.167+0000] {logging_mixin.py:188} INFO - [2026-03-27T16:14:45.166+0000] {dag.py:3947} INFO - Setting next_dagrun for spark_streaming_pipeline to None, run_after=None
[2026-03-27T16:14:45.205+0000] {processor.py:183} INFO - Processing /opt/airflow/dags/postgres-airflow-ingestion-dag.py took 0.186 seconds
[2026-03-27T16:15:15.775+0000] {processor.py:161} INFO - Started process (PID=13228) to work on /opt/airflow/dags/postgres-airflow-ingestion-dag.py
[2026-03-27T16:15:15.777+0000] {processor.py:830} INFO - Processing file /opt/airflow/dags/postgres-airflow-ingestion-dag.py for tasks to queue
[2026-03-27T16:15:15.781+0000] {logging_mixin.py:188} INFO - [2026-03-27T16:15:15.780+0000] {dagbag.py:545} INFO - Filling up the DagBag from /opt/airflow/dags/postgres-airflow-ingestion-dag.py
[2026-03-27T16:15:15.826+0000] {processor.py:840} INFO - DAG(s) 'spark_streaming_pipeline' retrieved from /opt/airflow/dags/postgres-airflow-ingestion-dag.py
[2026-03-27T16:15:15.884+0000] {logging_mixin.py:188} INFO - [2026-03-27T16:15:15.884+0000] {dag.py:3089} INFO - Sync 1 DAGs
[2026-03-27T16:15:15.911+0000] {logging_mixin.py:188} INFO - [2026-03-27T16:15:15.911+0000] {dag.py:3947} INFO - Setting next_dagrun for spark_streaming_pipeline to None, run_after=None
[2026-03-27T16:15:15.952+0000] {processor.py:183} INFO - Processing /opt/airflow/dags/postgres-airflow-ingestion-dag.py took 0.189 seconds
[2026-03-27T16:15:46.419+0000] {processor.py:161} INFO - Started process (PID=13248) to work on /opt/airflow/dags/postgres-airflow-ingestion-dag.py
[2026-03-27T16:15:46.422+0000] {processor.py:830} INFO - Processing file /opt/airflow/dags/postgres-airflow-ingestion-dag.py for tasks to queue
[2026-03-27T16:15:46.427+0000] {logging_mixin.py:188} INFO - [2026-03-27T16:15:46.426+0000] {dagbag.py:545} INFO - Filling up the DagBag from /opt/airflow/dags/postgres-airflow-ingestion-dag.py
[2026-03-27T16:15:46.484+0000] {processor.py:840} INFO - DAG(s) 'spark_streaming_pipeline' retrieved from /opt/airflow/dags/postgres-airflow-ingestion-dag.py
[2026-03-27T16:15:46.585+0000] {logging_mixin.py:188} INFO - [2026-03-27T16:15:46.585+0000] {dag.py:3089} INFO - Sync 1 DAGs
[2026-03-27T16:15:46.626+0000] {logging_mixin.py:188} INFO - [2026-03-27T16:15:46.626+0000] {dag.py:3947} INFO - Setting next_dagrun for spark_streaming_pipeline to None, run_after=None
[2026-03-27T16:15:46.686+0000] {processor.py:183} INFO - Processing /opt/airflow/dags/postgres-airflow-ingestion-dag.py took 0.282 seconds
[2026-03-27T16:16:17.015+0000] {processor.py:161} INFO - Started process (PID=13268) to work on /opt/airflow/dags/postgres-airflow-ingestion-dag.py
[2026-03-27T16:16:17.017+0000] {processor.py:830} INFO - Processing file /opt/airflow/dags/postgres-airflow-ingestion-dag.py for tasks to queue
[2026-03-27T16:16:17.021+0000] {logging_mixin.py:188} INFO - [2026-03-27T16:16:17.020+0000] {dagbag.py:545} INFO - Filling up the DagBag from /opt/airflow/dags/postgres-airflow-ingestion-dag.py
[2026-03-27T16:16:17.068+0000] {processor.py:840} INFO - DAG(s) 'spark_streaming_pipeline' retrieved from /opt/airflow/dags/postgres-airflow-ingestion-dag.py
[2026-03-27T16:16:17.143+0000] {logging_mixin.py:188} INFO - [2026-03-27T16:16:17.143+0000] {dag.py:3089} INFO - Sync 1 DAGs
[2026-03-27T16:16:17.168+0000] {logging_mixin.py:188} INFO - [2026-03-27T16:16:17.168+0000] {dag.py:3947} INFO - Setting next_dagrun for spark_streaming_pipeline to None, run_after=None
[2026-03-27T16:16:17.207+0000] {processor.py:183} INFO - Processing /opt/airflow/dags/postgres-airflow-ingestion-dag.py took 0.205 seconds
[2026-03-27T16:20:40.339+0000] {processor.py:161} INFO - Started process (PID=177) to work on /opt/airflow/dags/postgres-airflow-ingestion-dag.py
[2026-03-27T16:20:40.341+0000] {processor.py:830} INFO - Processing file /opt/airflow/dags/postgres-airflow-ingestion-dag.py for tasks to queue
[2026-03-27T16:20:40.345+0000] {logging_mixin.py:188} INFO - [2026-03-27T16:20:40.345+0000] {dagbag.py:545} INFO - Filling up the DagBag from /opt/airflow/dags/postgres-airflow-ingestion-dag.py
[2026-03-27T16:20:40.387+0000] {processor.py:840} INFO - DAG(s) 'spark_streaming_pipeline' retrieved from /opt/airflow/dags/postgres-airflow-ingestion-dag.py
[2026-03-27T16:20:40.597+0000] {logging_mixin.py:188} INFO - [2026-03-27T16:20:40.596+0000] {override.py:1858} INFO - Created Permission View: can read on DAG:spark_streaming_pipeline
[2026-03-27T16:20:40.619+0000] {logging_mixin.py:188} INFO - [2026-03-27T16:20:40.619+0000] {override.py:1858} INFO - Created Permission View: can delete on DAG:spark_streaming_pipeline
[2026-03-27T16:20:40.635+0000] {logging_mixin.py:188} INFO - [2026-03-27T16:20:40.634+0000] {override.py:1858} INFO - Created Permission View: can edit on DAG:spark_streaming_pipeline
[2026-03-27T16:20:40.636+0000] {logging_mixin.py:188} INFO - [2026-03-27T16:20:40.636+0000] {dag.py:3089} INFO - Sync 1 DAGs
[2026-03-27T16:20:40.654+0000] {logging_mixin.py:188} INFO - [2026-03-27T16:20:40.653+0000] {dag.py:3111} INFO - Creating ORM DAG for spark_streaming_pipeline
[2026-03-27T16:20:40.655+0000] {logging_mixin.py:188} INFO - [2026-03-27T16:20:40.655+0000] {dag.py:3947} INFO - Setting next_dagrun for spark_streaming_pipeline to None, run_after=None
[2026-03-27T16:20:40.686+0000] {processor.py:183} INFO - Processing /opt/airflow/dags/postgres-airflow-ingestion-dag.py took 0.359 seconds
[2026-03-27T16:21:10.829+0000] {processor.py:161} INFO - Started process (PID=199) to work on /opt/airflow/dags/postgres-airflow-ingestion-dag.py
[2026-03-27T16:21:10.832+0000] {processor.py:830} INFO - Processing file /opt/airflow/dags/postgres-airflow-ingestion-dag.py for tasks to queue
[2026-03-27T16:21:10.836+0000] {logging_mixin.py:188} INFO - [2026-03-27T16:21:10.835+0000] {dagbag.py:545} INFO - Filling up the DagBag from /opt/airflow/dags/postgres-airflow-ingestion-dag.py
[2026-03-27T16:21:10.883+0000] {processor.py:840} INFO - DAG(s) 'spark_streaming_pipeline' retrieved from /opt/airflow/dags/postgres-airflow-ingestion-dag.py
[2026-03-27T16:21:10.979+0000] {logging_mixin.py:188} INFO - [2026-03-27T16:21:10.979+0000] {dag.py:3089} INFO - Sync 1 DAGs
[2026-03-27T16:21:11.030+0000] {logging_mixin.py:188} INFO - [2026-03-27T16:21:11.029+0000] {dag.py:3947} INFO - Setting next_dagrun for spark_streaming_pipeline to None, run_after=None
[2026-03-27T16:21:11.095+0000] {processor.py:183} INFO - Processing /opt/airflow/dags/postgres-airflow-ingestion-dag.py took 0.283 seconds
[2026-03-27T16:21:41.549+0000] {processor.py:161} INFO - Started process (PID=219) to work on /opt/airflow/dags/postgres-airflow-ingestion-dag.py
[2026-03-27T16:21:41.552+0000] {processor.py:830} INFO - Processing file /opt/airflow/dags/postgres-airflow-ingestion-dag.py for tasks to queue
[2026-03-27T16:21:41.557+0000] {logging_mixin.py:188} INFO - [2026-03-27T16:21:41.556+0000] {dagbag.py:545} INFO - Filling up the DagBag from /opt/airflow/dags/postgres-airflow-ingestion-dag.py
[2026-03-27T16:21:41.628+0000] {processor.py:840} INFO - DAG(s) 'spark_streaming_pipeline' retrieved from /opt/airflow/dags/postgres-airflow-ingestion-dag.py
[2026-03-27T16:21:41.708+0000] {logging_mixin.py:188} INFO - [2026-03-27T16:21:41.707+0000] {dag.py:3089} INFO - Sync 1 DAGs
[2026-03-27T16:21:41.748+0000] {logging_mixin.py:188} INFO - [2026-03-27T16:21:41.748+0000] {dag.py:3947} INFO - Setting next_dagrun for spark_streaming_pipeline to None, run_after=None
[2026-03-27T16:21:41.801+0000] {processor.py:183} INFO - Processing /opt/airflow/dags/postgres-airflow-ingestion-dag.py took 0.271 seconds
[2026-03-27T16:22:12.056+0000] {processor.py:161} INFO - Started process (PID=325) to work on /opt/airflow/dags/postgres-airflow-ingestion-dag.py
[2026-03-27T16:22:12.059+0000] {processor.py:830} INFO - Processing file /opt/airflow/dags/postgres-airflow-ingestion-dag.py for tasks to queue
[2026-03-27T16:22:12.067+0000] {logging_mixin.py:188} INFO - [2026-03-27T16:22:12.066+0000] {dagbag.py:545} INFO - Filling up the DagBag from /opt/airflow/dags/postgres-airflow-ingestion-dag.py
[2026-03-27T16:22:12.129+0000] {processor.py:840} INFO - DAG(s) 'spark_streaming_pipeline' retrieved from /opt/airflow/dags/postgres-airflow-ingestion-dag.py
[2026-03-27T16:22:12.232+0000] {logging_mixin.py:188} INFO - [2026-03-27T16:22:12.231+0000] {dag.py:3089} INFO - Sync 1 DAGs
[2026-03-27T16:22:12.303+0000] {logging_mixin.py:188} INFO - [2026-03-27T16:22:12.302+0000] {dag.py:3947} INFO - Setting next_dagrun for spark_streaming_pipeline to None, run_after=None
[2026-03-27T16:22:12.374+0000] {processor.py:183} INFO - Processing /opt/airflow/dags/postgres-airflow-ingestion-dag.py took 0.342 seconds
[2026-03-27T16:22:42.984+0000] {processor.py:161} INFO - Started process (PID=492) to work on /opt/airflow/dags/postgres-airflow-ingestion-dag.py
[2026-03-27T16:22:42.986+0000] {processor.py:830} INFO - Processing file /opt/airflow/dags/postgres-airflow-ingestion-dag.py for tasks to queue
[2026-03-27T16:22:42.991+0000] {logging_mixin.py:188} INFO - [2026-03-27T16:22:42.990+0000] {dagbag.py:545} INFO - Filling up the DagBag from /opt/airflow/dags/postgres-airflow-ingestion-dag.py
[2026-03-27T16:22:43.037+0000] {processor.py:840} INFO - DAG(s) 'spark_streaming_pipeline' retrieved from /opt/airflow/dags/postgres-airflow-ingestion-dag.py
[2026-03-27T16:22:43.110+0000] {logging_mixin.py:188} INFO - [2026-03-27T16:22:43.110+0000] {dag.py:3089} INFO - Sync 1 DAGs
[2026-03-27T16:22:43.148+0000] {logging_mixin.py:188} INFO - [2026-03-27T16:22:43.147+0000] {dag.py:3947} INFO - Setting next_dagrun for spark_streaming_pipeline to None, run_after=None
[2026-03-27T16:22:43.207+0000] {processor.py:183} INFO - Processing /opt/airflow/dags/postgres-airflow-ingestion-dag.py took 0.246 seconds
[2026-03-27T16:23:14.263+0000] {processor.py:161} INFO - Started process (PID=1512) to work on /opt/airflow/dags/postgres-airflow-ingestion-dag.py
[2026-03-27T16:23:14.265+0000] {processor.py:830} INFO - Processing file /opt/airflow/dags/postgres-airflow-ingestion-dag.py for tasks to queue
[2026-03-27T16:23:14.270+0000] {logging_mixin.py:188} INFO - [2026-03-27T16:23:14.269+0000] {dagbag.py:545} INFO - Filling up the DagBag from /opt/airflow/dags/postgres-airflow-ingestion-dag.py
[2026-03-27T16:23:14.306+0000] {processor.py:840} INFO - DAG(s) 'spark_streaming_pipeline' retrieved from /opt/airflow/dags/postgres-airflow-ingestion-dag.py
[2026-03-27T16:23:14.374+0000] {logging_mixin.py:188} INFO - [2026-03-27T16:23:14.373+0000] {dag.py:3089} INFO - Sync 1 DAGs
[2026-03-27T16:23:14.419+0000] {logging_mixin.py:188} INFO - [2026-03-27T16:23:14.418+0000] {dag.py:3947} INFO - Setting next_dagrun for spark_streaming_pipeline to None, run_after=None
[2026-03-27T16:23:14.485+0000] {processor.py:183} INFO - Processing /opt/airflow/dags/postgres-airflow-ingestion-dag.py took 0.239 seconds
[2026-03-27T16:23:44.988+0000] {processor.py:161} INFO - Started process (PID=1672) to work on /opt/airflow/dags/postgres-airflow-ingestion-dag.py
[2026-03-27T16:23:44.991+0000] {processor.py:830} INFO - Processing file /opt/airflow/dags/postgres-airflow-ingestion-dag.py for tasks to queue
[2026-03-27T16:23:44.995+0000] {logging_mixin.py:188} INFO - [2026-03-27T16:23:44.995+0000] {dagbag.py:545} INFO - Filling up the DagBag from /opt/airflow/dags/postgres-airflow-ingestion-dag.py
[2026-03-27T16:23:45.042+0000] {processor.py:840} INFO - DAG(s) 'spark_streaming_pipeline' retrieved from /opt/airflow/dags/postgres-airflow-ingestion-dag.py
[2026-03-27T16:23:45.124+0000] {logging_mixin.py:188} INFO - [2026-03-27T16:23:45.123+0000] {dag.py:3089} INFO - Sync 1 DAGs
[2026-03-27T16:23:45.157+0000] {logging_mixin.py:188} INFO - [2026-03-27T16:23:45.156+0000] {dag.py:3947} INFO - Setting next_dagrun for spark_streaming_pipeline to None, run_after=None
[2026-03-27T16:23:45.227+0000] {processor.py:183} INFO - Processing /opt/airflow/dags/postgres-airflow-ingestion-dag.py took 0.257 seconds
[2026-03-27T16:24:15.584+0000] {processor.py:161} INFO - Started process (PID=1692) to work on /opt/airflow/dags/postgres-airflow-ingestion-dag.py
[2026-03-27T16:24:15.587+0000] {processor.py:830} INFO - Processing file /opt/airflow/dags/postgres-airflow-ingestion-dag.py for tasks to queue
[2026-03-27T16:24:15.592+0000] {logging_mixin.py:188} INFO - [2026-03-27T16:24:15.592+0000] {dagbag.py:545} INFO - Filling up the DagBag from /opt/airflow/dags/postgres-airflow-ingestion-dag.py
[2026-03-27T16:24:15.644+0000] {processor.py:840} INFO - DAG(s) 'spark_streaming_pipeline' retrieved from /opt/airflow/dags/postgres-airflow-ingestion-dag.py
[2026-03-27T16:24:15.716+0000] {logging_mixin.py:188} INFO - [2026-03-27T16:24:15.716+0000] {dag.py:3089} INFO - Sync 1 DAGs
[2026-03-27T16:24:15.753+0000] {logging_mixin.py:188} INFO - [2026-03-27T16:24:15.752+0000] {dag.py:3947} INFO - Setting next_dagrun for spark_streaming_pipeline to None, run_after=None
[2026-03-27T16:24:15.810+0000] {processor.py:183} INFO - Processing /opt/airflow/dags/postgres-airflow-ingestion-dag.py took 0.245 seconds
[2026-03-27T16:24:46.101+0000] {processor.py:161} INFO - Started process (PID=1712) to work on /opt/airflow/dags/postgres-airflow-ingestion-dag.py
[2026-03-27T16:24:46.103+0000] {processor.py:830} INFO - Processing file /opt/airflow/dags/postgres-airflow-ingestion-dag.py for tasks to queue
[2026-03-27T16:24:46.107+0000] {logging_mixin.py:188} INFO - [2026-03-27T16:24:46.106+0000] {dagbag.py:545} INFO - Filling up the DagBag from /opt/airflow/dags/postgres-airflow-ingestion-dag.py
[2026-03-27T16:24:46.148+0000] {processor.py:840} INFO - DAG(s) 'spark_streaming_pipeline' retrieved from /opt/airflow/dags/postgres-airflow-ingestion-dag.py
[2026-03-27T16:24:46.205+0000] {logging_mixin.py:188} INFO - [2026-03-27T16:24:46.205+0000] {dag.py:3089} INFO - Sync 1 DAGs
[2026-03-27T16:24:46.240+0000] {logging_mixin.py:188} INFO - [2026-03-27T16:24:46.239+0000] {dag.py:3947} INFO - Setting next_dagrun for spark_streaming_pipeline to None, run_after=None
[2026-03-27T16:24:46.284+0000] {processor.py:183} INFO - Processing /opt/airflow/dags/postgres-airflow-ingestion-dag.py took 0.197 seconds
[2026-03-27T16:25:16.727+0000] {processor.py:161} INFO - Started process (PID=1797) to work on /opt/airflow/dags/postgres-airflow-ingestion-dag.py
[2026-03-27T16:25:16.730+0000] {processor.py:830} INFO - Processing file /opt/airflow/dags/postgres-airflow-ingestion-dag.py for tasks to queue
[2026-03-27T16:25:16.734+0000] {logging_mixin.py:188} INFO - [2026-03-27T16:25:16.733+0000] {dagbag.py:545} INFO - Filling up the DagBag from /opt/airflow/dags/postgres-airflow-ingestion-dag.py
[2026-03-27T16:25:16.791+0000] {processor.py:840} INFO - DAG(s) 'spark_streaming_pipeline' retrieved from /opt/airflow/dags/postgres-airflow-ingestion-dag.py
[2026-03-27T16:25:16.873+0000] {logging_mixin.py:188} INFO - [2026-03-27T16:25:16.872+0000] {dag.py:3089} INFO - Sync 1 DAGs
[2026-03-27T17:29:17.424+0000] {processor.py:161} INFO - Started process (PID=185) to work on /opt/airflow/dags/postgres-airflow-ingestion-dag.py
[2026-03-27T17:29:17.427+0000] {processor.py:830} INFO - Processing file /opt/airflow/dags/postgres-airflow-ingestion-dag.py for tasks to queue
[2026-03-27T17:29:17.433+0000] {logging_mixin.py:188} INFO - [2026-03-27T17:29:17.432+0000] {dagbag.py:545} INFO - Filling up the DagBag from /opt/airflow/dags/postgres-airflow-ingestion-dag.py
[2026-03-27T17:29:17.473+0000] {processor.py:840} INFO - DAG(s) 'spark_streaming_pipeline' retrieved from /opt/airflow/dags/postgres-airflow-ingestion-dag.py
[2026-03-27T17:29:17.668+0000] {logging_mixin.py:188} INFO - [2026-03-27T17:29:17.667+0000] {override.py:1858} INFO - Created Permission View: can edit on DAG:spark_streaming_pipeline
[2026-03-27T17:29:17.684+0000] {logging_mixin.py:188} INFO - [2026-03-27T17:29:17.684+0000] {override.py:1858} INFO - Created Permission View: can read on DAG:spark_streaming_pipeline
[2026-03-27T17:29:17.696+0000] {logging_mixin.py:188} INFO - [2026-03-27T17:29:17.696+0000] {override.py:1858} INFO - Created Permission View: can delete on DAG:spark_streaming_pipeline
[2026-03-27T17:29:17.697+0000] {logging_mixin.py:188} INFO - [2026-03-27T17:29:17.697+0000] {dag.py:3089} INFO - Sync 1 DAGs
[2026-03-27T17:29:17.717+0000] {logging_mixin.py:188} INFO - [2026-03-27T17:29:17.717+0000] {dag.py:3111} INFO - Creating ORM DAG for spark_streaming_pipeline
[2026-03-27T17:29:17.719+0000] {logging_mixin.py:188} INFO - [2026-03-27T17:29:17.718+0000] {dag.py:3947} INFO - Setting next_dagrun for spark_streaming_pipeline to None, run_after=None
[2026-03-27T17:29:17.747+0000] {processor.py:183} INFO - Processing /opt/airflow/dags/postgres-airflow-ingestion-dag.py took 0.335 seconds
[2026-03-27T17:29:48.138+0000] {processor.py:161} INFO - Started process (PID=212) to work on /opt/airflow/dags/postgres-airflow-ingestion-dag.py
[2026-03-27T17:29:48.141+0000] {processor.py:830} INFO - Processing file /opt/airflow/dags/postgres-airflow-ingestion-dag.py for tasks to queue
[2026-03-27T17:29:48.146+0000] {logging_mixin.py:188} INFO - [2026-03-27T17:29:48.145+0000] {dagbag.py:545} INFO - Filling up the DagBag from /opt/airflow/dags/postgres-airflow-ingestion-dag.py
[2026-03-27T17:29:48.198+0000] {processor.py:840} INFO - DAG(s) 'spark_streaming_pipeline' retrieved from /opt/airflow/dags/postgres-airflow-ingestion-dag.py
[2026-03-27T17:29:48.261+0000] {logging_mixin.py:188} INFO - [2026-03-27T17:29:48.261+0000] {dag.py:3089} INFO - Sync 1 DAGs
[2026-03-27T17:29:48.290+0000] {logging_mixin.py:188} INFO - [2026-03-27T17:29:48.289+0000] {dag.py:3947} INFO - Setting next_dagrun for spark_streaming_pipeline to None, run_after=None
[2026-03-27T17:29:48.336+0000] {processor.py:183} INFO - Processing /opt/airflow/dags/postgres-airflow-ingestion-dag.py took 0.212 seconds
[2026-03-27T17:30:18.712+0000] {processor.py:161} INFO - Started process (PID=244) to work on /opt/airflow/dags/postgres-airflow-ingestion-dag.py
[2026-03-27T17:30:18.714+0000] {processor.py:830} INFO - Processing file /opt/airflow/dags/postgres-airflow-ingestion-dag.py for tasks to queue
[2026-03-27T17:30:18.718+0000] {logging_mixin.py:188} INFO - [2026-03-27T17:30:18.718+0000] {dagbag.py:545} INFO - Filling up the DagBag from /opt/airflow/dags/postgres-airflow-ingestion-dag.py
[2026-03-27T17:30:18.762+0000] {processor.py:840} INFO - DAG(s) 'spark_streaming_pipeline' retrieved from /opt/airflow/dags/postgres-airflow-ingestion-dag.py
[2026-03-27T17:30:18.843+0000] {logging_mixin.py:188} INFO - [2026-03-27T17:30:18.843+0000] {dag.py:3089} INFO - Sync 1 DAGs
[2026-03-27T17:30:18.884+0000] {logging_mixin.py:188} INFO - [2026-03-27T17:30:18.883+0000] {dag.py:3947} INFO - Setting next_dagrun for spark_streaming_pipeline to None, run_after=None
[2026-03-27T17:30:18.940+0000] {processor.py:183} INFO - Processing /opt/airflow/dags/postgres-airflow-ingestion-dag.py took 0.243 seconds
[2026-03-27T17:30:49.066+0000] {processor.py:161} INFO - Started process (PID=275) to work on /opt/airflow/dags/postgres-airflow-ingestion-dag.py
[2026-03-27T17:30:49.068+0000] {processor.py:830} INFO - Processing file /opt/airflow/dags/postgres-airflow-ingestion-dag.py for tasks to queue
[2026-03-27T17:30:49.072+0000] {logging_mixin.py:188} INFO - [2026-03-27T17:30:49.071+0000] {dagbag.py:545} INFO - Filling up the DagBag from /opt/airflow/dags/postgres-airflow-ingestion-dag.py
[2026-03-27T17:30:49.117+0000] {processor.py:840} INFO - DAG(s) 'spark_streaming_pipeline' retrieved from /opt/airflow/dags/postgres-airflow-ingestion-dag.py
[2026-03-27T17:30:49.171+0000] {logging_mixin.py:188} INFO - [2026-03-27T17:30:49.171+0000] {dag.py:3089} INFO - Sync 1 DAGs
[2026-03-27T17:30:49.198+0000] {logging_mixin.py:188} INFO - [2026-03-27T17:30:49.197+0000] {dag.py:3947} INFO - Setting next_dagrun for spark_streaming_pipeline to None, run_after=None
[2026-03-27T17:30:49.238+0000] {processor.py:183} INFO - Processing /opt/airflow/dags/postgres-airflow-ingestion-dag.py took 0.184 seconds
[2026-03-27T17:31:19.855+0000] {processor.py:161} INFO - Started process (PID=300) to work on /opt/airflow/dags/postgres-airflow-ingestion-dag.py
[2026-03-27T17:31:19.857+0000] {processor.py:830} INFO - Processing file /opt/airflow/dags/postgres-airflow-ingestion-dag.py for tasks to queue
[2026-03-27T17:31:19.861+0000] {logging_mixin.py:188} INFO - [2026-03-27T17:31:19.860+0000] {dagbag.py:545} INFO - Filling up the DagBag from /opt/airflow/dags/postgres-airflow-ingestion-dag.py
[2026-03-27T17:31:19.911+0000] {processor.py:840} INFO - DAG(s) 'spark_streaming_pipeline' retrieved from /opt/airflow/dags/postgres-airflow-ingestion-dag.py
[2026-03-27T17:31:19.991+0000] {logging_mixin.py:188} INFO - [2026-03-27T17:31:19.991+0000] {dag.py:3089} INFO - Sync 1 DAGs
[2026-03-27T17:31:20.033+0000] {logging_mixin.py:188} INFO - [2026-03-27T17:31:20.032+0000] {dag.py:3947} INFO - Setting next_dagrun for spark_streaming_pipeline to None, run_after=None
[2026-03-27T17:31:20.077+0000] {processor.py:183} INFO - Processing /opt/airflow/dags/postgres-airflow-ingestion-dag.py took 0.237 seconds
[2026-03-27T17:31:50.273+0000] {processor.py:161} INFO - Started process (PID=325) to work on /opt/airflow/dags/postgres-airflow-ingestion-dag.py
[2026-03-27T17:31:50.275+0000] {processor.py:830} INFO - Processing file /opt/airflow/dags/postgres-airflow-ingestion-dag.py for tasks to queue
[2026-03-27T17:31:50.279+0000] {logging_mixin.py:188} INFO - [2026-03-27T17:31:50.278+0000] {dagbag.py:545} INFO - Filling up the DagBag from /opt/airflow/dags/postgres-airflow-ingestion-dag.py
[2026-03-27T17:31:50.320+0000] {processor.py:840} INFO - DAG(s) 'spark_streaming_pipeline' retrieved from /opt/airflow/dags/postgres-airflow-ingestion-dag.py
[2026-03-27T17:31:50.364+0000] {logging_mixin.py:188} INFO - [2026-03-27T17:31:50.363+0000] {dag.py:3089} INFO - Sync 1 DAGs
[2026-03-27T17:31:50.421+0000] {logging_mixin.py:188} INFO - [2026-03-27T17:31:50.420+0000] {dag.py:3947} INFO - Setting next_dagrun for spark_streaming_pipeline to None, run_after=None
[2026-03-27T17:31:50.505+0000] {processor.py:183} INFO - Processing /opt/airflow/dags/postgres-airflow-ingestion-dag.py took 0.243 seconds
[2026-03-27T17:32:21.046+0000] {processor.py:161} INFO - Started process (PID=352) to work on /opt/airflow/dags/postgres-airflow-ingestion-dag.py
[2026-03-27T17:32:21.049+0000] {processor.py:830} INFO - Processing file /opt/airflow/dags/postgres-airflow-ingestion-dag.py for tasks to queue
[2026-03-27T17:32:21.053+0000] {logging_mixin.py:188} INFO - [2026-03-27T17:32:21.052+0000] {dagbag.py:545} INFO - Filling up the DagBag from /opt/airflow/dags/postgres-airflow-ingestion-dag.py
[2026-03-27T17:32:21.104+0000] {processor.py:840} INFO - DAG(s) 'spark_streaming_pipeline' retrieved from /opt/airflow/dags/postgres-airflow-ingestion-dag.py
[2026-03-27T17:32:21.147+0000] {logging_mixin.py:188} INFO - [2026-03-27T17:32:21.146+0000] {dag.py:3089} INFO - Sync 1 DAGs
[2026-03-27T17:32:21.168+0000] {logging_mixin.py:188} INFO - [2026-03-27T17:32:21.168+0000] {dag.py:3947} INFO - Setting next_dagrun for spark_streaming_pipeline to None, run_after=None
[2026-03-27T17:32:21.203+0000] {processor.py:183} INFO - Processing /opt/airflow/dags/postgres-airflow-ingestion-dag.py took 0.171 seconds
[2026-03-27T17:33:32.133+0000] {processor.py:161} INFO - Started process (PID=182) to work on /opt/airflow/dags/postgres-airflow-ingestion-dag.py
[2026-03-27T17:33:32.135+0000] {processor.py:830} INFO - Processing file /opt/airflow/dags/postgres-airflow-ingestion-dag.py for tasks to queue
[2026-03-27T17:33:32.140+0000] {logging_mixin.py:188} INFO - [2026-03-27T17:33:32.139+0000] {dagbag.py:545} INFO - Filling up the DagBag from /opt/airflow/dags/postgres-airflow-ingestion-dag.py
[2026-03-27T17:33:32.173+0000] {processor.py:840} INFO - DAG(s) 'spark_streaming_pipeline' retrieved from /opt/airflow/dags/postgres-airflow-ingestion-dag.py
[2026-03-27T17:33:32.461+0000] {logging_mixin.py:188} INFO - [2026-03-27T17:33:32.459+0000] {override.py:1858} INFO - Created Permission View: can read on DAG:spark_streaming_pipeline
[2026-03-27T17:33:32.487+0000] {logging_mixin.py:188} INFO - [2026-03-27T17:33:32.487+0000] {override.py:1858} INFO - Created Permission View: can edit on DAG:spark_streaming_pipeline
[2026-03-27T17:33:32.502+0000] {logging_mixin.py:188} INFO - [2026-03-27T17:33:32.502+0000] {override.py:1858} INFO - Created Permission View: can delete on DAG:spark_streaming_pipeline
[2026-03-27T17:33:32.504+0000] {logging_mixin.py:188} INFO - [2026-03-27T17:33:32.504+0000] {dag.py:3089} INFO - Sync 1 DAGs
[2026-03-27T17:33:32.528+0000] {logging_mixin.py:188} INFO - [2026-03-27T17:33:32.527+0000] {dag.py:3111} INFO - Creating ORM DAG for spark_streaming_pipeline
[2026-03-27T17:33:32.530+0000] {logging_mixin.py:188} INFO - [2026-03-27T17:33:32.529+0000] {dag.py:3947} INFO - Setting next_dagrun for spark_streaming_pipeline to None, run_after=None
[2026-03-27T17:33:32.572+0000] {processor.py:183} INFO - Processing /opt/airflow/dags/postgres-airflow-ingestion-dag.py took 0.454 seconds
[2026-03-27T17:34:02.994+0000] {processor.py:161} INFO - Started process (PID=207) to work on /opt/airflow/dags/postgres-airflow-ingestion-dag.py
[2026-03-27T17:34:02.996+0000] {processor.py:830} INFO - Processing file /opt/airflow/dags/postgres-airflow-ingestion-dag.py for tasks to queue
[2026-03-27T17:34:03.000+0000] {logging_mixin.py:188} INFO - [2026-03-27T17:34:02.999+0000] {dagbag.py:545} INFO - Filling up the DagBag from /opt/airflow/dags/postgres-airflow-ingestion-dag.py
[2026-03-27T17:34:03.051+0000] {processor.py:840} INFO - DAG(s) 'spark_streaming_pipeline' retrieved from /opt/airflow/dags/postgres-airflow-ingestion-dag.py
[2026-03-27T17:34:03.102+0000] {logging_mixin.py:188} INFO - [2026-03-27T17:34:03.101+0000] {dag.py:3089} INFO - Sync 1 DAGs
[2026-03-27T17:34:03.129+0000] {logging_mixin.py:188} INFO - [2026-03-27T17:34:03.128+0000] {dag.py:3947} INFO - Setting next_dagrun for spark_streaming_pipeline to None, run_after=None
[2026-03-27T17:34:03.171+0000] {processor.py:183} INFO - Processing /opt/airflow/dags/postgres-airflow-ingestion-dag.py took 0.188 seconds
[2026-03-27T17:34:33.439+0000] {processor.py:161} INFO - Started process (PID=234) to work on /opt/airflow/dags/postgres-airflow-ingestion-dag.py
[2026-03-27T17:34:33.441+0000] {processor.py:830} INFO - Processing file /opt/airflow/dags/postgres-airflow-ingestion-dag.py for tasks to queue
[2026-03-27T17:34:33.445+0000] {logging_mixin.py:188} INFO - [2026-03-27T17:34:33.444+0000] {dagbag.py:545} INFO - Filling up the DagBag from /opt/airflow/dags/postgres-airflow-ingestion-dag.py
[2026-03-27T17:34:33.488+0000] {processor.py:840} INFO - DAG(s) 'spark_streaming_pipeline' retrieved from /opt/airflow/dags/postgres-airflow-ingestion-dag.py
[2026-03-27T17:34:33.552+0000] {logging_mixin.py:188} INFO - [2026-03-27T17:34:33.551+0000] {dag.py:3089} INFO - Sync 1 DAGs
[2026-03-27T17:34:33.593+0000] {logging_mixin.py:188} INFO - [2026-03-27T17:34:33.592+0000] {dag.py:3947} INFO - Setting next_dagrun for spark_streaming_pipeline to None, run_after=None
[2026-03-27T17:34:33.643+0000] {processor.py:183} INFO - Processing /opt/airflow/dags/postgres-airflow-ingestion-dag.py took 0.217 seconds
[2026-03-27T17:35:03.900+0000] {processor.py:161} INFO - Started process (PID=259) to work on /opt/airflow/dags/postgres-airflow-ingestion-dag.py
[2026-03-27T17:35:03.902+0000] {processor.py:830} INFO - Processing file /opt/airflow/dags/postgres-airflow-ingestion-dag.py for tasks to queue
[2026-03-27T17:35:03.905+0000] {logging_mixin.py:188} INFO - [2026-03-27T17:35:03.904+0000] {dagbag.py:545} INFO - Filling up the DagBag from /opt/airflow/dags/postgres-airflow-ingestion-dag.py
[2026-03-27T17:35:03.948+0000] {processor.py:840} INFO - DAG(s) 'spark_streaming_pipeline' retrieved from /opt/airflow/dags/postgres-airflow-ingestion-dag.py
[2026-03-27T17:35:03.991+0000] {logging_mixin.py:188} INFO - [2026-03-27T17:35:03.991+0000] {dag.py:3089} INFO - Sync 1 DAGs
[2026-03-27T17:35:04.017+0000] {logging_mixin.py:188} INFO - [2026-03-27T17:35:04.016+0000] {dag.py:3947} INFO - Setting next_dagrun for spark_streaming_pipeline to None, run_after=None
[2026-03-27T17:35:04.077+0000] {processor.py:183} INFO - Processing /opt/airflow/dags/postgres-airflow-ingestion-dag.py took 0.189 seconds
[2026-03-27T17:35:34.783+0000] {processor.py:161} INFO - Started process (PID=288) to work on /opt/airflow/dags/postgres-airflow-ingestion-dag.py
[2026-03-27T17:35:34.787+0000] {processor.py:830} INFO - Processing file /opt/airflow/dags/postgres-airflow-ingestion-dag.py for tasks to queue
[2026-03-27T17:35:34.792+0000] {logging_mixin.py:188} INFO - [2026-03-27T17:35:34.792+0000] {dagbag.py:545} INFO - Filling up the DagBag from /opt/airflow/dags/postgres-airflow-ingestion-dag.py
[2026-03-27T17:35:34.856+0000] {processor.py:840} INFO - DAG(s) 'spark_streaming_pipeline' retrieved from /opt/airflow/dags/postgres-airflow-ingestion-dag.py
[2026-03-27T17:35:34.933+0000] {logging_mixin.py:188} INFO - [2026-03-27T17:35:34.932+0000] {dag.py:3089} INFO - Sync 1 DAGs
[2026-03-27T17:35:34.967+0000] {logging_mixin.py:188} INFO - [2026-03-27T17:35:34.966+0000] {dag.py:3947} INFO - Setting next_dagrun for spark_streaming_pipeline to None, run_after=None
[2026-03-27T17:35:35.019+0000] {processor.py:183} INFO - Processing /opt/airflow/dags/postgres-airflow-ingestion-dag.py took 0.255 seconds
[2026-03-27T17:36:05.570+0000] {processor.py:161} INFO - Started process (PID=405) to work on /opt/airflow/dags/postgres-airflow-ingestion-dag.py
[2026-03-27T17:36:05.578+0000] {processor.py:830} INFO - Processing file /opt/airflow/dags/postgres-airflow-ingestion-dag.py for tasks to queue
[2026-03-27T17:36:05.586+0000] {logging_mixin.py:188} INFO - [2026-03-27T17:36:05.585+0000] {dagbag.py:545} INFO - Filling up the DagBag from /opt/airflow/dags/postgres-airflow-ingestion-dag.py
[2026-03-27T17:36:05.650+0000] {processor.py:840} INFO - DAG(s) 'spark_streaming_pipeline' retrieved from /opt/airflow/dags/postgres-airflow-ingestion-dag.py
[2026-03-27T17:36:05.745+0000] {logging_mixin.py:188} INFO - [2026-03-27T17:36:05.744+0000] {dag.py:3089} INFO - Sync 1 DAGs
[2026-03-27T17:36:05.810+0000] {logging_mixin.py:188} INFO - [2026-03-27T17:36:05.809+0000] {dag.py:3947} INFO - Setting next_dagrun for spark_streaming_pipeline to None, run_after=None
[2026-03-27T17:36:05.884+0000] {processor.py:183} INFO - Processing /opt/airflow/dags/postgres-airflow-ingestion-dag.py took 0.336 seconds
[2026-03-27T17:36:36.499+0000] {processor.py:161} INFO - Started process (PID=603) to work on /opt/airflow/dags/postgres-airflow-ingestion-dag.py
[2026-03-27T17:36:36.503+0000] {processor.py:830} INFO - Processing file /opt/airflow/dags/postgres-airflow-ingestion-dag.py for tasks to queue
[2026-03-27T17:36:36.512+0000] {logging_mixin.py:188} INFO - [2026-03-27T17:36:36.511+0000] {dagbag.py:545} INFO - Filling up the DagBag from /opt/airflow/dags/postgres-airflow-ingestion-dag.py
[2026-03-27T17:36:36.580+0000] {processor.py:840} INFO - DAG(s) 'spark_streaming_pipeline' retrieved from /opt/airflow/dags/postgres-airflow-ingestion-dag.py
[2026-03-27T17:36:36.667+0000] {logging_mixin.py:188} INFO - [2026-03-27T17:36:36.667+0000] {dag.py:3089} INFO - Sync 1 DAGs
[2026-03-27T17:36:36.714+0000] {logging_mixin.py:188} INFO - [2026-03-27T17:36:36.713+0000] {dag.py:3947} INFO - Setting next_dagrun for spark_streaming_pipeline to None, run_after=None
[2026-03-27T17:36:36.775+0000] {processor.py:183} INFO - Processing /opt/airflow/dags/postgres-airflow-ingestion-dag.py took 0.302 seconds
[2026-03-27T17:37:07.147+0000] {processor.py:161} INFO - Started process (PID=1193) to work on /opt/airflow/dags/postgres-airflow-ingestion-dag.py
[2026-03-27T17:37:07.149+0000] {processor.py:830} INFO - Processing file /opt/airflow/dags/postgres-airflow-ingestion-dag.py for tasks to queue
[2026-03-27T17:37:07.155+0000] {logging_mixin.py:188} INFO - [2026-03-27T17:37:07.154+0000] {dagbag.py:545} INFO - Filling up the DagBag from /opt/airflow/dags/postgres-airflow-ingestion-dag.py
[2026-03-27T17:37:07.204+0000] {processor.py:840} INFO - DAG(s) 'spark_streaming_pipeline' retrieved from /opt/airflow/dags/postgres-airflow-ingestion-dag.py
[2026-03-27T17:37:07.251+0000] {logging_mixin.py:188} INFO - [2026-03-27T17:37:07.251+0000] {dag.py:3089} INFO - Sync 1 DAGs
[2026-03-27T17:37:07.275+0000] {logging_mixin.py:188} INFO - [2026-03-27T17:37:07.275+0000] {dag.py:3947} INFO - Setting next_dagrun for spark_streaming_pipeline to None, run_after=None
[2026-03-27T17:37:07.315+0000] {processor.py:183} INFO - Processing /opt/airflow/dags/postgres-airflow-ingestion-dag.py took 0.190 seconds
[2026-03-27T17:37:37.927+0000] {processor.py:161} INFO - Started process (PID=1253) to work on /opt/airflow/dags/postgres-airflow-ingestion-dag.py
[2026-03-27T17:37:37.930+0000] {processor.py:830} INFO - Processing file /opt/airflow/dags/postgres-airflow-ingestion-dag.py for tasks to queue
[2026-03-27T17:37:37.937+0000] {logging_mixin.py:188} INFO - [2026-03-27T17:37:37.936+0000] {dagbag.py:545} INFO - Filling up the DagBag from /opt/airflow/dags/postgres-airflow-ingestion-dag.py
[2026-03-27T17:37:37.997+0000] {processor.py:840} INFO - DAG(s) 'spark_streaming_pipeline' retrieved from /opt/airflow/dags/postgres-airflow-ingestion-dag.py
[2026-03-27T17:37:38.072+0000] {logging_mixin.py:188} INFO - [2026-03-27T17:37:38.072+0000] {dag.py:3089} INFO - Sync 1 DAGs
[2026-03-27T17:37:38.102+0000] {logging_mixin.py:188} INFO - [2026-03-27T17:37:38.102+0000] {dag.py:3947} INFO - Setting next_dagrun for spark_streaming_pipeline to None, run_after=None
[2026-03-27T17:37:38.160+0000] {processor.py:183} INFO - Processing /opt/airflow/dags/postgres-airflow-ingestion-dag.py took 0.250 seconds
[2026-03-27T17:38:08.498+0000] {processor.py:161} INFO - Started process (PID=1278) to work on /opt/airflow/dags/postgres-airflow-ingestion-dag.py
[2026-03-27T17:38:08.501+0000] {processor.py:830} INFO - Processing file /opt/airflow/dags/postgres-airflow-ingestion-dag.py for tasks to queue
[2026-03-27T17:38:08.506+0000] {logging_mixin.py:188} INFO - [2026-03-27T17:38:08.505+0000] {dagbag.py:545} INFO - Filling up the DagBag from /opt/airflow/dags/postgres-airflow-ingestion-dag.py
[2026-03-27T17:38:08.562+0000] {processor.py:840} INFO - DAG(s) 'spark_streaming_pipeline' retrieved from /opt/airflow/dags/postgres-airflow-ingestion-dag.py
[2026-03-27T17:38:08.630+0000] {logging_mixin.py:188} INFO - [2026-03-27T17:38:08.630+0000] {dag.py:3089} INFO - Sync 1 DAGs
[2026-03-27T17:38:08.671+0000] {logging_mixin.py:188} INFO - [2026-03-27T17:38:08.670+0000] {dag.py:3947} INFO - Setting next_dagrun for spark_streaming_pipeline to None, run_after=None
[2026-03-27T17:38:08.737+0000] {processor.py:183} INFO - Processing /opt/airflow/dags/postgres-airflow-ingestion-dag.py took 0.257 seconds
[2026-03-27T17:38:38.979+0000] {processor.py:161} INFO - Started process (PID=1305) to work on /opt/airflow/dags/postgres-airflow-ingestion-dag.py
[2026-03-27T17:38:38.982+0000] {processor.py:830} INFO - Processing file /opt/airflow/dags/postgres-airflow-ingestion-dag.py for tasks to queue
[2026-03-27T17:38:38.989+0000] {logging_mixin.py:188} INFO - [2026-03-27T17:38:38.988+0000] {dagbag.py:545} INFO - Filling up the DagBag from /opt/airflow/dags/postgres-airflow-ingestion-dag.py
[2026-03-27T17:38:39.035+0000] {processor.py:840} INFO - DAG(s) 'spark_streaming_pipeline' retrieved from /opt/airflow/dags/postgres-airflow-ingestion-dag.py
[2026-03-27T17:38:39.090+0000] {logging_mixin.py:188} INFO - [2026-03-27T17:38:39.089+0000] {dag.py:3089} INFO - Sync 1 DAGs
[2026-03-27T17:38:39.116+0000] {logging_mixin.py:188} INFO - [2026-03-27T17:38:39.116+0000] {dag.py:3947} INFO - Setting next_dagrun for spark_streaming_pipeline to None, run_after=None
[2026-03-27T17:38:39.175+0000] {processor.py:183} INFO - Processing /opt/airflow/dags/postgres-airflow-ingestion-dag.py took 0.210 seconds
[2026-03-27T17:39:09.673+0000] {processor.py:161} INFO - Started process (PID=1330) to work on /opt/airflow/dags/postgres-airflow-ingestion-dag.py
[2026-03-27T17:39:09.676+0000] {processor.py:830} INFO - Processing file /opt/airflow/dags/postgres-airflow-ingestion-dag.py for tasks to queue
[2026-03-27T17:39:09.682+0000] {logging_mixin.py:188} INFO - [2026-03-27T17:39:09.681+0000] {dagbag.py:545} INFO - Filling up the DagBag from /opt/airflow/dags/postgres-airflow-ingestion-dag.py
[2026-03-27T17:39:09.743+0000] {processor.py:840} INFO - DAG(s) 'spark_streaming_pipeline' retrieved from /opt/airflow/dags/postgres-airflow-ingestion-dag.py
[2026-03-27T17:39:09.826+0000] {logging_mixin.py:188} INFO - [2026-03-27T17:39:09.826+0000] {dag.py:3089} INFO - Sync 1 DAGs
[2026-03-27T17:39:09.863+0000] {logging_mixin.py:188} INFO - [2026-03-27T17:39:09.862+0000] {dag.py:3947} INFO - Setting next_dagrun for spark_streaming_pipeline to None, run_after=None
[2026-03-27T17:39:09.906+0000] {processor.py:183} INFO - Processing /opt/airflow/dags/postgres-airflow-ingestion-dag.py took 0.255 seconds
[2026-03-27T17:39:40.728+0000] {processor.py:161} INFO - Started process (PID=1357) to work on /opt/airflow/dags/postgres-airflow-ingestion-dag.py
[2026-03-27T17:39:40.731+0000] {processor.py:830} INFO - Processing file /opt/airflow/dags/postgres-airflow-ingestion-dag.py for tasks to queue
[2026-03-27T17:39:40.737+0000] {logging_mixin.py:188} INFO - [2026-03-27T17:39:40.736+0000] {dagbag.py:545} INFO - Filling up the DagBag from /opt/airflow/dags/postgres-airflow-ingestion-dag.py
[2026-03-27T17:39:40.778+0000] {processor.py:840} INFO - DAG(s) 'spark_streaming_pipeline' retrieved from /opt/airflow/dags/postgres-airflow-ingestion-dag.py
[2026-03-27T17:39:40.824+0000] {logging_mixin.py:188} INFO - [2026-03-27T17:39:40.824+0000] {dag.py:3089} INFO - Sync 1 DAGs
[2026-03-27T17:39:40.857+0000] {logging_mixin.py:188} INFO - [2026-03-27T17:39:40.857+0000] {dag.py:3947} INFO - Setting next_dagrun for spark_streaming_pipeline to None, run_after=None
[2026-03-27T17:39:40.926+0000] {processor.py:183} INFO - Processing /opt/airflow/dags/postgres-airflow-ingestion-dag.py took 0.217 seconds
[2026-03-27T17:40:11.362+0000] {processor.py:161} INFO - Started process (PID=1382) to work on /opt/airflow/dags/postgres-airflow-ingestion-dag.py
[2026-03-27T17:40:11.365+0000] {processor.py:830} INFO - Processing file /opt/airflow/dags/postgres-airflow-ingestion-dag.py for tasks to queue
[2026-03-27T17:40:11.369+0000] {logging_mixin.py:188} INFO - [2026-03-27T17:40:11.368+0000] {dagbag.py:545} INFO - Filling up the DagBag from /opt/airflow/dags/postgres-airflow-ingestion-dag.py
[2026-03-27T17:40:11.417+0000] {processor.py:840} INFO - DAG(s) 'spark_streaming_pipeline' retrieved from /opt/airflow/dags/postgres-airflow-ingestion-dag.py
[2026-03-27T17:40:11.473+0000] {logging_mixin.py:188} INFO - [2026-03-27T17:40:11.473+0000] {dag.py:3089} INFO - Sync 1 DAGs
[2026-03-27T17:40:11.507+0000] {logging_mixin.py:188} INFO - [2026-03-27T17:40:11.506+0000] {dag.py:3947} INFO - Setting next_dagrun for spark_streaming_pipeline to None, run_after=None
[2026-03-27T17:40:11.555+0000] {processor.py:183} INFO - Processing /opt/airflow/dags/postgres-airflow-ingestion-dag.py took 0.208 seconds
[2026-03-27T17:40:42.091+0000] {processor.py:161} INFO - Started process (PID=1409) to work on /opt/airflow/dags/postgres-airflow-ingestion-dag.py
[2026-03-27T17:40:42.093+0000] {processor.py:830} INFO - Processing file /opt/airflow/dags/postgres-airflow-ingestion-dag.py for tasks to queue
[2026-03-27T17:40:42.098+0000] {logging_mixin.py:188} INFO - [2026-03-27T17:40:42.097+0000] {dagbag.py:545} INFO - Filling up the DagBag from /opt/airflow/dags/postgres-airflow-ingestion-dag.py
[2026-03-27T17:40:42.141+0000] {processor.py:840} INFO - DAG(s) 'spark_streaming_pipeline' retrieved from /opt/airflow/dags/postgres-airflow-ingestion-dag.py
[2026-03-27T17:40:42.186+0000] {logging_mixin.py:188} INFO - [2026-03-27T17:40:42.186+0000] {dag.py:3089} INFO - Sync 1 DAGs
[2026-03-27T17:40:42.221+0000] {logging_mixin.py:188} INFO - [2026-03-27T17:40:42.221+0000] {dag.py:3947} INFO - Setting next_dagrun for spark_streaming_pipeline to None, run_after=None
[2026-03-27T17:40:42.270+0000] {processor.py:183} INFO - Processing /opt/airflow/dags/postgres-airflow-ingestion-dag.py took 0.191 seconds
[2026-03-27T17:41:12.871+0000] {processor.py:161} INFO - Started process (PID=1436) to work on /opt/airflow/dags/postgres-airflow-ingestion-dag.py
[2026-03-27T17:41:12.874+0000] {processor.py:830} INFO - Processing file /opt/airflow/dags/postgres-airflow-ingestion-dag.py for tasks to queue
[2026-03-27T17:41:12.878+0000] {logging_mixin.py:188} INFO - [2026-03-27T17:41:12.877+0000] {dagbag.py:545} INFO - Filling up the DagBag from /opt/airflow/dags/postgres-airflow-ingestion-dag.py
[2026-03-27T17:41:12.925+0000] {processor.py:840} INFO - DAG(s) 'spark_streaming_pipeline' retrieved from /opt/airflow/dags/postgres-airflow-ingestion-dag.py
[2026-03-27T17:41:12.993+0000] {logging_mixin.py:188} INFO - [2026-03-27T17:41:12.992+0000] {dag.py:3089} INFO - Sync 1 DAGs
[2026-03-27T17:41:13.027+0000] {logging_mixin.py:188} INFO - [2026-03-27T17:41:13.026+0000] {dag.py:3947} INFO - Setting next_dagrun for spark_streaming_pipeline to None, run_after=None
[2026-03-27T17:41:13.078+0000] {processor.py:183} INFO - Processing /opt/airflow/dags/postgres-airflow-ingestion-dag.py took 0.223 seconds
[2026-03-27T17:41:43.681+0000] {processor.py:161} INFO - Started process (PID=1463) to work on /opt/airflow/dags/postgres-airflow-ingestion-dag.py
[2026-03-27T17:41:43.684+0000] {processor.py:830} INFO - Processing file /opt/airflow/dags/postgres-airflow-ingestion-dag.py for tasks to queue
[2026-03-27T17:41:43.691+0000] {logging_mixin.py:188} INFO - [2026-03-27T17:41:43.689+0000] {dagbag.py:545} INFO - Filling up the DagBag from /opt/airflow/dags/postgres-airflow-ingestion-dag.py
[2026-03-27T17:41:43.727+0000] {processor.py:840} INFO - DAG(s) 'spark_streaming_pipeline' retrieved from /opt/airflow/dags/postgres-airflow-ingestion-dag.py
[2026-03-27T17:41:43.788+0000] {logging_mixin.py:188} INFO - [2026-03-27T17:41:43.788+0000] {dag.py:3089} INFO - Sync 1 DAGs
[2026-03-27T17:41:43.821+0000] {logging_mixin.py:188} INFO - [2026-03-27T17:41:43.820+0000] {dag.py:3947} INFO - Setting next_dagrun for spark_streaming_pipeline to None, run_after=None
[2026-03-27T17:41:43.860+0000] {processor.py:183} INFO - Processing /opt/airflow/dags/postgres-airflow-ingestion-dag.py took 0.196 seconds
[2026-03-27T17:42:14.390+0000] {processor.py:161} INFO - Started process (PID=1794) to work on /opt/airflow/dags/postgres-airflow-ingestion-dag.py
[2026-03-27T17:42:14.393+0000] {processor.py:830} INFO - Processing file /opt/airflow/dags/postgres-airflow-ingestion-dag.py for tasks to queue
[2026-03-27T17:42:14.398+0000] {logging_mixin.py:188} INFO - [2026-03-27T17:42:14.397+0000] {dagbag.py:545} INFO - Filling up the DagBag from /opt/airflow/dags/postgres-airflow-ingestion-dag.py
[2026-03-27T17:42:14.462+0000] {processor.py:840} INFO - DAG(s) 'spark_streaming_pipeline' retrieved from /opt/airflow/dags/postgres-airflow-ingestion-dag.py
[2026-03-27T17:42:14.529+0000] {logging_mixin.py:188} INFO - [2026-03-27T17:42:14.528+0000] {dag.py:3089} INFO - Sync 1 DAGs
[2026-03-27T17:42:14.570+0000] {logging_mixin.py:188} INFO - [2026-03-27T17:42:14.569+0000] {dag.py:3947} INFO - Setting next_dagrun for spark_streaming_pipeline to None, run_after=None
[2026-03-27T17:42:14.629+0000] {processor.py:183} INFO - Processing /opt/airflow/dags/postgres-airflow-ingestion-dag.py took 0.272 seconds
[2026-03-27T17:42:45.346+0000] {processor.py:161} INFO - Started process (PID=3404) to work on /opt/airflow/dags/postgres-airflow-ingestion-dag.py
[2026-03-27T17:42:45.349+0000] {processor.py:830} INFO - Processing file /opt/airflow/dags/postgres-airflow-ingestion-dag.py for tasks to queue
[2026-03-27T17:42:45.359+0000] {logging_mixin.py:188} INFO - [2026-03-27T17:42:45.358+0000] {dagbag.py:545} INFO - Filling up the DagBag from /opt/airflow/dags/postgres-airflow-ingestion-dag.py
[2026-03-27T17:42:45.422+0000] {processor.py:840} INFO - DAG(s) 'spark_streaming_pipeline' retrieved from /opt/airflow/dags/postgres-airflow-ingestion-dag.py
[2026-03-27T17:42:45.552+0000] {logging_mixin.py:188} INFO - [2026-03-27T17:42:45.551+0000] {dag.py:3089} INFO - Sync 1 DAGs
[2026-03-27T17:42:45.606+0000] {logging_mixin.py:188} INFO - [2026-03-27T17:42:45.606+0000] {dag.py:3947} INFO - Setting next_dagrun for spark_streaming_pipeline to None, run_after=None
[2026-03-27T17:42:45.687+0000] {processor.py:183} INFO - Processing /opt/airflow/dags/postgres-airflow-ingestion-dag.py took 0.379 seconds
[2026-03-27T17:43:16.502+0000] {processor.py:161} INFO - Started process (PID=3592) to work on /opt/airflow/dags/postgres-airflow-ingestion-dag.py
[2026-03-27T17:43:16.505+0000] {processor.py:830} INFO - Processing file /opt/airflow/dags/postgres-airflow-ingestion-dag.py for tasks to queue
[2026-03-27T17:43:16.511+0000] {logging_mixin.py:188} INFO - [2026-03-27T17:43:16.510+0000] {dagbag.py:545} INFO - Filling up the DagBag from /opt/airflow/dags/postgres-airflow-ingestion-dag.py
[2026-03-27T17:43:16.580+0000] {processor.py:840} INFO - DAG(s) 'spark_streaming_pipeline' retrieved from /opt/airflow/dags/postgres-airflow-ingestion-dag.py
[2026-03-27T17:43:16.642+0000] {logging_mixin.py:188} INFO - [2026-03-27T17:43:16.641+0000] {dag.py:3089} INFO - Sync 1 DAGs
[2026-03-27T17:43:16.678+0000] {logging_mixin.py:188} INFO - [2026-03-27T17:43:16.678+0000] {dag.py:3947} INFO - Setting next_dagrun for spark_streaming_pipeline to None, run_after=None
[2026-03-27T17:43:16.744+0000] {processor.py:183} INFO - Processing /opt/airflow/dags/postgres-airflow-ingestion-dag.py took 0.263 seconds
[2026-03-27T17:43:47.292+0000] {processor.py:161} INFO - Started process (PID=3617) to work on /opt/airflow/dags/postgres-airflow-ingestion-dag.py
[2026-03-27T17:43:47.296+0000] {processor.py:830} INFO - Processing file /opt/airflow/dags/postgres-airflow-ingestion-dag.py for tasks to queue
[2026-03-27T17:43:47.302+0000] {logging_mixin.py:188} INFO - [2026-03-27T17:43:47.301+0000] {dagbag.py:545} INFO - Filling up the DagBag from /opt/airflow/dags/postgres-airflow-ingestion-dag.py
[2026-03-27T17:43:47.351+0000] {processor.py:840} INFO - DAG(s) 'spark_streaming_pipeline' retrieved from /opt/airflow/dags/postgres-airflow-ingestion-dag.py
[2026-03-27T17:43:47.395+0000] {logging_mixin.py:188} INFO - [2026-03-27T17:43:47.395+0000] {dag.py:3089} INFO - Sync 1 DAGs
[2026-03-27T17:43:47.418+0000] {logging_mixin.py:188} INFO - [2026-03-27T17:43:47.417+0000] {dag.py:3947} INFO - Setting next_dagrun for spark_streaming_pipeline to None, run_after=None
[2026-03-27T17:43:47.463+0000] {processor.py:183} INFO - Processing /opt/airflow/dags/postgres-airflow-ingestion-dag.py took 0.191 seconds
[2026-03-27T17:44:17.785+0000] {processor.py:161} INFO - Started process (PID=3642) to work on /opt/airflow/dags/postgres-airflow-ingestion-dag.py
[2026-03-27T17:44:17.787+0000] {processor.py:830} INFO - Processing file /opt/airflow/dags/postgres-airflow-ingestion-dag.py for tasks to queue
[2026-03-27T17:44:17.792+0000] {logging_mixin.py:188} INFO - [2026-03-27T17:44:17.791+0000] {dagbag.py:545} INFO - Filling up the DagBag from /opt/airflow/dags/postgres-airflow-ingestion-dag.py
[2026-03-27T17:44:17.846+0000] {processor.py:840} INFO - DAG(s) 'spark_streaming_pipeline' retrieved from /opt/airflow/dags/postgres-airflow-ingestion-dag.py
[2026-03-27T17:44:17.919+0000] {logging_mixin.py:188} INFO - [2026-03-27T17:44:17.919+0000] {dag.py:3089} INFO - Sync 1 DAGs
[2026-03-27T17:44:17.943+0000] {logging_mixin.py:188} INFO - [2026-03-27T17:44:17.943+0000] {dag.py:3947} INFO - Setting next_dagrun for spark_streaming_pipeline to None, run_after=None
[2026-03-27T17:44:18.006+0000] {processor.py:183} INFO - Processing /opt/airflow/dags/postgres-airflow-ingestion-dag.py took 0.233 seconds
[2026-03-27T17:44:48.267+0000] {processor.py:161} INFO - Started process (PID=3667) to work on /opt/airflow/dags/postgres-airflow-ingestion-dag.py
[2026-03-27T17:44:48.270+0000] {processor.py:830} INFO - Processing file /opt/airflow/dags/postgres-airflow-ingestion-dag.py for tasks to queue
[2026-03-27T17:44:48.280+0000] {logging_mixin.py:188} INFO - [2026-03-27T17:44:48.279+0000] {dagbag.py:545} INFO - Filling up the DagBag from /opt/airflow/dags/postgres-airflow-ingestion-dag.py
[2026-03-27T17:44:48.354+0000] {processor.py:840} INFO - DAG(s) 'spark_streaming_pipeline' retrieved from /opt/airflow/dags/postgres-airflow-ingestion-dag.py
[2026-03-27T17:44:48.449+0000] {logging_mixin.py:188} INFO - [2026-03-27T17:44:48.449+0000] {dag.py:3089} INFO - Sync 1 DAGs
[2026-03-27T17:44:48.486+0000] {logging_mixin.py:188} INFO - [2026-03-27T17:44:48.485+0000] {dag.py:3947} INFO - Setting next_dagrun for spark_streaming_pipeline to None, run_after=None
[2026-03-27T17:44:48.563+0000] {processor.py:183} INFO - Processing /opt/airflow/dags/postgres-airflow-ingestion-dag.py took 0.320 seconds
[2026-03-27T17:45:18.959+0000] {processor.py:161} INFO - Started process (PID=3692) to work on /opt/airflow/dags/postgres-airflow-ingestion-dag.py
[2026-03-27T17:45:18.964+0000] {processor.py:830} INFO - Processing file /opt/airflow/dags/postgres-airflow-ingestion-dag.py for tasks to queue
[2026-03-27T17:45:18.971+0000] {logging_mixin.py:188} INFO - [2026-03-27T17:45:18.970+0000] {dagbag.py:545} INFO - Filling up the DagBag from /opt/airflow/dags/postgres-airflow-ingestion-dag.py
[2026-03-27T17:45:19.024+0000] {processor.py:840} INFO - DAG(s) 'spark_streaming_pipeline' retrieved from /opt/airflow/dags/postgres-airflow-ingestion-dag.py
[2026-03-27T17:45:19.075+0000] {logging_mixin.py:188} INFO - [2026-03-27T17:45:19.075+0000] {dag.py:3089} INFO - Sync 1 DAGs
[2026-03-27T17:45:19.105+0000] {logging_mixin.py:188} INFO - [2026-03-27T17:45:19.104+0000] {dag.py:3947} INFO - Setting next_dagrun for spark_streaming_pipeline to None, run_after=None
[2026-03-27T17:45:19.149+0000] {processor.py:183} INFO - Processing /opt/airflow/dags/postgres-airflow-ingestion-dag.py took 0.217 seconds
[2026-03-27T17:45:49.513+0000] {processor.py:161} INFO - Started process (PID=3717) to work on /opt/airflow/dags/postgres-airflow-ingestion-dag.py
[2026-03-27T17:45:49.515+0000] {processor.py:830} INFO - Processing file /opt/airflow/dags/postgres-airflow-ingestion-dag.py for tasks to queue
[2026-03-27T17:45:49.520+0000] {logging_mixin.py:188} INFO - [2026-03-27T17:45:49.519+0000] {dagbag.py:545} INFO - Filling up the DagBag from /opt/airflow/dags/postgres-airflow-ingestion-dag.py
[2026-03-27T17:45:49.560+0000] {processor.py:840} INFO - DAG(s) 'spark_streaming_pipeline' retrieved from /opt/airflow/dags/postgres-airflow-ingestion-dag.py
[2026-03-27T17:45:49.622+0000] {logging_mixin.py:188} INFO - [2026-03-27T17:45:49.621+0000] {dag.py:3089} INFO - Sync 1 DAGs
[2026-03-27T17:45:49.661+0000] {logging_mixin.py:188} INFO - [2026-03-27T17:45:49.661+0000] {dag.py:3947} INFO - Setting next_dagrun for spark_streaming_pipeline to None, run_after=None
[2026-03-27T17:45:49.714+0000] {processor.py:183} INFO - Processing /opt/airflow/dags/postgres-airflow-ingestion-dag.py took 0.218 seconds
[2026-03-27T17:46:19.989+0000] {processor.py:161} INFO - Started process (PID=4614) to work on /opt/airflow/dags/postgres-airflow-ingestion-dag.py
[2026-03-27T17:46:19.993+0000] {processor.py:830} INFO - Processing file /opt/airflow/dags/postgres-airflow-ingestion-dag.py for tasks to queue
[2026-03-27T17:46:19.999+0000] {logging_mixin.py:188} INFO - [2026-03-27T17:46:19.998+0000] {dagbag.py:545} INFO - Filling up the DagBag from /opt/airflow/dags/postgres-airflow-ingestion-dag.py
[2026-03-27T17:46:20.041+0000] {processor.py:840} INFO - DAG(s) 'spark_streaming_pipeline' retrieved from /opt/airflow/dags/postgres-airflow-ingestion-dag.py
[2026-03-27T17:46:20.099+0000] {logging_mixin.py:188} INFO - [2026-03-27T17:46:20.099+0000] {dag.py:3089} INFO - Sync 1 DAGs
[2026-03-27T17:46:20.136+0000] {logging_mixin.py:188} INFO - [2026-03-27T17:46:20.136+0000] {dag.py:3947} INFO - Setting next_dagrun for spark_streaming_pipeline to None, run_after=None
[2026-03-27T17:46:20.180+0000] {processor.py:183} INFO - Processing /opt/airflow/dags/postgres-airflow-ingestion-dag.py took 0.204 seconds
[2026-03-27T17:46:50.433+0000] {processor.py:161} INFO - Started process (PID=5576) to work on /opt/airflow/dags/postgres-airflow-ingestion-dag.py
[2026-03-27T17:46:50.436+0000] {processor.py:830} INFO - Processing file /opt/airflow/dags/postgres-airflow-ingestion-dag.py for tasks to queue
[2026-03-27T17:46:50.442+0000] {logging_mixin.py:188} INFO - [2026-03-27T17:46:50.441+0000] {dagbag.py:545} INFO - Filling up the DagBag from /opt/airflow/dags/postgres-airflow-ingestion-dag.py
[2026-03-27T17:46:50.497+0000] {processor.py:840} INFO - DAG(s) 'spark_streaming_pipeline' retrieved from /opt/airflow/dags/postgres-airflow-ingestion-dag.py
[2026-03-27T17:46:50.570+0000] {logging_mixin.py:188} INFO - [2026-03-27T17:46:50.569+0000] {dag.py:3089} INFO - Sync 1 DAGs
[2026-03-27T17:46:50.614+0000] {logging_mixin.py:188} INFO - [2026-03-27T17:46:50.614+0000] {dag.py:3947} INFO - Setting next_dagrun for spark_streaming_pipeline to None, run_after=None
[2026-03-27T17:46:50.677+0000] {processor.py:183} INFO - Processing /opt/airflow/dags/postgres-airflow-ingestion-dag.py took 0.261 seconds
[2026-03-27T17:47:21.100+0000] {processor.py:161} INFO - Started process (PID=5612) to work on /opt/airflow/dags/postgres-airflow-ingestion-dag.py
[2026-03-27T17:47:21.102+0000] {processor.py:830} INFO - Processing file /opt/airflow/dags/postgres-airflow-ingestion-dag.py for tasks to queue
[2026-03-27T17:47:21.107+0000] {logging_mixin.py:188} INFO - [2026-03-27T17:47:21.107+0000] {dagbag.py:545} INFO - Filling up the DagBag from /opt/airflow/dags/postgres-airflow-ingestion-dag.py
[2026-03-27T17:47:21.148+0000] {processor.py:840} INFO - DAG(s) 'spark_streaming_pipeline' retrieved from /opt/airflow/dags/postgres-airflow-ingestion-dag.py
[2026-03-27T17:47:21.203+0000] {logging_mixin.py:188} INFO - [2026-03-27T17:47:21.202+0000] {dag.py:3089} INFO - Sync 1 DAGs
[2026-03-27T17:47:21.234+0000] {logging_mixin.py:188} INFO - [2026-03-27T17:47:21.233+0000] {dag.py:3947} INFO - Setting next_dagrun for spark_streaming_pipeline to None, run_after=None
[2026-03-27T17:47:21.276+0000] {processor.py:183} INFO - Processing /opt/airflow/dags/postgres-airflow-ingestion-dag.py took 0.194 seconds
[2026-03-27T17:47:51.676+0000] {processor.py:161} INFO - Started process (PID=5637) to work on /opt/airflow/dags/postgres-airflow-ingestion-dag.py
[2026-03-27T17:47:51.678+0000] {processor.py:830} INFO - Processing file /opt/airflow/dags/postgres-airflow-ingestion-dag.py for tasks to queue
[2026-03-27T17:47:51.682+0000] {logging_mixin.py:188} INFO - [2026-03-27T17:47:51.681+0000] {dagbag.py:545} INFO - Filling up the DagBag from /opt/airflow/dags/postgres-airflow-ingestion-dag.py
[2026-03-27T17:47:51.724+0000] {processor.py:840} INFO - DAG(s) 'spark_streaming_pipeline' retrieved from /opt/airflow/dags/postgres-airflow-ingestion-dag.py
[2026-03-27T17:47:51.780+0000] {logging_mixin.py:188} INFO - [2026-03-27T17:47:51.780+0000] {dag.py:3089} INFO - Sync 1 DAGs
[2026-03-27T17:47:51.823+0000] {logging_mixin.py:188} INFO - [2026-03-27T17:47:51.823+0000] {dag.py:3947} INFO - Setting next_dagrun for spark_streaming_pipeline to None, run_after=None
[2026-03-27T17:47:51.862+0000] {processor.py:183} INFO - Processing /opt/airflow/dags/postgres-airflow-ingestion-dag.py took 0.199 seconds
[2026-03-27T17:48:22.247+0000] {processor.py:161} INFO - Started process (PID=5669) to work on /opt/airflow/dags/postgres-airflow-ingestion-dag.py
[2026-03-27T17:48:22.250+0000] {processor.py:830} INFO - Processing file /opt/airflow/dags/postgres-airflow-ingestion-dag.py for tasks to queue
[2026-03-27T17:48:22.256+0000] {logging_mixin.py:188} INFO - [2026-03-27T17:48:22.255+0000] {dagbag.py:545} INFO - Filling up the DagBag from /opt/airflow/dags/postgres-airflow-ingestion-dag.py
[2026-03-27T17:48:22.309+0000] {processor.py:840} INFO - DAG(s) 'spark_streaming_pipeline' retrieved from /opt/airflow/dags/postgres-airflow-ingestion-dag.py
[2026-03-27T17:48:22.363+0000] {logging_mixin.py:188} INFO - [2026-03-27T17:48:22.363+0000] {dag.py:3089} INFO - Sync 1 DAGs
[2026-03-27T17:48:22.398+0000] {logging_mixin.py:188} INFO - [2026-03-27T17:48:22.397+0000] {dag.py:3947} INFO - Setting next_dagrun for spark_streaming_pipeline to None, run_after=None
[2026-03-27T17:48:22.444+0000] {processor.py:183} INFO - Processing /opt/airflow/dags/postgres-airflow-ingestion-dag.py took 0.215 seconds
[2026-03-27T17:48:52.961+0000] {processor.py:161} INFO - Started process (PID=5694) to work on /opt/airflow/dags/postgres-airflow-ingestion-dag.py
[2026-03-27T17:48:52.963+0000] {processor.py:830} INFO - Processing file /opt/airflow/dags/postgres-airflow-ingestion-dag.py for tasks to queue
[2026-03-27T17:48:52.968+0000] {logging_mixin.py:188} INFO - [2026-03-27T17:48:52.967+0000] {dagbag.py:545} INFO - Filling up the DagBag from /opt/airflow/dags/postgres-airflow-ingestion-dag.py
[2026-03-27T17:48:53.009+0000] {processor.py:840} INFO - DAG(s) 'spark_streaming_pipeline' retrieved from /opt/airflow/dags/postgres-airflow-ingestion-dag.py
[2026-03-27T17:48:53.058+0000] {logging_mixin.py:188} INFO - [2026-03-27T17:48:53.057+0000] {dag.py:3089} INFO - Sync 1 DAGs
[2026-03-27T17:48:53.088+0000] {logging_mixin.py:188} INFO - [2026-03-27T17:48:53.088+0000] {dag.py:3947} INFO - Setting next_dagrun for spark_streaming_pipeline to None, run_after=None
[2026-03-27T17:48:53.135+0000] {processor.py:183} INFO - Processing /opt/airflow/dags/postgres-airflow-ingestion-dag.py took 0.189 seconds
[2026-03-27T17:49:23.396+0000] {processor.py:161} INFO - Started process (PID=5719) to work on /opt/airflow/dags/postgres-airflow-ingestion-dag.py
[2026-03-27T17:49:23.398+0000] {processor.py:830} INFO - Processing file /opt/airflow/dags/postgres-airflow-ingestion-dag.py for tasks to queue
[2026-03-27T17:49:23.404+0000] {logging_mixin.py:188} INFO - [2026-03-27T17:49:23.403+0000] {dagbag.py:545} INFO - Filling up the DagBag from /opt/airflow/dags/postgres-airflow-ingestion-dag.py
[2026-03-27T17:49:23.460+0000] {processor.py:840} INFO - DAG(s) 'spark_streaming_pipeline' retrieved from /opt/airflow/dags/postgres-airflow-ingestion-dag.py
[2026-03-27T17:49:23.520+0000] {logging_mixin.py:188} INFO - [2026-03-27T17:49:23.520+0000] {dag.py:3089} INFO - Sync 1 DAGs
[2026-03-27T17:49:23.551+0000] {logging_mixin.py:188} INFO - [2026-03-27T17:49:23.551+0000] {dag.py:3947} INFO - Setting next_dagrun for spark_streaming_pipeline to None, run_after=None
[2026-03-27T17:49:23.600+0000] {processor.py:183} INFO - Processing /opt/airflow/dags/postgres-airflow-ingestion-dag.py took 0.220 seconds
[2026-03-27T17:49:54.128+0000] {processor.py:161} INFO - Started process (PID=5800) to work on /opt/airflow/dags/postgres-airflow-ingestion-dag.py
[2026-03-27T17:49:54.130+0000] {processor.py:830} INFO - Processing file /opt/airflow/dags/postgres-airflow-ingestion-dag.py for tasks to queue
[2026-03-27T17:49:54.134+0000] {logging_mixin.py:188} INFO - [2026-03-27T17:49:54.133+0000] {dagbag.py:545} INFO - Filling up the DagBag from /opt/airflow/dags/postgres-airflow-ingestion-dag.py
[2026-03-27T17:49:54.170+0000] {processor.py:840} INFO - DAG(s) 'spark_streaming_pipeline' retrieved from /opt/airflow/dags/postgres-airflow-ingestion-dag.py
[2026-03-27T17:49:54.223+0000] {logging_mixin.py:188} INFO - [2026-03-27T17:49:54.223+0000] {dag.py:3089} INFO - Sync 1 DAGs
[2026-03-27T17:49:54.256+0000] {logging_mixin.py:188} INFO - [2026-03-27T17:49:54.255+0000] {dag.py:3947} INFO - Setting next_dagrun for spark_streaming_pipeline to None, run_after=None
[2026-03-27T17:49:54.307+0000] {processor.py:183} INFO - Processing /opt/airflow/dags/postgres-airflow-ingestion-dag.py took 0.197 seconds
[2026-03-27T17:50:24.444+0000] {processor.py:161} INFO - Started process (PID=7366) to work on /opt/airflow/dags/postgres-airflow-ingestion-dag.py
[2026-03-27T17:50:24.447+0000] {processor.py:830} INFO - Processing file /opt/airflow/dags/postgres-airflow-ingestion-dag.py for tasks to queue
[2026-03-27T17:50:24.452+0000] {logging_mixin.py:188} INFO - [2026-03-27T17:50:24.451+0000] {dagbag.py:545} INFO - Filling up the DagBag from /opt/airflow/dags/postgres-airflow-ingestion-dag.py
[2026-03-27T17:50:24.500+0000] {processor.py:840} INFO - DAG(s) 'spark_streaming_pipeline' retrieved from /opt/airflow/dags/postgres-airflow-ingestion-dag.py
[2026-03-27T17:50:24.543+0000] {logging_mixin.py:188} INFO - [2026-03-27T17:50:24.542+0000] {dag.py:3089} INFO - Sync 1 DAGs
[2026-03-27T17:50:24.562+0000] {logging_mixin.py:188} INFO - [2026-03-27T17:50:24.562+0000] {dag.py:3947} INFO - Setting next_dagrun for spark_streaming_pipeline to None, run_after=None
[2026-03-27T17:50:24.599+0000] {processor.py:183} INFO - Processing /opt/airflow/dags/postgres-airflow-ingestion-dag.py took 0.175 seconds
[2026-03-27T17:50:55.713+0000] {processor.py:161} INFO - Started process (PID=7419) to work on /opt/airflow/dags/postgres-airflow-ingestion-dag.py
[2026-03-27T17:50:55.716+0000] {processor.py:830} INFO - Processing file /opt/airflow/dags/postgres-airflow-ingestion-dag.py for tasks to queue
[2026-03-27T17:50:55.722+0000] {logging_mixin.py:188} INFO - [2026-03-27T17:50:55.721+0000] {dagbag.py:545} INFO - Filling up the DagBag from /opt/airflow/dags/postgres-airflow-ingestion-dag.py
[2026-03-27T17:50:55.777+0000] {processor.py:840} INFO - DAG(s) 'spark_streaming_pipeline' retrieved from /opt/airflow/dags/postgres-airflow-ingestion-dag.py
[2026-03-27T17:50:55.850+0000] {logging_mixin.py:188} INFO - [2026-03-27T17:50:55.850+0000] {dag.py:3089} INFO - Sync 1 DAGs
[2026-03-27T17:50:55.884+0000] {logging_mixin.py:188} INFO - [2026-03-27T17:50:55.884+0000] {dag.py:3947} INFO - Setting next_dagrun for spark_streaming_pipeline to None, run_after=None
[2026-03-27T17:50:55.931+0000] {processor.py:183} INFO - Processing /opt/airflow/dags/postgres-airflow-ingestion-dag.py took 0.237 seconds
[2026-03-27T17:51:26.424+0000] {processor.py:161} INFO - Started process (PID=7444) to work on /opt/airflow/dags/postgres-airflow-ingestion-dag.py
[2026-03-27T17:51:26.427+0000] {processor.py:830} INFO - Processing file /opt/airflow/dags/postgres-airflow-ingestion-dag.py for tasks to queue
[2026-03-27T17:51:26.432+0000] {logging_mixin.py:188} INFO - [2026-03-27T17:51:26.432+0000] {dagbag.py:545} INFO - Filling up the DagBag from /opt/airflow/dags/postgres-airflow-ingestion-dag.py
[2026-03-27T17:51:26.490+0000] {processor.py:840} INFO - DAG(s) 'spark_streaming_pipeline' retrieved from /opt/airflow/dags/postgres-airflow-ingestion-dag.py
[2026-03-27T17:51:26.553+0000] {logging_mixin.py:188} INFO - [2026-03-27T17:51:26.553+0000] {dag.py:3089} INFO - Sync 1 DAGs
[2026-03-27T17:51:26.593+0000] {logging_mixin.py:188} INFO - [2026-03-27T17:51:26.592+0000] {dag.py:3947} INFO - Setting next_dagrun for spark_streaming_pipeline to None, run_after=None
[2026-03-27T17:51:26.664+0000] {processor.py:183} INFO - Processing /opt/airflow/dags/postgres-airflow-ingestion-dag.py took 0.257 seconds
[2026-03-27T17:51:56.962+0000] {processor.py:161} INFO - Started process (PID=7469) to work on /opt/airflow/dags/postgres-airflow-ingestion-dag.py
[2026-03-27T17:51:56.966+0000] {processor.py:830} INFO - Processing file /opt/airflow/dags/postgres-airflow-ingestion-dag.py for tasks to queue
[2026-03-27T17:51:56.971+0000] {logging_mixin.py:188} INFO - [2026-03-27T17:51:56.970+0000] {dagbag.py:545} INFO - Filling up the DagBag from /opt/airflow/dags/postgres-airflow-ingestion-dag.py
[2026-03-27T17:51:57.017+0000] {processor.py:840} INFO - DAG(s) 'spark_streaming_pipeline' retrieved from /opt/airflow/dags/postgres-airflow-ingestion-dag.py
[2026-03-27T17:51:57.074+0000] {logging_mixin.py:188} INFO - [2026-03-27T17:51:57.074+0000] {dag.py:3089} INFO - Sync 1 DAGs
[2026-03-27T17:51:57.109+0000] {logging_mixin.py:188} INFO - [2026-03-27T17:51:57.109+0000] {dag.py:3947} INFO - Setting next_dagrun for spark_streaming_pipeline to None, run_after=None
[2026-03-27T17:51:57.185+0000] {processor.py:183} INFO - Processing /opt/airflow/dags/postgres-airflow-ingestion-dag.py took 0.239 seconds
[2026-03-27T17:52:27.520+0000] {processor.py:161} INFO - Started process (PID=7494) to work on /opt/airflow/dags/postgres-airflow-ingestion-dag.py
[2026-03-27T17:52:27.523+0000] {processor.py:830} INFO - Processing file /opt/airflow/dags/postgres-airflow-ingestion-dag.py for tasks to queue
[2026-03-27T17:52:27.527+0000] {logging_mixin.py:188} INFO - [2026-03-27T17:52:27.526+0000] {dagbag.py:545} INFO - Filling up the DagBag from /opt/airflow/dags/postgres-airflow-ingestion-dag.py
[2026-03-27T17:52:27.573+0000] {processor.py:840} INFO - DAG(s) 'spark_streaming_pipeline' retrieved from /opt/airflow/dags/postgres-airflow-ingestion-dag.py
[2026-03-27T17:52:27.629+0000] {logging_mixin.py:188} INFO - [2026-03-27T17:52:27.629+0000] {dag.py:3089} INFO - Sync 1 DAGs
[2026-03-27T17:52:27.661+0000] {logging_mixin.py:188} INFO - [2026-03-27T17:52:27.660+0000] {dag.py:3947} INFO - Setting next_dagrun for spark_streaming_pipeline to None, run_after=None
[2026-03-27T17:52:27.712+0000] {processor.py:183} INFO - Processing /opt/airflow/dags/postgres-airflow-ingestion-dag.py took 0.210 seconds
[2026-03-27T17:52:57.988+0000] {processor.py:161} INFO - Started process (PID=7519) to work on /opt/airflow/dags/postgres-airflow-ingestion-dag.py
[2026-03-27T17:52:57.990+0000] {processor.py:830} INFO - Processing file /opt/airflow/dags/postgres-airflow-ingestion-dag.py for tasks to queue
[2026-03-27T17:52:57.996+0000] {logging_mixin.py:188} INFO - [2026-03-27T17:52:57.995+0000] {dagbag.py:545} INFO - Filling up the DagBag from /opt/airflow/dags/postgres-airflow-ingestion-dag.py
[2026-03-27T17:52:58.053+0000] {processor.py:840} INFO - DAG(s) 'spark_streaming_pipeline' retrieved from /opt/airflow/dags/postgres-airflow-ingestion-dag.py
[2026-03-27T17:52:58.124+0000] {logging_mixin.py:188} INFO - [2026-03-27T17:52:58.123+0000] {dag.py:3089} INFO - Sync 1 DAGs
[2026-03-27T17:52:58.156+0000] {logging_mixin.py:188} INFO - [2026-03-27T17:52:58.155+0000] {dag.py:3947} INFO - Setting next_dagrun for spark_streaming_pipeline to None, run_after=None
[2026-03-27T17:52:58.199+0000] {processor.py:183} INFO - Processing /opt/airflow/dags/postgres-airflow-ingestion-dag.py took 0.229 seconds
[2026-03-27T17:53:28.968+0000] {processor.py:161} INFO - Started process (PID=7546) to work on /opt/airflow/dags/postgres-airflow-ingestion-dag.py
[2026-03-27T17:53:28.970+0000] {processor.py:830} INFO - Processing file /opt/airflow/dags/postgres-airflow-ingestion-dag.py for tasks to queue
[2026-03-27T17:53:28.975+0000] {logging_mixin.py:188} INFO - [2026-03-27T17:53:28.974+0000] {dagbag.py:545} INFO - Filling up the DagBag from /opt/airflow/dags/postgres-airflow-ingestion-dag.py
[2026-03-27T17:53:29.017+0000] {processor.py:840} INFO - DAG(s) 'spark_streaming_pipeline' retrieved from /opt/airflow/dags/postgres-airflow-ingestion-dag.py
[2026-03-27T17:53:29.063+0000] {logging_mixin.py:188} INFO - [2026-03-27T17:53:29.063+0000] {dag.py:3089} INFO - Sync 1 DAGs
[2026-03-27T17:53:29.091+0000] {logging_mixin.py:188} INFO - [2026-03-27T17:53:29.090+0000] {dag.py:3947} INFO - Setting next_dagrun for spark_streaming_pipeline to None, run_after=None
[2026-03-27T17:53:29.150+0000] {processor.py:183} INFO - Processing /opt/airflow/dags/postgres-airflow-ingestion-dag.py took 0.194 seconds
[2026-03-27T17:54:57.512+0000] {processor.py:161} INFO - Started process (PID=182) to work on /opt/airflow/dags/postgres-airflow-ingestion-dag.py
[2026-03-27T17:54:57.514+0000] {processor.py:830} INFO - Processing file /opt/airflow/dags/postgres-airflow-ingestion-dag.py for tasks to queue
[2026-03-27T17:54:57.519+0000] {logging_mixin.py:188} INFO - [2026-03-27T17:54:57.518+0000] {dagbag.py:545} INFO - Filling up the DagBag from /opt/airflow/dags/postgres-airflow-ingestion-dag.py
[2026-03-27T17:54:57.559+0000] {processor.py:840} INFO - DAG(s) 'spark_streaming_pipeline' retrieved from /opt/airflow/dags/postgres-airflow-ingestion-dag.py
[2026-03-27T17:54:57.788+0000] {logging_mixin.py:188} INFO - [2026-03-27T17:54:57.786+0000] {override.py:1858} INFO - Created Permission View: can edit on DAG:spark_streaming_pipeline
[2026-03-27T17:54:57.811+0000] {logging_mixin.py:188} INFO - [2026-03-27T17:54:57.811+0000] {override.py:1858} INFO - Created Permission View: can read on DAG:spark_streaming_pipeline
[2026-03-27T17:54:57.825+0000] {logging_mixin.py:188} INFO - [2026-03-27T17:54:57.825+0000] {override.py:1858} INFO - Created Permission View: can delete on DAG:spark_streaming_pipeline
[2026-03-27T17:54:57.827+0000] {logging_mixin.py:188} INFO - [2026-03-27T17:54:57.826+0000] {dag.py:3089} INFO - Sync 1 DAGs
[2026-03-27T17:54:57.851+0000] {logging_mixin.py:188} INFO - [2026-03-27T17:54:57.851+0000] {dag.py:3111} INFO - Creating ORM DAG for spark_streaming_pipeline
[2026-03-27T17:54:57.853+0000] {logging_mixin.py:188} INFO - [2026-03-27T17:54:57.853+0000] {dag.py:3947} INFO - Setting next_dagrun for spark_streaming_pipeline to None, run_after=None
[2026-03-27T17:54:57.892+0000] {processor.py:183} INFO - Processing /opt/airflow/dags/postgres-airflow-ingestion-dag.py took 0.395 seconds
[2026-03-27T17:55:28.213+0000] {processor.py:161} INFO - Started process (PID=207) to work on /opt/airflow/dags/postgres-airflow-ingestion-dag.py
[2026-03-27T17:55:28.215+0000] {processor.py:830} INFO - Processing file /opt/airflow/dags/postgres-airflow-ingestion-dag.py for tasks to queue
[2026-03-27T17:55:28.219+0000] {logging_mixin.py:188} INFO - [2026-03-27T17:55:28.219+0000] {dagbag.py:545} INFO - Filling up the DagBag from /opt/airflow/dags/postgres-airflow-ingestion-dag.py
[2026-03-27T17:55:28.259+0000] {processor.py:840} INFO - DAG(s) 'spark_streaming_pipeline' retrieved from /opt/airflow/dags/postgres-airflow-ingestion-dag.py
[2026-03-27T17:55:28.324+0000] {logging_mixin.py:188} INFO - [2026-03-27T17:55:28.324+0000] {dag.py:3089} INFO - Sync 1 DAGs
[2026-03-27T17:55:28.352+0000] {logging_mixin.py:188} INFO - [2026-03-27T17:55:28.351+0000] {dag.py:3947} INFO - Setting next_dagrun for spark_streaming_pipeline to None, run_after=None
[2026-03-27T17:55:28.391+0000] {processor.py:183} INFO - Processing /opt/airflow/dags/postgres-airflow-ingestion-dag.py took 0.189 seconds
[2026-03-27T17:55:59.078+0000] {processor.py:161} INFO - Started process (PID=232) to work on /opt/airflow/dags/postgres-airflow-ingestion-dag.py
[2026-03-27T17:55:59.080+0000] {processor.py:830} INFO - Processing file /opt/airflow/dags/postgres-airflow-ingestion-dag.py for tasks to queue
[2026-03-27T17:55:59.085+0000] {logging_mixin.py:188} INFO - [2026-03-27T17:55:59.084+0000] {dagbag.py:545} INFO - Filling up the DagBag from /opt/airflow/dags/postgres-airflow-ingestion-dag.py
[2026-03-27T17:55:59.123+0000] {processor.py:840} INFO - DAG(s) 'spark_streaming_pipeline' retrieved from /opt/airflow/dags/postgres-airflow-ingestion-dag.py
[2026-03-27T17:55:59.214+0000] {logging_mixin.py:188} INFO - [2026-03-27T17:55:59.213+0000] {dag.py:3089} INFO - Sync 1 DAGs
[2026-03-27T17:55:59.241+0000] {logging_mixin.py:188} INFO - [2026-03-27T17:55:59.241+0000] {dag.py:3947} INFO - Setting next_dagrun for spark_streaming_pipeline to None, run_after=None
[2026-03-27T17:55:59.280+0000] {processor.py:183} INFO - Processing /opt/airflow/dags/postgres-airflow-ingestion-dag.py took 0.224 seconds
[2026-03-27T17:56:30.591+0000] {processor.py:161} INFO - Started process (PID=358) to work on /opt/airflow/dags/postgres-airflow-ingestion-dag.py
[2026-03-27T17:56:30.595+0000] {processor.py:830} INFO - Processing file /opt/airflow/dags/postgres-airflow-ingestion-dag.py for tasks to queue
[2026-03-27T17:56:30.600+0000] {logging_mixin.py:188} INFO - [2026-03-27T17:56:30.599+0000] {dagbag.py:545} INFO - Filling up the DagBag from /opt/airflow/dags/postgres-airflow-ingestion-dag.py
[2026-03-27T17:56:30.670+0000] {processor.py:840} INFO - DAG(s) 'spark_streaming_pipeline' retrieved from /opt/airflow/dags/postgres-airflow-ingestion-dag.py
[2026-03-27T17:56:30.800+0000] {logging_mixin.py:188} INFO - [2026-03-27T17:56:30.799+0000] {dag.py:3089} INFO - Sync 1 DAGs
[2026-03-27T17:56:30.864+0000] {logging_mixin.py:188} INFO - [2026-03-27T17:56:30.863+0000] {dag.py:3947} INFO - Setting next_dagrun for spark_streaming_pipeline to None, run_after=None
[2026-03-27T17:56:30.938+0000] {processor.py:183} INFO - Processing /opt/airflow/dags/postgres-airflow-ingestion-dag.py took 0.372 seconds
[2026-03-27T17:57:01.477+0000] {processor.py:161} INFO - Started process (PID=491) to work on /opt/airflow/dags/postgres-airflow-ingestion-dag.py
[2026-03-27T17:57:01.479+0000] {processor.py:830} INFO - Processing file /opt/airflow/dags/postgres-airflow-ingestion-dag.py for tasks to queue
[2026-03-27T17:57:01.484+0000] {logging_mixin.py:188} INFO - [2026-03-27T17:57:01.483+0000] {dagbag.py:545} INFO - Filling up the DagBag from /opt/airflow/dags/postgres-airflow-ingestion-dag.py
[2026-03-27T17:57:01.546+0000] {processor.py:840} INFO - DAG(s) 'spark_streaming_pipeline' retrieved from /opt/airflow/dags/postgres-airflow-ingestion-dag.py
[2026-03-27T17:57:01.740+0000] {logging_mixin.py:188} INFO - [2026-03-27T17:57:01.740+0000] {dag.py:3089} INFO - Sync 1 DAGs
[2026-03-27T17:57:01.794+0000] {logging_mixin.py:188} INFO - [2026-03-27T17:57:01.793+0000] {dag.py:3947} INFO - Setting next_dagrun for spark_streaming_pipeline to None, run_after=None
[2026-03-27T17:57:01.854+0000] {processor.py:183} INFO - Processing /opt/airflow/dags/postgres-airflow-ingestion-dag.py took 0.404 seconds
[2026-03-27T17:57:32.747+0000] {processor.py:161} INFO - Started process (PID=1286) to work on /opt/airflow/dags/postgres-airflow-ingestion-dag.py
[2026-03-27T17:57:32.749+0000] {processor.py:830} INFO - Processing file /opt/airflow/dags/postgres-airflow-ingestion-dag.py for tasks to queue
[2026-03-27T17:57:32.752+0000] {logging_mixin.py:188} INFO - [2026-03-27T17:57:32.752+0000] {dagbag.py:545} INFO - Filling up the DagBag from /opt/airflow/dags/postgres-airflow-ingestion-dag.py
[2026-03-27T17:57:32.781+0000] {processor.py:840} INFO - DAG(s) 'spark_streaming_pipeline' retrieved from /opt/airflow/dags/postgres-airflow-ingestion-dag.py
[2026-03-27T17:57:32.846+0000] {logging_mixin.py:188} INFO - [2026-03-27T17:57:32.845+0000] {dag.py:3089} INFO - Sync 1 DAGs
[2026-03-27T17:57:32.885+0000] {logging_mixin.py:188} INFO - [2026-03-27T17:57:32.885+0000] {dag.py:3947} INFO - Setting next_dagrun for spark_streaming_pipeline to None, run_after=None
[2026-03-27T17:57:32.931+0000] {processor.py:183} INFO - Processing /opt/airflow/dags/postgres-airflow-ingestion-dag.py took 0.196 seconds
[2026-03-27T17:58:03.718+0000] {processor.py:161} INFO - Started process (PID=1331) to work on /opt/airflow/dags/postgres-airflow-ingestion-dag.py
[2026-03-27T17:58:03.720+0000] {processor.py:830} INFO - Processing file /opt/airflow/dags/postgres-airflow-ingestion-dag.py for tasks to queue
[2026-03-27T17:58:03.723+0000] {logging_mixin.py:188} INFO - [2026-03-27T17:58:03.723+0000] {dagbag.py:545} INFO - Filling up the DagBag from /opt/airflow/dags/postgres-airflow-ingestion-dag.py
[2026-03-27T17:58:03.766+0000] {processor.py:840} INFO - DAG(s) 'spark_streaming_pipeline' retrieved from /opt/airflow/dags/postgres-airflow-ingestion-dag.py
[2026-03-27T17:58:03.838+0000] {logging_mixin.py:188} INFO - [2026-03-27T17:58:03.837+0000] {dag.py:3089} INFO - Sync 1 DAGs
[2026-03-27T17:58:03.869+0000] {logging_mixin.py:188} INFO - [2026-03-27T17:58:03.869+0000] {dag.py:3947} INFO - Setting next_dagrun for spark_streaming_pipeline to None, run_after=None
[2026-03-27T17:58:03.912+0000] {processor.py:183} INFO - Processing /opt/airflow/dags/postgres-airflow-ingestion-dag.py took 0.209 seconds
[2026-03-27T17:58:34.411+0000] {processor.py:161} INFO - Started process (PID=1356) to work on /opt/airflow/dags/postgres-airflow-ingestion-dag.py
[2026-03-27T17:58:34.413+0000] {processor.py:830} INFO - Processing file /opt/airflow/dags/postgres-airflow-ingestion-dag.py for tasks to queue
[2026-03-27T17:58:34.417+0000] {logging_mixin.py:188} INFO - [2026-03-27T17:58:34.417+0000] {dagbag.py:545} INFO - Filling up the DagBag from /opt/airflow/dags/postgres-airflow-ingestion-dag.py
[2026-03-27T17:58:34.461+0000] {processor.py:840} INFO - DAG(s) 'spark_streaming_pipeline' retrieved from /opt/airflow/dags/postgres-airflow-ingestion-dag.py
[2026-03-27T17:58:34.530+0000] {logging_mixin.py:188} INFO - [2026-03-27T17:58:34.530+0000] {dag.py:3089} INFO - Sync 1 DAGs
[2026-03-27T17:58:34.561+0000] {logging_mixin.py:188} INFO - [2026-03-27T17:58:34.561+0000] {dag.py:3947} INFO - Setting next_dagrun for spark_streaming_pipeline to None, run_after=None
[2026-03-27T17:58:34.602+0000] {processor.py:183} INFO - Processing /opt/airflow/dags/postgres-airflow-ingestion-dag.py took 0.203 seconds
[2026-03-27T17:59:05.183+0000] {processor.py:161} INFO - Started process (PID=1383) to work on /opt/airflow/dags/postgres-airflow-ingestion-dag.py
[2026-03-27T17:59:05.186+0000] {processor.py:830} INFO - Processing file /opt/airflow/dags/postgres-airflow-ingestion-dag.py for tasks to queue
[2026-03-27T17:59:05.191+0000] {logging_mixin.py:188} INFO - [2026-03-27T17:59:05.190+0000] {dagbag.py:545} INFO - Filling up the DagBag from /opt/airflow/dags/postgres-airflow-ingestion-dag.py
[2026-03-27T17:59:05.232+0000] {processor.py:840} INFO - DAG(s) 'spark_streaming_pipeline' retrieved from /opt/airflow/dags/postgres-airflow-ingestion-dag.py
[2026-03-27T17:59:05.294+0000] {logging_mixin.py:188} INFO - [2026-03-27T17:59:05.293+0000] {dag.py:3089} INFO - Sync 1 DAGs
[2026-03-27T17:59:05.319+0000] {logging_mixin.py:188} INFO - [2026-03-27T17:59:05.319+0000] {dag.py:3947} INFO - Setting next_dagrun for spark_streaming_pipeline to None, run_after=None
[2026-03-27T17:59:05.370+0000] {processor.py:183} INFO - Processing /opt/airflow/dags/postgres-airflow-ingestion-dag.py took 0.207 seconds
[2026-03-27T17:59:36.450+0000] {processor.py:161} INFO - Started process (PID=1415) to work on /opt/airflow/dags/postgres-airflow-ingestion-dag.py
[2026-03-27T17:59:36.452+0000] {processor.py:830} INFO - Processing file /opt/airflow/dags/postgres-airflow-ingestion-dag.py for tasks to queue
[2026-03-27T17:59:36.456+0000] {logging_mixin.py:188} INFO - [2026-03-27T17:59:36.456+0000] {dagbag.py:545} INFO - Filling up the DagBag from /opt/airflow/dags/postgres-airflow-ingestion-dag.py
[2026-03-27T17:59:36.498+0000] {processor.py:840} INFO - DAG(s) 'spark_streaming_pipeline' retrieved from /opt/airflow/dags/postgres-airflow-ingestion-dag.py
[2026-03-27T17:59:36.569+0000] {logging_mixin.py:188} INFO - [2026-03-27T17:59:36.568+0000] {dag.py:3089} INFO - Sync 1 DAGs
[2026-03-27T17:59:36.604+0000] {logging_mixin.py:188} INFO - [2026-03-27T17:59:36.604+0000] {dag.py:3947} INFO - Setting next_dagrun for spark_streaming_pipeline to None, run_after=None
[2026-03-27T17:59:36.677+0000] {processor.py:183} INFO - Processing /opt/airflow/dags/postgres-airflow-ingestion-dag.py took 0.241 seconds
[2026-03-27T18:00:07.090+0000] {processor.py:161} INFO - Started process (PID=1440) to work on /opt/airflow/dags/postgres-airflow-ingestion-dag.py
[2026-03-27T18:00:07.093+0000] {processor.py:830} INFO - Processing file /opt/airflow/dags/postgres-airflow-ingestion-dag.py for tasks to queue
[2026-03-27T18:00:07.098+0000] {logging_mixin.py:188} INFO - [2026-03-27T18:00:07.097+0000] {dagbag.py:545} INFO - Filling up the DagBag from /opt/airflow/dags/postgres-airflow-ingestion-dag.py
[2026-03-27T18:00:07.152+0000] {processor.py:840} INFO - DAG(s) 'spark_streaming_pipeline' retrieved from /opt/airflow/dags/postgres-airflow-ingestion-dag.py
[2026-03-27T18:00:07.227+0000] {logging_mixin.py:188} INFO - [2026-03-27T18:00:07.227+0000] {dag.py:3089} INFO - Sync 1 DAGs
[2026-03-27T18:00:07.260+0000] {logging_mixin.py:188} INFO - [2026-03-27T18:00:07.260+0000] {dag.py:3947} INFO - Setting next_dagrun for spark_streaming_pipeline to None, run_after=None
[2026-03-27T18:00:07.308+0000] {processor.py:183} INFO - Processing /opt/airflow/dags/postgres-airflow-ingestion-dag.py took 0.232 seconds
[2026-03-27T18:00:37.964+0000] {processor.py:161} INFO - Started process (PID=1463) to work on /opt/airflow/dags/postgres-airflow-ingestion-dag.py
[2026-03-27T18:00:37.967+0000] {processor.py:830} INFO - Processing file /opt/airflow/dags/postgres-airflow-ingestion-dag.py for tasks to queue
[2026-03-27T18:00:37.973+0000] {logging_mixin.py:188} INFO - [2026-03-27T18:00:37.972+0000] {dagbag.py:545} INFO - Filling up the DagBag from /opt/airflow/dags/postgres-airflow-ingestion-dag.py
[2026-03-27T18:00:38.031+0000] {processor.py:840} INFO - DAG(s) 'spark_streaming_pipeline' retrieved from /opt/airflow/dags/postgres-airflow-ingestion-dag.py
[2026-03-27T18:00:38.128+0000] {logging_mixin.py:188} INFO - [2026-03-27T18:00:38.127+0000] {dag.py:3089} INFO - Sync 1 DAGs
[2026-03-27T18:00:38.172+0000] {logging_mixin.py:188} INFO - [2026-03-27T18:00:38.171+0000] {dag.py:3947} INFO - Setting next_dagrun for spark_streaming_pipeline to None, run_after=None
[2026-03-27T18:00:38.249+0000] {processor.py:183} INFO - Processing /opt/airflow/dags/postgres-airflow-ingestion-dag.py took 0.305 seconds
[2026-03-27T18:01:08.940+0000] {processor.py:161} INFO - Started process (PID=1488) to work on /opt/airflow/dags/postgres-airflow-ingestion-dag.py
[2026-03-27T18:01:08.942+0000] {processor.py:830} INFO - Processing file /opt/airflow/dags/postgres-airflow-ingestion-dag.py for tasks to queue
[2026-03-27T18:01:08.946+0000] {logging_mixin.py:188} INFO - [2026-03-27T18:01:08.946+0000] {dagbag.py:545} INFO - Filling up the DagBag from /opt/airflow/dags/postgres-airflow-ingestion-dag.py
[2026-03-27T18:01:08.987+0000] {processor.py:840} INFO - DAG(s) 'spark_streaming_pipeline' retrieved from /opt/airflow/dags/postgres-airflow-ingestion-dag.py
[2026-03-27T18:01:09.057+0000] {logging_mixin.py:188} INFO - [2026-03-27T18:01:09.056+0000] {dag.py:3089} INFO - Sync 1 DAGs
[2026-03-27T18:01:09.098+0000] {logging_mixin.py:188} INFO - [2026-03-27T18:01:09.098+0000] {dag.py:3947} INFO - Setting next_dagrun for spark_streaming_pipeline to None, run_after=None
[2026-03-27T18:01:09.175+0000] {processor.py:183} INFO - Processing /opt/airflow/dags/postgres-airflow-ingestion-dag.py took 0.257 seconds
[2026-03-27T18:01:39.696+0000] {processor.py:161} INFO - Started process (PID=1519) to work on /opt/airflow/dags/postgres-airflow-ingestion-dag.py
[2026-03-27T18:01:39.699+0000] {processor.py:830} INFO - Processing file /opt/airflow/dags/postgres-airflow-ingestion-dag.py for tasks to queue
[2026-03-27T18:01:39.705+0000] {logging_mixin.py:188} INFO - [2026-03-27T18:01:39.705+0000] {dagbag.py:545} INFO - Filling up the DagBag from /opt/airflow/dags/postgres-airflow-ingestion-dag.py
[2026-03-27T18:01:39.770+0000] {processor.py:840} INFO - DAG(s) 'spark_streaming_pipeline' retrieved from /opt/airflow/dags/postgres-airflow-ingestion-dag.py
[2026-03-27T18:01:39.834+0000] {logging_mixin.py:188} INFO - [2026-03-27T18:01:39.834+0000] {dag.py:3089} INFO - Sync 1 DAGs
[2026-03-27T18:01:39.863+0000] {logging_mixin.py:188} INFO - [2026-03-27T18:01:39.862+0000] {dag.py:3947} INFO - Setting next_dagrun for spark_streaming_pipeline to None, run_after=None
[2026-03-27T18:01:39.901+0000] {processor.py:183} INFO - Processing /opt/airflow/dags/postgres-airflow-ingestion-dag.py took 0.222 seconds
[2026-03-27T18:02:10.822+0000] {processor.py:161} INFO - Started process (PID=1548) to work on /opt/airflow/dags/postgres-airflow-ingestion-dag.py
[2026-03-27T18:02:10.824+0000] {processor.py:830} INFO - Processing file /opt/airflow/dags/postgres-airflow-ingestion-dag.py for tasks to queue
[2026-03-27T18:02:10.827+0000] {logging_mixin.py:188} INFO - [2026-03-27T18:02:10.827+0000] {dagbag.py:545} INFO - Filling up the DagBag from /opt/airflow/dags/postgres-airflow-ingestion-dag.py
[2026-03-27T18:02:10.870+0000] {processor.py:840} INFO - DAG(s) 'spark_streaming_pipeline' retrieved from /opt/airflow/dags/postgres-airflow-ingestion-dag.py
[2026-03-27T18:02:10.933+0000] {logging_mixin.py:188} INFO - [2026-03-27T18:02:10.933+0000] {dag.py:3089} INFO - Sync 1 DAGs
[2026-03-27T18:02:10.958+0000] {logging_mixin.py:188} INFO - [2026-03-27T18:02:10.958+0000] {dag.py:3947} INFO - Setting next_dagrun for spark_streaming_pipeline to None, run_after=None
[2026-03-27T18:02:11.017+0000] {processor.py:183} INFO - Processing /opt/airflow/dags/postgres-airflow-ingestion-dag.py took 0.208 seconds
[2026-03-27T18:02:41.727+0000] {processor.py:161} INFO - Started process (PID=1573) to work on /opt/airflow/dags/postgres-airflow-ingestion-dag.py
[2026-03-27T18:02:41.730+0000] {processor.py:830} INFO - Processing file /opt/airflow/dags/postgres-airflow-ingestion-dag.py for tasks to queue
[2026-03-27T18:02:41.736+0000] {logging_mixin.py:188} INFO - [2026-03-27T18:02:41.735+0000] {dagbag.py:545} INFO - Filling up the DagBag from /opt/airflow/dags/postgres-airflow-ingestion-dag.py
[2026-03-27T18:02:41.783+0000] {processor.py:840} INFO - DAG(s) 'spark_streaming_pipeline' retrieved from /opt/airflow/dags/postgres-airflow-ingestion-dag.py
[2026-03-27T18:02:41.856+0000] {logging_mixin.py:188} INFO - [2026-03-27T18:02:41.855+0000] {dag.py:3089} INFO - Sync 1 DAGs
[2026-03-27T18:02:41.889+0000] {logging_mixin.py:188} INFO - [2026-03-27T18:02:41.889+0000] {dag.py:3947} INFO - Setting next_dagrun for spark_streaming_pipeline to None, run_after=None
[2026-03-27T18:02:41.955+0000] {processor.py:183} INFO - Processing /opt/airflow/dags/postgres-airflow-ingestion-dag.py took 0.244 seconds
[2026-03-27T18:03:12.569+0000] {processor.py:161} INFO - Started process (PID=1598) to work on /opt/airflow/dags/postgres-airflow-ingestion-dag.py
[2026-03-27T18:03:12.571+0000] {processor.py:830} INFO - Processing file /opt/airflow/dags/postgres-airflow-ingestion-dag.py for tasks to queue
[2026-03-27T18:03:12.575+0000] {logging_mixin.py:188} INFO - [2026-03-27T18:03:12.574+0000] {dagbag.py:545} INFO - Filling up the DagBag from /opt/airflow/dags/postgres-airflow-ingestion-dag.py
[2026-03-27T18:03:12.620+0000] {processor.py:840} INFO - DAG(s) 'spark_streaming_pipeline' retrieved from /opt/airflow/dags/postgres-airflow-ingestion-dag.py
[2026-03-27T18:03:12.696+0000] {logging_mixin.py:188} INFO - [2026-03-27T18:03:12.696+0000] {dag.py:3089} INFO - Sync 1 DAGs
[2026-03-27T18:03:12.724+0000] {logging_mixin.py:188} INFO - [2026-03-27T18:03:12.724+0000] {dag.py:3947} INFO - Setting next_dagrun for spark_streaming_pipeline to None, run_after=None
[2026-03-27T18:03:12.777+0000] {processor.py:183} INFO - Processing /opt/airflow/dags/postgres-airflow-ingestion-dag.py took 0.222 seconds
[2026-03-27T18:03:43.764+0000] {processor.py:161} INFO - Started process (PID=2527) to work on /opt/airflow/dags/postgres-airflow-ingestion-dag.py
[2026-03-27T18:03:43.766+0000] {processor.py:830} INFO - Processing file /opt/airflow/dags/postgres-airflow-ingestion-dag.py for tasks to queue
[2026-03-27T18:03:43.771+0000] {logging_mixin.py:188} INFO - [2026-03-27T18:03:43.770+0000] {dagbag.py:545} INFO - Filling up the DagBag from /opt/airflow/dags/postgres-airflow-ingestion-dag.py
[2026-03-27T18:03:43.825+0000] {processor.py:840} INFO - DAG(s) 'spark_streaming_pipeline' retrieved from /opt/airflow/dags/postgres-airflow-ingestion-dag.py
[2026-03-27T18:03:43.895+0000] {logging_mixin.py:188} INFO - [2026-03-27T18:03:43.895+0000] {dag.py:3089} INFO - Sync 1 DAGs
[2026-03-27T18:03:43.925+0000] {logging_mixin.py:188} INFO - [2026-03-27T18:03:43.925+0000] {dag.py:3947} INFO - Setting next_dagrun for spark_streaming_pipeline to None, run_after=None
[2026-03-27T18:03:43.983+0000] {processor.py:183} INFO - Processing /opt/airflow/dags/postgres-airflow-ingestion-dag.py took 0.232 seconds
[2026-03-27T18:04:14.809+0000] {processor.py:161} INFO - Started process (PID=3471) to work on /opt/airflow/dags/postgres-airflow-ingestion-dag.py
[2026-03-27T18:04:14.812+0000] {processor.py:830} INFO - Processing file /opt/airflow/dags/postgres-airflow-ingestion-dag.py for tasks to queue
[2026-03-27T18:04:14.817+0000] {logging_mixin.py:188} INFO - [2026-03-27T18:04:14.816+0000] {dagbag.py:545} INFO - Filling up the DagBag from /opt/airflow/dags/postgres-airflow-ingestion-dag.py
[2026-03-27T18:04:14.870+0000] {processor.py:840} INFO - DAG(s) 'spark_streaming_pipeline' retrieved from /opt/airflow/dags/postgres-airflow-ingestion-dag.py
[2026-03-27T18:04:14.961+0000] {logging_mixin.py:188} INFO - [2026-03-27T18:04:14.960+0000] {dag.py:3089} INFO - Sync 1 DAGs
[2026-03-27T18:04:15.001+0000] {logging_mixin.py:188} INFO - [2026-03-27T18:04:15.001+0000] {dag.py:3947} INFO - Setting next_dagrun for spark_streaming_pipeline to None, run_after=None
[2026-03-27T18:04:15.041+0000] {processor.py:183} INFO - Processing /opt/airflow/dags/postgres-airflow-ingestion-dag.py took 0.249 seconds
[2026-03-27T18:04:45.755+0000] {processor.py:161} INFO - Started process (PID=3506) to work on /opt/airflow/dags/postgres-airflow-ingestion-dag.py
[2026-03-27T18:04:45.758+0000] {processor.py:830} INFO - Processing file /opt/airflow/dags/postgres-airflow-ingestion-dag.py for tasks to queue
[2026-03-27T18:04:45.762+0000] {logging_mixin.py:188} INFO - [2026-03-27T18:04:45.761+0000] {dagbag.py:545} INFO - Filling up the DagBag from /opt/airflow/dags/postgres-airflow-ingestion-dag.py
[2026-03-27T18:04:45.806+0000] {processor.py:840} INFO - DAG(s) 'spark_streaming_pipeline' retrieved from /opt/airflow/dags/postgres-airflow-ingestion-dag.py
[2026-03-27T18:04:45.877+0000] {logging_mixin.py:188} INFO - [2026-03-27T18:04:45.877+0000] {dag.py:3089} INFO - Sync 1 DAGs
[2026-03-27T18:04:45.913+0000] {logging_mixin.py:188} INFO - [2026-03-27T18:04:45.912+0000] {dag.py:3947} INFO - Setting next_dagrun for spark_streaming_pipeline to None, run_after=None
[2026-03-27T18:04:45.966+0000] {processor.py:183} INFO - Processing /opt/airflow/dags/postgres-airflow-ingestion-dag.py took 0.222 seconds
[2026-03-27T18:05:16.925+0000] {processor.py:161} INFO - Started process (PID=3528) to work on /opt/airflow/dags/postgres-airflow-ingestion-dag.py
[2026-03-27T18:05:16.928+0000] {processor.py:830} INFO - Processing file /opt/airflow/dags/postgres-airflow-ingestion-dag.py for tasks to queue
[2026-03-27T18:05:16.933+0000] {logging_mixin.py:188} INFO - [2026-03-27T18:05:16.933+0000] {dagbag.py:545} INFO - Filling up the DagBag from /opt/airflow/dags/postgres-airflow-ingestion-dag.py
[2026-03-27T18:05:16.994+0000] {processor.py:840} INFO - DAG(s) 'spark_streaming_pipeline' retrieved from /opt/airflow/dags/postgres-airflow-ingestion-dag.py
[2026-03-27T18:05:17.082+0000] {logging_mixin.py:188} INFO - [2026-03-27T18:05:17.082+0000] {dag.py:3089} INFO - Sync 1 DAGs
[2026-03-27T18:05:17.122+0000] {logging_mixin.py:188} INFO - [2026-03-27T18:05:17.121+0000] {dag.py:3947} INFO - Setting next_dagrun for spark_streaming_pipeline to None, run_after=None
[2026-03-27T18:05:17.177+0000] {processor.py:183} INFO - Processing /opt/airflow/dags/postgres-airflow-ingestion-dag.py took 0.269 seconds
[2026-03-27T18:05:48.207+0000] {processor.py:161} INFO - Started process (PID=3556) to work on /opt/airflow/dags/postgres-airflow-ingestion-dag.py
[2026-03-27T18:05:48.211+0000] {processor.py:830} INFO - Processing file /opt/airflow/dags/postgres-airflow-ingestion-dag.py for tasks to queue
[2026-03-27T18:05:48.219+0000] {logging_mixin.py:188} INFO - [2026-03-27T18:05:48.219+0000] {dagbag.py:545} INFO - Filling up the DagBag from /opt/airflow/dags/postgres-airflow-ingestion-dag.py
[2026-03-27T18:05:48.262+0000] {processor.py:840} INFO - DAG(s) 'spark_streaming_pipeline' retrieved from /opt/airflow/dags/postgres-airflow-ingestion-dag.py
[2026-03-27T18:05:48.347+0000] {logging_mixin.py:188} INFO - [2026-03-27T18:05:48.346+0000] {dag.py:3089} INFO - Sync 1 DAGs
[2026-03-27T18:05:48.380+0000] {logging_mixin.py:188} INFO - [2026-03-27T18:05:48.379+0000] {dag.py:3947} INFO - Setting next_dagrun for spark_streaming_pipeline to None, run_after=None
[2026-03-27T18:05:48.427+0000] {processor.py:183} INFO - Processing /opt/airflow/dags/postgres-airflow-ingestion-dag.py took 0.232 seconds
[2026-03-27T18:14:51.386+0000] {processor.py:161} INFO - Started process (PID=183) to work on /opt/airflow/dags/postgres-airflow-ingestion-dag.py
[2026-03-27T18:14:51.388+0000] {processor.py:830} INFO - Processing file /opt/airflow/dags/postgres-airflow-ingestion-dag.py for tasks to queue
[2026-03-27T18:14:51.392+0000] {logging_mixin.py:188} INFO - [2026-03-27T18:14:51.391+0000] {dagbag.py:545} INFO - Filling up the DagBag from /opt/airflow/dags/postgres-airflow-ingestion-dag.py
[2026-03-27T18:14:51.432+0000] {processor.py:840} INFO - DAG(s) 'spark_streaming_pipeline' retrieved from /opt/airflow/dags/postgres-airflow-ingestion-dag.py
[2026-03-27T18:14:51.669+0000] {logging_mixin.py:188} INFO - [2026-03-27T18:14:51.668+0000] {override.py:1858} INFO - Created Permission View: can edit on DAG:spark_streaming_pipeline
[2026-03-27T18:14:51.689+0000] {logging_mixin.py:188} INFO - [2026-03-27T18:14:51.688+0000] {override.py:1858} INFO - Created Permission View: can delete on DAG:spark_streaming_pipeline
[2026-03-27T18:14:51.702+0000] {logging_mixin.py:188} INFO - [2026-03-27T18:14:51.701+0000] {override.py:1858} INFO - Created Permission View: can read on DAG:spark_streaming_pipeline
[2026-03-27T18:14:51.703+0000] {logging_mixin.py:188} INFO - [2026-03-27T18:14:51.703+0000] {dag.py:3089} INFO - Sync 1 DAGs
[2026-03-27T18:14:51.723+0000] {logging_mixin.py:188} INFO - [2026-03-27T18:14:51.722+0000] {dag.py:3111} INFO - Creating ORM DAG for spark_streaming_pipeline
[2026-03-27T18:14:51.724+0000] {logging_mixin.py:188} INFO - [2026-03-27T18:14:51.724+0000] {dag.py:3947} INFO - Setting next_dagrun for spark_streaming_pipeline to None, run_after=None
[2026-03-27T18:14:51.759+0000] {processor.py:183} INFO - Processing /opt/airflow/dags/postgres-airflow-ingestion-dag.py took 0.385 seconds
[2026-03-27T18:15:22.297+0000] {processor.py:161} INFO - Started process (PID=208) to work on /opt/airflow/dags/postgres-airflow-ingestion-dag.py
[2026-03-27T18:15:22.299+0000] {processor.py:830} INFO - Processing file /opt/airflow/dags/postgres-airflow-ingestion-dag.py for tasks to queue
[2026-03-27T18:15:22.303+0000] {logging_mixin.py:188} INFO - [2026-03-27T18:15:22.303+0000] {dagbag.py:545} INFO - Filling up the DagBag from /opt/airflow/dags/postgres-airflow-ingestion-dag.py
[2026-03-27T18:15:22.348+0000] {processor.py:840} INFO - DAG(s) 'spark_streaming_pipeline' retrieved from /opt/airflow/dags/postgres-airflow-ingestion-dag.py
[2026-03-27T18:15:22.413+0000] {logging_mixin.py:188} INFO - [2026-03-27T18:15:22.412+0000] {dag.py:3089} INFO - Sync 1 DAGs
[2026-03-27T18:15:22.440+0000] {logging_mixin.py:188} INFO - [2026-03-27T18:15:22.440+0000] {dag.py:3947} INFO - Setting next_dagrun for spark_streaming_pipeline to None, run_after=None
[2026-03-27T18:15:22.502+0000] {processor.py:183} INFO - Processing /opt/airflow/dags/postgres-airflow-ingestion-dag.py took 0.218 seconds
[2026-03-27T18:15:53.391+0000] {processor.py:161} INFO - Started process (PID=233) to work on /opt/airflow/dags/postgres-airflow-ingestion-dag.py
[2026-03-27T18:15:53.393+0000] {processor.py:830} INFO - Processing file /opt/airflow/dags/postgres-airflow-ingestion-dag.py for tasks to queue
[2026-03-27T18:15:53.398+0000] {logging_mixin.py:188} INFO - [2026-03-27T18:15:53.397+0000] {dagbag.py:545} INFO - Filling up the DagBag from /opt/airflow/dags/postgres-airflow-ingestion-dag.py
[2026-03-27T18:15:53.433+0000] {processor.py:840} INFO - DAG(s) 'spark_streaming_pipeline' retrieved from /opt/airflow/dags/postgres-airflow-ingestion-dag.py
[2026-03-27T18:15:53.481+0000] {logging_mixin.py:188} INFO - [2026-03-27T18:15:53.480+0000] {dag.py:3089} INFO - Sync 1 DAGs
[2026-03-27T18:15:53.509+0000] {logging_mixin.py:188} INFO - [2026-03-27T18:15:53.508+0000] {dag.py:3947} INFO - Setting next_dagrun for spark_streaming_pipeline to None, run_after=None
[2026-03-27T18:15:53.574+0000] {processor.py:183} INFO - Processing /opt/airflow/dags/postgres-airflow-ingestion-dag.py took 0.197 seconds
[2026-03-27T18:16:24.402+0000] {processor.py:161} INFO - Started process (PID=359) to work on /opt/airflow/dags/postgres-airflow-ingestion-dag.py
[2026-03-27T18:16:24.404+0000] {processor.py:830} INFO - Processing file /opt/airflow/dags/postgres-airflow-ingestion-dag.py for tasks to queue
[2026-03-27T18:16:24.419+0000] {logging_mixin.py:188} INFO - [2026-03-27T18:16:24.418+0000] {dagbag.py:545} INFO - Filling up the DagBag from /opt/airflow/dags/postgres-airflow-ingestion-dag.py
[2026-03-27T18:16:24.490+0000] {processor.py:840} INFO - DAG(s) 'spark_streaming_pipeline' retrieved from /opt/airflow/dags/postgres-airflow-ingestion-dag.py
[2026-03-27T18:16:24.620+0000] {logging_mixin.py:188} INFO - [2026-03-27T18:16:24.619+0000] {dag.py:3089} INFO - Sync 1 DAGs
[2026-03-27T18:16:24.689+0000] {logging_mixin.py:188} INFO - [2026-03-27T18:16:24.688+0000] {dag.py:3947} INFO - Setting next_dagrun for spark_streaming_pipeline to None, run_after=None
[2026-03-27T18:16:24.768+0000] {processor.py:183} INFO - Processing /opt/airflow/dags/postgres-airflow-ingestion-dag.py took 0.395 seconds
[2026-03-27T18:16:55.098+0000] {processor.py:161} INFO - Started process (PID=569) to work on /opt/airflow/dags/postgres-airflow-ingestion-dag.py
[2026-03-27T18:16:55.100+0000] {processor.py:830} INFO - Processing file /opt/airflow/dags/postgres-airflow-ingestion-dag.py for tasks to queue
[2026-03-27T18:16:55.105+0000] {logging_mixin.py:188} INFO - [2026-03-27T18:16:55.104+0000] {dagbag.py:545} INFO - Filling up the DagBag from /opt/airflow/dags/postgres-airflow-ingestion-dag.py
[2026-03-27T18:16:55.146+0000] {processor.py:840} INFO - DAG(s) 'spark_streaming_pipeline' retrieved from /opt/airflow/dags/postgres-airflow-ingestion-dag.py
[2026-03-27T18:16:55.232+0000] {logging_mixin.py:188} INFO - [2026-03-27T18:16:55.231+0000] {dag.py:3089} INFO - Sync 1 DAGs
[2026-03-27T18:16:55.271+0000] {logging_mixin.py:188} INFO - [2026-03-27T18:16:55.271+0000] {dag.py:3947} INFO - Setting next_dagrun for spark_streaming_pipeline to None, run_after=None
[2026-03-27T18:16:55.340+0000] {processor.py:183} INFO - Processing /opt/airflow/dags/postgres-airflow-ingestion-dag.py took 0.258 seconds
[2026-03-27T18:17:25.729+0000] {processor.py:161} INFO - Started process (PID=1207) to work on /opt/airflow/dags/postgres-airflow-ingestion-dag.py
[2026-03-27T18:17:25.733+0000] {processor.py:830} INFO - Processing file /opt/airflow/dags/postgres-airflow-ingestion-dag.py for tasks to queue
[2026-03-27T18:17:25.738+0000] {logging_mixin.py:188} INFO - [2026-03-27T18:17:25.737+0000] {dagbag.py:545} INFO - Filling up the DagBag from /opt/airflow/dags/postgres-airflow-ingestion-dag.py
[2026-03-27T18:17:25.795+0000] {processor.py:840} INFO - DAG(s) 'spark_streaming_pipeline' retrieved from /opt/airflow/dags/postgres-airflow-ingestion-dag.py
[2026-03-27T18:17:25.869+0000] {logging_mixin.py:188} INFO - [2026-03-27T18:17:25.869+0000] {dag.py:3089} INFO - Sync 1 DAGs
[2026-03-27T18:17:25.906+0000] {logging_mixin.py:188} INFO - [2026-03-27T18:17:25.906+0000] {dag.py:3947} INFO - Setting next_dagrun for spark_streaming_pipeline to None, run_after=None
[2026-03-27T18:17:25.972+0000] {processor.py:183} INFO - Processing /opt/airflow/dags/postgres-airflow-ingestion-dag.py took 0.265 seconds
[2026-03-27T18:17:56.122+0000] {processor.py:161} INFO - Started process (PID=1278) to work on /opt/airflow/dags/postgres-airflow-ingestion-dag.py
[2026-03-27T18:17:56.124+0000] {processor.py:830} INFO - Processing file /opt/airflow/dags/postgres-airflow-ingestion-dag.py for tasks to queue
[2026-03-27T18:17:56.128+0000] {logging_mixin.py:188} INFO - [2026-03-27T18:17:56.128+0000] {dagbag.py:545} INFO - Filling up the DagBag from /opt/airflow/dags/postgres-airflow-ingestion-dag.py
[2026-03-27T18:17:56.179+0000] {processor.py:840} INFO - DAG(s) 'spark_streaming_pipeline' retrieved from /opt/airflow/dags/postgres-airflow-ingestion-dag.py
[2026-03-27T18:17:56.255+0000] {logging_mixin.py:188} INFO - [2026-03-27T18:17:56.254+0000] {dag.py:3089} INFO - Sync 1 DAGs
[2026-03-27T18:17:56.290+0000] {logging_mixin.py:188} INFO - [2026-03-27T18:17:56.290+0000] {dag.py:3947} INFO - Setting next_dagrun for spark_streaming_pipeline to None, run_after=None
[2026-03-27T18:17:56.362+0000] {processor.py:183} INFO - Processing /opt/airflow/dags/postgres-airflow-ingestion-dag.py took 0.252 seconds
[2026-03-27T18:18:26.564+0000] {processor.py:161} INFO - Started process (PID=1303) to work on /opt/airflow/dags/postgres-airflow-ingestion-dag.py
[2026-03-27T18:18:26.567+0000] {processor.py:830} INFO - Processing file /opt/airflow/dags/postgres-airflow-ingestion-dag.py for tasks to queue
[2026-03-27T18:18:26.572+0000] {logging_mixin.py:188} INFO - [2026-03-27T18:18:26.571+0000] {dagbag.py:545} INFO - Filling up the DagBag from /opt/airflow/dags/postgres-airflow-ingestion-dag.py
[2026-03-27T18:18:26.630+0000] {processor.py:840} INFO - DAG(s) 'spark_streaming_pipeline' retrieved from /opt/airflow/dags/postgres-airflow-ingestion-dag.py
[2026-03-27T18:18:26.706+0000] {logging_mixin.py:188} INFO - [2026-03-27T18:18:26.705+0000] {dag.py:3089} INFO - Sync 1 DAGs
[2026-03-27T18:18:26.742+0000] {logging_mixin.py:188} INFO - [2026-03-27T18:18:26.741+0000] {dag.py:3947} INFO - Setting next_dagrun for spark_streaming_pipeline to None, run_after=None
[2026-03-27T18:18:26.823+0000] {processor.py:183} INFO - Processing /opt/airflow/dags/postgres-airflow-ingestion-dag.py took 0.272 seconds
[2026-03-27T18:18:57.224+0000] {processor.py:161} INFO - Started process (PID=1328) to work on /opt/airflow/dags/postgres-airflow-ingestion-dag.py
[2026-03-27T18:18:57.228+0000] {processor.py:830} INFO - Processing file /opt/airflow/dags/postgres-airflow-ingestion-dag.py for tasks to queue
[2026-03-27T18:18:57.234+0000] {logging_mixin.py:188} INFO - [2026-03-27T18:18:57.232+0000] {dagbag.py:545} INFO - Filling up the DagBag from /opt/airflow/dags/postgres-airflow-ingestion-dag.py
[2026-03-27T18:18:57.290+0000] {processor.py:840} INFO - DAG(s) 'spark_streaming_pipeline' retrieved from /opt/airflow/dags/postgres-airflow-ingestion-dag.py
[2026-03-27T18:18:57.348+0000] {logging_mixin.py:188} INFO - [2026-03-27T18:18:57.347+0000] {dag.py:3089} INFO - Sync 1 DAGs
[2026-03-27T18:18:57.373+0000] {logging_mixin.py:188} INFO - [2026-03-27T18:18:57.373+0000] {dag.py:3947} INFO - Setting next_dagrun for spark_streaming_pipeline to None, run_after=None
[2026-03-27T18:18:57.417+0000] {processor.py:183} INFO - Processing /opt/airflow/dags/postgres-airflow-ingestion-dag.py took 0.211 seconds
[2026-03-27T18:19:28.086+0000] {processor.py:161} INFO - Started process (PID=1353) to work on /opt/airflow/dags/postgres-airflow-ingestion-dag.py
[2026-03-27T18:19:28.089+0000] {processor.py:830} INFO - Processing file /opt/airflow/dags/postgres-airflow-ingestion-dag.py for tasks to queue
[2026-03-27T18:19:28.092+0000] {logging_mixin.py:188} INFO - [2026-03-27T18:19:28.092+0000] {dagbag.py:545} INFO - Filling up the DagBag from /opt/airflow/dags/postgres-airflow-ingestion-dag.py
[2026-03-27T18:19:28.161+0000] {processor.py:840} INFO - DAG(s) 'spark_streaming_pipeline' retrieved from /opt/airflow/dags/postgres-airflow-ingestion-dag.py
[2026-03-27T18:19:28.258+0000] {logging_mixin.py:188} INFO - [2026-03-27T18:19:28.257+0000] {dag.py:3089} INFO - Sync 1 DAGs
[2026-03-27T18:19:28.298+0000] {logging_mixin.py:188} INFO - [2026-03-27T18:19:28.297+0000] {dag.py:3947} INFO - Setting next_dagrun for spark_streaming_pipeline to None, run_after=None
[2026-03-27T18:19:28.359+0000] {processor.py:183} INFO - Processing /opt/airflow/dags/postgres-airflow-ingestion-dag.py took 0.291 seconds
[2026-03-27T18:19:59.084+0000] {processor.py:161} INFO - Started process (PID=1378) to work on /opt/airflow/dags/postgres-airflow-ingestion-dag.py
[2026-03-27T18:19:59.087+0000] {processor.py:830} INFO - Processing file /opt/airflow/dags/postgres-airflow-ingestion-dag.py for tasks to queue
[2026-03-27T18:19:59.093+0000] {logging_mixin.py:188} INFO - [2026-03-27T18:19:59.092+0000] {dagbag.py:545} INFO - Filling up the DagBag from /opt/airflow/dags/postgres-airflow-ingestion-dag.py
[2026-03-27T18:19:59.156+0000] {processor.py:840} INFO - DAG(s) 'spark_streaming_pipeline' retrieved from /opt/airflow/dags/postgres-airflow-ingestion-dag.py
[2026-03-27T18:19:59.244+0000] {logging_mixin.py:188} INFO - [2026-03-27T18:19:59.243+0000] {dag.py:3089} INFO - Sync 1 DAGs
[2026-03-27T18:19:59.307+0000] {logging_mixin.py:188} INFO - [2026-03-27T18:19:59.306+0000] {dag.py:3947} INFO - Setting next_dagrun for spark_streaming_pipeline to None, run_after=None
[2026-03-27T18:19:59.355+0000] {processor.py:183} INFO - Processing /opt/airflow/dags/postgres-airflow-ingestion-dag.py took 0.289 seconds
[2026-03-27T18:20:29.629+0000] {processor.py:161} INFO - Started process (PID=1403) to work on /opt/airflow/dags/postgres-airflow-ingestion-dag.py
[2026-03-27T18:20:29.631+0000] {processor.py:830} INFO - Processing file /opt/airflow/dags/postgres-airflow-ingestion-dag.py for tasks to queue
[2026-03-27T18:20:29.636+0000] {logging_mixin.py:188} INFO - [2026-03-27T18:20:29.635+0000] {dagbag.py:545} INFO - Filling up the DagBag from /opt/airflow/dags/postgres-airflow-ingestion-dag.py
[2026-03-27T18:20:29.682+0000] {processor.py:840} INFO - DAG(s) 'spark_streaming_pipeline' retrieved from /opt/airflow/dags/postgres-airflow-ingestion-dag.py
[2026-03-27T18:20:29.741+0000] {logging_mixin.py:188} INFO - [2026-03-27T18:20:29.741+0000] {dag.py:3089} INFO - Sync 1 DAGs
[2026-03-27T18:20:29.769+0000] {logging_mixin.py:188} INFO - [2026-03-27T18:20:29.769+0000] {dag.py:3947} INFO - Setting next_dagrun for spark_streaming_pipeline to None, run_after=None
[2026-03-27T18:20:29.812+0000] {processor.py:183} INFO - Processing /opt/airflow/dags/postgres-airflow-ingestion-dag.py took 0.198 seconds
[2026-03-27T18:21:00.235+0000] {processor.py:161} INFO - Started process (PID=1428) to work on /opt/airflow/dags/postgres-airflow-ingestion-dag.py
[2026-03-27T18:21:00.237+0000] {processor.py:830} INFO - Processing file /opt/airflow/dags/postgres-airflow-ingestion-dag.py for tasks to queue
[2026-03-27T18:21:00.242+0000] {logging_mixin.py:188} INFO - [2026-03-27T18:21:00.241+0000] {dagbag.py:545} INFO - Filling up the DagBag from /opt/airflow/dags/postgres-airflow-ingestion-dag.py
[2026-03-27T18:21:00.276+0000] {processor.py:840} INFO - DAG(s) 'spark_streaming_pipeline' retrieved from /opt/airflow/dags/postgres-airflow-ingestion-dag.py
[2026-03-27T18:21:00.329+0000] {logging_mixin.py:188} INFO - [2026-03-27T18:21:00.328+0000] {dag.py:3089} INFO - Sync 1 DAGs
[2026-03-27T18:21:00.355+0000] {logging_mixin.py:188} INFO - [2026-03-27T18:21:00.354+0000] {dag.py:3947} INFO - Setting next_dagrun for spark_streaming_pipeline to None, run_after=None
[2026-03-27T18:21:00.404+0000] {processor.py:183} INFO - Processing /opt/airflow/dags/postgres-airflow-ingestion-dag.py took 0.186 seconds
[2026-03-27T18:21:31.077+0000] {processor.py:161} INFO - Started process (PID=1463) to work on /opt/airflow/dags/postgres-airflow-ingestion-dag.py
[2026-03-27T18:21:31.079+0000] {processor.py:830} INFO - Processing file /opt/airflow/dags/postgres-airflow-ingestion-dag.py for tasks to queue
[2026-03-27T18:21:31.085+0000] {logging_mixin.py:188} INFO - [2026-03-27T18:21:31.084+0000] {dagbag.py:545} INFO - Filling up the DagBag from /opt/airflow/dags/postgres-airflow-ingestion-dag.py
[2026-03-27T18:21:31.133+0000] {processor.py:840} INFO - DAG(s) 'spark_streaming_pipeline' retrieved from /opt/airflow/dags/postgres-airflow-ingestion-dag.py
[2026-03-27T18:21:31.215+0000] {logging_mixin.py:188} INFO - [2026-03-27T18:21:31.215+0000] {dag.py:3089} INFO - Sync 1 DAGs
[2026-03-27T18:21:31.271+0000] {logging_mixin.py:188} INFO - [2026-03-27T18:21:31.269+0000] {dag.py:3947} INFO - Setting next_dagrun for spark_streaming_pipeline to None, run_after=None
[2026-03-27T18:21:31.346+0000] {processor.py:183} INFO - Processing /opt/airflow/dags/postgres-airflow-ingestion-dag.py took 0.283 seconds
[2026-03-27T18:22:01.797+0000] {processor.py:161} INFO - Started process (PID=1486) to work on /opt/airflow/dags/postgres-airflow-ingestion-dag.py
[2026-03-27T18:22:01.800+0000] {processor.py:830} INFO - Processing file /opt/airflow/dags/postgres-airflow-ingestion-dag.py for tasks to queue
[2026-03-27T18:22:01.806+0000] {logging_mixin.py:188} INFO - [2026-03-27T18:22:01.805+0000] {dagbag.py:545} INFO - Filling up the DagBag from /opt/airflow/dags/postgres-airflow-ingestion-dag.py
[2026-03-27T18:22:01.866+0000] {processor.py:840} INFO - DAG(s) 'spark_streaming_pipeline' retrieved from /opt/airflow/dags/postgres-airflow-ingestion-dag.py
[2026-03-27T18:22:01.953+0000] {logging_mixin.py:188} INFO - [2026-03-27T18:22:01.952+0000] {dag.py:3089} INFO - Sync 1 DAGs
[2026-03-27T18:22:02.006+0000] {logging_mixin.py:188} INFO - [2026-03-27T18:22:02.005+0000] {dag.py:3947} INFO - Setting next_dagrun for spark_streaming_pipeline to None, run_after=None
[2026-03-27T18:22:02.075+0000] {processor.py:183} INFO - Processing /opt/airflow/dags/postgres-airflow-ingestion-dag.py took 0.297 seconds
[2026-03-27T18:22:32.245+0000] {processor.py:161} INFO - Started process (PID=1511) to work on /opt/airflow/dags/postgres-airflow-ingestion-dag.py
[2026-03-27T18:22:32.248+0000] {processor.py:830} INFO - Processing file /opt/airflow/dags/postgres-airflow-ingestion-dag.py for tasks to queue
[2026-03-27T18:22:32.252+0000] {logging_mixin.py:188} INFO - [2026-03-27T18:22:32.252+0000] {dagbag.py:545} INFO - Filling up the DagBag from /opt/airflow/dags/postgres-airflow-ingestion-dag.py
[2026-03-27T18:22:32.291+0000] {processor.py:840} INFO - DAG(s) 'spark_streaming_pipeline' retrieved from /opt/airflow/dags/postgres-airflow-ingestion-dag.py
[2026-03-27T18:22:32.345+0000] {logging_mixin.py:188} INFO - [2026-03-27T18:22:32.344+0000] {dag.py:3089} INFO - Sync 1 DAGs
[2026-03-27T18:22:32.373+0000] {logging_mixin.py:188} INFO - [2026-03-27T18:22:32.373+0000] {dag.py:3947} INFO - Setting next_dagrun for spark_streaming_pipeline to None, run_after=None
[2026-03-27T18:22:32.414+0000] {processor.py:183} INFO - Processing /opt/airflow/dags/postgres-airflow-ingestion-dag.py took 0.189 seconds
[2026-03-27T18:23:03.057+0000] {processor.py:161} INFO - Started process (PID=1536) to work on /opt/airflow/dags/postgres-airflow-ingestion-dag.py
[2026-03-27T18:23:03.060+0000] {processor.py:830} INFO - Processing file /opt/airflow/dags/postgres-airflow-ingestion-dag.py for tasks to queue
[2026-03-27T18:23:03.070+0000] {logging_mixin.py:188} INFO - [2026-03-27T18:23:03.069+0000] {dagbag.py:545} INFO - Filling up the DagBag from /opt/airflow/dags/postgres-airflow-ingestion-dag.py
[2026-03-27T18:23:03.129+0000] {processor.py:840} INFO - DAG(s) 'spark_streaming_pipeline' retrieved from /opt/airflow/dags/postgres-airflow-ingestion-dag.py
[2026-03-27T18:23:03.229+0000] {logging_mixin.py:188} INFO - [2026-03-27T18:23:03.228+0000] {dag.py:3089} INFO - Sync 1 DAGs
[2026-03-27T18:23:03.266+0000] {logging_mixin.py:188} INFO - [2026-03-27T18:23:03.266+0000] {dag.py:3947} INFO - Setting next_dagrun for spark_streaming_pipeline to None, run_after=None
[2026-03-27T18:23:03.319+0000] {processor.py:183} INFO - Processing /opt/airflow/dags/postgres-airflow-ingestion-dag.py took 0.294 seconds
[2026-03-27T18:23:34.018+0000] {processor.py:161} INFO - Started process (PID=1820) to work on /opt/airflow/dags/postgres-airflow-ingestion-dag.py
[2026-03-27T18:23:34.021+0000] {processor.py:830} INFO - Processing file /opt/airflow/dags/postgres-airflow-ingestion-dag.py for tasks to queue
[2026-03-27T18:23:34.028+0000] {logging_mixin.py:188} INFO - [2026-03-27T18:23:34.027+0000] {dagbag.py:545} INFO - Filling up the DagBag from /opt/airflow/dags/postgres-airflow-ingestion-dag.py
[2026-03-27T18:23:34.079+0000] {processor.py:840} INFO - DAG(s) 'spark_streaming_pipeline' retrieved from /opt/airflow/dags/postgres-airflow-ingestion-dag.py
[2026-03-27T18:23:34.143+0000] {logging_mixin.py:188} INFO - [2026-03-27T18:23:34.142+0000] {dag.py:3089} INFO - Sync 1 DAGs
[2026-03-27T18:23:34.172+0000] {logging_mixin.py:188} INFO - [2026-03-27T18:23:34.172+0000] {dag.py:3947} INFO - Setting next_dagrun for spark_streaming_pipeline to None, run_after=None
[2026-03-27T18:23:34.219+0000] {processor.py:183} INFO - Processing /opt/airflow/dags/postgres-airflow-ingestion-dag.py took 0.220 seconds
[2026-03-27T18:24:04.406+0000] {processor.py:161} INFO - Started process (PID=3396) to work on /opt/airflow/dags/postgres-airflow-ingestion-dag.py
[2026-03-27T18:24:04.409+0000] {processor.py:830} INFO - Processing file /opt/airflow/dags/postgres-airflow-ingestion-dag.py for tasks to queue
[2026-03-27T18:24:04.416+0000] {logging_mixin.py:188} INFO - [2026-03-27T18:24:04.414+0000] {dagbag.py:545} INFO - Filling up the DagBag from /opt/airflow/dags/postgres-airflow-ingestion-dag.py
[2026-03-27T18:24:04.474+0000] {processor.py:840} INFO - DAG(s) 'spark_streaming_pipeline' retrieved from /opt/airflow/dags/postgres-airflow-ingestion-dag.py
[2026-03-27T18:24:04.558+0000] {logging_mixin.py:188} INFO - [2026-03-27T18:24:04.557+0000] {dag.py:3089} INFO - Sync 1 DAGs
[2026-03-27T18:24:04.595+0000] {logging_mixin.py:188} INFO - [2026-03-27T18:24:04.595+0000] {dag.py:3947} INFO - Setting next_dagrun for spark_streaming_pipeline to None, run_after=None
[2026-03-27T18:24:04.649+0000] {processor.py:183} INFO - Processing /opt/airflow/dags/postgres-airflow-ingestion-dag.py took 0.260 seconds
[2026-03-27T18:24:34.871+0000] {processor.py:161} INFO - Started process (PID=3424) to work on /opt/airflow/dags/postgres-airflow-ingestion-dag.py
[2026-03-27T18:24:34.874+0000] {processor.py:830} INFO - Processing file /opt/airflow/dags/postgres-airflow-ingestion-dag.py for tasks to queue
[2026-03-27T18:24:34.878+0000] {logging_mixin.py:188} INFO - [2026-03-27T18:24:34.878+0000] {dagbag.py:545} INFO - Filling up the DagBag from /opt/airflow/dags/postgres-airflow-ingestion-dag.py
[2026-03-27T18:24:34.929+0000] {processor.py:840} INFO - DAG(s) 'spark_streaming_pipeline' retrieved from /opt/airflow/dags/postgres-airflow-ingestion-dag.py
[2026-03-27T18:24:34.986+0000] {logging_mixin.py:188} INFO - [2026-03-27T18:24:34.985+0000] {dag.py:3089} INFO - Sync 1 DAGs
[2026-03-27T18:24:35.011+0000] {logging_mixin.py:188} INFO - [2026-03-27T18:24:35.010+0000] {dag.py:3947} INFO - Setting next_dagrun for spark_streaming_pipeline to None, run_after=None
[2026-03-27T18:24:35.071+0000] {processor.py:183} INFO - Processing /opt/airflow/dags/postgres-airflow-ingestion-dag.py took 0.214 seconds
[2026-03-27T18:25:05.538+0000] {processor.py:161} INFO - Started process (PID=3449) to work on /opt/airflow/dags/postgres-airflow-ingestion-dag.py
[2026-03-27T18:25:05.540+0000] {processor.py:830} INFO - Processing file /opt/airflow/dags/postgres-airflow-ingestion-dag.py for tasks to queue
[2026-03-27T18:25:05.544+0000] {logging_mixin.py:188} INFO - [2026-03-27T18:25:05.543+0000] {dagbag.py:545} INFO - Filling up the DagBag from /opt/airflow/dags/postgres-airflow-ingestion-dag.py
[2026-03-27T18:25:05.586+0000] {processor.py:840} INFO - DAG(s) 'spark_streaming_pipeline' retrieved from /opt/airflow/dags/postgres-airflow-ingestion-dag.py
[2026-03-27T18:25:05.642+0000] {logging_mixin.py:188} INFO - [2026-03-27T18:25:05.641+0000] {dag.py:3089} INFO - Sync 1 DAGs
[2026-03-27T18:25:05.672+0000] {logging_mixin.py:188} INFO - [2026-03-27T18:25:05.672+0000] {dag.py:3947} INFO - Setting next_dagrun for spark_streaming_pipeline to None, run_after=None
[2026-03-27T18:25:05.730+0000] {processor.py:183} INFO - Processing /opt/airflow/dags/postgres-airflow-ingestion-dag.py took 0.208 seconds
[2026-03-27T18:25:36.162+0000] {processor.py:161} INFO - Started process (PID=3474) to work on /opt/airflow/dags/postgres-airflow-ingestion-dag.py
[2026-03-27T18:25:36.164+0000] {processor.py:830} INFO - Processing file /opt/airflow/dags/postgres-airflow-ingestion-dag.py for tasks to queue
[2026-03-27T18:25:36.169+0000] {logging_mixin.py:188} INFO - [2026-03-27T18:25:36.168+0000] {dagbag.py:545} INFO - Filling up the DagBag from /opt/airflow/dags/postgres-airflow-ingestion-dag.py
[2026-03-27T18:25:36.213+0000] {processor.py:840} INFO - DAG(s) 'spark_streaming_pipeline' retrieved from /opt/airflow/dags/postgres-airflow-ingestion-dag.py
[2026-03-27T18:25:36.274+0000] {logging_mixin.py:188} INFO - [2026-03-27T18:25:36.273+0000] {dag.py:3089} INFO - Sync 1 DAGs
[2026-03-27T18:25:36.300+0000] {logging_mixin.py:188} INFO - [2026-03-27T18:25:36.299+0000] {dag.py:3947} INFO - Setting next_dagrun for spark_streaming_pipeline to None, run_after=None
[2026-03-27T18:25:36.348+0000] {processor.py:183} INFO - Processing /opt/airflow/dags/postgres-airflow-ingestion-dag.py took 0.201 seconds
[2026-03-27T18:26:06.897+0000] {processor.py:161} INFO - Started process (PID=3499) to work on /opt/airflow/dags/postgres-airflow-ingestion-dag.py
[2026-03-27T18:26:06.899+0000] {processor.py:830} INFO - Processing file /opt/airflow/dags/postgres-airflow-ingestion-dag.py for tasks to queue
[2026-03-27T18:26:06.904+0000] {logging_mixin.py:188} INFO - [2026-03-27T18:26:06.904+0000] {dagbag.py:545} INFO - Filling up the DagBag from /opt/airflow/dags/postgres-airflow-ingestion-dag.py
[2026-03-27T18:26:06.947+0000] {processor.py:840} INFO - DAG(s) 'spark_streaming_pipeline' retrieved from /opt/airflow/dags/postgres-airflow-ingestion-dag.py
[2026-03-27T18:26:07.001+0000] {logging_mixin.py:188} INFO - [2026-03-27T18:26:07.001+0000] {dag.py:3089} INFO - Sync 1 DAGs
[2026-03-27T18:26:07.027+0000] {logging_mixin.py:188} INFO - [2026-03-27T18:26:07.026+0000] {dag.py:3947} INFO - Setting next_dagrun for spark_streaming_pipeline to None, run_after=None
[2026-03-27T18:26:07.088+0000] {processor.py:183} INFO - Processing /opt/airflow/dags/postgres-airflow-ingestion-dag.py took 0.208 seconds
[2026-03-27T18:26:37.693+0000] {processor.py:161} INFO - Started process (PID=3534) to work on /opt/airflow/dags/postgres-airflow-ingestion-dag.py
[2026-03-27T18:26:37.696+0000] {processor.py:830} INFO - Processing file /opt/airflow/dags/postgres-airflow-ingestion-dag.py for tasks to queue
[2026-03-27T18:26:37.702+0000] {logging_mixin.py:188} INFO - [2026-03-27T18:26:37.701+0000] {dagbag.py:545} INFO - Filling up the DagBag from /opt/airflow/dags/postgres-airflow-ingestion-dag.py
[2026-03-27T18:26:37.761+0000] {processor.py:840} INFO - DAG(s) 'spark_streaming_pipeline' retrieved from /opt/airflow/dags/postgres-airflow-ingestion-dag.py
[2026-03-27T18:26:37.825+0000] {logging_mixin.py:188} INFO - [2026-03-27T18:26:37.825+0000] {dag.py:3089} INFO - Sync 1 DAGs
[2026-03-27T18:26:37.853+0000] {logging_mixin.py:188} INFO - [2026-03-27T18:26:37.852+0000] {dag.py:3947} INFO - Setting next_dagrun for spark_streaming_pipeline to None, run_after=None
[2026-03-27T18:26:37.892+0000] {processor.py:183} INFO - Processing /opt/airflow/dags/postgres-airflow-ingestion-dag.py took 0.218 seconds
[2026-03-27T18:27:08.748+0000] {processor.py:161} INFO - Started process (PID=3559) to work on /opt/airflow/dags/postgres-airflow-ingestion-dag.py
[2026-03-27T18:27:08.750+0000] {processor.py:830} INFO - Processing file /opt/airflow/dags/postgres-airflow-ingestion-dag.py for tasks to queue
[2026-03-27T18:27:08.754+0000] {logging_mixin.py:188} INFO - [2026-03-27T18:27:08.753+0000] {dagbag.py:545} INFO - Filling up the DagBag from /opt/airflow/dags/postgres-airflow-ingestion-dag.py
[2026-03-27T18:27:08.795+0000] {processor.py:840} INFO - DAG(s) 'spark_streaming_pipeline' retrieved from /opt/airflow/dags/postgres-airflow-ingestion-dag.py
[2026-03-27T18:27:08.846+0000] {logging_mixin.py:188} INFO - [2026-03-27T18:27:08.846+0000] {dag.py:3089} INFO - Sync 1 DAGs
[2026-03-27T18:27:08.870+0000] {logging_mixin.py:188} INFO - [2026-03-27T18:27:08.869+0000] {dag.py:3947} INFO - Setting next_dagrun for spark_streaming_pipeline to None, run_after=None
[2026-03-27T18:27:08.927+0000] {processor.py:183} INFO - Processing /opt/airflow/dags/postgres-airflow-ingestion-dag.py took 0.192 seconds
[2026-03-27T18:27:39.272+0000] {processor.py:161} INFO - Started process (PID=4822) to work on /opt/airflow/dags/postgres-airflow-ingestion-dag.py
[2026-03-27T18:27:39.275+0000] {processor.py:830} INFO - Processing file /opt/airflow/dags/postgres-airflow-ingestion-dag.py for tasks to queue
[2026-03-27T18:27:39.280+0000] {logging_mixin.py:188} INFO - [2026-03-27T18:27:39.279+0000] {dagbag.py:545} INFO - Filling up the DagBag from /opt/airflow/dags/postgres-airflow-ingestion-dag.py
[2026-03-27T18:27:39.319+0000] {processor.py:840} INFO - DAG(s) 'spark_streaming_pipeline' retrieved from /opt/airflow/dags/postgres-airflow-ingestion-dag.py
[2026-03-27T18:27:39.382+0000] {logging_mixin.py:188} INFO - [2026-03-27T18:27:39.382+0000] {dag.py:3089} INFO - Sync 1 DAGs
[2026-03-27T18:27:39.413+0000] {logging_mixin.py:188} INFO - [2026-03-27T18:27:39.412+0000] {dag.py:3947} INFO - Setting next_dagrun for spark_streaming_pipeline to None, run_after=None
[2026-03-27T18:27:39.462+0000] {processor.py:183} INFO - Processing /opt/airflow/dags/postgres-airflow-ingestion-dag.py took 0.203 seconds
[2026-03-27T18:28:09.588+0000] {processor.py:161} INFO - Started process (PID=5497) to work on /opt/airflow/dags/postgres-airflow-ingestion-dag.py
[2026-03-27T18:28:09.590+0000] {processor.py:830} INFO - Processing file /opt/airflow/dags/postgres-airflow-ingestion-dag.py for tasks to queue
[2026-03-27T18:28:09.594+0000] {logging_mixin.py:188} INFO - [2026-03-27T18:28:09.594+0000] {dagbag.py:545} INFO - Filling up the DagBag from /opt/airflow/dags/postgres-airflow-ingestion-dag.py
[2026-03-27T18:28:09.637+0000] {processor.py:840} INFO - DAG(s) 'spark_streaming_pipeline' retrieved from /opt/airflow/dags/postgres-airflow-ingestion-dag.py
[2026-03-27T18:28:09.692+0000] {logging_mixin.py:188} INFO - [2026-03-27T18:28:09.691+0000] {dag.py:3089} INFO - Sync 1 DAGs
[2026-03-27T18:28:09.719+0000] {logging_mixin.py:188} INFO - [2026-03-27T18:28:09.719+0000] {dag.py:3947} INFO - Setting next_dagrun for spark_streaming_pipeline to None, run_after=None
[2026-03-27T18:28:09.759+0000] {processor.py:183} INFO - Processing /opt/airflow/dags/postgres-airflow-ingestion-dag.py took 0.182 seconds
[2026-03-27T18:28:40.301+0000] {processor.py:161} INFO - Started process (PID=5535) to work on /opt/airflow/dags/postgres-airflow-ingestion-dag.py
[2026-03-27T18:28:40.304+0000] {processor.py:830} INFO - Processing file /opt/airflow/dags/postgres-airflow-ingestion-dag.py for tasks to queue
[2026-03-27T18:28:40.308+0000] {logging_mixin.py:188} INFO - [2026-03-27T18:28:40.308+0000] {dagbag.py:545} INFO - Filling up the DagBag from /opt/airflow/dags/postgres-airflow-ingestion-dag.py
[2026-03-27T18:28:40.352+0000] {processor.py:840} INFO - DAG(s) 'spark_streaming_pipeline' retrieved from /opt/airflow/dags/postgres-airflow-ingestion-dag.py
[2026-03-27T18:28:40.408+0000] {logging_mixin.py:188} INFO - [2026-03-27T18:28:40.407+0000] {dag.py:3089} INFO - Sync 1 DAGs
[2026-03-27T18:28:40.435+0000] {logging_mixin.py:188} INFO - [2026-03-27T18:28:40.434+0000] {dag.py:3947} INFO - Setting next_dagrun for spark_streaming_pipeline to None, run_after=None
[2026-03-27T18:28:40.496+0000] {processor.py:183} INFO - Processing /opt/airflow/dags/postgres-airflow-ingestion-dag.py took 0.206 seconds
[2026-03-27T18:29:10.886+0000] {processor.py:161} INFO - Started process (PID=5588) to work on /opt/airflow/dags/postgres-airflow-ingestion-dag.py
[2026-03-27T18:29:10.888+0000] {processor.py:830} INFO - Processing file /opt/airflow/dags/postgres-airflow-ingestion-dag.py for tasks to queue
[2026-03-27T18:29:10.892+0000] {logging_mixin.py:188} INFO - [2026-03-27T18:29:10.891+0000] {dagbag.py:545} INFO - Filling up the DagBag from /opt/airflow/dags/postgres-airflow-ingestion-dag.py
[2026-03-27T18:29:10.933+0000] {processor.py:840} INFO - DAG(s) 'spark_streaming_pipeline' retrieved from /opt/airflow/dags/postgres-airflow-ingestion-dag.py
[2026-03-27T18:29:10.984+0000] {logging_mixin.py:188} INFO - [2026-03-27T18:29:10.984+0000] {dag.py:3089} INFO - Sync 1 DAGs
[2026-03-27T18:29:11.010+0000] {logging_mixin.py:188} INFO - [2026-03-27T18:29:11.009+0000] {dag.py:3947} INFO - Setting next_dagrun for spark_streaming_pipeline to None, run_after=None
[2026-03-27T18:29:11.074+0000] {processor.py:183} INFO - Processing /opt/airflow/dags/postgres-airflow-ingestion-dag.py took 0.200 seconds
[2026-03-27T18:29:41.364+0000] {processor.py:161} INFO - Started process (PID=5613) to work on /opt/airflow/dags/postgres-airflow-ingestion-dag.py
[2026-03-27T18:29:41.366+0000] {processor.py:830} INFO - Processing file /opt/airflow/dags/postgres-airflow-ingestion-dag.py for tasks to queue
[2026-03-27T18:29:41.370+0000] {logging_mixin.py:188} INFO - [2026-03-27T18:29:41.369+0000] {dagbag.py:545} INFO - Filling up the DagBag from /opt/airflow/dags/postgres-airflow-ingestion-dag.py
[2026-03-27T18:29:41.415+0000] {processor.py:840} INFO - DAG(s) 'spark_streaming_pipeline' retrieved from /opt/airflow/dags/postgres-airflow-ingestion-dag.py
[2026-03-27T18:29:41.467+0000] {logging_mixin.py:188} INFO - [2026-03-27T18:29:41.467+0000] {dag.py:3089} INFO - Sync 1 DAGs
[2026-03-27T18:29:41.494+0000] {logging_mixin.py:188} INFO - [2026-03-27T18:29:41.493+0000] {dag.py:3947} INFO - Setting next_dagrun for spark_streaming_pipeline to None, run_after=None
[2026-03-27T18:29:41.535+0000] {processor.py:183} INFO - Processing /opt/airflow/dags/postgres-airflow-ingestion-dag.py took 0.184 seconds
[2026-03-27T18:30:12.145+0000] {processor.py:161} INFO - Started process (PID=5638) to work on /opt/airflow/dags/postgres-airflow-ingestion-dag.py
[2026-03-27T18:30:12.147+0000] {processor.py:830} INFO - Processing file /opt/airflow/dags/postgres-airflow-ingestion-dag.py for tasks to queue
[2026-03-27T18:30:12.151+0000] {logging_mixin.py:188} INFO - [2026-03-27T18:30:12.150+0000] {dagbag.py:545} INFO - Filling up the DagBag from /opt/airflow/dags/postgres-airflow-ingestion-dag.py
[2026-03-27T18:30:12.197+0000] {processor.py:840} INFO - DAG(s) 'spark_streaming_pipeline' retrieved from /opt/airflow/dags/postgres-airflow-ingestion-dag.py
[2026-03-27T18:30:12.261+0000] {logging_mixin.py:188} INFO - [2026-03-27T18:30:12.261+0000] {dag.py:3089} INFO - Sync 1 DAGs
[2026-03-27T18:30:12.287+0000] {logging_mixin.py:188} INFO - [2026-03-27T18:30:12.287+0000] {dag.py:3947} INFO - Setting next_dagrun for spark_streaming_pipeline to None, run_after=None
[2026-03-27T18:30:12.349+0000] {processor.py:183} INFO - Processing /opt/airflow/dags/postgres-airflow-ingestion-dag.py took 0.217 seconds
[2026-03-27T18:30:42.622+0000] {processor.py:161} INFO - Started process (PID=5663) to work on /opt/airflow/dags/postgres-airflow-ingestion-dag.py
[2026-03-27T18:30:42.624+0000] {processor.py:830} INFO - Processing file /opt/airflow/dags/postgres-airflow-ingestion-dag.py for tasks to queue
[2026-03-27T18:30:42.629+0000] {logging_mixin.py:188} INFO - [2026-03-27T18:30:42.628+0000] {dagbag.py:545} INFO - Filling up the DagBag from /opt/airflow/dags/postgres-airflow-ingestion-dag.py
[2026-03-27T18:30:42.671+0000] {processor.py:840} INFO - DAG(s) 'spark_streaming_pipeline' retrieved from /opt/airflow/dags/postgres-airflow-ingestion-dag.py
[2026-03-27T18:30:42.723+0000] {logging_mixin.py:188} INFO - [2026-03-27T18:30:42.722+0000] {dag.py:3089} INFO - Sync 1 DAGs
[2026-03-27T18:30:42.747+0000] {logging_mixin.py:188} INFO - [2026-03-27T18:30:42.746+0000] {dag.py:3947} INFO - Setting next_dagrun for spark_streaming_pipeline to None, run_after=None
[2026-03-27T18:30:42.788+0000] {processor.py:183} INFO - Processing /opt/airflow/dags/postgres-airflow-ingestion-dag.py took 0.180 seconds
[2026-03-27T18:31:13.338+0000] {processor.py:161} INFO - Started process (PID=5688) to work on /opt/airflow/dags/postgres-airflow-ingestion-dag.py
[2026-03-27T18:31:13.340+0000] {processor.py:830} INFO - Processing file /opt/airflow/dags/postgres-airflow-ingestion-dag.py for tasks to queue
[2026-03-27T18:31:13.344+0000] {logging_mixin.py:188} INFO - [2026-03-27T18:31:13.343+0000] {dagbag.py:545} INFO - Filling up the DagBag from /opt/airflow/dags/postgres-airflow-ingestion-dag.py
[2026-03-27T18:31:13.389+0000] {processor.py:840} INFO - DAG(s) 'spark_streaming_pipeline' retrieved from /opt/airflow/dags/postgres-airflow-ingestion-dag.py
[2026-03-27T18:31:13.460+0000] {logging_mixin.py:188} INFO - [2026-03-27T18:31:13.459+0000] {dag.py:3089} INFO - Sync 1 DAGs
[2026-03-27T18:31:13.500+0000] {logging_mixin.py:188} INFO - [2026-03-27T18:31:13.499+0000] {dag.py:3947} INFO - Setting next_dagrun for spark_streaming_pipeline to None, run_after=None
[2026-03-27T18:31:13.552+0000] {processor.py:183} INFO - Processing /opt/airflow/dags/postgres-airflow-ingestion-dag.py took 0.227 seconds
[2026-03-27T18:31:44.072+0000] {processor.py:161} INFO - Started process (PID=6965) to work on /opt/airflow/dags/postgres-airflow-ingestion-dag.py
[2026-03-27T18:31:44.074+0000] {processor.py:830} INFO - Processing file /opt/airflow/dags/postgres-airflow-ingestion-dag.py for tasks to queue
[2026-03-27T18:31:44.078+0000] {logging_mixin.py:188} INFO - [2026-03-27T18:31:44.077+0000] {dagbag.py:545} INFO - Filling up the DagBag from /opt/airflow/dags/postgres-airflow-ingestion-dag.py
[2026-03-27T18:31:44.124+0000] {processor.py:840} INFO - DAG(s) 'spark_streaming_pipeline' retrieved from /opt/airflow/dags/postgres-airflow-ingestion-dag.py
[2026-03-27T18:31:44.191+0000] {logging_mixin.py:188} INFO - [2026-03-27T18:31:44.191+0000] {dag.py:3089} INFO - Sync 1 DAGs
[2026-03-27T18:31:44.220+0000] {logging_mixin.py:188} INFO - [2026-03-27T18:31:44.219+0000] {dag.py:3947} INFO - Setting next_dagrun for spark_streaming_pipeline to None, run_after=None
[2026-03-27T18:31:44.268+0000] {processor.py:183} INFO - Processing /opt/airflow/dags/postgres-airflow-ingestion-dag.py took 0.212 seconds
[2026-03-27T18:32:14.896+0000] {processor.py:161} INFO - Started process (PID=8116) to work on /opt/airflow/dags/postgres-airflow-ingestion-dag.py
[2026-03-27T18:32:14.899+0000] {processor.py:830} INFO - Processing file /opt/airflow/dags/postgres-airflow-ingestion-dag.py for tasks to queue
[2026-03-27T18:32:14.904+0000] {logging_mixin.py:188} INFO - [2026-03-27T18:32:14.903+0000] {dagbag.py:545} INFO - Filling up the DagBag from /opt/airflow/dags/postgres-airflow-ingestion-dag.py
[2026-03-27T18:32:14.966+0000] {processor.py:840} INFO - DAG(s) 'spark_streaming_pipeline' retrieved from /opt/airflow/dags/postgres-airflow-ingestion-dag.py
[2026-03-27T18:32:15.045+0000] {logging_mixin.py:188} INFO - [2026-03-27T18:32:15.045+0000] {dag.py:3089} INFO - Sync 1 DAGs
[2026-03-27T18:32:15.078+0000] {logging_mixin.py:188} INFO - [2026-03-27T18:32:15.077+0000] {dag.py:3947} INFO - Setting next_dagrun for spark_streaming_pipeline to None, run_after=None
[2026-03-27T18:32:15.133+0000] {processor.py:183} INFO - Processing /opt/airflow/dags/postgres-airflow-ingestion-dag.py took 0.254 seconds
[2026-03-27T18:32:46.136+0000] {processor.py:161} INFO - Started process (PID=8149) to work on /opt/airflow/dags/postgres-airflow-ingestion-dag.py
[2026-03-27T18:32:46.139+0000] {processor.py:830} INFO - Processing file /opt/airflow/dags/postgres-airflow-ingestion-dag.py for tasks to queue
[2026-03-27T18:32:46.144+0000] {logging_mixin.py:188} INFO - [2026-03-27T18:32:46.144+0000] {dagbag.py:545} INFO - Filling up the DagBag from /opt/airflow/dags/postgres-airflow-ingestion-dag.py
[2026-03-27T18:32:46.189+0000] {processor.py:840} INFO - DAG(s) 'spark_streaming_pipeline' retrieved from /opt/airflow/dags/postgres-airflow-ingestion-dag.py
[2026-03-27T18:32:46.244+0000] {logging_mixin.py:188} INFO - [2026-03-27T18:32:46.243+0000] {dag.py:3089} INFO - Sync 1 DAGs
[2026-03-27T18:32:46.271+0000] {logging_mixin.py:188} INFO - [2026-03-27T18:32:46.271+0000] {dag.py:3947} INFO - Setting next_dagrun for spark_streaming_pipeline to None, run_after=None
[2026-03-27T18:32:46.312+0000] {processor.py:183} INFO - Processing /opt/airflow/dags/postgres-airflow-ingestion-dag.py took 0.194 seconds
[2026-03-27T18:33:16.811+0000] {processor.py:161} INFO - Started process (PID=8174) to work on /opt/airflow/dags/postgres-airflow-ingestion-dag.py
[2026-03-27T18:33:16.813+0000] {processor.py:830} INFO - Processing file /opt/airflow/dags/postgres-airflow-ingestion-dag.py for tasks to queue
[2026-03-27T18:33:16.817+0000] {logging_mixin.py:188} INFO - [2026-03-27T18:33:16.817+0000] {dagbag.py:545} INFO - Filling up the DagBag from /opt/airflow/dags/postgres-airflow-ingestion-dag.py
[2026-03-27T18:33:16.916+0000] {processor.py:840} INFO - DAG(s) 'spark_streaming_pipeline' retrieved from /opt/airflow/dags/postgres-airflow-ingestion-dag.py
[2026-03-27T18:33:17.060+0000] {logging_mixin.py:188} INFO - [2026-03-27T18:33:17.059+0000] {dag.py:3089} INFO - Sync 1 DAGs
[2026-03-27T18:33:17.086+0000] {logging_mixin.py:188} INFO - [2026-03-27T18:33:17.086+0000] {dag.py:3947} INFO - Setting next_dagrun for spark_streaming_pipeline to None, run_after=None
[2026-03-27T18:33:17.128+0000] {processor.py:183} INFO - Processing /opt/airflow/dags/postgres-airflow-ingestion-dag.py took 0.329 seconds
[2026-03-27T18:33:48.127+0000] {processor.py:161} INFO - Started process (PID=8199) to work on /opt/airflow/dags/postgres-airflow-ingestion-dag.py
[2026-03-27T18:33:48.132+0000] {processor.py:830} INFO - Processing file /opt/airflow/dags/postgres-airflow-ingestion-dag.py for tasks to queue
[2026-03-27T18:33:48.142+0000] {logging_mixin.py:188} INFO - [2026-03-27T18:33:48.140+0000] {dagbag.py:545} INFO - Filling up the DagBag from /opt/airflow/dags/postgres-airflow-ingestion-dag.py
[2026-03-27T18:33:48.241+0000] {processor.py:840} INFO - DAG(s) 'spark_streaming_pipeline' retrieved from /opt/airflow/dags/postgres-airflow-ingestion-dag.py
[2026-03-27T18:33:48.374+0000] {logging_mixin.py:188} INFO - [2026-03-27T18:33:48.373+0000] {dag.py:3089} INFO - Sync 1 DAGs
[2026-03-27T18:33:48.438+0000] {logging_mixin.py:188} INFO - [2026-03-27T18:33:48.437+0000] {dag.py:3947} INFO - Setting next_dagrun for spark_streaming_pipeline to None, run_after=None
[2026-03-27T18:33:48.543+0000] {processor.py:183} INFO - Processing /opt/airflow/dags/postgres-airflow-ingestion-dag.py took 0.458 seconds
[2026-03-27T18:34:19.236+0000] {processor.py:161} INFO - Started process (PID=8224) to work on /opt/airflow/dags/postgres-airflow-ingestion-dag.py
[2026-03-27T18:34:19.242+0000] {processor.py:830} INFO - Processing file /opt/airflow/dags/postgres-airflow-ingestion-dag.py for tasks to queue
[2026-03-27T18:34:19.251+0000] {logging_mixin.py:188} INFO - [2026-03-27T18:34:19.249+0000] {dagbag.py:545} INFO - Filling up the DagBag from /opt/airflow/dags/postgres-airflow-ingestion-dag.py
[2026-03-27T18:34:19.351+0000] {processor.py:840} INFO - DAG(s) 'spark_streaming_pipeline' retrieved from /opt/airflow/dags/postgres-airflow-ingestion-dag.py
[2026-03-27T18:34:19.479+0000] {logging_mixin.py:188} INFO - [2026-03-27T18:34:19.478+0000] {dag.py:3089} INFO - Sync 1 DAGs
[2026-03-27T18:34:19.544+0000] {logging_mixin.py:188} INFO - [2026-03-27T18:34:19.543+0000] {dag.py:3947} INFO - Setting next_dagrun for spark_streaming_pipeline to None, run_after=None
[2026-03-27T18:34:19.608+0000] {processor.py:183} INFO - Processing /opt/airflow/dags/postgres-airflow-ingestion-dag.py took 0.401 seconds
[2026-03-27T18:34:49.991+0000] {processor.py:161} INFO - Started process (PID=8249) to work on /opt/airflow/dags/postgres-airflow-ingestion-dag.py
[2026-03-27T18:34:49.994+0000] {processor.py:830} INFO - Processing file /opt/airflow/dags/postgres-airflow-ingestion-dag.py for tasks to queue
[2026-03-27T18:34:49.999+0000] {logging_mixin.py:188} INFO - [2026-03-27T18:34:49.998+0000] {dagbag.py:545} INFO - Filling up the DagBag from /opt/airflow/dags/postgres-airflow-ingestion-dag.py
[2026-03-27T18:34:50.050+0000] {processor.py:840} INFO - DAG(s) 'spark_streaming_pipeline' retrieved from /opt/airflow/dags/postgres-airflow-ingestion-dag.py
[2026-03-27T18:34:50.097+0000] {logging_mixin.py:188} INFO - [2026-03-27T18:34:50.097+0000] {dag.py:3089} INFO - Sync 1 DAGs
[2026-03-27T18:34:50.121+0000] {logging_mixin.py:188} INFO - [2026-03-27T18:34:50.121+0000] {dag.py:3947} INFO - Setting next_dagrun for spark_streaming_pipeline to None, run_after=None
[2026-03-27T18:34:50.184+0000] {processor.py:183} INFO - Processing /opt/airflow/dags/postgres-airflow-ingestion-dag.py took 0.209 seconds
[2026-03-27T18:35:20.317+0000] {processor.py:161} INFO - Started process (PID=8281) to work on /opt/airflow/dags/postgres-airflow-ingestion-dag.py
[2026-03-27T18:35:20.320+0000] {processor.py:830} INFO - Processing file /opt/airflow/dags/postgres-airflow-ingestion-dag.py for tasks to queue
[2026-03-27T18:35:20.324+0000] {logging_mixin.py:188} INFO - [2026-03-27T18:35:20.323+0000] {dagbag.py:545} INFO - Filling up the DagBag from /opt/airflow/dags/postgres-airflow-ingestion-dag.py
[2026-03-27T18:35:20.374+0000] {processor.py:840} INFO - DAG(s) 'spark_streaming_pipeline' retrieved from /opt/airflow/dags/postgres-airflow-ingestion-dag.py
[2026-03-27T18:35:20.425+0000] {logging_mixin.py:188} INFO - [2026-03-27T18:35:20.425+0000] {dag.py:3089} INFO - Sync 1 DAGs
[2026-03-27T18:35:20.453+0000] {logging_mixin.py:188} INFO - [2026-03-27T18:35:20.452+0000] {dag.py:3947} INFO - Setting next_dagrun for spark_streaming_pipeline to None, run_after=None
[2026-03-27T18:35:20.513+0000] {processor.py:183} INFO - Processing /opt/airflow/dags/postgres-airflow-ingestion-dag.py took 0.213 seconds
[2026-03-27T18:35:50.862+0000] {processor.py:161} INFO - Started process (PID=9730) to work on /opt/airflow/dags/postgres-airflow-ingestion-dag.py
[2026-03-27T18:35:50.864+0000] {processor.py:830} INFO - Processing file /opt/airflow/dags/postgres-airflow-ingestion-dag.py for tasks to queue
[2026-03-27T18:35:50.869+0000] {logging_mixin.py:188} INFO - [2026-03-27T18:35:50.868+0000] {dagbag.py:545} INFO - Filling up the DagBag from /opt/airflow/dags/postgres-airflow-ingestion-dag.py
[2026-03-27T18:35:50.909+0000] {processor.py:840} INFO - DAG(s) 'spark_streaming_pipeline' retrieved from /opt/airflow/dags/postgres-airflow-ingestion-dag.py
[2026-03-27T18:35:50.965+0000] {logging_mixin.py:188} INFO - [2026-03-27T18:35:50.965+0000] {dag.py:3089} INFO - Sync 1 DAGs
[2026-03-27T18:35:50.990+0000] {logging_mixin.py:188} INFO - [2026-03-27T18:35:50.990+0000] {dag.py:3947} INFO - Setting next_dagrun for spark_streaming_pipeline to None, run_after=None
[2026-03-27T18:35:51.048+0000] {processor.py:183} INFO - Processing /opt/airflow/dags/postgres-airflow-ingestion-dag.py took 0.202 seconds
[2026-03-27T18:36:21.355+0000] {processor.py:161} INFO - Started process (PID=10177) to work on /opt/airflow/dags/postgres-airflow-ingestion-dag.py
[2026-03-27T18:36:21.357+0000] {processor.py:830} INFO - Processing file /opt/airflow/dags/postgres-airflow-ingestion-dag.py for tasks to queue
[2026-03-27T18:36:21.362+0000] {logging_mixin.py:188} INFO - [2026-03-27T18:36:21.361+0000] {dagbag.py:545} INFO - Filling up the DagBag from /opt/airflow/dags/postgres-airflow-ingestion-dag.py
[2026-03-27T18:36:21.412+0000] {processor.py:840} INFO - DAG(s) 'spark_streaming_pipeline' retrieved from /opt/airflow/dags/postgres-airflow-ingestion-dag.py
[2026-03-27T18:36:21.472+0000] {logging_mixin.py:188} INFO - [2026-03-27T18:36:21.471+0000] {dag.py:3089} INFO - Sync 1 DAGs
[2026-03-27T18:36:21.502+0000] {logging_mixin.py:188} INFO - [2026-03-27T18:36:21.501+0000] {dag.py:3947} INFO - Setting next_dagrun for spark_streaming_pipeline to None, run_after=None
[2026-03-27T18:36:21.546+0000] {processor.py:183} INFO - Processing /opt/airflow/dags/postgres-airflow-ingestion-dag.py took 0.204 seconds
[2026-03-27T18:36:51.974+0000] {processor.py:161} INFO - Started process (PID=10218) to work on /opt/airflow/dags/postgres-airflow-ingestion-dag.py
[2026-03-27T18:36:51.976+0000] {processor.py:830} INFO - Processing file /opt/airflow/dags/postgres-airflow-ingestion-dag.py for tasks to queue
[2026-03-27T18:36:51.980+0000] {logging_mixin.py:188} INFO - [2026-03-27T18:36:51.980+0000] {dagbag.py:545} INFO - Filling up the DagBag from /opt/airflow/dags/postgres-airflow-ingestion-dag.py
[2026-03-27T18:36:52.023+0000] {processor.py:840} INFO - DAG(s) 'spark_streaming_pipeline' retrieved from /opt/airflow/dags/postgres-airflow-ingestion-dag.py
[2026-03-27T18:36:52.079+0000] {logging_mixin.py:188} INFO - [2026-03-27T18:36:52.079+0000] {dag.py:3089} INFO - Sync 1 DAGs
[2026-03-27T18:36:52.110+0000] {logging_mixin.py:188} INFO - [2026-03-27T18:36:52.109+0000] {dag.py:3947} INFO - Setting next_dagrun for spark_streaming_pipeline to None, run_after=None
[2026-03-27T18:36:52.170+0000] {processor.py:183} INFO - Processing /opt/airflow/dags/postgres-airflow-ingestion-dag.py took 0.212 seconds
[2026-03-27T18:37:22.618+0000] {processor.py:161} INFO - Started process (PID=10243) to work on /opt/airflow/dags/postgres-airflow-ingestion-dag.py
[2026-03-27T18:37:22.620+0000] {processor.py:830} INFO - Processing file /opt/airflow/dags/postgres-airflow-ingestion-dag.py for tasks to queue
[2026-03-27T18:37:22.624+0000] {logging_mixin.py:188} INFO - [2026-03-27T18:37:22.623+0000] {dagbag.py:545} INFO - Filling up the DagBag from /opt/airflow/dags/postgres-airflow-ingestion-dag.py
[2026-03-27T18:37:22.671+0000] {processor.py:840} INFO - DAG(s) 'spark_streaming_pipeline' retrieved from /opt/airflow/dags/postgres-airflow-ingestion-dag.py
[2026-03-27T18:37:22.724+0000] {logging_mixin.py:188} INFO - [2026-03-27T18:37:22.724+0000] {dag.py:3089} INFO - Sync 1 DAGs
[2026-03-27T18:37:22.746+0000] {logging_mixin.py:188} INFO - [2026-03-27T18:37:22.745+0000] {dag.py:3947} INFO - Setting next_dagrun for spark_streaming_pipeline to None, run_after=None
[2026-03-27T18:37:22.783+0000] {processor.py:183} INFO - Processing /opt/airflow/dags/postgres-airflow-ingestion-dag.py took 0.176 seconds
[2026-03-27T18:37:53.011+0000] {processor.py:161} INFO - Started process (PID=10268) to work on /opt/airflow/dags/postgres-airflow-ingestion-dag.py
[2026-03-27T18:37:53.013+0000] {processor.py:830} INFO - Processing file /opt/airflow/dags/postgres-airflow-ingestion-dag.py for tasks to queue
[2026-03-27T18:37:53.019+0000] {logging_mixin.py:188} INFO - [2026-03-27T18:37:53.018+0000] {dagbag.py:545} INFO - Filling up the DagBag from /opt/airflow/dags/postgres-airflow-ingestion-dag.py
[2026-03-27T18:37:53.076+0000] {processor.py:840} INFO - DAG(s) 'spark_streaming_pipeline' retrieved from /opt/airflow/dags/postgres-airflow-ingestion-dag.py
[2026-03-27T18:37:53.152+0000] {logging_mixin.py:188} INFO - [2026-03-27T18:37:53.151+0000] {dag.py:3089} INFO - Sync 1 DAGs
[2026-03-27T18:37:53.174+0000] {logging_mixin.py:188} INFO - [2026-03-27T18:37:53.173+0000] {dag.py:3947} INFO - Setting next_dagrun for spark_streaming_pipeline to None, run_after=None
[2026-03-27T18:37:53.213+0000] {processor.py:183} INFO - Processing /opt/airflow/dags/postgres-airflow-ingestion-dag.py took 0.219 seconds
[2026-03-27T18:38:23.676+0000] {processor.py:161} INFO - Started process (PID=10293) to work on /opt/airflow/dags/postgres-airflow-ingestion-dag.py
[2026-03-27T18:38:23.678+0000] {processor.py:830} INFO - Processing file /opt/airflow/dags/postgres-airflow-ingestion-dag.py for tasks to queue
[2026-03-27T18:38:23.683+0000] {logging_mixin.py:188} INFO - [2026-03-27T18:38:23.682+0000] {dagbag.py:545} INFO - Filling up the DagBag from /opt/airflow/dags/postgres-airflow-ingestion-dag.py
[2026-03-27T18:38:23.729+0000] {processor.py:840} INFO - DAG(s) 'spark_streaming_pipeline' retrieved from /opt/airflow/dags/postgres-airflow-ingestion-dag.py
[2026-03-27T18:38:23.805+0000] {logging_mixin.py:188} INFO - [2026-03-27T18:38:23.805+0000] {dag.py:3089} INFO - Sync 1 DAGs
[2026-03-27T18:38:23.843+0000] {logging_mixin.py:188} INFO - [2026-03-27T18:38:23.842+0000] {dag.py:3947} INFO - Setting next_dagrun for spark_streaming_pipeline to None, run_after=None
[2026-03-27T18:38:23.915+0000] {processor.py:183} INFO - Processing /opt/airflow/dags/postgres-airflow-ingestion-dag.py took 0.260 seconds
[2026-03-27T18:38:54.048+0000] {processor.py:161} INFO - Started process (PID=10318) to work on /opt/airflow/dags/postgres-airflow-ingestion-dag.py
[2026-03-27T18:38:54.050+0000] {processor.py:830} INFO - Processing file /opt/airflow/dags/postgres-airflow-ingestion-dag.py for tasks to queue
[2026-03-27T18:38:54.055+0000] {logging_mixin.py:188} INFO - [2026-03-27T18:38:54.055+0000] {dagbag.py:545} INFO - Filling up the DagBag from /opt/airflow/dags/postgres-airflow-ingestion-dag.py
[2026-03-27T18:38:54.096+0000] {processor.py:840} INFO - DAG(s) 'spark_streaming_pipeline' retrieved from /opt/airflow/dags/postgres-airflow-ingestion-dag.py
[2026-03-27T18:38:54.149+0000] {logging_mixin.py:188} INFO - [2026-03-27T18:38:54.148+0000] {dag.py:3089} INFO - Sync 1 DAGs
[2026-03-27T18:38:54.176+0000] {logging_mixin.py:188} INFO - [2026-03-27T18:38:54.175+0000] {dag.py:3947} INFO - Setting next_dagrun for spark_streaming_pipeline to None, run_after=None
[2026-03-27T18:38:54.230+0000] {processor.py:183} INFO - Processing /opt/airflow/dags/postgres-airflow-ingestion-dag.py took 0.196 seconds
[2026-03-27T18:39:24.641+0000] {processor.py:161} INFO - Started process (PID=10544) to work on /opt/airflow/dags/postgres-airflow-ingestion-dag.py
[2026-03-27T18:39:24.644+0000] {processor.py:830} INFO - Processing file /opt/airflow/dags/postgres-airflow-ingestion-dag.py for tasks to queue
[2026-03-27T18:39:24.649+0000] {logging_mixin.py:188} INFO - [2026-03-27T18:39:24.648+0000] {dagbag.py:545} INFO - Filling up the DagBag from /opt/airflow/dags/postgres-airflow-ingestion-dag.py
[2026-03-27T18:39:24.697+0000] {processor.py:840} INFO - DAG(s) 'spark_streaming_pipeline' retrieved from /opt/airflow/dags/postgres-airflow-ingestion-dag.py
[2026-03-27T18:39:24.750+0000] {logging_mixin.py:188} INFO - [2026-03-27T18:39:24.750+0000] {dag.py:3089} INFO - Sync 1 DAGs
[2026-03-27T18:39:24.785+0000] {logging_mixin.py:188} INFO - [2026-03-27T18:39:24.785+0000] {dag.py:3947} INFO - Setting next_dagrun for spark_streaming_pipeline to None, run_after=None
[2026-03-27T18:39:24.859+0000] {processor.py:183} INFO - Processing /opt/airflow/dags/postgres-airflow-ingestion-dag.py took 0.234 seconds
[2026-03-27T18:39:55.238+0000] {processor.py:161} INFO - Started process (PID=12205) to work on /opt/airflow/dags/postgres-airflow-ingestion-dag.py
[2026-03-27T18:39:55.242+0000] {processor.py:830} INFO - Processing file /opt/airflow/dags/postgres-airflow-ingestion-dag.py for tasks to queue
[2026-03-27T18:39:55.249+0000] {logging_mixin.py:188} INFO - [2026-03-27T18:39:55.248+0000] {dagbag.py:545} INFO - Filling up the DagBag from /opt/airflow/dags/postgres-airflow-ingestion-dag.py
[2026-03-27T18:39:55.324+0000] {processor.py:840} INFO - DAG(s) 'spark_streaming_pipeline' retrieved from /opt/airflow/dags/postgres-airflow-ingestion-dag.py
[2026-03-27T18:39:55.414+0000] {logging_mixin.py:188} INFO - [2026-03-27T18:39:55.414+0000] {dag.py:3089} INFO - Sync 1 DAGs
[2026-03-27T18:39:55.454+0000] {logging_mixin.py:188} INFO - [2026-03-27T18:39:55.453+0000] {dag.py:3947} INFO - Setting next_dagrun for spark_streaming_pipeline to None, run_after=None
[2026-03-27T18:39:55.515+0000] {processor.py:183} INFO - Processing /opt/airflow/dags/postgres-airflow-ingestion-dag.py took 0.304 seconds
[2026-03-27T18:40:25.638+0000] {processor.py:161} INFO - Started process (PID=12247) to work on /opt/airflow/dags/postgres-airflow-ingestion-dag.py
[2026-03-27T18:40:25.641+0000] {processor.py:830} INFO - Processing file /opt/airflow/dags/postgres-airflow-ingestion-dag.py for tasks to queue
[2026-03-27T18:40:25.645+0000] {logging_mixin.py:188} INFO - [2026-03-27T18:40:25.645+0000] {dagbag.py:545} INFO - Filling up the DagBag from /opt/airflow/dags/postgres-airflow-ingestion-dag.py
[2026-03-27T18:40:25.701+0000] {processor.py:840} INFO - DAG(s) 'spark_streaming_pipeline' retrieved from /opt/airflow/dags/postgres-airflow-ingestion-dag.py
[2026-03-27T18:40:25.760+0000] {logging_mixin.py:188} INFO - [2026-03-27T18:40:25.759+0000] {dag.py:3089} INFO - Sync 1 DAGs
[2026-03-27T18:40:25.789+0000] {logging_mixin.py:188} INFO - [2026-03-27T18:40:25.789+0000] {dag.py:3947} INFO - Setting next_dagrun for spark_streaming_pipeline to None, run_after=None
[2026-03-27T18:40:25.850+0000] {processor.py:183} INFO - Processing /opt/airflow/dags/postgres-airflow-ingestion-dag.py took 0.225 seconds
[2026-03-27T18:40:56.168+0000] {processor.py:161} INFO - Started process (PID=12272) to work on /opt/airflow/dags/postgres-airflow-ingestion-dag.py
[2026-03-27T18:40:56.170+0000] {processor.py:830} INFO - Processing file /opt/airflow/dags/postgres-airflow-ingestion-dag.py for tasks to queue
[2026-03-27T18:40:56.174+0000] {logging_mixin.py:188} INFO - [2026-03-27T18:40:56.174+0000] {dagbag.py:545} INFO - Filling up the DagBag from /opt/airflow/dags/postgres-airflow-ingestion-dag.py
[2026-03-27T18:40:56.220+0000] {processor.py:840} INFO - DAG(s) 'spark_streaming_pipeline' retrieved from /opt/airflow/dags/postgres-airflow-ingestion-dag.py
[2026-03-27T18:40:56.276+0000] {logging_mixin.py:188} INFO - [2026-03-27T18:40:56.276+0000] {dag.py:3089} INFO - Sync 1 DAGs
[2026-03-27T18:40:56.301+0000] {logging_mixin.py:188} INFO - [2026-03-27T18:40:56.301+0000] {dag.py:3947} INFO - Setting next_dagrun for spark_streaming_pipeline to None, run_after=None
[2026-03-27T18:40:56.367+0000] {processor.py:183} INFO - Processing /opt/airflow/dags/postgres-airflow-ingestion-dag.py took 0.210 seconds
[2026-03-27T18:41:26.572+0000] {processor.py:161} INFO - Started process (PID=12297) to work on /opt/airflow/dags/postgres-airflow-ingestion-dag.py
[2026-03-27T18:41:26.575+0000] {processor.py:830} INFO - Processing file /opt/airflow/dags/postgres-airflow-ingestion-dag.py for tasks to queue
[2026-03-27T18:41:26.578+0000] {logging_mixin.py:188} INFO - [2026-03-27T18:41:26.578+0000] {dagbag.py:545} INFO - Filling up the DagBag from /opt/airflow/dags/postgres-airflow-ingestion-dag.py
[2026-03-27T18:41:26.622+0000] {processor.py:840} INFO - DAG(s) 'spark_streaming_pipeline' retrieved from /opt/airflow/dags/postgres-airflow-ingestion-dag.py
[2026-03-27T18:41:26.678+0000] {logging_mixin.py:188} INFO - [2026-03-27T18:41:26.677+0000] {dag.py:3089} INFO - Sync 1 DAGs
[2026-03-27T18:41:26.704+0000] {logging_mixin.py:188} INFO - [2026-03-27T18:41:26.704+0000] {dag.py:3947} INFO - Setting next_dagrun for spark_streaming_pipeline to None, run_after=None
[2026-03-27T18:41:26.744+0000] {processor.py:183} INFO - Processing /opt/airflow/dags/postgres-airflow-ingestion-dag.py took 0.185 seconds
[2026-03-27T18:41:57.092+0000] {processor.py:161} INFO - Started process (PID=12322) to work on /opt/airflow/dags/postgres-airflow-ingestion-dag.py
[2026-03-27T18:41:57.097+0000] {processor.py:830} INFO - Processing file /opt/airflow/dags/postgres-airflow-ingestion-dag.py for tasks to queue
[2026-03-27T18:41:57.107+0000] {logging_mixin.py:188} INFO - [2026-03-27T18:41:57.105+0000] {dagbag.py:545} INFO - Filling up the DagBag from /opt/airflow/dags/postgres-airflow-ingestion-dag.py
[2026-03-27T18:41:57.207+0000] {processor.py:840} INFO - DAG(s) 'spark_streaming_pipeline' retrieved from /opt/airflow/dags/postgres-airflow-ingestion-dag.py
[2026-03-27T18:41:57.324+0000] {logging_mixin.py:188} INFO - [2026-03-27T18:41:57.323+0000] {dag.py:3089} INFO - Sync 1 DAGs
[2026-03-27T18:41:57.378+0000] {logging_mixin.py:188} INFO - [2026-03-27T18:41:57.377+0000] {dag.py:3947} INFO - Setting next_dagrun for spark_streaming_pipeline to None, run_after=None
[2026-03-27T18:41:57.434+0000] {processor.py:183} INFO - Processing /opt/airflow/dags/postgres-airflow-ingestion-dag.py took 0.375 seconds
[2026-03-27T18:42:27.834+0000] {processor.py:161} INFO - Started process (PID=12347) to work on /opt/airflow/dags/postgres-airflow-ingestion-dag.py
[2026-03-27T18:42:27.839+0000] {processor.py:830} INFO - Processing file /opt/airflow/dags/postgres-airflow-ingestion-dag.py for tasks to queue
[2026-03-27T18:42:27.847+0000] {logging_mixin.py:188} INFO - [2026-03-27T18:42:27.846+0000] {dagbag.py:545} INFO - Filling up the DagBag from /opt/airflow/dags/postgres-airflow-ingestion-dag.py
[2026-03-27T18:42:27.936+0000] {processor.py:840} INFO - DAG(s) 'spark_streaming_pipeline' retrieved from /opt/airflow/dags/postgres-airflow-ingestion-dag.py
[2026-03-27T18:42:28.052+0000] {logging_mixin.py:188} INFO - [2026-03-27T18:42:28.051+0000] {dag.py:3089} INFO - Sync 1 DAGs
[2026-03-27T18:42:28.089+0000] {logging_mixin.py:188} INFO - [2026-03-27T18:42:28.089+0000] {dag.py:3947} INFO - Setting next_dagrun for spark_streaming_pipeline to None, run_after=None
[2026-03-27T18:42:28.140+0000] {processor.py:183} INFO - Processing /opt/airflow/dags/postgres-airflow-ingestion-dag.py took 0.333 seconds
[2026-03-27T18:42:58.320+0000] {processor.py:161} INFO - Started process (PID=12372) to work on /opt/airflow/dags/postgres-airflow-ingestion-dag.py
[2026-03-27T18:42:58.322+0000] {processor.py:830} INFO - Processing file /opt/airflow/dags/postgres-airflow-ingestion-dag.py for tasks to queue
[2026-03-27T18:42:58.325+0000] {logging_mixin.py:188} INFO - [2026-03-27T18:42:58.325+0000] {dagbag.py:545} INFO - Filling up the DagBag from /opt/airflow/dags/postgres-airflow-ingestion-dag.py
[2026-03-27T18:42:58.380+0000] {processor.py:840} INFO - DAG(s) 'spark_streaming_pipeline' retrieved from /opt/airflow/dags/postgres-airflow-ingestion-dag.py
[2026-03-27T18:42:58.433+0000] {logging_mixin.py:188} INFO - [2026-03-27T18:42:58.433+0000] {dag.py:3089} INFO - Sync 1 DAGs
[2026-03-27T18:42:58.459+0000] {logging_mixin.py:188} INFO - [2026-03-27T18:42:58.459+0000] {dag.py:3947} INFO - Setting next_dagrun for spark_streaming_pipeline to None, run_after=None
[2026-03-27T18:42:58.516+0000] {processor.py:183} INFO - Processing /opt/airflow/dags/postgres-airflow-ingestion-dag.py took 0.207 seconds
[2026-03-27T18:43:28.752+0000] {processor.py:161} INFO - Started process (PID=13301) to work on /opt/airflow/dags/postgres-airflow-ingestion-dag.py
[2026-03-27T18:43:28.755+0000] {processor.py:830} INFO - Processing file /opt/airflow/dags/postgres-airflow-ingestion-dag.py for tasks to queue
[2026-03-27T18:43:28.760+0000] {logging_mixin.py:188} INFO - [2026-03-27T18:43:28.759+0000] {dagbag.py:545} INFO - Filling up the DagBag from /opt/airflow/dags/postgres-airflow-ingestion-dag.py
[2026-03-27T18:43:28.802+0000] {processor.py:840} INFO - DAG(s) 'spark_streaming_pipeline' retrieved from /opt/airflow/dags/postgres-airflow-ingestion-dag.py
[2026-03-27T18:43:28.863+0000] {logging_mixin.py:188} INFO - [2026-03-27T18:43:28.862+0000] {dag.py:3089} INFO - Sync 1 DAGs
[2026-03-27T18:43:28.903+0000] {logging_mixin.py:188} INFO - [2026-03-27T18:43:28.903+0000] {dag.py:3947} INFO - Setting next_dagrun for spark_streaming_pipeline to None, run_after=None
[2026-03-27T18:43:28.948+0000] {processor.py:183} INFO - Processing /opt/airflow/dags/postgres-airflow-ingestion-dag.py took 0.213 seconds
[2026-03-27T18:43:59.340+0000] {processor.py:161} INFO - Started process (PID=14220) to work on /opt/airflow/dags/postgres-airflow-ingestion-dag.py
[2026-03-27T18:43:59.344+0000] {processor.py:830} INFO - Processing file /opt/airflow/dags/postgres-airflow-ingestion-dag.py for tasks to queue
[2026-03-27T18:43:59.351+0000] {logging_mixin.py:188} INFO - [2026-03-27T18:43:59.350+0000] {dagbag.py:545} INFO - Filling up the DagBag from /opt/airflow/dags/postgres-airflow-ingestion-dag.py
[2026-03-27T18:43:59.431+0000] {processor.py:840} INFO - DAG(s) 'spark_streaming_pipeline' retrieved from /opt/airflow/dags/postgres-airflow-ingestion-dag.py
[2026-03-27T18:43:59.543+0000] {logging_mixin.py:188} INFO - [2026-03-27T18:43:59.542+0000] {dag.py:3089} INFO - Sync 1 DAGs
[2026-03-27T18:43:59.596+0000] {logging_mixin.py:188} INFO - [2026-03-27T18:43:59.595+0000] {dag.py:3947} INFO - Setting next_dagrun for spark_streaming_pipeline to None, run_after=None
[2026-03-27T18:43:59.691+0000] {processor.py:183} INFO - Processing /opt/airflow/dags/postgres-airflow-ingestion-dag.py took 0.379 seconds
[2026-03-27T18:44:30.005+0000] {processor.py:161} INFO - Started process (PID=14268) to work on /opt/airflow/dags/postgres-airflow-ingestion-dag.py
[2026-03-27T18:44:30.010+0000] {processor.py:830} INFO - Processing file /opt/airflow/dags/postgres-airflow-ingestion-dag.py for tasks to queue
[2026-03-27T18:44:30.018+0000] {logging_mixin.py:188} INFO - [2026-03-27T18:44:30.016+0000] {dagbag.py:545} INFO - Filling up the DagBag from /opt/airflow/dags/postgres-airflow-ingestion-dag.py
[2026-03-27T18:44:30.100+0000] {processor.py:840} INFO - DAG(s) 'spark_streaming_pipeline' retrieved from /opt/airflow/dags/postgres-airflow-ingestion-dag.py
[2026-03-27T18:44:30.233+0000] {logging_mixin.py:188} INFO - [2026-03-27T18:44:30.232+0000] {dag.py:3089} INFO - Sync 1 DAGs
[2026-03-27T18:44:30.302+0000] {logging_mixin.py:188} INFO - [2026-03-27T18:44:30.301+0000] {dag.py:3947} INFO - Setting next_dagrun for spark_streaming_pipeline to None, run_after=None
[2026-03-27T18:44:30.386+0000] {processor.py:183} INFO - Processing /opt/airflow/dags/postgres-airflow-ingestion-dag.py took 0.406 seconds
[2026-03-27T18:45:01.091+0000] {processor.py:161} INFO - Started process (PID=14293) to work on /opt/airflow/dags/postgres-airflow-ingestion-dag.py
[2026-03-27T18:45:01.096+0000] {processor.py:830} INFO - Processing file /opt/airflow/dags/postgres-airflow-ingestion-dag.py for tasks to queue
[2026-03-27T18:45:01.103+0000] {logging_mixin.py:188} INFO - [2026-03-27T18:45:01.102+0000] {dagbag.py:545} INFO - Filling up the DagBag from /opt/airflow/dags/postgres-airflow-ingestion-dag.py
[2026-03-27T18:45:01.176+0000] {processor.py:840} INFO - DAG(s) 'spark_streaming_pipeline' retrieved from /opt/airflow/dags/postgres-airflow-ingestion-dag.py
[2026-03-27T18:45:01.269+0000] {logging_mixin.py:188} INFO - [2026-03-27T18:45:01.268+0000] {dag.py:3089} INFO - Sync 1 DAGs
[2026-03-27T18:45:01.319+0000] {logging_mixin.py:188} INFO - [2026-03-27T18:45:01.318+0000] {dag.py:3947} INFO - Setting next_dagrun for spark_streaming_pipeline to None, run_after=None
[2026-03-27T18:45:01.400+0000] {processor.py:183} INFO - Processing /opt/airflow/dags/postgres-airflow-ingestion-dag.py took 0.333 seconds
[2026-03-27T18:45:31.695+0000] {processor.py:161} INFO - Started process (PID=14316) to work on /opt/airflow/dags/postgres-airflow-ingestion-dag.py
[2026-03-27T18:45:31.700+0000] {processor.py:830} INFO - Processing file /opt/airflow/dags/postgres-airflow-ingestion-dag.py for tasks to queue
[2026-03-27T18:45:31.711+0000] {logging_mixin.py:188} INFO - [2026-03-27T18:45:31.709+0000] {dagbag.py:545} INFO - Filling up the DagBag from /opt/airflow/dags/postgres-airflow-ingestion-dag.py
[2026-03-27T18:45:31.798+0000] {processor.py:840} INFO - DAG(s) 'spark_streaming_pipeline' retrieved from /opt/airflow/dags/postgres-airflow-ingestion-dag.py
[2026-03-27T18:45:31.911+0000] {logging_mixin.py:188} INFO - [2026-03-27T18:45:31.910+0000] {dag.py:3089} INFO - Sync 1 DAGs
[2026-03-27T18:45:31.966+0000] {logging_mixin.py:188} INFO - [2026-03-27T18:45:31.965+0000] {dag.py:3947} INFO - Setting next_dagrun for spark_streaming_pipeline to None, run_after=None
[2026-03-27T18:45:32.022+0000] {processor.py:183} INFO - Processing /opt/airflow/dags/postgres-airflow-ingestion-dag.py took 0.360 seconds
[2026-03-27T18:46:02.790+0000] {processor.py:161} INFO - Started process (PID=14343) to work on /opt/airflow/dags/postgres-airflow-ingestion-dag.py
[2026-03-27T18:46:02.794+0000] {processor.py:830} INFO - Processing file /opt/airflow/dags/postgres-airflow-ingestion-dag.py for tasks to queue
[2026-03-27T18:46:02.806+0000] {logging_mixin.py:188} INFO - [2026-03-27T18:46:02.805+0000] {dagbag.py:545} INFO - Filling up the DagBag from /opt/airflow/dags/postgres-airflow-ingestion-dag.py
[2026-03-27T18:46:02.863+0000] {processor.py:840} INFO - DAG(s) 'spark_streaming_pipeline' retrieved from /opt/airflow/dags/postgres-airflow-ingestion-dag.py
[2026-03-27T18:46:02.927+0000] {logging_mixin.py:188} INFO - [2026-03-27T18:46:02.927+0000] {dag.py:3089} INFO - Sync 1 DAGs
[2026-03-27T18:46:02.958+0000] {logging_mixin.py:188} INFO - [2026-03-27T18:46:02.958+0000] {dag.py:3947} INFO - Setting next_dagrun for spark_streaming_pipeline to None, run_after=None
[2026-03-27T18:46:03.032+0000] {processor.py:183} INFO - Processing /opt/airflow/dags/postgres-airflow-ingestion-dag.py took 0.259 seconds
[2026-03-27T18:46:33.822+0000] {processor.py:161} INFO - Started process (PID=14368) to work on /opt/airflow/dags/postgres-airflow-ingestion-dag.py
[2026-03-27T18:46:33.827+0000] {processor.py:830} INFO - Processing file /opt/airflow/dags/postgres-airflow-ingestion-dag.py for tasks to queue
[2026-03-27T18:46:33.835+0000] {logging_mixin.py:188} INFO - [2026-03-27T18:46:33.834+0000] {dagbag.py:545} INFO - Filling up the DagBag from /opt/airflow/dags/postgres-airflow-ingestion-dag.py
[2026-03-27T18:46:33.921+0000] {processor.py:840} INFO - DAG(s) 'spark_streaming_pipeline' retrieved from /opt/airflow/dags/postgres-airflow-ingestion-dag.py
[2026-03-27T18:46:34.078+0000] {logging_mixin.py:188} INFO - [2026-03-27T18:46:34.078+0000] {dag.py:3089} INFO - Sync 1 DAGs
[2026-03-27T18:46:34.116+0000] {logging_mixin.py:188} INFO - [2026-03-27T18:46:34.116+0000] {dag.py:3947} INFO - Setting next_dagrun for spark_streaming_pipeline to None, run_after=None
[2026-03-27T18:46:34.174+0000] {processor.py:183} INFO - Processing /opt/airflow/dags/postgres-airflow-ingestion-dag.py took 0.377 seconds
[2026-03-27T18:47:04.829+0000] {processor.py:161} INFO - Started process (PID=14393) to work on /opt/airflow/dags/postgres-airflow-ingestion-dag.py
[2026-03-27T18:47:04.835+0000] {processor.py:830} INFO - Processing file /opt/airflow/dags/postgres-airflow-ingestion-dag.py for tasks to queue
[2026-03-27T18:47:04.846+0000] {logging_mixin.py:188} INFO - [2026-03-27T18:47:04.844+0000] {dagbag.py:545} INFO - Filling up the DagBag from /opt/airflow/dags/postgres-airflow-ingestion-dag.py
[2026-03-27T18:47:04.953+0000] {processor.py:840} INFO - DAG(s) 'spark_streaming_pipeline' retrieved from /opt/airflow/dags/postgres-airflow-ingestion-dag.py
[2026-03-27T18:47:05.060+0000] {logging_mixin.py:188} INFO - [2026-03-27T18:47:05.060+0000] {dag.py:3089} INFO - Sync 1 DAGs
[2026-03-27T18:47:05.102+0000] {logging_mixin.py:188} INFO - [2026-03-27T18:47:05.101+0000] {dag.py:3947} INFO - Setting next_dagrun for spark_streaming_pipeline to None, run_after=None
[2026-03-27T18:47:05.178+0000] {processor.py:183} INFO - Processing /opt/airflow/dags/postgres-airflow-ingestion-dag.py took 0.383 seconds
[2026-03-27T18:47:35.777+0000] {processor.py:161} INFO - Started process (PID=15501) to work on /opt/airflow/dags/postgres-airflow-ingestion-dag.py
[2026-03-27T18:47:35.780+0000] {processor.py:830} INFO - Processing file /opt/airflow/dags/postgres-airflow-ingestion-dag.py for tasks to queue
[2026-03-27T18:47:35.786+0000] {logging_mixin.py:188} INFO - [2026-03-27T18:47:35.785+0000] {dagbag.py:545} INFO - Filling up the DagBag from /opt/airflow/dags/postgres-airflow-ingestion-dag.py
[2026-03-27T18:47:35.849+0000] {processor.py:840} INFO - DAG(s) 'spark_streaming_pipeline' retrieved from /opt/airflow/dags/postgres-airflow-ingestion-dag.py
[2026-03-27T18:47:35.937+0000] {logging_mixin.py:188} INFO - [2026-03-27T18:47:35.936+0000] {dag.py:3089} INFO - Sync 1 DAGs
[2026-03-27T18:47:35.976+0000] {logging_mixin.py:188} INFO - [2026-03-27T18:47:35.975+0000] {dag.py:3947} INFO - Setting next_dagrun for spark_streaming_pipeline to None, run_after=None
[2026-03-27T18:47:36.050+0000] {processor.py:183} INFO - Processing /opt/airflow/dags/postgres-airflow-ingestion-dag.py took 0.293 seconds
[2026-03-27T18:48:06.965+0000] {processor.py:161} INFO - Started process (PID=16013) to work on /opt/airflow/dags/postgres-airflow-ingestion-dag.py
[2026-03-27T18:48:06.970+0000] {processor.py:830} INFO - Processing file /opt/airflow/dags/postgres-airflow-ingestion-dag.py for tasks to queue
[2026-03-27T18:48:06.980+0000] {logging_mixin.py:188} INFO - [2026-03-27T18:48:06.978+0000] {dagbag.py:545} INFO - Filling up the DagBag from /opt/airflow/dags/postgres-airflow-ingestion-dag.py
[2026-03-27T18:48:07.062+0000] {processor.py:840} INFO - DAG(s) 'spark_streaming_pipeline' retrieved from /opt/airflow/dags/postgres-airflow-ingestion-dag.py
[2026-03-27T18:48:07.188+0000] {logging_mixin.py:188} INFO - [2026-03-27T18:48:07.187+0000] {dag.py:3089} INFO - Sync 1 DAGs
[2026-03-27T18:48:07.267+0000] {logging_mixin.py:188} INFO - [2026-03-27T18:48:07.266+0000] {dag.py:3947} INFO - Setting next_dagrun for spark_streaming_pipeline to None, run_after=None
[2026-03-27T18:48:07.317+0000] {processor.py:183} INFO - Processing /opt/airflow/dags/postgres-airflow-ingestion-dag.py took 0.385 seconds
[2026-03-27T18:48:37.990+0000] {processor.py:161} INFO - Started process (PID=16042) to work on /opt/airflow/dags/postgres-airflow-ingestion-dag.py
[2026-03-27T18:48:37.994+0000] {processor.py:830} INFO - Processing file /opt/airflow/dags/postgres-airflow-ingestion-dag.py for tasks to queue
[2026-03-27T18:48:38.004+0000] {logging_mixin.py:188} INFO - [2026-03-27T18:48:38.002+0000] {dagbag.py:545} INFO - Filling up the DagBag from /opt/airflow/dags/postgres-airflow-ingestion-dag.py
[2026-03-27T18:48:38.097+0000] {processor.py:840} INFO - DAG(s) 'spark_streaming_pipeline' retrieved from /opt/airflow/dags/postgres-airflow-ingestion-dag.py
[2026-03-27T18:48:38.212+0000] {logging_mixin.py:188} INFO - [2026-03-27T18:48:38.211+0000] {dag.py:3089} INFO - Sync 1 DAGs
[2026-03-27T18:48:38.270+0000] {logging_mixin.py:188} INFO - [2026-03-27T18:48:38.269+0000] {dag.py:3947} INFO - Setting next_dagrun for spark_streaming_pipeline to None, run_after=None
[2026-03-27T18:48:38.354+0000] {processor.py:183} INFO - Processing /opt/airflow/dags/postgres-airflow-ingestion-dag.py took 0.395 seconds
[2026-03-27T18:49:08.883+0000] {processor.py:161} INFO - Started process (PID=16067) to work on /opt/airflow/dags/postgres-airflow-ingestion-dag.py
[2026-03-27T18:49:08.887+0000] {processor.py:830} INFO - Processing file /opt/airflow/dags/postgres-airflow-ingestion-dag.py for tasks to queue
[2026-03-27T18:49:08.894+0000] {logging_mixin.py:188} INFO - [2026-03-27T18:49:08.893+0000] {dagbag.py:545} INFO - Filling up the DagBag from /opt/airflow/dags/postgres-airflow-ingestion-dag.py
[2026-03-27T18:49:08.992+0000] {processor.py:840} INFO - DAG(s) 'spark_streaming_pipeline' retrieved from /opt/airflow/dags/postgres-airflow-ingestion-dag.py
[2026-03-27T18:49:09.114+0000] {logging_mixin.py:188} INFO - [2026-03-27T18:49:09.113+0000] {dag.py:3089} INFO - Sync 1 DAGs
[2026-03-27T18:49:09.169+0000] {logging_mixin.py:188} INFO - [2026-03-27T18:49:09.169+0000] {dag.py:3947} INFO - Setting next_dagrun for spark_streaming_pipeline to None, run_after=None
[2026-03-27T18:49:09.262+0000] {processor.py:183} INFO - Processing /opt/airflow/dags/postgres-airflow-ingestion-dag.py took 0.402 seconds
[2026-03-27T18:49:39.628+0000] {processor.py:161} INFO - Started process (PID=16092) to work on /opt/airflow/dags/postgres-airflow-ingestion-dag.py
[2026-03-27T18:49:39.632+0000] {processor.py:830} INFO - Processing file /opt/airflow/dags/postgres-airflow-ingestion-dag.py for tasks to queue
[2026-03-27T18:49:39.640+0000] {logging_mixin.py:188} INFO - [2026-03-27T18:49:39.638+0000] {dagbag.py:545} INFO - Filling up the DagBag from /opt/airflow/dags/postgres-airflow-ingestion-dag.py
[2026-03-27T18:49:39.724+0000] {processor.py:840} INFO - DAG(s) 'spark_streaming_pipeline' retrieved from /opt/airflow/dags/postgres-airflow-ingestion-dag.py
[2026-03-27T18:49:39.850+0000] {logging_mixin.py:188} INFO - [2026-03-27T18:49:39.849+0000] {dag.py:3089} INFO - Sync 1 DAGs
[2026-03-27T18:49:39.908+0000] {logging_mixin.py:188} INFO - [2026-03-27T18:49:39.907+0000] {dag.py:3947} INFO - Setting next_dagrun for spark_streaming_pipeline to None, run_after=None
[2026-03-27T18:49:39.990+0000] {processor.py:183} INFO - Processing /opt/airflow/dags/postgres-airflow-ingestion-dag.py took 0.387 seconds
[2026-03-27T18:50:10.587+0000] {processor.py:161} INFO - Started process (PID=16117) to work on /opt/airflow/dags/postgres-airflow-ingestion-dag.py
[2026-03-27T18:50:10.591+0000] {processor.py:830} INFO - Processing file /opt/airflow/dags/postgres-airflow-ingestion-dag.py for tasks to queue
[2026-03-27T18:50:10.597+0000] {logging_mixin.py:188} INFO - [2026-03-27T18:50:10.596+0000] {dagbag.py:545} INFO - Filling up the DagBag from /opt/airflow/dags/postgres-airflow-ingestion-dag.py
[2026-03-27T18:50:10.664+0000] {processor.py:840} INFO - DAG(s) 'spark_streaming_pipeline' retrieved from /opt/airflow/dags/postgres-airflow-ingestion-dag.py
[2026-03-27T18:50:10.749+0000] {logging_mixin.py:188} INFO - [2026-03-27T18:50:10.748+0000] {dag.py:3089} INFO - Sync 1 DAGs
[2026-03-27T18:50:10.796+0000] {logging_mixin.py:188} INFO - [2026-03-27T18:50:10.795+0000] {dag.py:3947} INFO - Setting next_dagrun for spark_streaming_pipeline to None, run_after=None
[2026-03-27T18:50:10.883+0000] {processor.py:183} INFO - Processing /opt/airflow/dags/postgres-airflow-ingestion-dag.py took 0.315 seconds
[2026-03-27T18:50:41.787+0000] {processor.py:161} INFO - Started process (PID=16142) to work on /opt/airflow/dags/postgres-airflow-ingestion-dag.py
[2026-03-27T18:50:41.791+0000] {processor.py:830} INFO - Processing file /opt/airflow/dags/postgres-airflow-ingestion-dag.py for tasks to queue
[2026-03-27T18:50:41.800+0000] {logging_mixin.py:188} INFO - [2026-03-27T18:50:41.798+0000] {dagbag.py:545} INFO - Filling up the DagBag from /opt/airflow/dags/postgres-airflow-ingestion-dag.py
[2026-03-27T18:50:41.873+0000] {processor.py:840} INFO - DAG(s) 'spark_streaming_pipeline' retrieved from /opt/airflow/dags/postgres-airflow-ingestion-dag.py
[2026-03-27T18:50:41.975+0000] {logging_mixin.py:188} INFO - [2026-03-27T18:50:41.974+0000] {dag.py:3089} INFO - Sync 1 DAGs
[2026-03-27T18:50:42.026+0000] {logging_mixin.py:188} INFO - [2026-03-27T18:50:42.026+0000] {dag.py:3947} INFO - Setting next_dagrun for spark_streaming_pipeline to None, run_after=None
[2026-03-27T18:50:42.116+0000] {processor.py:183} INFO - Processing /opt/airflow/dags/postgres-airflow-ingestion-dag.py took 0.354 seconds
[2026-03-27T18:51:12.260+0000] {processor.py:161} INFO - Started process (PID=16302) to work on /opt/airflow/dags/postgres-airflow-ingestion-dag.py
[2026-03-27T18:51:12.263+0000] {processor.py:830} INFO - Processing file /opt/airflow/dags/postgres-airflow-ingestion-dag.py for tasks to queue
[2026-03-27T18:51:12.268+0000] {logging_mixin.py:188} INFO - [2026-03-27T18:51:12.267+0000] {dagbag.py:545} INFO - Filling up the DagBag from /opt/airflow/dags/postgres-airflow-ingestion-dag.py
[2026-03-27T18:51:12.325+0000] {processor.py:840} INFO - DAG(s) 'spark_streaming_pipeline' retrieved from /opt/airflow/dags/postgres-airflow-ingestion-dag.py
[2026-03-27T18:51:12.428+0000] {logging_mixin.py:188} INFO - [2026-03-27T18:51:12.427+0000] {dag.py:3089} INFO - Sync 1 DAGs
[2026-03-27T18:51:12.487+0000] {logging_mixin.py:188} INFO - [2026-03-27T18:51:12.486+0000] {dag.py:3947} INFO - Setting next_dagrun for spark_streaming_pipeline to None, run_after=None
[2026-03-27T18:51:12.575+0000] {processor.py:183} INFO - Processing /opt/airflow/dags/postgres-airflow-ingestion-dag.py took 0.332 seconds
[2026-03-27T18:51:43.158+0000] {processor.py:161} INFO - Started process (PID=17828) to work on /opt/airflow/dags/postgres-airflow-ingestion-dag.py
[2026-03-27T18:51:43.161+0000] {processor.py:830} INFO - Processing file /opt/airflow/dags/postgres-airflow-ingestion-dag.py for tasks to queue
[2026-03-27T18:51:43.169+0000] {logging_mixin.py:188} INFO - [2026-03-27T18:51:43.168+0000] {dagbag.py:545} INFO - Filling up the DagBag from /opt/airflow/dags/postgres-airflow-ingestion-dag.py
[2026-03-27T18:51:43.204+0000] {processor.py:840} INFO - DAG(s) 'spark_streaming_pipeline' retrieved from /opt/airflow/dags/postgres-airflow-ingestion-dag.py
[2026-03-27T18:51:43.256+0000] {logging_mixin.py:188} INFO - [2026-03-27T18:51:43.255+0000] {dag.py:3089} INFO - Sync 1 DAGs
[2026-03-27T18:51:43.286+0000] {logging_mixin.py:188} INFO - [2026-03-27T18:51:43.285+0000] {dag.py:3947} INFO - Setting next_dagrun for spark_streaming_pipeline to None, run_after=None
[2026-03-27T18:51:43.361+0000] {processor.py:183} INFO - Processing /opt/airflow/dags/postgres-airflow-ingestion-dag.py took 0.215 seconds
[2026-03-27T18:52:14.215+0000] {processor.py:161} INFO - Started process (PID=17913) to work on /opt/airflow/dags/postgres-airflow-ingestion-dag.py
[2026-03-27T18:52:14.219+0000] {processor.py:830} INFO - Processing file /opt/airflow/dags/postgres-airflow-ingestion-dag.py for tasks to queue
[2026-03-27T18:52:14.228+0000] {logging_mixin.py:188} INFO - [2026-03-27T18:52:14.227+0000] {dagbag.py:545} INFO - Filling up the DagBag from /opt/airflow/dags/postgres-airflow-ingestion-dag.py
[2026-03-27T18:52:14.325+0000] {processor.py:840} INFO - DAG(s) 'spark_streaming_pipeline' retrieved from /opt/airflow/dags/postgres-airflow-ingestion-dag.py
[2026-03-27T18:52:14.443+0000] {logging_mixin.py:188} INFO - [2026-03-27T18:52:14.442+0000] {dag.py:3089} INFO - Sync 1 DAGs
[2026-03-27T18:52:14.485+0000] {logging_mixin.py:188} INFO - [2026-03-27T18:52:14.484+0000] {dag.py:3947} INFO - Setting next_dagrun for spark_streaming_pipeline to None, run_after=None
[2026-03-27T18:52:14.558+0000] {processor.py:183} INFO - Processing /opt/airflow/dags/postgres-airflow-ingestion-dag.py took 0.370 seconds
[2026-03-27T18:52:45.275+0000] {processor.py:161} INFO - Started process (PID=17938) to work on /opt/airflow/dags/postgres-airflow-ingestion-dag.py
[2026-03-27T18:52:45.279+0000] {processor.py:830} INFO - Processing file /opt/airflow/dags/postgres-airflow-ingestion-dag.py for tasks to queue
[2026-03-27T18:52:45.286+0000] {logging_mixin.py:188} INFO - [2026-03-27T18:52:45.285+0000] {dagbag.py:545} INFO - Filling up the DagBag from /opt/airflow/dags/postgres-airflow-ingestion-dag.py
[2026-03-27T18:52:45.356+0000] {processor.py:840} INFO - DAG(s) 'spark_streaming_pipeline' retrieved from /opt/airflow/dags/postgres-airflow-ingestion-dag.py
[2026-03-27T18:52:45.441+0000] {logging_mixin.py:188} INFO - [2026-03-27T18:52:45.440+0000] {dag.py:3089} INFO - Sync 1 DAGs
[2026-03-27T18:52:45.484+0000] {logging_mixin.py:188} INFO - [2026-03-27T18:52:45.484+0000] {dag.py:3947} INFO - Setting next_dagrun for spark_streaming_pipeline to None, run_after=None
[2026-03-27T18:52:45.566+0000] {processor.py:183} INFO - Processing /opt/airflow/dags/postgres-airflow-ingestion-dag.py took 0.315 seconds
[2026-03-27T18:53:16.633+0000] {processor.py:161} INFO - Started process (PID=17963) to work on /opt/airflow/dags/postgres-airflow-ingestion-dag.py
[2026-03-27T18:53:16.637+0000] {processor.py:830} INFO - Processing file /opt/airflow/dags/postgres-airflow-ingestion-dag.py for tasks to queue
[2026-03-27T18:53:16.646+0000] {logging_mixin.py:188} INFO - [2026-03-27T18:53:16.644+0000] {dagbag.py:545} INFO - Filling up the DagBag from /opt/airflow/dags/postgres-airflow-ingestion-dag.py
[2026-03-27T18:53:16.732+0000] {processor.py:840} INFO - DAG(s) 'spark_streaming_pipeline' retrieved from /opt/airflow/dags/postgres-airflow-ingestion-dag.py
[2026-03-27T18:53:16.882+0000] {logging_mixin.py:188} INFO - [2026-03-27T18:53:16.881+0000] {dag.py:3089} INFO - Sync 1 DAGs
[2026-03-27T18:53:16.907+0000] {logging_mixin.py:188} INFO - [2026-03-27T18:53:16.907+0000] {dag.py:3947} INFO - Setting next_dagrun for spark_streaming_pipeline to None, run_after=None
[2026-03-27T18:53:16.948+0000] {processor.py:183} INFO - Processing /opt/airflow/dags/postgres-airflow-ingestion-dag.py took 0.340 seconds
[2026-03-27T18:53:47.653+0000] {processor.py:161} INFO - Started process (PID=17988) to work on /opt/airflow/dags/postgres-airflow-ingestion-dag.py
[2026-03-27T18:53:47.655+0000] {processor.py:830} INFO - Processing file /opt/airflow/dags/postgres-airflow-ingestion-dag.py for tasks to queue
[2026-03-27T18:53:47.659+0000] {logging_mixin.py:188} INFO - [2026-03-27T18:53:47.658+0000] {dagbag.py:545} INFO - Filling up the DagBag from /opt/airflow/dags/postgres-airflow-ingestion-dag.py
[2026-03-27T18:53:47.712+0000] {processor.py:840} INFO - DAG(s) 'spark_streaming_pipeline' retrieved from /opt/airflow/dags/postgres-airflow-ingestion-dag.py
[2026-03-27T18:53:47.833+0000] {logging_mixin.py:188} INFO - [2026-03-27T18:53:47.832+0000] {dag.py:3089} INFO - Sync 1 DAGs
[2026-03-27T18:53:47.889+0000] {logging_mixin.py:188} INFO - [2026-03-27T18:53:47.888+0000] {dag.py:3947} INFO - Setting next_dagrun for spark_streaming_pipeline to None, run_after=None
[2026-03-27T18:53:47.983+0000] {processor.py:183} INFO - Processing /opt/airflow/dags/postgres-airflow-ingestion-dag.py took 0.342 seconds
[2026-03-27T18:54:18.647+0000] {processor.py:161} INFO - Started process (PID=18013) to work on /opt/airflow/dags/postgres-airflow-ingestion-dag.py
[2026-03-27T18:54:18.650+0000] {processor.py:830} INFO - Processing file /opt/airflow/dags/postgres-airflow-ingestion-dag.py for tasks to queue
[2026-03-27T18:54:18.657+0000] {logging_mixin.py:188} INFO - [2026-03-27T18:54:18.656+0000] {dagbag.py:545} INFO - Filling up the DagBag from /opt/airflow/dags/postgres-airflow-ingestion-dag.py
[2026-03-27T18:54:18.735+0000] {processor.py:840} INFO - DAG(s) 'spark_streaming_pipeline' retrieved from /opt/airflow/dags/postgres-airflow-ingestion-dag.py
[2026-03-27T18:54:18.835+0000] {logging_mixin.py:188} INFO - [2026-03-27T18:54:18.834+0000] {dag.py:3089} INFO - Sync 1 DAGs
[2026-03-27T18:54:18.887+0000] {logging_mixin.py:188} INFO - [2026-03-27T18:54:18.886+0000] {dag.py:3947} INFO - Setting next_dagrun for spark_streaming_pipeline to None, run_after=None
[2026-03-27T18:54:18.978+0000] {processor.py:183} INFO - Processing /opt/airflow/dags/postgres-airflow-ingestion-dag.py took 0.352 seconds
[2026-03-27T18:54:49.268+0000] {processor.py:161} INFO - Started process (PID=18038) to work on /opt/airflow/dags/postgres-airflow-ingestion-dag.py
[2026-03-27T18:54:49.274+0000] {processor.py:830} INFO - Processing file /opt/airflow/dags/postgres-airflow-ingestion-dag.py for tasks to queue
[2026-03-27T18:54:49.283+0000] {logging_mixin.py:188} INFO - [2026-03-27T18:54:49.281+0000] {dagbag.py:545} INFO - Filling up the DagBag from /opt/airflow/dags/postgres-airflow-ingestion-dag.py
[2026-03-27T18:54:49.382+0000] {processor.py:840} INFO - DAG(s) 'spark_streaming_pipeline' retrieved from /opt/airflow/dags/postgres-airflow-ingestion-dag.py
[2026-03-27T18:54:49.493+0000] {logging_mixin.py:188} INFO - [2026-03-27T18:54:49.492+0000] {dag.py:3089} INFO - Sync 1 DAGs
[2026-03-27T18:54:49.549+0000] {logging_mixin.py:188} INFO - [2026-03-27T18:54:49.548+0000] {dag.py:3947} INFO - Setting next_dagrun for spark_streaming_pipeline to None, run_after=None
[2026-03-27T18:54:49.643+0000] {processor.py:183} INFO - Processing /opt/airflow/dags/postgres-airflow-ingestion-dag.py took 0.406 seconds
[2026-03-27T18:55:20.067+0000] {processor.py:161} INFO - Started process (PID=18767) to work on /opt/airflow/dags/postgres-airflow-ingestion-dag.py
[2026-03-27T18:55:20.073+0000] {processor.py:830} INFO - Processing file /opt/airflow/dags/postgres-airflow-ingestion-dag.py for tasks to queue
[2026-03-27T18:55:20.084+0000] {logging_mixin.py:188} INFO - [2026-03-27T18:55:20.082+0000] {dagbag.py:545} INFO - Filling up the DagBag from /opt/airflow/dags/postgres-airflow-ingestion-dag.py
[2026-03-27T18:55:20.177+0000] {processor.py:840} INFO - DAG(s) 'spark_streaming_pipeline' retrieved from /opt/airflow/dags/postgres-airflow-ingestion-dag.py
[2026-03-27T18:55:20.299+0000] {logging_mixin.py:188} INFO - [2026-03-27T18:55:20.298+0000] {dag.py:3089} INFO - Sync 1 DAGs
[2026-03-27T18:55:20.371+0000] {logging_mixin.py:188} INFO - [2026-03-27T18:55:20.370+0000] {dag.py:3947} INFO - Setting next_dagrun for spark_streaming_pipeline to None, run_after=None
[2026-03-27T18:55:20.452+0000] {processor.py:183} INFO - Processing /opt/airflow/dags/postgres-airflow-ingestion-dag.py took 0.411 seconds
[2026-03-27T18:55:50.886+0000] {processor.py:161} INFO - Started process (PID=19734) to work on /opt/airflow/dags/postgres-airflow-ingestion-dag.py
[2026-03-27T18:55:50.889+0000] {processor.py:830} INFO - Processing file /opt/airflow/dags/postgres-airflow-ingestion-dag.py for tasks to queue
[2026-03-27T18:55:50.896+0000] {logging_mixin.py:188} INFO - [2026-03-27T18:55:50.895+0000] {dagbag.py:545} INFO - Filling up the DagBag from /opt/airflow/dags/postgres-airflow-ingestion-dag.py
[2026-03-27T18:55:50.970+0000] {processor.py:840} INFO - DAG(s) 'spark_streaming_pipeline' retrieved from /opt/airflow/dags/postgres-airflow-ingestion-dag.py
[2026-03-27T18:55:51.084+0000] {logging_mixin.py:188} INFO - [2026-03-27T18:55:51.083+0000] {dag.py:3089} INFO - Sync 1 DAGs
[2026-03-27T18:55:51.148+0000] {logging_mixin.py:188} INFO - [2026-03-27T18:55:51.147+0000] {dag.py:3947} INFO - Setting next_dagrun for spark_streaming_pipeline to None, run_after=None
[2026-03-27T18:55:51.221+0000] {processor.py:183} INFO - Processing /opt/airflow/dags/postgres-airflow-ingestion-dag.py took 0.358 seconds
[2026-03-27T18:56:22.095+0000] {processor.py:161} INFO - Started process (PID=19769) to work on /opt/airflow/dags/postgres-airflow-ingestion-dag.py
[2026-03-27T18:56:22.098+0000] {processor.py:830} INFO - Processing file /opt/airflow/dags/postgres-airflow-ingestion-dag.py for tasks to queue
[2026-03-27T18:56:22.103+0000] {logging_mixin.py:188} INFO - [2026-03-27T18:56:22.102+0000] {dagbag.py:545} INFO - Filling up the DagBag from /opt/airflow/dags/postgres-airflow-ingestion-dag.py
[2026-03-27T18:56:22.180+0000] {processor.py:840} INFO - DAG(s) 'spark_streaming_pipeline' retrieved from /opt/airflow/dags/postgres-airflow-ingestion-dag.py
[2026-03-27T18:56:22.302+0000] {logging_mixin.py:188} INFO - [2026-03-27T18:56:22.301+0000] {dag.py:3089} INFO - Sync 1 DAGs
[2026-03-27T18:56:22.355+0000] {logging_mixin.py:188} INFO - [2026-03-27T18:56:22.354+0000] {dag.py:3947} INFO - Setting next_dagrun for spark_streaming_pipeline to None, run_after=None
[2026-03-27T18:56:22.426+0000] {processor.py:183} INFO - Processing /opt/airflow/dags/postgres-airflow-ingestion-dag.py took 0.350 seconds
[2026-03-27T18:56:53.139+0000] {processor.py:161} INFO - Started process (PID=19794) to work on /opt/airflow/dags/postgres-airflow-ingestion-dag.py
[2026-03-27T18:56:53.142+0000] {processor.py:830} INFO - Processing file /opt/airflow/dags/postgres-airflow-ingestion-dag.py for tasks to queue
[2026-03-27T18:56:53.148+0000] {logging_mixin.py:188} INFO - [2026-03-27T18:56:53.147+0000] {dagbag.py:545} INFO - Filling up the DagBag from /opt/airflow/dags/postgres-airflow-ingestion-dag.py
[2026-03-27T18:56:53.208+0000] {processor.py:840} INFO - DAG(s) 'spark_streaming_pipeline' retrieved from /opt/airflow/dags/postgres-airflow-ingestion-dag.py
[2026-03-27T18:56:53.293+0000] {logging_mixin.py:188} INFO - [2026-03-27T18:56:53.293+0000] {dag.py:3089} INFO - Sync 1 DAGs
[2026-03-27T18:56:53.331+0000] {logging_mixin.py:188} INFO - [2026-03-27T18:56:53.331+0000] {dag.py:3947} INFO - Setting next_dagrun for spark_streaming_pipeline to None, run_after=None
[2026-03-27T18:56:53.426+0000] {processor.py:183} INFO - Processing /opt/airflow/dags/postgres-airflow-ingestion-dag.py took 0.309 seconds
[2026-03-27T18:57:24.269+0000] {processor.py:161} INFO - Started process (PID=19819) to work on /opt/airflow/dags/postgres-airflow-ingestion-dag.py
[2026-03-27T18:57:24.273+0000] {processor.py:830} INFO - Processing file /opt/airflow/dags/postgres-airflow-ingestion-dag.py for tasks to queue
[2026-03-27T18:57:24.280+0000] {logging_mixin.py:188} INFO - [2026-03-27T18:57:24.279+0000] {dagbag.py:545} INFO - Filling up the DagBag from /opt/airflow/dags/postgres-airflow-ingestion-dag.py
[2026-03-27T18:57:24.374+0000] {processor.py:840} INFO - DAG(s) 'spark_streaming_pipeline' retrieved from /opt/airflow/dags/postgres-airflow-ingestion-dag.py
[2026-03-27T18:57:24.481+0000] {logging_mixin.py:188} INFO - [2026-03-27T18:57:24.480+0000] {dag.py:3089} INFO - Sync 1 DAGs
[2026-03-27T18:57:24.535+0000] {logging_mixin.py:188} INFO - [2026-03-27T18:57:24.534+0000] {dag.py:3947} INFO - Setting next_dagrun for spark_streaming_pipeline to None, run_after=None
[2026-03-27T18:57:24.630+0000] {processor.py:183} INFO - Processing /opt/airflow/dags/postgres-airflow-ingestion-dag.py took 0.383 seconds
[2026-03-27T18:57:54.936+0000] {processor.py:161} INFO - Started process (PID=19844) to work on /opt/airflow/dags/postgres-airflow-ingestion-dag.py
[2026-03-27T18:57:54.938+0000] {processor.py:830} INFO - Processing file /opt/airflow/dags/postgres-airflow-ingestion-dag.py for tasks to queue
[2026-03-27T18:57:54.942+0000] {logging_mixin.py:188} INFO - [2026-03-27T18:57:54.941+0000] {dagbag.py:545} INFO - Filling up the DagBag from /opt/airflow/dags/postgres-airflow-ingestion-dag.py
[2026-03-27T18:57:54.975+0000] {processor.py:840} INFO - DAG(s) 'spark_streaming_pipeline' retrieved from /opt/airflow/dags/postgres-airflow-ingestion-dag.py
[2026-03-27T18:57:55.061+0000] {logging_mixin.py:188} INFO - [2026-03-27T18:57:55.060+0000] {dag.py:3089} INFO - Sync 1 DAGs
[2026-03-27T18:57:55.108+0000] {logging_mixin.py:188} INFO - [2026-03-27T18:57:55.107+0000] {dag.py:3947} INFO - Setting next_dagrun for spark_streaming_pipeline to None, run_after=None
[2026-03-27T18:57:55.220+0000] {processor.py:183} INFO - Processing /opt/airflow/dags/postgres-airflow-ingestion-dag.py took 0.297 seconds
[2026-03-27T18:58:25.984+0000] {processor.py:161} INFO - Started process (PID=19869) to work on /opt/airflow/dags/postgres-airflow-ingestion-dag.py
[2026-03-27T18:58:25.989+0000] {processor.py:830} INFO - Processing file /opt/airflow/dags/postgres-airflow-ingestion-dag.py for tasks to queue
[2026-03-27T18:58:25.998+0000] {logging_mixin.py:188} INFO - [2026-03-27T18:58:25.997+0000] {dagbag.py:545} INFO - Filling up the DagBag from /opt/airflow/dags/postgres-airflow-ingestion-dag.py
[2026-03-27T18:58:26.098+0000] {processor.py:840} INFO - DAG(s) 'spark_streaming_pipeline' retrieved from /opt/airflow/dags/postgres-airflow-ingestion-dag.py
[2026-03-27T18:58:26.195+0000] {logging_mixin.py:188} INFO - [2026-03-27T18:58:26.194+0000] {dag.py:3089} INFO - Sync 1 DAGs
[2026-03-27T18:58:26.241+0000] {logging_mixin.py:188} INFO - [2026-03-27T18:58:26.241+0000] {dag.py:3947} INFO - Setting next_dagrun for spark_streaming_pipeline to None, run_after=None
[2026-03-27T18:58:26.330+0000] {processor.py:183} INFO - Processing /opt/airflow/dags/postgres-airflow-ingestion-dag.py took 0.379 seconds
[2026-03-27T18:58:57.109+0000] {processor.py:161} INFO - Started process (PID=19894) to work on /opt/airflow/dags/postgres-airflow-ingestion-dag.py
[2026-03-27T18:58:57.114+0000] {processor.py:830} INFO - Processing file /opt/airflow/dags/postgres-airflow-ingestion-dag.py for tasks to queue
[2026-03-27T18:58:57.132+0000] {logging_mixin.py:188} INFO - [2026-03-27T18:58:57.130+0000] {dagbag.py:545} INFO - Filling up the DagBag from /opt/airflow/dags/postgres-airflow-ingestion-dag.py
[2026-03-27T18:58:57.179+0000] {processor.py:840} INFO - DAG(s) 'spark_streaming_pipeline' retrieved from /opt/airflow/dags/postgres-airflow-ingestion-dag.py
[2026-03-27T18:58:57.233+0000] {logging_mixin.py:188} INFO - [2026-03-27T18:58:57.232+0000] {dag.py:3089} INFO - Sync 1 DAGs
[2026-03-27T18:58:57.261+0000] {logging_mixin.py:188} INFO - [2026-03-27T18:58:57.260+0000] {dag.py:3947} INFO - Setting next_dagrun for spark_streaming_pipeline to None, run_after=None
[2026-03-27T18:58:57.308+0000] {processor.py:183} INFO - Processing /opt/airflow/dags/postgres-airflow-ingestion-dag.py took 0.237 seconds
[2026-03-27T18:59:27.752+0000] {processor.py:161} INFO - Started process (PID=21041) to work on /opt/airflow/dags/postgres-airflow-ingestion-dag.py
[2026-03-27T18:59:27.757+0000] {processor.py:830} INFO - Processing file /opt/airflow/dags/postgres-airflow-ingestion-dag.py for tasks to queue
[2026-03-27T18:59:27.767+0000] {logging_mixin.py:188} INFO - [2026-03-27T18:59:27.766+0000] {dagbag.py:545} INFO - Filling up the DagBag from /opt/airflow/dags/postgres-airflow-ingestion-dag.py
[2026-03-27T18:59:27.848+0000] {processor.py:840} INFO - DAG(s) 'spark_streaming_pipeline' retrieved from /opt/airflow/dags/postgres-airflow-ingestion-dag.py
[2026-03-27T18:59:27.952+0000] {logging_mixin.py:188} INFO - [2026-03-27T18:59:27.951+0000] {dag.py:3089} INFO - Sync 1 DAGs
[2026-03-27T18:59:28.007+0000] {logging_mixin.py:188} INFO - [2026-03-27T18:59:28.006+0000] {dag.py:3947} INFO - Setting next_dagrun for spark_streaming_pipeline to None, run_after=None
[2026-03-27T18:59:28.140+0000] {processor.py:183} INFO - Processing /opt/airflow/dags/postgres-airflow-ingestion-dag.py took 0.415 seconds
[2026-03-27T18:59:58.818+0000] {processor.py:161} INFO - Started process (PID=21475) to work on /opt/airflow/dags/postgres-airflow-ingestion-dag.py
[2026-03-27T18:59:58.822+0000] {processor.py:830} INFO - Processing file /opt/airflow/dags/postgres-airflow-ingestion-dag.py for tasks to queue
[2026-03-27T18:59:58.829+0000] {logging_mixin.py:188} INFO - [2026-03-27T18:59:58.828+0000] {dagbag.py:545} INFO - Filling up the DagBag from /opt/airflow/dags/postgres-airflow-ingestion-dag.py
[2026-03-27T18:59:58.908+0000] {processor.py:840} INFO - DAG(s) 'spark_streaming_pipeline' retrieved from /opt/airflow/dags/postgres-airflow-ingestion-dag.py
[2026-03-27T18:59:59.020+0000] {logging_mixin.py:188} INFO - [2026-03-27T18:59:59.019+0000] {dag.py:3089} INFO - Sync 1 DAGs
[2026-03-27T18:59:59.070+0000] {logging_mixin.py:188} INFO - [2026-03-27T18:59:59.070+0000] {dag.py:3947} INFO - Setting next_dagrun for spark_streaming_pipeline to None, run_after=None
[2026-03-27T18:59:59.172+0000] {processor.py:183} INFO - Processing /opt/airflow/dags/postgres-airflow-ingestion-dag.py took 0.377 seconds
[2026-03-27T19:00:29.860+0000] {processor.py:161} INFO - Started process (PID=21510) to work on /opt/airflow/dags/postgres-airflow-ingestion-dag.py
[2026-03-27T19:00:29.864+0000] {processor.py:830} INFO - Processing file /opt/airflow/dags/postgres-airflow-ingestion-dag.py for tasks to queue
[2026-03-27T19:00:29.870+0000] {logging_mixin.py:188} INFO - [2026-03-27T19:00:29.869+0000] {dagbag.py:545} INFO - Filling up the DagBag from /opt/airflow/dags/postgres-airflow-ingestion-dag.py
[2026-03-27T19:00:29.937+0000] {processor.py:840} INFO - DAG(s) 'spark_streaming_pipeline' retrieved from /opt/airflow/dags/postgres-airflow-ingestion-dag.py
[2026-03-27T19:00:30.019+0000] {logging_mixin.py:188} INFO - [2026-03-27T19:00:30.018+0000] {dag.py:3089} INFO - Sync 1 DAGs
[2026-03-27T19:00:30.062+0000] {logging_mixin.py:188} INFO - [2026-03-27T19:00:30.061+0000] {dag.py:3947} INFO - Setting next_dagrun for spark_streaming_pipeline to None, run_after=None
[2026-03-27T19:00:30.119+0000] {processor.py:183} INFO - Processing /opt/airflow/dags/postgres-airflow-ingestion-dag.py took 0.278 seconds
[2026-03-27T19:01:00.666+0000] {processor.py:161} INFO - Started process (PID=21535) to work on /opt/airflow/dags/postgres-airflow-ingestion-dag.py
[2026-03-27T19:01:00.671+0000] {processor.py:830} INFO - Processing file /opt/airflow/dags/postgres-airflow-ingestion-dag.py for tasks to queue
[2026-03-27T19:01:00.679+0000] {logging_mixin.py:188} INFO - [2026-03-27T19:01:00.678+0000] {dagbag.py:545} INFO - Filling up the DagBag from /opt/airflow/dags/postgres-airflow-ingestion-dag.py
[2026-03-27T19:01:00.741+0000] {processor.py:840} INFO - DAG(s) 'spark_streaming_pipeline' retrieved from /opt/airflow/dags/postgres-airflow-ingestion-dag.py
[2026-03-27T19:01:00.815+0000] {logging_mixin.py:188} INFO - [2026-03-27T19:01:00.814+0000] {dag.py:3089} INFO - Sync 1 DAGs
[2026-03-27T19:01:00.868+0000] {logging_mixin.py:188} INFO - [2026-03-27T19:01:00.867+0000] {dag.py:3947} INFO - Setting next_dagrun for spark_streaming_pipeline to None, run_after=None
[2026-03-27T19:01:00.970+0000] {processor.py:183} INFO - Processing /opt/airflow/dags/postgres-airflow-ingestion-dag.py took 0.337 seconds
[2026-03-27T19:01:31.296+0000] {processor.py:161} INFO - Started process (PID=21558) to work on /opt/airflow/dags/postgres-airflow-ingestion-dag.py
[2026-03-27T19:01:31.298+0000] {processor.py:830} INFO - Processing file /opt/airflow/dags/postgres-airflow-ingestion-dag.py for tasks to queue
[2026-03-27T19:01:31.302+0000] {logging_mixin.py:188} INFO - [2026-03-27T19:01:31.302+0000] {dagbag.py:545} INFO - Filling up the DagBag from /opt/airflow/dags/postgres-airflow-ingestion-dag.py
[2026-03-27T19:01:31.353+0000] {processor.py:840} INFO - DAG(s) 'spark_streaming_pipeline' retrieved from /opt/airflow/dags/postgres-airflow-ingestion-dag.py
[2026-03-27T19:01:31.415+0000] {logging_mixin.py:188} INFO - [2026-03-27T19:01:31.414+0000] {dag.py:3089} INFO - Sync 1 DAGs
[2026-03-27T19:01:31.472+0000] {logging_mixin.py:188} INFO - [2026-03-27T19:01:31.470+0000] {dag.py:3947} INFO - Setting next_dagrun for spark_streaming_pipeline to None, run_after=None
[2026-03-27T19:01:31.574+0000] {processor.py:183} INFO - Processing /opt/airflow/dags/postgres-airflow-ingestion-dag.py took 0.292 seconds
[2026-03-27T19:02:02.282+0000] {processor.py:161} INFO - Started process (PID=21585) to work on /opt/airflow/dags/postgres-airflow-ingestion-dag.py
[2026-03-27T19:02:02.286+0000] {processor.py:830} INFO - Processing file /opt/airflow/dags/postgres-airflow-ingestion-dag.py for tasks to queue
[2026-03-27T19:02:02.293+0000] {logging_mixin.py:188} INFO - [2026-03-27T19:02:02.292+0000] {dagbag.py:545} INFO - Filling up the DagBag from /opt/airflow/dags/postgres-airflow-ingestion-dag.py
[2026-03-27T19:02:02.385+0000] {processor.py:840} INFO - DAG(s) 'spark_streaming_pipeline' retrieved from /opt/airflow/dags/postgres-airflow-ingestion-dag.py
[2026-03-27T19:02:02.504+0000] {logging_mixin.py:188} INFO - [2026-03-27T19:02:02.503+0000] {dag.py:3089} INFO - Sync 1 DAGs
[2026-03-27T19:02:02.552+0000] {logging_mixin.py:188} INFO - [2026-03-27T19:02:02.551+0000] {dag.py:3947} INFO - Setting next_dagrun for spark_streaming_pipeline to None, run_after=None
[2026-03-27T19:02:02.616+0000] {processor.py:183} INFO - Processing /opt/airflow/dags/postgres-airflow-ingestion-dag.py took 0.348 seconds
[2026-03-27T19:02:33.542+0000] {processor.py:161} INFO - Started process (PID=21610) to work on /opt/airflow/dags/postgres-airflow-ingestion-dag.py
[2026-03-27T19:02:33.545+0000] {processor.py:830} INFO - Processing file /opt/airflow/dags/postgres-airflow-ingestion-dag.py for tasks to queue
[2026-03-27T19:02:33.552+0000] {logging_mixin.py:188} INFO - [2026-03-27T19:02:33.551+0000] {dagbag.py:545} INFO - Filling up the DagBag from /opt/airflow/dags/postgres-airflow-ingestion-dag.py
[2026-03-27T19:02:33.614+0000] {processor.py:840} INFO - DAG(s) 'spark_streaming_pipeline' retrieved from /opt/airflow/dags/postgres-airflow-ingestion-dag.py
[2026-03-27T19:02:33.714+0000] {logging_mixin.py:188} INFO - [2026-03-27T19:02:33.713+0000] {dag.py:3089} INFO - Sync 1 DAGs
[2026-03-27T19:02:33.765+0000] {logging_mixin.py:188} INFO - [2026-03-27T19:02:33.764+0000] {dag.py:3947} INFO - Setting next_dagrun for spark_streaming_pipeline to None, run_after=None
[2026-03-27T19:02:33.863+0000] {processor.py:183} INFO - Processing /opt/airflow/dags/postgres-airflow-ingestion-dag.py took 0.342 seconds
[2026-03-27T19:03:04.502+0000] {processor.py:161} INFO - Started process (PID=21804) to work on /opt/airflow/dags/postgres-airflow-ingestion-dag.py
[2026-03-27T19:03:04.506+0000] {processor.py:830} INFO - Processing file /opt/airflow/dags/postgres-airflow-ingestion-dag.py for tasks to queue
[2026-03-27T19:03:04.513+0000] {logging_mixin.py:188} INFO - [2026-03-27T19:03:04.512+0000] {dagbag.py:545} INFO - Filling up the DagBag from /opt/airflow/dags/postgres-airflow-ingestion-dag.py
[2026-03-27T19:03:04.581+0000] {processor.py:840} INFO - DAG(s) 'spark_streaming_pipeline' retrieved from /opt/airflow/dags/postgres-airflow-ingestion-dag.py
[2026-03-27T19:03:04.694+0000] {logging_mixin.py:188} INFO - [2026-03-27T19:03:04.693+0000] {dag.py:3089} INFO - Sync 1 DAGs
[2026-03-27T19:03:04.743+0000] {logging_mixin.py:188} INFO - [2026-03-27T19:03:04.742+0000] {dag.py:3947} INFO - Setting next_dagrun for spark_streaming_pipeline to None, run_after=None
[2026-03-27T19:03:04.836+0000] {processor.py:183} INFO - Processing /opt/airflow/dags/postgres-airflow-ingestion-dag.py took 0.356 seconds
[2026-03-27T19:03:35.259+0000] {processor.py:161} INFO - Started process (PID=23137) to work on /opt/airflow/dags/postgres-airflow-ingestion-dag.py
[2026-03-27T19:03:35.262+0000] {processor.py:830} INFO - Processing file /opt/airflow/dags/postgres-airflow-ingestion-dag.py for tasks to queue
[2026-03-27T19:03:35.267+0000] {logging_mixin.py:188} INFO - [2026-03-27T19:03:35.266+0000] {dagbag.py:545} INFO - Filling up the DagBag from /opt/airflow/dags/postgres-airflow-ingestion-dag.py
[2026-03-27T19:03:35.360+0000] {processor.py:840} INFO - DAG(s) 'spark_streaming_pipeline' retrieved from /opt/airflow/dags/postgres-airflow-ingestion-dag.py
[2026-03-27T19:03:35.496+0000] {logging_mixin.py:188} INFO - [2026-03-27T19:03:35.496+0000] {dag.py:3089} INFO - Sync 1 DAGs
[2026-03-27T19:03:35.536+0000] {logging_mixin.py:188} INFO - [2026-03-27T19:03:35.535+0000] {dag.py:3947} INFO - Setting next_dagrun for spark_streaming_pipeline to None, run_after=None
[2026-03-27T19:03:35.600+0000] {processor.py:183} INFO - Processing /opt/airflow/dags/postgres-airflow-ingestion-dag.py took 0.357 seconds
[2026-03-27T19:04:06.040+0000] {processor.py:161} INFO - Started process (PID=23181) to work on /opt/airflow/dags/postgres-airflow-ingestion-dag.py
[2026-03-27T19:04:06.043+0000] {processor.py:830} INFO - Processing file /opt/airflow/dags/postgres-airflow-ingestion-dag.py for tasks to queue
[2026-03-27T19:04:06.048+0000] {logging_mixin.py:188} INFO - [2026-03-27T19:04:06.047+0000] {dagbag.py:545} INFO - Filling up the DagBag from /opt/airflow/dags/postgres-airflow-ingestion-dag.py
[2026-03-27T19:04:06.121+0000] {processor.py:840} INFO - DAG(s) 'spark_streaming_pipeline' retrieved from /opt/airflow/dags/postgres-airflow-ingestion-dag.py
[2026-03-27T19:04:06.259+0000] {logging_mixin.py:188} INFO - [2026-03-27T19:04:06.257+0000] {dag.py:3089} INFO - Sync 1 DAGs
[2026-03-27T19:04:06.323+0000] {logging_mixin.py:188} INFO - [2026-03-27T19:04:06.322+0000] {dag.py:3947} INFO - Setting next_dagrun for spark_streaming_pipeline to None, run_after=None
[2026-03-27T19:04:06.433+0000] {processor.py:183} INFO - Processing /opt/airflow/dags/postgres-airflow-ingestion-dag.py took 0.410 seconds
[2026-03-27T19:04:37.335+0000] {processor.py:161} INFO - Started process (PID=23211) to work on /opt/airflow/dags/postgres-airflow-ingestion-dag.py
[2026-03-27T19:04:37.342+0000] {processor.py:830} INFO - Processing file /opt/airflow/dags/postgres-airflow-ingestion-dag.py for tasks to queue
[2026-03-27T19:04:37.358+0000] {logging_mixin.py:188} INFO - [2026-03-27T19:04:37.354+0000] {dagbag.py:545} INFO - Filling up the DagBag from /opt/airflow/dags/postgres-airflow-ingestion-dag.py
[2026-03-27T19:04:37.399+0000] {processor.py:840} INFO - DAG(s) 'spark_streaming_pipeline' retrieved from /opt/airflow/dags/postgres-airflow-ingestion-dag.py
[2026-03-27T19:04:37.451+0000] {logging_mixin.py:188} INFO - [2026-03-27T19:04:37.451+0000] {dag.py:3089} INFO - Sync 1 DAGs
[2026-03-27T19:04:37.482+0000] {logging_mixin.py:188} INFO - [2026-03-27T19:04:37.482+0000] {dag.py:3947} INFO - Setting next_dagrun for spark_streaming_pipeline to None, run_after=None
[2026-03-27T19:04:37.538+0000] {processor.py:183} INFO - Processing /opt/airflow/dags/postgres-airflow-ingestion-dag.py took 0.252 seconds
[2026-03-27T19:05:07.740+0000] {processor.py:161} INFO - Started process (PID=23239) to work on /opt/airflow/dags/postgres-airflow-ingestion-dag.py
[2026-03-27T19:05:07.742+0000] {processor.py:830} INFO - Processing file /opt/airflow/dags/postgres-airflow-ingestion-dag.py for tasks to queue
[2026-03-27T19:05:07.746+0000] {logging_mixin.py:188} INFO - [2026-03-27T19:05:07.745+0000] {dagbag.py:545} INFO - Filling up the DagBag from /opt/airflow/dags/postgres-airflow-ingestion-dag.py
[2026-03-27T19:05:07.786+0000] {processor.py:840} INFO - DAG(s) 'spark_streaming_pipeline' retrieved from /opt/airflow/dags/postgres-airflow-ingestion-dag.py
[2026-03-27T19:05:07.861+0000] {logging_mixin.py:188} INFO - [2026-03-27T19:05:07.861+0000] {dag.py:3089} INFO - Sync 1 DAGs
[2026-03-27T19:05:07.899+0000] {logging_mixin.py:188} INFO - [2026-03-27T19:05:07.898+0000] {dag.py:3947} INFO - Setting next_dagrun for spark_streaming_pipeline to None, run_after=None
[2026-03-27T19:05:07.972+0000] {processor.py:183} INFO - Processing /opt/airflow/dags/postgres-airflow-ingestion-dag.py took 0.244 seconds
[2026-03-27T19:05:38.709+0000] {processor.py:161} INFO - Started process (PID=23265) to work on /opt/airflow/dags/postgres-airflow-ingestion-dag.py
[2026-03-27T19:05:38.713+0000] {processor.py:830} INFO - Processing file /opt/airflow/dags/postgres-airflow-ingestion-dag.py for tasks to queue
[2026-03-27T19:05:38.721+0000] {logging_mixin.py:188} INFO - [2026-03-27T19:05:38.720+0000] {dagbag.py:545} INFO - Filling up the DagBag from /opt/airflow/dags/postgres-airflow-ingestion-dag.py
[2026-03-27T19:05:38.802+0000] {processor.py:840} INFO - DAG(s) 'spark_streaming_pipeline' retrieved from /opt/airflow/dags/postgres-airflow-ingestion-dag.py
[2026-03-27T19:05:38.908+0000] {logging_mixin.py:188} INFO - [2026-03-27T19:05:38.907+0000] {dag.py:3089} INFO - Sync 1 DAGs
[2026-03-27T19:05:38.969+0000] {logging_mixin.py:188} INFO - [2026-03-27T19:05:38.967+0000] {dag.py:3947} INFO - Setting next_dagrun for spark_streaming_pipeline to None, run_after=None
[2026-03-27T19:05:39.079+0000] {processor.py:183} INFO - Processing /opt/airflow/dags/postgres-airflow-ingestion-dag.py took 0.401 seconds
[2026-03-27T19:06:09.521+0000] {processor.py:161} INFO - Started process (PID=23290) to work on /opt/airflow/dags/postgres-airflow-ingestion-dag.py
[2026-03-27T19:06:09.523+0000] {processor.py:830} INFO - Processing file /opt/airflow/dags/postgres-airflow-ingestion-dag.py for tasks to queue
[2026-03-27T19:06:09.525+0000] {logging_mixin.py:188} INFO - [2026-03-27T19:06:09.525+0000] {dagbag.py:545} INFO - Filling up the DagBag from /opt/airflow/dags/postgres-airflow-ingestion-dag.py
[2026-03-27T19:06:09.546+0000] {processor.py:840} INFO - DAG(s) 'spark_streaming_pipeline' retrieved from /opt/airflow/dags/postgres-airflow-ingestion-dag.py
[2026-03-27T19:06:09.574+0000] {logging_mixin.py:188} INFO - [2026-03-27T19:06:09.574+0000] {dag.py:3089} INFO - Sync 1 DAGs
[2026-03-27T19:06:09.586+0000] {logging_mixin.py:188} INFO - [2026-03-27T19:06:09.586+0000] {dag.py:3947} INFO - Setting next_dagrun for spark_streaming_pipeline to None, run_after=None
[2026-03-27T19:06:09.609+0000] {processor.py:183} INFO - Processing /opt/airflow/dags/postgres-airflow-ingestion-dag.py took 0.094 seconds
[2026-03-27T19:06:40.354+0000] {processor.py:161} INFO - Started process (PID=23315) to work on /opt/airflow/dags/postgres-airflow-ingestion-dag.py
[2026-03-27T19:06:40.355+0000] {processor.py:830} INFO - Processing file /opt/airflow/dags/postgres-airflow-ingestion-dag.py for tasks to queue
[2026-03-27T19:06:40.357+0000] {logging_mixin.py:188} INFO - [2026-03-27T19:06:40.357+0000] {dagbag.py:545} INFO - Filling up the DagBag from /opt/airflow/dags/postgres-airflow-ingestion-dag.py
[2026-03-27T19:06:40.379+0000] {processor.py:840} INFO - DAG(s) 'spark_streaming_pipeline' retrieved from /opt/airflow/dags/postgres-airflow-ingestion-dag.py
[2026-03-27T19:06:40.408+0000] {logging_mixin.py:188} INFO - [2026-03-27T19:06:40.407+0000] {dag.py:3089} INFO - Sync 1 DAGs
[2026-03-27T19:06:40.421+0000] {logging_mixin.py:188} INFO - [2026-03-27T19:06:40.421+0000] {dag.py:3947} INFO - Setting next_dagrun for spark_streaming_pipeline to None, run_after=None
[2026-03-27T19:06:40.443+0000] {processor.py:183} INFO - Processing /opt/airflow/dags/postgres-airflow-ingestion-dag.py took 0.095 seconds
[2026-03-27T19:07:11.059+0000] {processor.py:161} INFO - Started process (PID=24357) to work on /opt/airflow/dags/postgres-airflow-ingestion-dag.py
[2026-03-27T19:07:11.061+0000] {processor.py:830} INFO - Processing file /opt/airflow/dags/postgres-airflow-ingestion-dag.py for tasks to queue
[2026-03-27T19:07:11.062+0000] {logging_mixin.py:188} INFO - [2026-03-27T19:07:11.062+0000] {dagbag.py:545} INFO - Filling up the DagBag from /opt/airflow/dags/postgres-airflow-ingestion-dag.py
[2026-03-27T19:07:11.084+0000] {processor.py:840} INFO - DAG(s) 'spark_streaming_pipeline' retrieved from /opt/airflow/dags/postgres-airflow-ingestion-dag.py
[2026-03-27T19:07:11.111+0000] {logging_mixin.py:188} INFO - [2026-03-27T19:07:11.111+0000] {dag.py:3089} INFO - Sync 1 DAGs
[2026-03-27T19:07:11.124+0000] {logging_mixin.py:188} INFO - [2026-03-27T19:07:11.124+0000] {dag.py:3947} INFO - Setting next_dagrun for spark_streaming_pipeline to None, run_after=None
[2026-03-27T19:07:11.148+0000] {processor.py:183} INFO - Processing /opt/airflow/dags/postgres-airflow-ingestion-dag.py took 0.095 seconds
[2026-03-27T19:07:41.925+0000] {processor.py:161} INFO - Started process (PID=25370) to work on /opt/airflow/dags/postgres-airflow-ingestion-dag.py
[2026-03-27T19:07:41.927+0000] {processor.py:830} INFO - Processing file /opt/airflow/dags/postgres-airflow-ingestion-dag.py for tasks to queue
[2026-03-27T19:07:41.929+0000] {logging_mixin.py:188} INFO - [2026-03-27T19:07:41.928+0000] {dagbag.py:545} INFO - Filling up the DagBag from /opt/airflow/dags/postgres-airflow-ingestion-dag.py
[2026-03-27T19:07:41.951+0000] {processor.py:840} INFO - DAG(s) 'spark_streaming_pipeline' retrieved from /opt/airflow/dags/postgres-airflow-ingestion-dag.py
[2026-03-27T19:07:41.979+0000] {logging_mixin.py:188} INFO - [2026-03-27T19:07:41.978+0000] {dag.py:3089} INFO - Sync 1 DAGs
[2026-03-27T19:07:41.992+0000] {logging_mixin.py:188} INFO - [2026-03-27T19:07:41.992+0000] {dag.py:3947} INFO - Setting next_dagrun for spark_streaming_pipeline to None, run_after=None
[2026-03-27T19:07:42.015+0000] {processor.py:183} INFO - Processing /opt/airflow/dags/postgres-airflow-ingestion-dag.py took 0.096 seconds
[2026-03-27T19:08:12.676+0000] {processor.py:161} INFO - Started process (PID=25415) to work on /opt/airflow/dags/postgres-airflow-ingestion-dag.py
[2026-03-27T19:08:12.677+0000] {processor.py:830} INFO - Processing file /opt/airflow/dags/postgres-airflow-ingestion-dag.py for tasks to queue
[2026-03-27T19:08:12.679+0000] {logging_mixin.py:188} INFO - [2026-03-27T19:08:12.679+0000] {dagbag.py:545} INFO - Filling up the DagBag from /opt/airflow/dags/postgres-airflow-ingestion-dag.py
[2026-03-27T19:08:12.699+0000] {processor.py:840} INFO - DAG(s) 'spark_streaming_pipeline' retrieved from /opt/airflow/dags/postgres-airflow-ingestion-dag.py
[2026-03-27T19:08:12.728+0000] {logging_mixin.py:188} INFO - [2026-03-27T19:08:12.727+0000] {dag.py:3089} INFO - Sync 1 DAGs
[2026-03-27T19:08:12.742+0000] {logging_mixin.py:188} INFO - [2026-03-27T19:08:12.741+0000] {dag.py:3947} INFO - Setting next_dagrun for spark_streaming_pipeline to None, run_after=None
[2026-03-27T19:08:12.763+0000] {processor.py:183} INFO - Processing /opt/airflow/dags/postgres-airflow-ingestion-dag.py took 0.094 seconds
[2026-03-27T19:08:43.424+0000] {processor.py:161} INFO - Started process (PID=25440) to work on /opt/airflow/dags/postgres-airflow-ingestion-dag.py
[2026-03-27T19:08:43.426+0000] {processor.py:830} INFO - Processing file /opt/airflow/dags/postgres-airflow-ingestion-dag.py for tasks to queue
[2026-03-27T19:08:43.428+0000] {logging_mixin.py:188} INFO - [2026-03-27T19:08:43.427+0000] {dagbag.py:545} INFO - Filling up the DagBag from /opt/airflow/dags/postgres-airflow-ingestion-dag.py
[2026-03-27T19:08:43.450+0000] {processor.py:840} INFO - DAG(s) 'spark_streaming_pipeline' retrieved from /opt/airflow/dags/postgres-airflow-ingestion-dag.py
[2026-03-27T19:08:43.478+0000] {logging_mixin.py:188} INFO - [2026-03-27T19:08:43.478+0000] {dag.py:3089} INFO - Sync 1 DAGs
[2026-03-27T19:08:43.492+0000] {logging_mixin.py:188} INFO - [2026-03-27T19:08:43.491+0000] {dag.py:3947} INFO - Setting next_dagrun for spark_streaming_pipeline to None, run_after=None
[2026-03-27T19:08:43.514+0000] {processor.py:183} INFO - Processing /opt/airflow/dags/postgres-airflow-ingestion-dag.py took 0.096 seconds
[2026-03-27T19:09:14.268+0000] {processor.py:161} INFO - Started process (PID=25465) to work on /opt/airflow/dags/postgres-airflow-ingestion-dag.py
[2026-03-27T19:09:14.270+0000] {processor.py:830} INFO - Processing file /opt/airflow/dags/postgres-airflow-ingestion-dag.py for tasks to queue
[2026-03-27T19:09:14.272+0000] {logging_mixin.py:188} INFO - [2026-03-27T19:09:14.271+0000] {dagbag.py:545} INFO - Filling up the DagBag from /opt/airflow/dags/postgres-airflow-ingestion-dag.py
[2026-03-27T19:09:14.291+0000] {processor.py:840} INFO - DAG(s) 'spark_streaming_pipeline' retrieved from /opt/airflow/dags/postgres-airflow-ingestion-dag.py
[2026-03-27T19:09:14.319+0000] {logging_mixin.py:188} INFO - [2026-03-27T19:09:14.319+0000] {dag.py:3089} INFO - Sync 1 DAGs
[2026-03-27T19:09:14.333+0000] {logging_mixin.py:188} INFO - [2026-03-27T19:09:14.332+0000] {dag.py:3947} INFO - Setting next_dagrun for spark_streaming_pipeline to None, run_after=None
[2026-03-27T19:09:14.354+0000] {processor.py:183} INFO - Processing /opt/airflow/dags/postgres-airflow-ingestion-dag.py took 0.092 seconds
[2026-03-27T19:09:45.023+0000] {processor.py:161} INFO - Started process (PID=25490) to work on /opt/airflow/dags/postgres-airflow-ingestion-dag.py
[2026-03-27T19:09:45.024+0000] {processor.py:830} INFO - Processing file /opt/airflow/dags/postgres-airflow-ingestion-dag.py for tasks to queue
[2026-03-27T19:09:45.026+0000] {logging_mixin.py:188} INFO - [2026-03-27T19:09:45.026+0000] {dagbag.py:545} INFO - Filling up the DagBag from /opt/airflow/dags/postgres-airflow-ingestion-dag.py
[2026-03-27T19:09:45.044+0000] {processor.py:840} INFO - DAG(s) 'spark_streaming_pipeline' retrieved from /opt/airflow/dags/postgres-airflow-ingestion-dag.py
[2026-03-27T19:09:45.070+0000] {logging_mixin.py:188} INFO - [2026-03-27T19:09:45.070+0000] {dag.py:3089} INFO - Sync 1 DAGs
[2026-03-27T19:09:45.083+0000] {logging_mixin.py:188} INFO - [2026-03-27T19:09:45.082+0000] {dag.py:3947} INFO - Setting next_dagrun for spark_streaming_pipeline to None, run_after=None
[2026-03-27T19:09:45.104+0000] {processor.py:183} INFO - Processing /opt/airflow/dags/postgres-airflow-ingestion-dag.py took 0.086 seconds
[2026-03-27T19:10:15.720+0000] {processor.py:161} INFO - Started process (PID=25515) to work on /opt/airflow/dags/postgres-airflow-ingestion-dag.py
[2026-03-27T19:10:15.721+0000] {processor.py:830} INFO - Processing file /opt/airflow/dags/postgres-airflow-ingestion-dag.py for tasks to queue
[2026-03-27T19:10:15.723+0000] {logging_mixin.py:188} INFO - [2026-03-27T19:10:15.723+0000] {dagbag.py:545} INFO - Filling up the DagBag from /opt/airflow/dags/postgres-airflow-ingestion-dag.py
[2026-03-27T19:10:15.745+0000] {processor.py:840} INFO - DAG(s) 'spark_streaming_pipeline' retrieved from /opt/airflow/dags/postgres-airflow-ingestion-dag.py
[2026-03-27T19:10:15.773+0000] {logging_mixin.py:188} INFO - [2026-03-27T19:10:15.772+0000] {dag.py:3089} INFO - Sync 1 DAGs
[2026-03-27T19:10:15.786+0000] {logging_mixin.py:188} INFO - [2026-03-27T19:10:15.786+0000] {dag.py:3947} INFO - Setting next_dagrun for spark_streaming_pipeline to None, run_after=None
[2026-03-27T19:10:15.807+0000] {processor.py:183} INFO - Processing /opt/airflow/dags/postgres-airflow-ingestion-dag.py took 0.095 seconds
[2026-03-27T19:10:46.354+0000] {processor.py:161} INFO - Started process (PID=25689) to work on /opt/airflow/dags/postgres-airflow-ingestion-dag.py
[2026-03-27T19:10:46.356+0000] {processor.py:830} INFO - Processing file /opt/airflow/dags/postgres-airflow-ingestion-dag.py for tasks to queue
[2026-03-27T19:10:46.358+0000] {logging_mixin.py:188} INFO - [2026-03-27T19:10:46.357+0000] {dagbag.py:545} INFO - Filling up the DagBag from /opt/airflow/dags/postgres-airflow-ingestion-dag.py
[2026-03-27T19:10:46.376+0000] {processor.py:840} INFO - DAG(s) 'spark_streaming_pipeline' retrieved from /opt/airflow/dags/postgres-airflow-ingestion-dag.py
[2026-03-27T19:10:46.402+0000] {logging_mixin.py:188} INFO - [2026-03-27T19:10:46.402+0000] {dag.py:3089} INFO - Sync 1 DAGs
[2026-03-27T19:10:46.416+0000] {logging_mixin.py:188} INFO - [2026-03-27T19:10:46.416+0000] {dag.py:3947} INFO - Setting next_dagrun for spark_streaming_pipeline to None, run_after=None
[2026-03-27T19:10:46.439+0000] {processor.py:183} INFO - Processing /opt/airflow/dags/postgres-airflow-ingestion-dag.py took 0.091 seconds
[2026-03-27T19:11:16.936+0000] {processor.py:161} INFO - Started process (PID=27343) to work on /opt/airflow/dags/postgres-airflow-ingestion-dag.py
[2026-03-27T19:11:16.937+0000] {processor.py:830} INFO - Processing file /opt/airflow/dags/postgres-airflow-ingestion-dag.py for tasks to queue
[2026-03-27T19:11:16.939+0000] {logging_mixin.py:188} INFO - [2026-03-27T19:11:16.939+0000] {dagbag.py:545} INFO - Filling up the DagBag from /opt/airflow/dags/postgres-airflow-ingestion-dag.py
[2026-03-27T19:11:16.958+0000] {processor.py:840} INFO - DAG(s) 'spark_streaming_pipeline' retrieved from /opt/airflow/dags/postgres-airflow-ingestion-dag.py
[2026-03-27T19:11:16.988+0000] {logging_mixin.py:188} INFO - [2026-03-27T19:11:16.988+0000] {dag.py:3089} INFO - Sync 1 DAGs
[2026-03-27T19:11:17.007+0000] {logging_mixin.py:188} INFO - [2026-03-27T19:11:17.007+0000] {dag.py:3947} INFO - Setting next_dagrun for spark_streaming_pipeline to None, run_after=None
[2026-03-27T19:11:17.033+0000] {processor.py:183} INFO - Processing /opt/airflow/dags/postgres-airflow-ingestion-dag.py took 0.104 seconds
[2026-03-27T19:11:47.506+0000] {processor.py:161} INFO - Started process (PID=27928) to work on /opt/airflow/dags/postgres-airflow-ingestion-dag.py
[2026-03-27T19:11:47.508+0000] {processor.py:830} INFO - Processing file /opt/airflow/dags/postgres-airflow-ingestion-dag.py for tasks to queue
[2026-03-27T19:11:47.510+0000] {logging_mixin.py:188} INFO - [2026-03-27T19:11:47.509+0000] {dagbag.py:545} INFO - Filling up the DagBag from /opt/airflow/dags/postgres-airflow-ingestion-dag.py
[2026-03-27T19:11:47.528+0000] {processor.py:840} INFO - DAG(s) 'spark_streaming_pipeline' retrieved from /opt/airflow/dags/postgres-airflow-ingestion-dag.py
[2026-03-27T19:11:47.558+0000] {logging_mixin.py:188} INFO - [2026-03-27T19:11:47.558+0000] {dag.py:3089} INFO - Sync 1 DAGs
[2026-03-27T19:11:47.585+0000] {logging_mixin.py:188} INFO - [2026-03-27T19:11:47.585+0000] {dag.py:3947} INFO - Setting next_dagrun for spark_streaming_pipeline to None, run_after=None
[2026-03-27T19:11:47.614+0000] {processor.py:183} INFO - Processing /opt/airflow/dags/postgres-airflow-ingestion-dag.py took 0.114 seconds
[2026-03-27T19:12:18.284+0000] {processor.py:161} INFO - Started process (PID=27967) to work on /opt/airflow/dags/postgres-airflow-ingestion-dag.py
[2026-03-27T19:12:18.285+0000] {processor.py:830} INFO - Processing file /opt/airflow/dags/postgres-airflow-ingestion-dag.py for tasks to queue
[2026-03-27T19:12:18.287+0000] {logging_mixin.py:188} INFO - [2026-03-27T19:12:18.286+0000] {dagbag.py:545} INFO - Filling up the DagBag from /opt/airflow/dags/postgres-airflow-ingestion-dag.py
[2026-03-27T19:12:18.304+0000] {processor.py:840} INFO - DAG(s) 'spark_streaming_pipeline' retrieved from /opt/airflow/dags/postgres-airflow-ingestion-dag.py
[2026-03-27T19:12:18.334+0000] {logging_mixin.py:188} INFO - [2026-03-27T19:12:18.333+0000] {dag.py:3089} INFO - Sync 1 DAGs
[2026-03-27T19:12:18.350+0000] {logging_mixin.py:188} INFO - [2026-03-27T19:12:18.350+0000] {dag.py:3947} INFO - Setting next_dagrun for spark_streaming_pipeline to None, run_after=None
[2026-03-27T19:12:18.373+0000] {processor.py:183} INFO - Processing /opt/airflow/dags/postgres-airflow-ingestion-dag.py took 0.095 seconds
[2026-03-27T19:13:33.758+0000] {processor.py:161} INFO - Started process (PID=182) to work on /opt/airflow/dags/postgres-airflow-ingestion-dag.py
[2026-03-27T19:13:33.760+0000] {processor.py:830} INFO - Processing file /opt/airflow/dags/postgres-airflow-ingestion-dag.py for tasks to queue
[2026-03-27T19:13:33.762+0000] {logging_mixin.py:188} INFO - [2026-03-27T19:13:33.762+0000] {dagbag.py:545} INFO - Filling up the DagBag from /opt/airflow/dags/postgres-airflow-ingestion-dag.py
[2026-03-27T19:13:33.787+0000] {processor.py:840} INFO - DAG(s) 'spark_streaming_pipeline' retrieved from /opt/airflow/dags/postgres-airflow-ingestion-dag.py
[2026-03-27T19:13:33.961+0000] {logging_mixin.py:188} INFO - [2026-03-27T19:13:33.960+0000] {override.py:1858} INFO - Created Permission View: can delete on DAG:spark_streaming_pipeline
[2026-03-27T19:13:33.975+0000] {logging_mixin.py:188} INFO - [2026-03-27T19:13:33.975+0000] {override.py:1858} INFO - Created Permission View: can read on DAG:spark_streaming_pipeline
[2026-03-27T19:13:33.985+0000] {logging_mixin.py:188} INFO - [2026-03-27T19:13:33.984+0000] {override.py:1858} INFO - Created Permission View: can edit on DAG:spark_streaming_pipeline
[2026-03-27T19:13:33.985+0000] {logging_mixin.py:188} INFO - [2026-03-27T19:13:33.985+0000] {dag.py:3089} INFO - Sync 1 DAGs
[2026-03-27T19:13:33.999+0000] {logging_mixin.py:188} INFO - [2026-03-27T19:13:33.999+0000] {dag.py:3111} INFO - Creating ORM DAG for spark_streaming_pipeline
[2026-03-27T19:13:34.000+0000] {logging_mixin.py:188} INFO - [2026-03-27T19:13:34.000+0000] {dag.py:3947} INFO - Setting next_dagrun for spark_streaming_pipeline to None, run_after=None
[2026-03-27T19:13:34.024+0000] {processor.py:183} INFO - Processing /opt/airflow/dags/postgres-airflow-ingestion-dag.py took 0.274 seconds
[2026-03-27T19:14:04.616+0000] {processor.py:161} INFO - Started process (PID=209) to work on /opt/airflow/dags/postgres-airflow-ingestion-dag.py
[2026-03-27T19:14:04.617+0000] {processor.py:830} INFO - Processing file /opt/airflow/dags/postgres-airflow-ingestion-dag.py for tasks to queue
[2026-03-27T19:14:04.619+0000] {logging_mixin.py:188} INFO - [2026-03-27T19:14:04.619+0000] {dagbag.py:545} INFO - Filling up the DagBag from /opt/airflow/dags/postgres-airflow-ingestion-dag.py
[2026-03-27T19:14:04.637+0000] {processor.py:840} INFO - DAG(s) 'spark_streaming_pipeline' retrieved from /opt/airflow/dags/postgres-airflow-ingestion-dag.py
[2026-03-27T19:14:04.669+0000] {logging_mixin.py:188} INFO - [2026-03-27T19:14:04.669+0000] {dag.py:3089} INFO - Sync 1 DAGs
[2026-03-27T19:14:04.684+0000] {logging_mixin.py:188} INFO - [2026-03-27T19:14:04.683+0000] {dag.py:3947} INFO - Setting next_dagrun for spark_streaming_pipeline to None, run_after=None
[2026-03-27T19:14:04.705+0000] {processor.py:183} INFO - Processing /opt/airflow/dags/postgres-airflow-ingestion-dag.py took 0.096 seconds
[2026-03-27T19:14:35.720+0000] {processor.py:161} INFO - Started process (PID=329) to work on /opt/airflow/dags/postgres-airflow-ingestion-dag.py
[2026-03-27T19:14:35.722+0000] {processor.py:830} INFO - Processing file /opt/airflow/dags/postgres-airflow-ingestion-dag.py for tasks to queue
[2026-03-27T19:14:35.726+0000] {logging_mixin.py:188} INFO - [2026-03-27T19:14:35.725+0000] {dagbag.py:545} INFO - Filling up the DagBag from /opt/airflow/dags/postgres-airflow-ingestion-dag.py
[2026-03-27T19:14:35.762+0000] {processor.py:840} INFO - DAG(s) 'spark_streaming_pipeline' retrieved from /opt/airflow/dags/postgres-airflow-ingestion-dag.py
[2026-03-27T19:14:35.837+0000] {logging_mixin.py:188} INFO - [2026-03-27T19:14:35.837+0000] {dag.py:3089} INFO - Sync 1 DAGs
[2026-03-27T19:14:35.871+0000] {logging_mixin.py:188} INFO - [2026-03-27T19:14:35.870+0000] {dag.py:3947} INFO - Setting next_dagrun for spark_streaming_pipeline to None, run_after=None
[2026-03-27T19:14:35.911+0000] {processor.py:183} INFO - Processing /opt/airflow/dags/postgres-airflow-ingestion-dag.py took 0.202 seconds
[2026-03-27T19:15:06.720+0000] {processor.py:161} INFO - Started process (PID=459) to work on /opt/airflow/dags/postgres-airflow-ingestion-dag.py
[2026-03-27T19:15:06.722+0000] {processor.py:830} INFO - Processing file /opt/airflow/dags/postgres-airflow-ingestion-dag.py for tasks to queue
[2026-03-27T19:15:06.726+0000] {logging_mixin.py:188} INFO - [2026-03-27T19:15:06.726+0000] {dagbag.py:545} INFO - Filling up the DagBag from /opt/airflow/dags/postgres-airflow-ingestion-dag.py
[2026-03-27T19:15:06.761+0000] {processor.py:840} INFO - DAG(s) 'spark_streaming_pipeline' retrieved from /opt/airflow/dags/postgres-airflow-ingestion-dag.py
[2026-03-27T19:15:06.838+0000] {logging_mixin.py:188} INFO - [2026-03-27T19:15:06.837+0000] {dag.py:3089} INFO - Sync 1 DAGs
[2026-03-27T19:15:06.871+0000] {logging_mixin.py:188} INFO - [2026-03-27T19:15:06.871+0000] {dag.py:3947} INFO - Setting next_dagrun for spark_streaming_pipeline to None, run_after=None
[2026-03-27T19:15:06.921+0000] {processor.py:183} INFO - Processing /opt/airflow/dags/postgres-airflow-ingestion-dag.py took 0.213 seconds
[2026-03-27T19:15:37.873+0000] {processor.py:161} INFO - Started process (PID=1294) to work on /opt/airflow/dags/postgres-airflow-ingestion-dag.py
[2026-03-27T19:15:37.875+0000] {processor.py:830} INFO - Processing file /opt/airflow/dags/postgres-airflow-ingestion-dag.py for tasks to queue
[2026-03-27T19:15:37.888+0000] {logging_mixin.py:188} INFO - [2026-03-27T19:15:37.888+0000] {dagbag.py:545} INFO - Filling up the DagBag from /opt/airflow/dags/postgres-airflow-ingestion-dag.py
[2026-03-27T19:15:37.915+0000] {processor.py:840} INFO - DAG(s) 'spark_streaming_pipeline' retrieved from /opt/airflow/dags/postgres-airflow-ingestion-dag.py
[2026-03-27T19:15:37.957+0000] {logging_mixin.py:188} INFO - [2026-03-27T19:15:37.956+0000] {dag.py:3089} INFO - Sync 1 DAGs
[2026-03-27T19:15:37.979+0000] {logging_mixin.py:188} INFO - [2026-03-27T19:15:37.978+0000] {dag.py:3947} INFO - Setting next_dagrun for spark_streaming_pipeline to None, run_after=None
[2026-03-27T19:15:38.014+0000] {processor.py:183} INFO - Processing /opt/airflow/dags/postgres-airflow-ingestion-dag.py took 0.148 seconds
[2026-03-27T19:16:08.639+0000] {processor.py:161} INFO - Started process (PID=1337) to work on /opt/airflow/dags/postgres-airflow-ingestion-dag.py
[2026-03-27T19:16:08.640+0000] {processor.py:830} INFO - Processing file /opt/airflow/dags/postgres-airflow-ingestion-dag.py for tasks to queue
[2026-03-27T19:16:08.642+0000] {logging_mixin.py:188} INFO - [2026-03-27T19:16:08.642+0000] {dagbag.py:545} INFO - Filling up the DagBag from /opt/airflow/dags/postgres-airflow-ingestion-dag.py
[2026-03-27T19:16:08.662+0000] {processor.py:840} INFO - DAG(s) 'spark_streaming_pipeline' retrieved from /opt/airflow/dags/postgres-airflow-ingestion-dag.py
[2026-03-27T19:16:08.696+0000] {logging_mixin.py:188} INFO - [2026-03-27T19:16:08.695+0000] {dag.py:3089} INFO - Sync 1 DAGs
[2026-03-27T19:16:08.712+0000] {logging_mixin.py:188} INFO - [2026-03-27T19:16:08.711+0000] {dag.py:3947} INFO - Setting next_dagrun for spark_streaming_pipeline to None, run_after=None
[2026-03-27T19:16:08.742+0000] {processor.py:183} INFO - Processing /opt/airflow/dags/postgres-airflow-ingestion-dag.py took 0.109 seconds
[2026-03-27T19:16:39.430+0000] {processor.py:161} INFO - Started process (PID=1362) to work on /opt/airflow/dags/postgres-airflow-ingestion-dag.py
[2026-03-27T19:16:39.431+0000] {processor.py:830} INFO - Processing file /opt/airflow/dags/postgres-airflow-ingestion-dag.py for tasks to queue
[2026-03-27T19:16:39.433+0000] {logging_mixin.py:188} INFO - [2026-03-27T19:16:39.432+0000] {dagbag.py:545} INFO - Filling up the DagBag from /opt/airflow/dags/postgres-airflow-ingestion-dag.py
[2026-03-27T19:16:39.451+0000] {processor.py:840} INFO - DAG(s) 'spark_streaming_pipeline' retrieved from /opt/airflow/dags/postgres-airflow-ingestion-dag.py
[2026-03-27T19:16:39.484+0000] {logging_mixin.py:188} INFO - [2026-03-27T19:16:39.484+0000] {dag.py:3089} INFO - Sync 1 DAGs
[2026-03-27T19:16:39.499+0000] {logging_mixin.py:188} INFO - [2026-03-27T19:16:39.498+0000] {dag.py:3947} INFO - Setting next_dagrun for spark_streaming_pipeline to None, run_after=None
[2026-03-27T19:16:39.521+0000] {processor.py:183} INFO - Processing /opt/airflow/dags/postgres-airflow-ingestion-dag.py took 0.098 seconds
[2026-03-27T19:17:10.158+0000] {processor.py:161} INFO - Started process (PID=1387) to work on /opt/airflow/dags/postgres-airflow-ingestion-dag.py
[2026-03-27T19:17:10.159+0000] {processor.py:830} INFO - Processing file /opt/airflow/dags/postgres-airflow-ingestion-dag.py for tasks to queue
[2026-03-27T19:17:10.161+0000] {logging_mixin.py:188} INFO - [2026-03-27T19:17:10.161+0000] {dagbag.py:545} INFO - Filling up the DagBag from /opt/airflow/dags/postgres-airflow-ingestion-dag.py
[2026-03-27T19:17:10.182+0000] {processor.py:840} INFO - DAG(s) 'spark_streaming_pipeline' retrieved from /opt/airflow/dags/postgres-airflow-ingestion-dag.py
[2026-03-27T19:17:10.216+0000] {logging_mixin.py:188} INFO - [2026-03-27T19:17:10.216+0000] {dag.py:3089} INFO - Sync 1 DAGs
[2026-03-27T19:17:10.231+0000] {logging_mixin.py:188} INFO - [2026-03-27T19:17:10.231+0000] {dag.py:3947} INFO - Setting next_dagrun for spark_streaming_pipeline to None, run_after=None
[2026-03-27T19:17:10.254+0000] {processor.py:183} INFO - Processing /opt/airflow/dags/postgres-airflow-ingestion-dag.py took 0.102 seconds
[2026-03-27T19:17:40.988+0000] {processor.py:161} INFO - Started process (PID=1412) to work on /opt/airflow/dags/postgres-airflow-ingestion-dag.py
[2026-03-27T19:17:40.989+0000] {processor.py:830} INFO - Processing file /opt/airflow/dags/postgres-airflow-ingestion-dag.py for tasks to queue
[2026-03-27T19:17:40.991+0000] {logging_mixin.py:188} INFO - [2026-03-27T19:17:40.991+0000] {dagbag.py:545} INFO - Filling up the DagBag from /opt/airflow/dags/postgres-airflow-ingestion-dag.py
[2026-03-27T19:17:41.009+0000] {processor.py:840} INFO - DAG(s) 'spark_streaming_pipeline' retrieved from /opt/airflow/dags/postgres-airflow-ingestion-dag.py
[2026-03-27T19:17:41.046+0000] {logging_mixin.py:188} INFO - [2026-03-27T19:17:41.045+0000] {dag.py:3089} INFO - Sync 1 DAGs
[2026-03-27T19:17:41.062+0000] {logging_mixin.py:188} INFO - [2026-03-27T19:17:41.062+0000] {dag.py:3947} INFO - Setting next_dagrun for spark_streaming_pipeline to None, run_after=None
[2026-03-27T19:17:41.085+0000] {processor.py:183} INFO - Processing /opt/airflow/dags/postgres-airflow-ingestion-dag.py took 0.104 seconds
[2026-03-27T19:18:11.863+0000] {processor.py:161} INFO - Started process (PID=1437) to work on /opt/airflow/dags/postgres-airflow-ingestion-dag.py
[2026-03-27T19:18:11.864+0000] {processor.py:830} INFO - Processing file /opt/airflow/dags/postgres-airflow-ingestion-dag.py for tasks to queue
[2026-03-27T19:18:11.867+0000] {logging_mixin.py:188} INFO - [2026-03-27T19:18:11.866+0000] {dagbag.py:545} INFO - Filling up the DagBag from /opt/airflow/dags/postgres-airflow-ingestion-dag.py
[2026-03-27T19:18:11.885+0000] {processor.py:840} INFO - DAG(s) 'spark_streaming_pipeline' retrieved from /opt/airflow/dags/postgres-airflow-ingestion-dag.py
[2026-03-27T19:18:11.919+0000] {logging_mixin.py:188} INFO - [2026-03-27T19:18:11.919+0000] {dag.py:3089} INFO - Sync 1 DAGs
[2026-03-27T19:18:11.932+0000] {logging_mixin.py:188} INFO - [2026-03-27T19:18:11.932+0000] {dag.py:3947} INFO - Setting next_dagrun for spark_streaming_pipeline to None, run_after=None
[2026-03-27T19:18:11.954+0000] {processor.py:183} INFO - Processing /opt/airflow/dags/postgres-airflow-ingestion-dag.py took 0.098 seconds
[2026-03-27T19:18:42.750+0000] {processor.py:161} INFO - Started process (PID=1462) to work on /opt/airflow/dags/postgres-airflow-ingestion-dag.py
[2026-03-27T19:18:42.752+0000] {processor.py:830} INFO - Processing file /opt/airflow/dags/postgres-airflow-ingestion-dag.py for tasks to queue
[2026-03-27T19:18:42.754+0000] {logging_mixin.py:188} INFO - [2026-03-27T19:18:42.753+0000] {dagbag.py:545} INFO - Filling up the DagBag from /opt/airflow/dags/postgres-airflow-ingestion-dag.py
[2026-03-27T19:18:42.776+0000] {processor.py:840} INFO - DAG(s) 'spark_streaming_pipeline' retrieved from /opt/airflow/dags/postgres-airflow-ingestion-dag.py
[2026-03-27T19:18:42.810+0000] {logging_mixin.py:188} INFO - [2026-03-27T19:18:42.809+0000] {dag.py:3089} INFO - Sync 1 DAGs
[2026-03-27T19:18:42.823+0000] {logging_mixin.py:188} INFO - [2026-03-27T19:18:42.823+0000] {dag.py:3947} INFO - Setting next_dagrun for spark_streaming_pipeline to None, run_after=None
[2026-03-27T19:18:42.846+0000] {processor.py:183} INFO - Processing /opt/airflow/dags/postgres-airflow-ingestion-dag.py took 0.102 seconds
[2026-03-27T19:19:13.386+0000] {processor.py:161} INFO - Started process (PID=1501) to work on /opt/airflow/dags/postgres-airflow-ingestion-dag.py
[2026-03-27T19:19:13.387+0000] {processor.py:830} INFO - Processing file /opt/airflow/dags/postgres-airflow-ingestion-dag.py for tasks to queue
[2026-03-27T19:19:13.389+0000] {logging_mixin.py:188} INFO - [2026-03-27T19:19:13.389+0000] {dagbag.py:545} INFO - Filling up the DagBag from /opt/airflow/dags/postgres-airflow-ingestion-dag.py
[2026-03-27T19:19:13.406+0000] {processor.py:840} INFO - DAG(s) 'spark_streaming_pipeline' retrieved from /opt/airflow/dags/postgres-airflow-ingestion-dag.py
[2026-03-27T19:19:13.441+0000] {logging_mixin.py:188} INFO - [2026-03-27T19:19:13.440+0000] {dag.py:3089} INFO - Sync 1 DAGs
[2026-03-27T19:19:13.454+0000] {logging_mixin.py:188} INFO - [2026-03-27T19:19:13.454+0000] {dag.py:3947} INFO - Setting next_dagrun for spark_streaming_pipeline to None, run_after=None
[2026-03-27T19:19:13.476+0000] {processor.py:183} INFO - Processing /opt/airflow/dags/postgres-airflow-ingestion-dag.py took 0.096 seconds
[2026-03-27T19:19:44.056+0000] {processor.py:161} INFO - Started process (PID=1530) to work on /opt/airflow/dags/postgres-airflow-ingestion-dag.py
[2026-03-27T19:19:44.058+0000] {processor.py:830} INFO - Processing file /opt/airflow/dags/postgres-airflow-ingestion-dag.py for tasks to queue
[2026-03-27T19:19:44.060+0000] {logging_mixin.py:188} INFO - [2026-03-27T19:19:44.060+0000] {dagbag.py:545} INFO - Filling up the DagBag from /opt/airflow/dags/postgres-airflow-ingestion-dag.py
[2026-03-27T19:19:44.080+0000] {processor.py:840} INFO - DAG(s) 'spark_streaming_pipeline' retrieved from /opt/airflow/dags/postgres-airflow-ingestion-dag.py
[2026-03-27T19:19:44.113+0000] {logging_mixin.py:188} INFO - [2026-03-27T19:19:44.112+0000] {dag.py:3089} INFO - Sync 1 DAGs
[2026-03-27T19:19:44.126+0000] {logging_mixin.py:188} INFO - [2026-03-27T19:19:44.125+0000] {dag.py:3947} INFO - Setting next_dagrun for spark_streaming_pipeline to None, run_after=None
[2026-03-27T19:19:44.147+0000] {processor.py:183} INFO - Processing /opt/airflow/dags/postgres-airflow-ingestion-dag.py took 0.098 seconds
[2026-03-27T19:32:21.885+0000] {processor.py:161} INFO - Started process (PID=182) to work on /opt/airflow/dags/postgres-airflow-ingestion-dag.py
[2026-03-27T19:32:21.887+0000] {processor.py:830} INFO - Processing file /opt/airflow/dags/postgres-airflow-ingestion-dag.py for tasks to queue
[2026-03-27T19:32:21.890+0000] {logging_mixin.py:188} INFO - [2026-03-27T19:32:21.889+0000] {dagbag.py:545} INFO - Filling up the DagBag from /opt/airflow/dags/postgres-airflow-ingestion-dag.py
[2026-03-27T19:32:21.918+0000] {processor.py:840} INFO - DAG(s) 'spark_streaming_pipeline' retrieved from /opt/airflow/dags/postgres-airflow-ingestion-dag.py
[2026-03-27T19:32:22.087+0000] {logging_mixin.py:188} INFO - [2026-03-27T19:32:22.086+0000] {override.py:1858} INFO - Created Permission View: can edit on DAG:spark_streaming_pipeline
[2026-03-27T19:32:22.102+0000] {logging_mixin.py:188} INFO - [2026-03-27T19:32:22.102+0000] {override.py:1858} INFO - Created Permission View: can read on DAG:spark_streaming_pipeline
[2026-03-27T19:32:22.112+0000] {logging_mixin.py:188} INFO - [2026-03-27T19:32:22.112+0000] {override.py:1858} INFO - Created Permission View: can delete on DAG:spark_streaming_pipeline
[2026-03-27T19:32:22.113+0000] {logging_mixin.py:188} INFO - [2026-03-27T19:32:22.113+0000] {dag.py:3089} INFO - Sync 1 DAGs
[2026-03-27T19:32:22.129+0000] {logging_mixin.py:188} INFO - [2026-03-27T19:32:22.129+0000] {dag.py:3111} INFO - Creating ORM DAG for spark_streaming_pipeline
[2026-03-27T19:32:22.131+0000] {logging_mixin.py:188} INFO - [2026-03-27T19:32:22.130+0000] {dag.py:3947} INFO - Setting next_dagrun for spark_streaming_pipeline to None, run_after=None
[2026-03-27T19:32:22.155+0000] {processor.py:183} INFO - Processing /opt/airflow/dags/postgres-airflow-ingestion-dag.py took 0.279 seconds
[2026-03-27T19:32:52.920+0000] {processor.py:161} INFO - Started process (PID=209) to work on /opt/airflow/dags/postgres-airflow-ingestion-dag.py
[2026-03-27T19:32:52.922+0000] {processor.py:830} INFO - Processing file /opt/airflow/dags/postgres-airflow-ingestion-dag.py for tasks to queue
[2026-03-27T19:32:52.924+0000] {logging_mixin.py:188} INFO - [2026-03-27T19:32:52.923+0000] {dagbag.py:545} INFO - Filling up the DagBag from /opt/airflow/dags/postgres-airflow-ingestion-dag.py
[2026-03-27T19:32:52.943+0000] {processor.py:840} INFO - DAG(s) 'spark_streaming_pipeline' retrieved from /opt/airflow/dags/postgres-airflow-ingestion-dag.py
[2026-03-27T19:32:52.968+0000] {logging_mixin.py:188} INFO - [2026-03-27T19:32:52.967+0000] {dag.py:3089} INFO - Sync 1 DAGs
[2026-03-27T19:32:52.981+0000] {logging_mixin.py:188} INFO - [2026-03-27T19:32:52.981+0000] {dag.py:3947} INFO - Setting next_dagrun for spark_streaming_pipeline to None, run_after=None
[2026-03-27T19:32:53.004+0000] {processor.py:183} INFO - Processing /opt/airflow/dags/postgres-airflow-ingestion-dag.py took 0.089 seconds
[2026-03-27T19:33:23.229+0000] {processor.py:161} INFO - Started process (PID=234) to work on /opt/airflow/dags/postgres-airflow-ingestion-dag.py
[2026-03-27T19:33:23.230+0000] {processor.py:830} INFO - Processing file /opt/airflow/dags/postgres-airflow-ingestion-dag.py for tasks to queue
[2026-03-27T19:33:23.232+0000] {logging_mixin.py:188} INFO - [2026-03-27T19:33:23.232+0000] {dagbag.py:545} INFO - Filling up the DagBag from /opt/airflow/dags/postgres-airflow-ingestion-dag.py
[2026-03-27T19:33:23.253+0000] {processor.py:840} INFO - DAG(s) 'spark_streaming_pipeline' retrieved from /opt/airflow/dags/postgres-airflow-ingestion-dag.py
[2026-03-27T19:33:23.278+0000] {logging_mixin.py:188} INFO - [2026-03-27T19:33:23.278+0000] {dag.py:3089} INFO - Sync 1 DAGs
[2026-03-27T19:33:23.293+0000] {logging_mixin.py:188} INFO - [2026-03-27T19:33:23.293+0000] {dag.py:3947} INFO - Setting next_dagrun for spark_streaming_pipeline to None, run_after=None
[2026-03-27T19:33:23.315+0000] {processor.py:183} INFO - Processing /opt/airflow/dags/postgres-airflow-ingestion-dag.py took 0.092 seconds
[2026-03-27T19:33:53.382+0000] {processor.py:161} INFO - Started process (PID=259) to work on /opt/airflow/dags/postgres-airflow-ingestion-dag.py
[2026-03-27T19:33:53.383+0000] {processor.py:830} INFO - Processing file /opt/airflow/dags/postgres-airflow-ingestion-dag.py for tasks to queue
[2026-03-27T19:33:53.385+0000] {logging_mixin.py:188} INFO - [2026-03-27T19:33:53.384+0000] {dagbag.py:545} INFO - Filling up the DagBag from /opt/airflow/dags/postgres-airflow-ingestion-dag.py
[2026-03-27T19:33:53.406+0000] {processor.py:840} INFO - DAG(s) 'spark_streaming_pipeline' retrieved from /opt/airflow/dags/postgres-airflow-ingestion-dag.py
[2026-03-27T19:33:53.436+0000] {logging_mixin.py:188} INFO - [2026-03-27T19:33:53.435+0000] {dag.py:3089} INFO - Sync 1 DAGs
[2026-03-27T19:33:53.450+0000] {logging_mixin.py:188} INFO - [2026-03-27T19:33:53.450+0000] {dag.py:3947} INFO - Setting next_dagrun for spark_streaming_pipeline to None, run_after=None
[2026-03-27T19:33:53.471+0000] {processor.py:183} INFO - Processing /opt/airflow/dags/postgres-airflow-ingestion-dag.py took 0.095 seconds
[2026-03-27T19:34:24.568+0000] {processor.py:161} INFO - Started process (PID=373) to work on /opt/airflow/dags/postgres-airflow-ingestion-dag.py
[2026-03-27T19:34:24.570+0000] {processor.py:830} INFO - Processing file /opt/airflow/dags/postgres-airflow-ingestion-dag.py for tasks to queue
[2026-03-27T19:34:24.575+0000] {logging_mixin.py:188} INFO - [2026-03-27T19:34:24.573+0000] {dagbag.py:545} INFO - Filling up the DagBag from /opt/airflow/dags/postgres-airflow-ingestion-dag.py
[2026-03-27T19:34:24.623+0000] {processor.py:840} INFO - DAG(s) 'spark_streaming_pipeline' retrieved from /opt/airflow/dags/postgres-airflow-ingestion-dag.py
[2026-03-27T19:34:24.683+0000] {logging_mixin.py:188} INFO - [2026-03-27T19:34:24.683+0000] {dag.py:3089} INFO - Sync 1 DAGs
[2026-03-27T19:34:24.726+0000] {logging_mixin.py:188} INFO - [2026-03-27T19:34:24.725+0000] {dag.py:3947} INFO - Setting next_dagrun for spark_streaming_pipeline to None, run_after=None
[2026-03-27T19:34:24.793+0000] {processor.py:183} INFO - Processing /opt/airflow/dags/postgres-airflow-ingestion-dag.py took 0.247 seconds
[2026-03-27T19:34:55.609+0000] {processor.py:161} INFO - Started process (PID=584) to work on /opt/airflow/dags/postgres-airflow-ingestion-dag.py
[2026-03-27T19:34:55.611+0000] {processor.py:830} INFO - Processing file /opt/airflow/dags/postgres-airflow-ingestion-dag.py for tasks to queue
[2026-03-27T19:34:55.615+0000] {logging_mixin.py:188} INFO - [2026-03-27T19:34:55.615+0000] {dagbag.py:545} INFO - Filling up the DagBag from /opt/airflow/dags/postgres-airflow-ingestion-dag.py
[2026-03-27T19:34:55.653+0000] {processor.py:840} INFO - DAG(s) 'spark_streaming_pipeline' retrieved from /opt/airflow/dags/postgres-airflow-ingestion-dag.py
[2026-03-27T19:34:55.700+0000] {logging_mixin.py:188} INFO - [2026-03-27T19:34:55.700+0000] {dag.py:3089} INFO - Sync 1 DAGs
[2026-03-27T19:34:55.729+0000] {logging_mixin.py:188} INFO - [2026-03-27T19:34:55.729+0000] {dag.py:3947} INFO - Setting next_dagrun for spark_streaming_pipeline to None, run_after=None
[2026-03-27T19:34:56.229+0000] {processor.py:183} INFO - Processing /opt/airflow/dags/postgres-airflow-ingestion-dag.py took 0.634 seconds
[2026-03-27T19:35:27.010+0000] {processor.py:161} INFO - Started process (PID=1559) to work on /opt/airflow/dags/postgres-airflow-ingestion-dag.py
[2026-03-27T19:35:27.011+0000] {processor.py:830} INFO - Processing file /opt/airflow/dags/postgres-airflow-ingestion-dag.py for tasks to queue
[2026-03-27T19:35:27.013+0000] {logging_mixin.py:188} INFO - [2026-03-27T19:35:27.012+0000] {dagbag.py:545} INFO - Filling up the DagBag from /opt/airflow/dags/postgres-airflow-ingestion-dag.py
[2026-03-27T19:35:27.033+0000] {processor.py:840} INFO - DAG(s) 'spark_streaming_pipeline' retrieved from /opt/airflow/dags/postgres-airflow-ingestion-dag.py
[2026-03-27T19:35:27.060+0000] {logging_mixin.py:188} INFO - [2026-03-27T19:35:27.060+0000] {dag.py:3089} INFO - Sync 1 DAGs
[2026-03-27T19:35:27.075+0000] {logging_mixin.py:188} INFO - [2026-03-27T19:35:27.075+0000] {dag.py:3947} INFO - Setting next_dagrun for spark_streaming_pipeline to None, run_after=None
[2026-03-27T19:35:27.099+0000] {processor.py:183} INFO - Processing /opt/airflow/dags/postgres-airflow-ingestion-dag.py took 0.095 seconds
[2026-03-27T19:35:57.778+0000] {processor.py:161} INFO - Started process (PID=1621) to work on /opt/airflow/dags/postgres-airflow-ingestion-dag.py
[2026-03-27T19:35:57.779+0000] {processor.py:830} INFO - Processing file /opt/airflow/dags/postgres-airflow-ingestion-dag.py for tasks to queue
[2026-03-27T19:35:57.782+0000] {logging_mixin.py:188} INFO - [2026-03-27T19:35:57.781+0000] {dagbag.py:545} INFO - Filling up the DagBag from /opt/airflow/dags/postgres-airflow-ingestion-dag.py
[2026-03-27T19:35:57.807+0000] {processor.py:840} INFO - DAG(s) 'spark_streaming_pipeline' retrieved from /opt/airflow/dags/postgres-airflow-ingestion-dag.py
[2026-03-27T19:35:57.834+0000] {logging_mixin.py:188} INFO - [2026-03-27T19:35:57.834+0000] {dag.py:3089} INFO - Sync 1 DAGs
[2026-03-27T19:35:57.851+0000] {logging_mixin.py:188} INFO - [2026-03-27T19:35:57.851+0000] {dag.py:3947} INFO - Setting next_dagrun for spark_streaming_pipeline to None, run_after=None
[2026-03-27T19:35:57.879+0000] {processor.py:183} INFO - Processing /opt/airflow/dags/postgres-airflow-ingestion-dag.py took 0.108 seconds
[2026-03-27T19:36:28.607+0000] {processor.py:161} INFO - Started process (PID=1646) to work on /opt/airflow/dags/postgres-airflow-ingestion-dag.py
[2026-03-27T19:36:28.608+0000] {processor.py:830} INFO - Processing file /opt/airflow/dags/postgres-airflow-ingestion-dag.py for tasks to queue
[2026-03-27T19:36:28.610+0000] {logging_mixin.py:188} INFO - [2026-03-27T19:36:28.609+0000] {dagbag.py:545} INFO - Filling up the DagBag from /opt/airflow/dags/postgres-airflow-ingestion-dag.py
[2026-03-27T19:36:28.628+0000] {processor.py:840} INFO - DAG(s) 'spark_streaming_pipeline' retrieved from /opt/airflow/dags/postgres-airflow-ingestion-dag.py
[2026-03-27T19:36:28.656+0000] {logging_mixin.py:188} INFO - [2026-03-27T19:36:28.656+0000] {dag.py:3089} INFO - Sync 1 DAGs
[2026-03-27T19:36:28.672+0000] {logging_mixin.py:188} INFO - [2026-03-27T19:36:28.672+0000] {dag.py:3947} INFO - Setting next_dagrun for spark_streaming_pipeline to None, run_after=None
[2026-03-27T19:36:28.698+0000] {processor.py:183} INFO - Processing /opt/airflow/dags/postgres-airflow-ingestion-dag.py took 0.097 seconds
[2026-03-27T19:36:59.485+0000] {processor.py:161} INFO - Started process (PID=1671) to work on /opt/airflow/dags/postgres-airflow-ingestion-dag.py
[2026-03-27T19:36:59.486+0000] {processor.py:830} INFO - Processing file /opt/airflow/dags/postgres-airflow-ingestion-dag.py for tasks to queue
[2026-03-27T19:36:59.487+0000] {logging_mixin.py:188} INFO - [2026-03-27T19:36:59.487+0000] {dagbag.py:545} INFO - Filling up the DagBag from /opt/airflow/dags/postgres-airflow-ingestion-dag.py
[2026-03-27T19:36:59.506+0000] {processor.py:840} INFO - DAG(s) 'spark_streaming_pipeline' retrieved from /opt/airflow/dags/postgres-airflow-ingestion-dag.py
[2026-03-27T19:36:59.534+0000] {logging_mixin.py:188} INFO - [2026-03-27T19:36:59.533+0000] {dag.py:3089} INFO - Sync 1 DAGs
[2026-03-27T19:36:59.551+0000] {logging_mixin.py:188} INFO - [2026-03-27T19:36:59.551+0000] {dag.py:3947} INFO - Setting next_dagrun for spark_streaming_pipeline to None, run_after=None
[2026-03-27T19:36:59.575+0000] {processor.py:183} INFO - Processing /opt/airflow/dags/postgres-airflow-ingestion-dag.py took 0.096 seconds
[2026-03-27T19:37:30.346+0000] {processor.py:161} INFO - Started process (PID=1696) to work on /opt/airflow/dags/postgres-airflow-ingestion-dag.py
[2026-03-27T19:37:30.347+0000] {processor.py:830} INFO - Processing file /opt/airflow/dags/postgres-airflow-ingestion-dag.py for tasks to queue
[2026-03-27T19:37:30.349+0000] {logging_mixin.py:188} INFO - [2026-03-27T19:37:30.348+0000] {dagbag.py:545} INFO - Filling up the DagBag from /opt/airflow/dags/postgres-airflow-ingestion-dag.py
[2026-03-27T19:37:30.366+0000] {processor.py:840} INFO - DAG(s) 'spark_streaming_pipeline' retrieved from /opt/airflow/dags/postgres-airflow-ingestion-dag.py
[2026-03-27T19:37:30.393+0000] {logging_mixin.py:188} INFO - [2026-03-27T19:37:30.393+0000] {dag.py:3089} INFO - Sync 1 DAGs
[2026-03-27T19:37:30.409+0000] {logging_mixin.py:188} INFO - [2026-03-27T19:37:30.408+0000] {dag.py:3947} INFO - Setting next_dagrun for spark_streaming_pipeline to None, run_after=None
[2026-03-27T19:37:30.434+0000] {processor.py:183} INFO - Processing /opt/airflow/dags/postgres-airflow-ingestion-dag.py took 0.095 seconds
[2026-03-27T19:38:01.134+0000] {processor.py:161} INFO - Started process (PID=1721) to work on /opt/airflow/dags/postgres-airflow-ingestion-dag.py
[2026-03-27T19:38:01.135+0000] {processor.py:830} INFO - Processing file /opt/airflow/dags/postgres-airflow-ingestion-dag.py for tasks to queue
[2026-03-27T19:38:01.137+0000] {logging_mixin.py:188} INFO - [2026-03-27T19:38:01.136+0000] {dagbag.py:545} INFO - Filling up the DagBag from /opt/airflow/dags/postgres-airflow-ingestion-dag.py
[2026-03-27T19:38:01.153+0000] {processor.py:840} INFO - DAG(s) 'spark_streaming_pipeline' retrieved from /opt/airflow/dags/postgres-airflow-ingestion-dag.py
[2026-03-27T19:38:01.180+0000] {logging_mixin.py:188} INFO - [2026-03-27T19:38:01.179+0000] {dag.py:3089} INFO - Sync 1 DAGs
[2026-03-27T19:38:01.199+0000] {logging_mixin.py:188} INFO - [2026-03-27T19:38:01.199+0000] {dag.py:3947} INFO - Setting next_dagrun for spark_streaming_pipeline to None, run_after=None
[2026-03-27T19:38:01.221+0000] {processor.py:183} INFO - Processing /opt/airflow/dags/postgres-airflow-ingestion-dag.py took 0.093 seconds
[2026-03-27T19:38:31.948+0000] {processor.py:161} INFO - Started process (PID=1746) to work on /opt/airflow/dags/postgres-airflow-ingestion-dag.py
[2026-03-27T19:38:31.949+0000] {processor.py:830} INFO - Processing file /opt/airflow/dags/postgres-airflow-ingestion-dag.py for tasks to queue
[2026-03-27T19:38:31.951+0000] {logging_mixin.py:188} INFO - [2026-03-27T19:38:31.951+0000] {dagbag.py:545} INFO - Filling up the DagBag from /opt/airflow/dags/postgres-airflow-ingestion-dag.py
[2026-03-27T19:38:31.969+0000] {processor.py:840} INFO - DAG(s) 'spark_streaming_pipeline' retrieved from /opt/airflow/dags/postgres-airflow-ingestion-dag.py
[2026-03-27T19:38:32.002+0000] {logging_mixin.py:188} INFO - [2026-03-27T19:38:32.001+0000] {dag.py:3089} INFO - Sync 1 DAGs
[2026-03-27T19:38:32.017+0000] {logging_mixin.py:188} INFO - [2026-03-27T19:38:32.017+0000] {dag.py:3947} INFO - Setting next_dagrun for spark_streaming_pipeline to None, run_after=None
[2026-03-27T19:38:32.041+0000] {processor.py:183} INFO - Processing /opt/airflow/dags/postgres-airflow-ingestion-dag.py took 0.099 seconds
[2026-03-27T19:39:02.696+0000] {processor.py:161} INFO - Started process (PID=1771) to work on /opt/airflow/dags/postgres-airflow-ingestion-dag.py
[2026-03-27T19:39:02.697+0000] {processor.py:830} INFO - Processing file /opt/airflow/dags/postgres-airflow-ingestion-dag.py for tasks to queue
[2026-03-27T19:39:02.699+0000] {logging_mixin.py:188} INFO - [2026-03-27T19:39:02.699+0000] {dagbag.py:545} INFO - Filling up the DagBag from /opt/airflow/dags/postgres-airflow-ingestion-dag.py
[2026-03-27T19:39:02.715+0000] {processor.py:840} INFO - DAG(s) 'spark_streaming_pipeline' retrieved from /opt/airflow/dags/postgres-airflow-ingestion-dag.py
[2026-03-27T19:39:02.742+0000] {logging_mixin.py:188} INFO - [2026-03-27T19:39:02.742+0000] {dag.py:3089} INFO - Sync 1 DAGs
[2026-03-27T19:39:02.757+0000] {logging_mixin.py:188} INFO - [2026-03-27T19:39:02.757+0000] {dag.py:3947} INFO - Setting next_dagrun for spark_streaming_pipeline to None, run_after=None
[2026-03-27T19:39:02.781+0000] {processor.py:183} INFO - Processing /opt/airflow/dags/postgres-airflow-ingestion-dag.py took 0.091 seconds
[2026-03-27T19:39:33.581+0000] {processor.py:161} INFO - Started process (PID=1802) to work on /opt/airflow/dags/postgres-airflow-ingestion-dag.py
[2026-03-27T19:39:33.582+0000] {processor.py:830} INFO - Processing file /opt/airflow/dags/postgres-airflow-ingestion-dag.py for tasks to queue
[2026-03-27T19:39:33.584+0000] {logging_mixin.py:188} INFO - [2026-03-27T19:39:33.584+0000] {dagbag.py:545} INFO - Filling up the DagBag from /opt/airflow/dags/postgres-airflow-ingestion-dag.py
[2026-03-27T19:39:33.601+0000] {processor.py:840} INFO - DAG(s) 'spark_streaming_pipeline' retrieved from /opt/airflow/dags/postgres-airflow-ingestion-dag.py
[2026-03-27T19:39:33.628+0000] {logging_mixin.py:188} INFO - [2026-03-27T19:39:33.627+0000] {dag.py:3089} INFO - Sync 1 DAGs
[2026-03-27T19:39:33.642+0000] {logging_mixin.py:188} INFO - [2026-03-27T19:39:33.642+0000] {dag.py:3947} INFO - Setting next_dagrun for spark_streaming_pipeline to None, run_after=None
[2026-03-27T19:39:33.663+0000] {processor.py:183} INFO - Processing /opt/airflow/dags/postgres-airflow-ingestion-dag.py took 0.089 seconds
[2026-03-27T19:40:04.346+0000] {processor.py:161} INFO - Started process (PID=1834) to work on /opt/airflow/dags/postgres-airflow-ingestion-dag.py
[2026-03-27T19:40:04.347+0000] {processor.py:830} INFO - Processing file /opt/airflow/dags/postgres-airflow-ingestion-dag.py for tasks to queue
[2026-03-27T19:40:04.349+0000] {logging_mixin.py:188} INFO - [2026-03-27T19:40:04.349+0000] {dagbag.py:545} INFO - Filling up the DagBag from /opt/airflow/dags/postgres-airflow-ingestion-dag.py
[2026-03-27T19:40:04.369+0000] {processor.py:840} INFO - DAG(s) 'spark_streaming_pipeline' retrieved from /opt/airflow/dags/postgres-airflow-ingestion-dag.py
[2026-03-27T19:40:04.399+0000] {logging_mixin.py:188} INFO - [2026-03-27T19:40:04.398+0000] {dag.py:3089} INFO - Sync 1 DAGs
[2026-03-27T19:40:04.414+0000] {logging_mixin.py:188} INFO - [2026-03-27T19:40:04.413+0000] {dag.py:3947} INFO - Setting next_dagrun for spark_streaming_pipeline to None, run_after=None
[2026-03-27T19:40:04.438+0000] {processor.py:183} INFO - Processing /opt/airflow/dags/postgres-airflow-ingestion-dag.py took 0.099 seconds
[2026-03-27T19:40:35.271+0000] {processor.py:161} INFO - Started process (PID=1859) to work on /opt/airflow/dags/postgres-airflow-ingestion-dag.py
[2026-03-27T19:40:35.273+0000] {processor.py:830} INFO - Processing file /opt/airflow/dags/postgres-airflow-ingestion-dag.py for tasks to queue
[2026-03-27T19:40:35.276+0000] {logging_mixin.py:188} INFO - [2026-03-27T19:40:35.276+0000] {dagbag.py:545} INFO - Filling up the DagBag from /opt/airflow/dags/postgres-airflow-ingestion-dag.py
[2026-03-27T19:40:35.297+0000] {processor.py:840} INFO - DAG(s) 'spark_streaming_pipeline' retrieved from /opt/airflow/dags/postgres-airflow-ingestion-dag.py
[2026-03-27T19:40:35.324+0000] {logging_mixin.py:188} INFO - [2026-03-27T19:40:35.324+0000] {dag.py:3089} INFO - Sync 1 DAGs
[2026-03-27T19:40:35.339+0000] {logging_mixin.py:188} INFO - [2026-03-27T19:40:35.339+0000] {dag.py:3947} INFO - Setting next_dagrun for spark_streaming_pipeline to None, run_after=None
[2026-03-27T19:40:35.364+0000] {processor.py:183} INFO - Processing /opt/airflow/dags/postgres-airflow-ingestion-dag.py took 0.103 seconds
[2026-03-27T19:41:06.131+0000] {processor.py:161} INFO - Started process (PID=1884) to work on /opt/airflow/dags/postgres-airflow-ingestion-dag.py
[2026-03-27T19:41:06.132+0000] {processor.py:830} INFO - Processing file /opt/airflow/dags/postgres-airflow-ingestion-dag.py for tasks to queue
[2026-03-27T19:41:06.135+0000] {logging_mixin.py:188} INFO - [2026-03-27T19:41:06.134+0000] {dagbag.py:545} INFO - Filling up the DagBag from /opt/airflow/dags/postgres-airflow-ingestion-dag.py
[2026-03-27T19:41:06.156+0000] {processor.py:840} INFO - DAG(s) 'spark_streaming_pipeline' retrieved from /opt/airflow/dags/postgres-airflow-ingestion-dag.py
[2026-03-27T19:41:06.184+0000] {logging_mixin.py:188} INFO - [2026-03-27T19:41:06.183+0000] {dag.py:3089} INFO - Sync 1 DAGs
[2026-03-27T19:41:06.199+0000] {logging_mixin.py:188} INFO - [2026-03-27T19:41:06.199+0000] {dag.py:3947} INFO - Setting next_dagrun for spark_streaming_pipeline to None, run_after=None
[2026-03-27T19:41:06.225+0000] {processor.py:183} INFO - Processing /opt/airflow/dags/postgres-airflow-ingestion-dag.py took 0.100 seconds
[2026-03-27T19:41:36.930+0000] {processor.py:161} INFO - Started process (PID=3273) to work on /opt/airflow/dags/postgres-airflow-ingestion-dag.py
[2026-03-27T19:41:36.932+0000] {processor.py:830} INFO - Processing file /opt/airflow/dags/postgres-airflow-ingestion-dag.py for tasks to queue
[2026-03-27T19:41:36.935+0000] {logging_mixin.py:188} INFO - [2026-03-27T19:41:36.934+0000] {dagbag.py:545} INFO - Filling up the DagBag from /opt/airflow/dags/postgres-airflow-ingestion-dag.py
[2026-03-27T19:41:36.958+0000] {processor.py:840} INFO - DAG(s) 'spark_streaming_pipeline' retrieved from /opt/airflow/dags/postgres-airflow-ingestion-dag.py
[2026-03-27T19:41:36.990+0000] {logging_mixin.py:188} INFO - [2026-03-27T19:41:36.989+0000] {dag.py:3089} INFO - Sync 1 DAGs
[2026-03-27T19:41:37.012+0000] {logging_mixin.py:188} INFO - [2026-03-27T19:41:37.012+0000] {dag.py:3947} INFO - Setting next_dagrun for spark_streaming_pipeline to None, run_after=None
[2026-03-27T19:41:37.042+0000] {processor.py:183} INFO - Processing /opt/airflow/dags/postgres-airflow-ingestion-dag.py took 0.119 seconds
[2026-03-27T19:42:07.665+0000] {processor.py:161} INFO - Started process (PID=4006) to work on /opt/airflow/dags/postgres-airflow-ingestion-dag.py
[2026-03-27T19:42:07.667+0000] {processor.py:830} INFO - Processing file /opt/airflow/dags/postgres-airflow-ingestion-dag.py for tasks to queue
[2026-03-27T19:42:07.669+0000] {logging_mixin.py:188} INFO - [2026-03-27T19:42:07.669+0000] {dagbag.py:545} INFO - Filling up the DagBag from /opt/airflow/dags/postgres-airflow-ingestion-dag.py
[2026-03-27T19:42:07.688+0000] {processor.py:840} INFO - DAG(s) 'spark_streaming_pipeline' retrieved from /opt/airflow/dags/postgres-airflow-ingestion-dag.py
[2026-03-27T19:42:07.716+0000] {logging_mixin.py:188} INFO - [2026-03-27T19:42:07.716+0000] {dag.py:3089} INFO - Sync 1 DAGs
[2026-03-27T19:42:07.730+0000] {logging_mixin.py:188} INFO - [2026-03-27T19:42:07.730+0000] {dag.py:3947} INFO - Setting next_dagrun for spark_streaming_pipeline to None, run_after=None
[2026-03-27T19:42:07.753+0000] {processor.py:183} INFO - Processing /opt/airflow/dags/postgres-airflow-ingestion-dag.py took 0.095 seconds
[2026-03-27T19:42:38.469+0000] {processor.py:161} INFO - Started process (PID=4031) to work on /opt/airflow/dags/postgres-airflow-ingestion-dag.py
[2026-03-27T19:42:38.470+0000] {processor.py:830} INFO - Processing file /opt/airflow/dags/postgres-airflow-ingestion-dag.py for tasks to queue
[2026-03-27T19:42:38.472+0000] {logging_mixin.py:188} INFO - [2026-03-27T19:42:38.471+0000] {dagbag.py:545} INFO - Filling up the DagBag from /opt/airflow/dags/postgres-airflow-ingestion-dag.py
[2026-03-27T19:42:38.488+0000] {processor.py:840} INFO - DAG(s) 'spark_streaming_pipeline' retrieved from /opt/airflow/dags/postgres-airflow-ingestion-dag.py
[2026-03-27T19:42:38.517+0000] {logging_mixin.py:188} INFO - [2026-03-27T19:42:38.517+0000] {dag.py:3089} INFO - Sync 1 DAGs
[2026-03-27T19:42:38.533+0000] {logging_mixin.py:188} INFO - [2026-03-27T19:42:38.532+0000] {dag.py:3947} INFO - Setting next_dagrun for spark_streaming_pipeline to None, run_after=None
[2026-03-27T19:42:38.556+0000] {processor.py:183} INFO - Processing /opt/airflow/dags/postgres-airflow-ingestion-dag.py took 0.094 seconds
[2026-03-27T19:43:09.350+0000] {processor.py:161} INFO - Started process (PID=4056) to work on /opt/airflow/dags/postgres-airflow-ingestion-dag.py
[2026-03-27T19:43:09.351+0000] {processor.py:830} INFO - Processing file /opt/airflow/dags/postgres-airflow-ingestion-dag.py for tasks to queue
[2026-03-27T19:43:09.353+0000] {logging_mixin.py:188} INFO - [2026-03-27T19:43:09.353+0000] {dagbag.py:545} INFO - Filling up the DagBag from /opt/airflow/dags/postgres-airflow-ingestion-dag.py
[2026-03-27T19:43:09.371+0000] {processor.py:840} INFO - DAG(s) 'spark_streaming_pipeline' retrieved from /opt/airflow/dags/postgres-airflow-ingestion-dag.py
[2026-03-27T19:43:09.401+0000] {logging_mixin.py:188} INFO - [2026-03-27T19:43:09.400+0000] {dag.py:3089} INFO - Sync 1 DAGs
[2026-03-27T19:43:09.417+0000] {logging_mixin.py:188} INFO - [2026-03-27T19:43:09.417+0000] {dag.py:3947} INFO - Setting next_dagrun for spark_streaming_pipeline to None, run_after=None
[2026-03-27T19:43:09.446+0000] {processor.py:183} INFO - Processing /opt/airflow/dags/postgres-airflow-ingestion-dag.py took 0.104 seconds
[2026-03-27T19:43:40.104+0000] {processor.py:161} INFO - Started process (PID=4081) to work on /opt/airflow/dags/postgres-airflow-ingestion-dag.py
[2026-03-27T19:43:40.105+0000] {processor.py:830} INFO - Processing file /opt/airflow/dags/postgres-airflow-ingestion-dag.py for tasks to queue
[2026-03-27T19:43:40.107+0000] {logging_mixin.py:188} INFO - [2026-03-27T19:43:40.107+0000] {dagbag.py:545} INFO - Filling up the DagBag from /opt/airflow/dags/postgres-airflow-ingestion-dag.py
[2026-03-27T19:43:40.128+0000] {processor.py:840} INFO - DAG(s) 'spark_streaming_pipeline' retrieved from /opt/airflow/dags/postgres-airflow-ingestion-dag.py
[2026-03-27T19:43:40.159+0000] {logging_mixin.py:188} INFO - [2026-03-27T19:43:40.158+0000] {dag.py:3089} INFO - Sync 1 DAGs
[2026-03-27T19:43:40.178+0000] {logging_mixin.py:188} INFO - [2026-03-27T19:43:40.178+0000] {dag.py:3947} INFO - Setting next_dagrun for spark_streaming_pipeline to None, run_after=None
[2026-03-27T19:43:40.208+0000] {processor.py:183} INFO - Processing /opt/airflow/dags/postgres-airflow-ingestion-dag.py took 0.110 seconds
[2026-03-27T19:44:10.920+0000] {processor.py:161} INFO - Started process (PID=4106) to work on /opt/airflow/dags/postgres-airflow-ingestion-dag.py
[2026-03-27T19:44:10.922+0000] {processor.py:830} INFO - Processing file /opt/airflow/dags/postgres-airflow-ingestion-dag.py for tasks to queue
[2026-03-27T19:44:10.924+0000] {logging_mixin.py:188} INFO - [2026-03-27T19:44:10.923+0000] {dagbag.py:545} INFO - Filling up the DagBag from /opt/airflow/dags/postgres-airflow-ingestion-dag.py
[2026-03-27T19:44:10.942+0000] {processor.py:840} INFO - DAG(s) 'spark_streaming_pipeline' retrieved from /opt/airflow/dags/postgres-airflow-ingestion-dag.py
[2026-03-27T19:44:10.972+0000] {logging_mixin.py:188} INFO - [2026-03-27T19:44:10.972+0000] {dag.py:3089} INFO - Sync 1 DAGs
[2026-03-27T19:44:10.987+0000] {logging_mixin.py:188} INFO - [2026-03-27T19:44:10.987+0000] {dag.py:3947} INFO - Setting next_dagrun for spark_streaming_pipeline to None, run_after=None
[2026-03-27T19:44:11.012+0000] {processor.py:183} INFO - Processing /opt/airflow/dags/postgres-airflow-ingestion-dag.py took 0.101 seconds
[2026-03-27T19:44:41.757+0000] {processor.py:161} INFO - Started process (PID=4134) to work on /opt/airflow/dags/postgres-airflow-ingestion-dag.py
[2026-03-27T19:44:41.764+0000] {processor.py:830} INFO - Processing file /opt/airflow/dags/postgres-airflow-ingestion-dag.py for tasks to queue
[2026-03-27T19:44:41.766+0000] {logging_mixin.py:188} INFO - [2026-03-27T19:44:41.766+0000] {dagbag.py:545} INFO - Filling up the DagBag from /opt/airflow/dags/postgres-airflow-ingestion-dag.py
[2026-03-27T19:44:41.785+0000] {processor.py:840} INFO - DAG(s) 'spark_streaming_pipeline' retrieved from /opt/airflow/dags/postgres-airflow-ingestion-dag.py
[2026-03-27T19:44:41.815+0000] {logging_mixin.py:188} INFO - [2026-03-27T19:44:41.814+0000] {dag.py:3089} INFO - Sync 1 DAGs
[2026-03-27T19:44:41.829+0000] {logging_mixin.py:188} INFO - [2026-03-27T19:44:41.829+0000] {dag.py:3947} INFO - Setting next_dagrun for spark_streaming_pipeline to None, run_after=None
[2026-03-27T19:44:41.851+0000] {processor.py:183} INFO - Processing /opt/airflow/dags/postgres-airflow-ingestion-dag.py took 0.100 seconds
[2026-03-27T19:45:12.565+0000] {processor.py:161} INFO - Started process (PID=4629) to work on /opt/airflow/dags/postgres-airflow-ingestion-dag.py
[2026-03-27T19:45:12.566+0000] {processor.py:830} INFO - Processing file /opt/airflow/dags/postgres-airflow-ingestion-dag.py for tasks to queue
[2026-03-27T19:45:12.568+0000] {logging_mixin.py:188} INFO - [2026-03-27T19:45:12.568+0000] {dagbag.py:545} INFO - Filling up the DagBag from /opt/airflow/dags/postgres-airflow-ingestion-dag.py
[2026-03-27T19:45:12.588+0000] {processor.py:840} INFO - DAG(s) 'spark_streaming_pipeline' retrieved from /opt/airflow/dags/postgres-airflow-ingestion-dag.py
[2026-03-27T19:45:12.616+0000] {logging_mixin.py:188} INFO - [2026-03-27T19:45:12.615+0000] {dag.py:3089} INFO - Sync 1 DAGs
[2026-03-27T19:45:12.630+0000] {logging_mixin.py:188} INFO - [2026-03-27T19:45:12.630+0000] {dag.py:3947} INFO - Setting next_dagrun for spark_streaming_pipeline to None, run_after=None
[2026-03-27T19:45:12.653+0000] {processor.py:183} INFO - Processing /opt/airflow/dags/postgres-airflow-ingestion-dag.py took 0.094 seconds
[2026-03-27T19:45:43.389+0000] {processor.py:161} INFO - Started process (PID=5704) to work on /opt/airflow/dags/postgres-airflow-ingestion-dag.py
[2026-03-27T19:45:43.391+0000] {processor.py:830} INFO - Processing file /opt/airflow/dags/postgres-airflow-ingestion-dag.py for tasks to queue
[2026-03-27T19:45:43.393+0000] {logging_mixin.py:188} INFO - [2026-03-27T19:45:43.393+0000] {dagbag.py:545} INFO - Filling up the DagBag from /opt/airflow/dags/postgres-airflow-ingestion-dag.py
[2026-03-27T19:45:43.416+0000] {processor.py:840} INFO - DAG(s) 'spark_streaming_pipeline' retrieved from /opt/airflow/dags/postgres-airflow-ingestion-dag.py
[2026-03-27T19:45:43.444+0000] {logging_mixin.py:188} INFO - [2026-03-27T19:45:43.444+0000] {dag.py:3089} INFO - Sync 1 DAGs
[2026-03-27T19:45:43.459+0000] {logging_mixin.py:188} INFO - [2026-03-27T19:45:43.458+0000] {dag.py:3947} INFO - Setting next_dagrun for spark_streaming_pipeline to None, run_after=None
[2026-03-27T19:45:43.482+0000] {processor.py:183} INFO - Processing /opt/airflow/dags/postgres-airflow-ingestion-dag.py took 0.100 seconds
[2026-03-27T19:46:14.150+0000] {processor.py:161} INFO - Started process (PID=5751) to work on /opt/airflow/dags/postgres-airflow-ingestion-dag.py
[2026-03-27T19:46:14.151+0000] {processor.py:830} INFO - Processing file /opt/airflow/dags/postgres-airflow-ingestion-dag.py for tasks to queue
[2026-03-27T19:46:14.152+0000] {logging_mixin.py:188} INFO - [2026-03-27T19:46:14.152+0000] {dagbag.py:545} INFO - Filling up the DagBag from /opt/airflow/dags/postgres-airflow-ingestion-dag.py
[2026-03-27T19:46:14.183+0000] {processor.py:840} INFO - DAG(s) 'spark_streaming_pipeline' retrieved from /opt/airflow/dags/postgres-airflow-ingestion-dag.py
[2026-03-27T19:46:14.213+0000] {logging_mixin.py:188} INFO - [2026-03-27T19:46:14.213+0000] {dag.py:3089} INFO - Sync 1 DAGs
[2026-03-27T19:46:14.230+0000] {logging_mixin.py:188} INFO - [2026-03-27T19:46:14.230+0000] {dag.py:3947} INFO - Setting next_dagrun for spark_streaming_pipeline to None, run_after=None
[2026-03-27T19:46:14.257+0000] {processor.py:183} INFO - Processing /opt/airflow/dags/postgres-airflow-ingestion-dag.py took 0.114 seconds
[2026-03-27T19:46:44.829+0000] {processor.py:161} INFO - Started process (PID=5776) to work on /opt/airflow/dags/postgres-airflow-ingestion-dag.py
[2026-03-27T19:46:44.830+0000] {processor.py:830} INFO - Processing file /opt/airflow/dags/postgres-airflow-ingestion-dag.py for tasks to queue
[2026-03-27T19:46:44.833+0000] {logging_mixin.py:188} INFO - [2026-03-27T19:46:44.832+0000] {dagbag.py:545} INFO - Filling up the DagBag from /opt/airflow/dags/postgres-airflow-ingestion-dag.py
[2026-03-27T19:46:44.855+0000] {processor.py:840} INFO - DAG(s) 'spark_streaming_pipeline' retrieved from /opt/airflow/dags/postgres-airflow-ingestion-dag.py
[2026-03-27T19:46:44.882+0000] {logging_mixin.py:188} INFO - [2026-03-27T19:46:44.881+0000] {dag.py:3089} INFO - Sync 1 DAGs
[2026-03-27T19:46:44.903+0000] {logging_mixin.py:188} INFO - [2026-03-27T19:46:44.903+0000] {dag.py:3947} INFO - Setting next_dagrun for spark_streaming_pipeline to None, run_after=None
[2026-03-27T19:46:44.927+0000] {processor.py:183} INFO - Processing /opt/airflow/dags/postgres-airflow-ingestion-dag.py took 0.106 seconds
[2026-03-27T19:47:15.564+0000] {processor.py:161} INFO - Started process (PID=5801) to work on /opt/airflow/dags/postgres-airflow-ingestion-dag.py
[2026-03-27T19:47:15.566+0000] {processor.py:830} INFO - Processing file /opt/airflow/dags/postgres-airflow-ingestion-dag.py for tasks to queue
[2026-03-27T19:47:15.569+0000] {logging_mixin.py:188} INFO - [2026-03-27T19:47:15.568+0000] {dagbag.py:545} INFO - Filling up the DagBag from /opt/airflow/dags/postgres-airflow-ingestion-dag.py
[2026-03-27T19:47:15.593+0000] {processor.py:840} INFO - DAG(s) 'spark_streaming_pipeline' retrieved from /opt/airflow/dags/postgres-airflow-ingestion-dag.py
[2026-03-27T19:47:15.623+0000] {logging_mixin.py:188} INFO - [2026-03-27T19:47:15.622+0000] {dag.py:3089} INFO - Sync 1 DAGs
[2026-03-27T19:47:15.637+0000] {logging_mixin.py:188} INFO - [2026-03-27T19:47:15.637+0000] {dag.py:3947} INFO - Setting next_dagrun for spark_streaming_pipeline to None, run_after=None
[2026-03-27T19:47:15.661+0000] {processor.py:183} INFO - Processing /opt/airflow/dags/postgres-airflow-ingestion-dag.py took 0.105 seconds
[2026-03-27T19:47:46.340+0000] {processor.py:161} INFO - Started process (PID=5826) to work on /opt/airflow/dags/postgres-airflow-ingestion-dag.py
[2026-03-27T19:47:46.341+0000] {processor.py:830} INFO - Processing file /opt/airflow/dags/postgres-airflow-ingestion-dag.py for tasks to queue
[2026-03-27T19:47:46.343+0000] {logging_mixin.py:188} INFO - [2026-03-27T19:47:46.342+0000] {dagbag.py:545} INFO - Filling up the DagBag from /opt/airflow/dags/postgres-airflow-ingestion-dag.py
[2026-03-27T19:47:46.359+0000] {processor.py:840} INFO - DAG(s) 'spark_streaming_pipeline' retrieved from /opt/airflow/dags/postgres-airflow-ingestion-dag.py
[2026-03-27T19:47:46.386+0000] {logging_mixin.py:188} INFO - [2026-03-27T19:47:46.386+0000] {dag.py:3089} INFO - Sync 1 DAGs
[2026-03-27T19:47:46.401+0000] {logging_mixin.py:188} INFO - [2026-03-27T19:47:46.401+0000] {dag.py:3947} INFO - Setting next_dagrun for spark_streaming_pipeline to None, run_after=None
[2026-03-27T19:47:46.425+0000] {processor.py:183} INFO - Processing /opt/airflow/dags/postgres-airflow-ingestion-dag.py took 0.092 seconds
[2026-03-27T19:48:17.163+0000] {processor.py:161} INFO - Started process (PID=5851) to work on /opt/airflow/dags/postgres-airflow-ingestion-dag.py
[2026-03-27T19:48:17.164+0000] {processor.py:830} INFO - Processing file /opt/airflow/dags/postgres-airflow-ingestion-dag.py for tasks to queue
[2026-03-27T19:48:17.167+0000] {logging_mixin.py:188} INFO - [2026-03-27T19:48:17.167+0000] {dagbag.py:545} INFO - Filling up the DagBag from /opt/airflow/dags/postgres-airflow-ingestion-dag.py
[2026-03-27T19:48:17.188+0000] {processor.py:840} INFO - DAG(s) 'spark_streaming_pipeline' retrieved from /opt/airflow/dags/postgres-airflow-ingestion-dag.py
[2026-03-27T19:48:17.214+0000] {logging_mixin.py:188} INFO - [2026-03-27T19:48:17.214+0000] {dag.py:3089} INFO - Sync 1 DAGs
[2026-03-27T19:48:17.233+0000] {logging_mixin.py:188} INFO - [2026-03-27T19:48:17.233+0000] {dag.py:3947} INFO - Setting next_dagrun for spark_streaming_pipeline to None, run_after=None
[2026-03-27T19:48:17.260+0000] {processor.py:183} INFO - Processing /opt/airflow/dags/postgres-airflow-ingestion-dag.py took 0.105 seconds
[2026-03-27T19:48:47.930+0000] {processor.py:161} INFO - Started process (PID=5932) to work on /opt/airflow/dags/postgres-airflow-ingestion-dag.py
[2026-03-27T19:48:47.933+0000] {processor.py:830} INFO - Processing file /opt/airflow/dags/postgres-airflow-ingestion-dag.py for tasks to queue
[2026-03-27T19:48:47.938+0000] {logging_mixin.py:188} INFO - [2026-03-27T19:48:47.937+0000] {dagbag.py:545} INFO - Filling up the DagBag from /opt/airflow/dags/postgres-airflow-ingestion-dag.py
[2026-03-27T19:48:47.960+0000] {processor.py:840} INFO - DAG(s) 'spark_streaming_pipeline' retrieved from /opt/airflow/dags/postgres-airflow-ingestion-dag.py
[2026-03-27T19:48:47.992+0000] {logging_mixin.py:188} INFO - [2026-03-27T19:48:47.992+0000] {dag.py:3089} INFO - Sync 1 DAGs
[2026-03-27T19:48:48.011+0000] {logging_mixin.py:188} INFO - [2026-03-27T19:48:48.011+0000] {dag.py:3947} INFO - Setting next_dagrun for spark_streaming_pipeline to None, run_after=None
[2026-03-27T19:48:48.045+0000] {processor.py:183} INFO - Processing /opt/airflow/dags/postgres-airflow-ingestion-dag.py took 0.122 seconds
[2026-03-27T19:49:18.708+0000] {processor.py:161} INFO - Started process (PID=7774) to work on /opt/airflow/dags/postgres-airflow-ingestion-dag.py
[2026-03-27T19:49:18.709+0000] {processor.py:830} INFO - Processing file /opt/airflow/dags/postgres-airflow-ingestion-dag.py for tasks to queue
[2026-03-27T19:49:18.711+0000] {logging_mixin.py:188} INFO - [2026-03-27T19:49:18.710+0000] {dagbag.py:545} INFO - Filling up the DagBag from /opt/airflow/dags/postgres-airflow-ingestion-dag.py
[2026-03-27T19:49:18.728+0000] {processor.py:840} INFO - DAG(s) 'spark_streaming_pipeline' retrieved from /opt/airflow/dags/postgres-airflow-ingestion-dag.py
[2026-03-27T19:49:18.751+0000] {logging_mixin.py:188} INFO - [2026-03-27T19:49:18.751+0000] {dag.py:3089} INFO - Sync 1 DAGs
[2026-03-27T19:49:18.764+0000] {logging_mixin.py:188} INFO - [2026-03-27T19:49:18.764+0000] {dag.py:3947} INFO - Setting next_dagrun for spark_streaming_pipeline to None, run_after=None
[2026-03-27T19:49:18.787+0000] {processor.py:183} INFO - Processing /opt/airflow/dags/postgres-airflow-ingestion-dag.py took 0.085 seconds
[2026-03-27T19:49:49.531+0000] {processor.py:161} INFO - Started process (PID=7981) to work on /opt/airflow/dags/postgres-airflow-ingestion-dag.py
[2026-03-27T19:49:49.532+0000] {processor.py:830} INFO - Processing file /opt/airflow/dags/postgres-airflow-ingestion-dag.py for tasks to queue
[2026-03-27T19:49:49.534+0000] {logging_mixin.py:188} INFO - [2026-03-27T19:49:49.534+0000] {dagbag.py:545} INFO - Filling up the DagBag from /opt/airflow/dags/postgres-airflow-ingestion-dag.py
[2026-03-27T19:49:49.553+0000] {processor.py:840} INFO - DAG(s) 'spark_streaming_pipeline' retrieved from /opt/airflow/dags/postgres-airflow-ingestion-dag.py
[2026-03-27T19:49:49.577+0000] {logging_mixin.py:188} INFO - [2026-03-27T19:49:49.577+0000] {dag.py:3089} INFO - Sync 1 DAGs
[2026-03-27T19:49:49.592+0000] {logging_mixin.py:188} INFO - [2026-03-27T19:49:49.592+0000] {dag.py:3947} INFO - Setting next_dagrun for spark_streaming_pipeline to None, run_after=None
[2026-03-27T19:49:49.617+0000] {processor.py:183} INFO - Processing /opt/airflow/dags/postgres-airflow-ingestion-dag.py took 0.092 seconds
[2026-03-27T19:50:20.372+0000] {processor.py:161} INFO - Started process (PID=8006) to work on /opt/airflow/dags/postgres-airflow-ingestion-dag.py
[2026-03-27T19:50:20.373+0000] {processor.py:830} INFO - Processing file /opt/airflow/dags/postgres-airflow-ingestion-dag.py for tasks to queue
[2026-03-27T19:50:20.375+0000] {logging_mixin.py:188} INFO - [2026-03-27T19:50:20.374+0000] {dagbag.py:545} INFO - Filling up the DagBag from /opt/airflow/dags/postgres-airflow-ingestion-dag.py
[2026-03-27T19:50:20.391+0000] {processor.py:840} INFO - DAG(s) 'spark_streaming_pipeline' retrieved from /opt/airflow/dags/postgres-airflow-ingestion-dag.py
[2026-03-27T19:50:20.415+0000] {logging_mixin.py:188} INFO - [2026-03-27T19:50:20.415+0000] {dag.py:3089} INFO - Sync 1 DAGs
[2026-03-27T19:50:20.428+0000] {logging_mixin.py:188} INFO - [2026-03-27T19:50:20.428+0000] {dag.py:3947} INFO - Setting next_dagrun for spark_streaming_pipeline to None, run_after=None
[2026-03-27T19:50:20.450+0000] {processor.py:183} INFO - Processing /opt/airflow/dags/postgres-airflow-ingestion-dag.py took 0.084 seconds
[2026-03-27T19:50:51.236+0000] {processor.py:161} INFO - Started process (PID=8031) to work on /opt/airflow/dags/postgres-airflow-ingestion-dag.py
[2026-03-27T19:50:51.237+0000] {processor.py:830} INFO - Processing file /opt/airflow/dags/postgres-airflow-ingestion-dag.py for tasks to queue
[2026-03-27T19:50:51.239+0000] {logging_mixin.py:188} INFO - [2026-03-27T19:50:51.239+0000] {dagbag.py:545} INFO - Filling up the DagBag from /opt/airflow/dags/postgres-airflow-ingestion-dag.py
[2026-03-27T19:50:51.256+0000] {processor.py:840} INFO - DAG(s) 'spark_streaming_pipeline' retrieved from /opt/airflow/dags/postgres-airflow-ingestion-dag.py
[2026-03-27T19:50:51.281+0000] {logging_mixin.py:188} INFO - [2026-03-27T19:50:51.281+0000] {dag.py:3089} INFO - Sync 1 DAGs
[2026-03-27T19:50:51.294+0000] {logging_mixin.py:188} INFO - [2026-03-27T19:50:51.293+0000] {dag.py:3947} INFO - Setting next_dagrun for spark_streaming_pipeline to None, run_after=None
[2026-03-27T19:50:51.317+0000] {processor.py:183} INFO - Processing /opt/airflow/dags/postgres-airflow-ingestion-dag.py took 0.087 seconds
[2026-03-27T19:51:22.050+0000] {processor.py:161} INFO - Started process (PID=8056) to work on /opt/airflow/dags/postgres-airflow-ingestion-dag.py
[2026-03-27T19:51:22.052+0000] {processor.py:830} INFO - Processing file /opt/airflow/dags/postgres-airflow-ingestion-dag.py for tasks to queue
[2026-03-27T19:51:22.054+0000] {logging_mixin.py:188} INFO - [2026-03-27T19:51:22.053+0000] {dagbag.py:545} INFO - Filling up the DagBag from /opt/airflow/dags/postgres-airflow-ingestion-dag.py
[2026-03-27T19:51:22.071+0000] {processor.py:840} INFO - DAG(s) 'spark_streaming_pipeline' retrieved from /opt/airflow/dags/postgres-airflow-ingestion-dag.py
[2026-03-27T19:51:22.095+0000] {logging_mixin.py:188} INFO - [2026-03-27T19:51:22.095+0000] {dag.py:3089} INFO - Sync 1 DAGs
[2026-03-27T19:51:22.108+0000] {logging_mixin.py:188} INFO - [2026-03-27T19:51:22.108+0000] {dag.py:3947} INFO - Setting next_dagrun for spark_streaming_pipeline to None, run_after=None
[2026-03-27T19:51:22.129+0000] {processor.py:183} INFO - Processing /opt/airflow/dags/postgres-airflow-ingestion-dag.py took 0.085 seconds
[2026-03-27T19:51:52.832+0000] {processor.py:161} INFO - Started process (PID=8081) to work on /opt/airflow/dags/postgres-airflow-ingestion-dag.py
[2026-03-27T19:51:52.833+0000] {processor.py:830} INFO - Processing file /opt/airflow/dags/postgres-airflow-ingestion-dag.py for tasks to queue
[2026-03-27T19:51:52.835+0000] {logging_mixin.py:188} INFO - [2026-03-27T19:51:52.834+0000] {dagbag.py:545} INFO - Filling up the DagBag from /opt/airflow/dags/postgres-airflow-ingestion-dag.py
[2026-03-27T19:51:52.852+0000] {processor.py:840} INFO - DAG(s) 'spark_streaming_pipeline' retrieved from /opt/airflow/dags/postgres-airflow-ingestion-dag.py
[2026-03-27T19:51:52.877+0000] {logging_mixin.py:188} INFO - [2026-03-27T19:51:52.877+0000] {dag.py:3089} INFO - Sync 1 DAGs
[2026-03-27T19:51:52.893+0000] {logging_mixin.py:188} INFO - [2026-03-27T19:51:52.892+0000] {dag.py:3947} INFO - Setting next_dagrun for spark_streaming_pipeline to None, run_after=None
[2026-03-27T19:51:52.918+0000] {processor.py:183} INFO - Processing /opt/airflow/dags/postgres-airflow-ingestion-dag.py took 0.092 seconds
