[2026-03-27T15:44:29.625+0000] {processor.py:161} INFO - Started process (PID=359) to work on /opt/airflow/dags/redshift-airflow-ingestion-dag.py
[2026-03-27T15:44:29.626+0000] {processor.py:830} INFO - Processing file /opt/airflow/dags/redshift-airflow-ingestion-dag.py for tasks to queue
[2026-03-27T15:44:29.628+0000] {logging_mixin.py:188} INFO - [2026-03-27T15:44:29.628+0000] {dagbag.py:545} INFO - Filling up the DagBag from /opt/airflow/dags/redshift-airflow-ingestion-dag.py
[2026-03-27T15:44:29.655+0000] {processor.py:840} INFO - DAG(s) 's3_to_redshift_pipeline' retrieved from /opt/airflow/dags/redshift-airflow-ingestion-dag.py
[2026-03-27T15:44:29.691+0000] {logging_mixin.py:188} INFO - [2026-03-27T15:44:29.690+0000] {dag.py:3089} INFO - Sync 1 DAGs
[2026-03-27T15:44:29.715+0000] {logging_mixin.py:188} INFO - [2026-03-27T15:44:29.715+0000] {dag.py:3947} INFO - Setting next_dagrun for s3_to_redshift_pipeline to 2026-03-27 15:42:00+00:00, run_after=2026-03-27 15:44:00+00:00
[2026-03-27T15:44:29.742+0000] {processor.py:183} INFO - Processing /opt/airflow/dags/redshift-airflow-ingestion-dag.py took 0.124 seconds
[2026-03-27T15:45:00.765+0000] {processor.py:161} INFO - Started process (PID=382) to work on /opt/airflow/dags/redshift-airflow-ingestion-dag.py
[2026-03-27T15:45:00.768+0000] {processor.py:830} INFO - Processing file /opt/airflow/dags/redshift-airflow-ingestion-dag.py for tasks to queue
[2026-03-27T15:45:00.774+0000] {logging_mixin.py:188} INFO - [2026-03-27T15:45:00.773+0000] {dagbag.py:545} INFO - Filling up the DagBag from /opt/airflow/dags/redshift-airflow-ingestion-dag.py
[2026-03-27T15:45:00.841+0000] {processor.py:840} INFO - DAG(s) 's3_to_redshift_pipeline' retrieved from /opt/airflow/dags/redshift-airflow-ingestion-dag.py
[2026-03-27T15:45:00.936+0000] {logging_mixin.py:188} INFO - [2026-03-27T15:45:00.936+0000] {dag.py:3089} INFO - Sync 1 DAGs
[2026-03-27T15:45:00.981+0000] {logging_mixin.py:188} INFO - [2026-03-27T15:45:00.980+0000] {dag.py:3947} INFO - Setting next_dagrun for s3_to_redshift_pipeline to 2026-03-27 15:42:00+00:00, run_after=2026-03-27 15:44:00+00:00
[2026-03-27T15:45:01.024+0000] {processor.py:183} INFO - Processing /opt/airflow/dags/redshift-airflow-ingestion-dag.py took 0.279 seconds
[2026-03-27T15:45:31.809+0000] {processor.py:161} INFO - Started process (PID=547) to work on /opt/airflow/dags/redshift-airflow-ingestion-dag.py
[2026-03-27T15:45:31.811+0000] {processor.py:830} INFO - Processing file /opt/airflow/dags/redshift-airflow-ingestion-dag.py for tasks to queue
[2026-03-27T15:45:31.815+0000] {logging_mixin.py:188} INFO - [2026-03-27T15:45:31.814+0000] {dagbag.py:545} INFO - Filling up the DagBag from /opt/airflow/dags/redshift-airflow-ingestion-dag.py
[2026-03-27T15:45:31.853+0000] {processor.py:840} INFO - DAG(s) 's3_to_redshift_pipeline' retrieved from /opt/airflow/dags/redshift-airflow-ingestion-dag.py
[2026-03-27T15:45:31.918+0000] {logging_mixin.py:188} INFO - [2026-03-27T15:45:31.917+0000] {dag.py:3089} INFO - Sync 1 DAGs
[2026-03-27T15:45:31.979+0000] {logging_mixin.py:188} INFO - [2026-03-27T15:45:31.978+0000] {dag.py:3947} INFO - Setting next_dagrun for s3_to_redshift_pipeline to 2026-03-27 15:42:00+00:00, run_after=2026-03-27 15:44:00+00:00
[2026-03-27T15:45:32.073+0000] {processor.py:183} INFO - Processing /opt/airflow/dags/redshift-airflow-ingestion-dag.py took 0.276 seconds
[2026-03-27T15:46:02.713+0000] {processor.py:161} INFO - Started process (PID=593) to work on /opt/airflow/dags/redshift-airflow-ingestion-dag.py
[2026-03-27T15:46:02.714+0000] {processor.py:830} INFO - Processing file /opt/airflow/dags/redshift-airflow-ingestion-dag.py for tasks to queue
[2026-03-27T15:46:02.716+0000] {logging_mixin.py:188} INFO - [2026-03-27T15:46:02.716+0000] {dagbag.py:545} INFO - Filling up the DagBag from /opt/airflow/dags/redshift-airflow-ingestion-dag.py
[2026-03-27T15:46:02.741+0000] {processor.py:840} INFO - DAG(s) 's3_to_redshift_pipeline' retrieved from /opt/airflow/dags/redshift-airflow-ingestion-dag.py
[2026-03-27T15:46:02.773+0000] {logging_mixin.py:188} INFO - [2026-03-27T15:46:02.773+0000] {dag.py:3089} INFO - Sync 1 DAGs
[2026-03-27T15:46:02.802+0000] {logging_mixin.py:188} INFO - [2026-03-27T15:46:02.802+0000] {dag.py:3947} INFO - Setting next_dagrun for s3_to_redshift_pipeline to 2026-03-27 15:44:00+00:00, run_after=2026-03-27 15:46:00+00:00
[2026-03-27T15:46:02.825+0000] {processor.py:183} INFO - Processing /opt/airflow/dags/redshift-airflow-ingestion-dag.py took 0.119 seconds
[2026-03-27T15:46:33.610+0000] {processor.py:161} INFO - Started process (PID=629) to work on /opt/airflow/dags/redshift-airflow-ingestion-dag.py
[2026-03-27T15:46:33.611+0000] {processor.py:830} INFO - Processing file /opt/airflow/dags/redshift-airflow-ingestion-dag.py for tasks to queue
[2026-03-27T15:46:33.613+0000] {logging_mixin.py:188} INFO - [2026-03-27T15:46:33.613+0000] {dagbag.py:545} INFO - Filling up the DagBag from /opt/airflow/dags/redshift-airflow-ingestion-dag.py
[2026-03-27T15:46:33.642+0000] {processor.py:840} INFO - DAG(s) 's3_to_redshift_pipeline' retrieved from /opt/airflow/dags/redshift-airflow-ingestion-dag.py
[2026-03-27T15:46:33.680+0000] {logging_mixin.py:188} INFO - [2026-03-27T15:46:33.680+0000] {dag.py:3089} INFO - Sync 1 DAGs
[2026-03-27T15:46:33.708+0000] {logging_mixin.py:188} INFO - [2026-03-27T15:46:33.708+0000] {dag.py:3947} INFO - Setting next_dagrun for s3_to_redshift_pipeline to 2026-03-27 15:44:00+00:00, run_after=2026-03-27 15:46:00+00:00
[2026-03-27T15:46:33.731+0000] {processor.py:183} INFO - Processing /opt/airflow/dags/redshift-airflow-ingestion-dag.py took 0.126 seconds
[2026-03-27T15:47:04.494+0000] {processor.py:161} INFO - Started process (PID=701) to work on /opt/airflow/dags/redshift-airflow-ingestion-dag.py
[2026-03-27T15:47:04.495+0000] {processor.py:830} INFO - Processing file /opt/airflow/dags/redshift-airflow-ingestion-dag.py for tasks to queue
[2026-03-27T15:47:04.498+0000] {logging_mixin.py:188} INFO - [2026-03-27T15:47:04.497+0000] {dagbag.py:545} INFO - Filling up the DagBag from /opt/airflow/dags/redshift-airflow-ingestion-dag.py
[2026-03-27T15:47:04.521+0000] {processor.py:840} INFO - DAG(s) 's3_to_redshift_pipeline' retrieved from /opt/airflow/dags/redshift-airflow-ingestion-dag.py
[2026-03-27T15:47:04.553+0000] {logging_mixin.py:188} INFO - [2026-03-27T15:47:04.553+0000] {dag.py:3089} INFO - Sync 1 DAGs
[2026-03-27T15:47:04.591+0000] {logging_mixin.py:188} INFO - [2026-03-27T15:47:04.590+0000] {dag.py:3947} INFO - Setting next_dagrun for s3_to_redshift_pipeline to 2026-03-27 15:44:00+00:00, run_after=2026-03-27 15:46:00+00:00
[2026-03-27T15:47:04.615+0000] {processor.py:183} INFO - Processing /opt/airflow/dags/redshift-airflow-ingestion-dag.py took 0.127 seconds
[2026-03-27T15:47:35.241+0000] {processor.py:161} INFO - Started process (PID=721) to work on /opt/airflow/dags/redshift-airflow-ingestion-dag.py
[2026-03-27T15:47:35.242+0000] {processor.py:830} INFO - Processing file /opt/airflow/dags/redshift-airflow-ingestion-dag.py for tasks to queue
[2026-03-27T15:47:35.244+0000] {logging_mixin.py:188} INFO - [2026-03-27T15:47:35.244+0000] {dagbag.py:545} INFO - Filling up the DagBag from /opt/airflow/dags/redshift-airflow-ingestion-dag.py
[2026-03-27T15:47:35.273+0000] {processor.py:840} INFO - DAG(s) 's3_to_redshift_pipeline' retrieved from /opt/airflow/dags/redshift-airflow-ingestion-dag.py
[2026-03-27T15:47:35.306+0000] {logging_mixin.py:188} INFO - [2026-03-27T15:47:35.306+0000] {dag.py:3089} INFO - Sync 1 DAGs
[2026-03-27T15:47:35.332+0000] {logging_mixin.py:188} INFO - [2026-03-27T15:47:35.332+0000] {dag.py:3947} INFO - Setting next_dagrun for s3_to_redshift_pipeline to 2026-03-27 15:44:00+00:00, run_after=2026-03-27 15:46:00+00:00
[2026-03-27T15:47:35.354+0000] {processor.py:183} INFO - Processing /opt/airflow/dags/redshift-airflow-ingestion-dag.py took 0.119 seconds
[2026-03-27T15:48:06.167+0000] {processor.py:161} INFO - Started process (PID=741) to work on /opt/airflow/dags/redshift-airflow-ingestion-dag.py
[2026-03-27T15:48:06.168+0000] {processor.py:830} INFO - Processing file /opt/airflow/dags/redshift-airflow-ingestion-dag.py for tasks to queue
[2026-03-27T15:48:06.170+0000] {logging_mixin.py:188} INFO - [2026-03-27T15:48:06.170+0000] {dagbag.py:545} INFO - Filling up the DagBag from /opt/airflow/dags/redshift-airflow-ingestion-dag.py
[2026-03-27T15:48:06.192+0000] {processor.py:840} INFO - DAG(s) 's3_to_redshift_pipeline' retrieved from /opt/airflow/dags/redshift-airflow-ingestion-dag.py
[2026-03-27T15:48:06.229+0000] {logging_mixin.py:188} INFO - [2026-03-27T15:48:06.229+0000] {dag.py:3089} INFO - Sync 1 DAGs
[2026-03-27T15:48:06.257+0000] {logging_mixin.py:188} INFO - [2026-03-27T15:48:06.256+0000] {dag.py:3947} INFO - Setting next_dagrun for s3_to_redshift_pipeline to 2026-03-27 15:46:00+00:00, run_after=2026-03-27 15:48:00+00:00
[2026-03-27T15:48:06.278+0000] {processor.py:183} INFO - Processing /opt/airflow/dags/redshift-airflow-ingestion-dag.py took 0.118 seconds
[2026-03-27T15:48:37.003+0000] {processor.py:161} INFO - Started process (PID=761) to work on /opt/airflow/dags/redshift-airflow-ingestion-dag.py
[2026-03-27T15:48:37.005+0000] {processor.py:830} INFO - Processing file /opt/airflow/dags/redshift-airflow-ingestion-dag.py for tasks to queue
[2026-03-27T15:48:37.007+0000] {logging_mixin.py:188} INFO - [2026-03-27T15:48:37.007+0000] {dagbag.py:545} INFO - Filling up the DagBag from /opt/airflow/dags/redshift-airflow-ingestion-dag.py
[2026-03-27T15:48:37.035+0000] {processor.py:840} INFO - DAG(s) 's3_to_redshift_pipeline' retrieved from /opt/airflow/dags/redshift-airflow-ingestion-dag.py
[2026-03-27T15:48:37.069+0000] {logging_mixin.py:188} INFO - [2026-03-27T15:48:37.069+0000] {dag.py:3089} INFO - Sync 1 DAGs
[2026-03-27T15:48:37.098+0000] {logging_mixin.py:188} INFO - [2026-03-27T15:48:37.097+0000] {dag.py:3947} INFO - Setting next_dagrun for s3_to_redshift_pipeline to 2026-03-27 15:46:00+00:00, run_after=2026-03-27 15:48:00+00:00
[2026-03-27T15:48:37.123+0000] {processor.py:183} INFO - Processing /opt/airflow/dags/redshift-airflow-ingestion-dag.py took 0.126 seconds
[2026-03-27T15:49:07.836+0000] {processor.py:161} INFO - Started process (PID=781) to work on /opt/airflow/dags/redshift-airflow-ingestion-dag.py
[2026-03-27T15:49:07.837+0000] {processor.py:830} INFO - Processing file /opt/airflow/dags/redshift-airflow-ingestion-dag.py for tasks to queue
[2026-03-27T15:49:07.839+0000] {logging_mixin.py:188} INFO - [2026-03-27T15:49:07.838+0000] {dagbag.py:545} INFO - Filling up the DagBag from /opt/airflow/dags/redshift-airflow-ingestion-dag.py
[2026-03-27T15:49:07.866+0000] {processor.py:840} INFO - DAG(s) 's3_to_redshift_pipeline' retrieved from /opt/airflow/dags/redshift-airflow-ingestion-dag.py
[2026-03-27T15:49:07.898+0000] {logging_mixin.py:188} INFO - [2026-03-27T15:49:07.898+0000] {dag.py:3089} INFO - Sync 1 DAGs
[2026-03-27T15:49:07.940+0000] {logging_mixin.py:188} INFO - [2026-03-27T15:49:07.940+0000] {dag.py:3947} INFO - Setting next_dagrun for s3_to_redshift_pipeline to 2026-03-27 15:46:00+00:00, run_after=2026-03-27 15:48:00+00:00
[2026-03-27T15:49:07.971+0000] {processor.py:183} INFO - Processing /opt/airflow/dags/redshift-airflow-ingestion-dag.py took 0.142 seconds
[2026-03-27T15:49:38.681+0000] {processor.py:161} INFO - Started process (PID=801) to work on /opt/airflow/dags/redshift-airflow-ingestion-dag.py
[2026-03-27T15:49:38.682+0000] {processor.py:830} INFO - Processing file /opt/airflow/dags/redshift-airflow-ingestion-dag.py for tasks to queue
[2026-03-27T15:49:38.684+0000] {logging_mixin.py:188} INFO - [2026-03-27T15:49:38.684+0000] {dagbag.py:545} INFO - Filling up the DagBag from /opt/airflow/dags/redshift-airflow-ingestion-dag.py
[2026-03-27T15:49:38.707+0000] {processor.py:840} INFO - DAG(s) 's3_to_redshift_pipeline' retrieved from /opt/airflow/dags/redshift-airflow-ingestion-dag.py
[2026-03-27T15:49:38.740+0000] {logging_mixin.py:188} INFO - [2026-03-27T15:49:38.739+0000] {dag.py:3089} INFO - Sync 1 DAGs
[2026-03-27T15:49:38.770+0000] {logging_mixin.py:188} INFO - [2026-03-27T15:49:38.770+0000] {dag.py:3947} INFO - Setting next_dagrun for s3_to_redshift_pipeline to 2026-03-27 15:46:00+00:00, run_after=2026-03-27 15:48:00+00:00
[2026-03-27T15:49:38.795+0000] {processor.py:183} INFO - Processing /opt/airflow/dags/redshift-airflow-ingestion-dag.py took 0.120 seconds
[2026-03-27T15:50:09.689+0000] {processor.py:161} INFO - Started process (PID=972) to work on /opt/airflow/dags/redshift-airflow-ingestion-dag.py
[2026-03-27T15:50:09.690+0000] {processor.py:830} INFO - Processing file /opt/airflow/dags/redshift-airflow-ingestion-dag.py for tasks to queue
[2026-03-27T15:50:09.693+0000] {logging_mixin.py:188} INFO - [2026-03-27T15:50:09.693+0000] {dagbag.py:545} INFO - Filling up the DagBag from /opt/airflow/dags/redshift-airflow-ingestion-dag.py
[2026-03-27T15:50:09.726+0000] {processor.py:840} INFO - DAG(s) 's3_to_redshift_pipeline' retrieved from /opt/airflow/dags/redshift-airflow-ingestion-dag.py
[2026-03-27T15:50:09.777+0000] {logging_mixin.py:188} INFO - [2026-03-27T15:50:09.777+0000] {dag.py:3089} INFO - Sync 1 DAGs
[2026-03-27T15:50:09.817+0000] {logging_mixin.py:188} INFO - [2026-03-27T15:50:09.817+0000] {dag.py:3947} INFO - Setting next_dagrun for s3_to_redshift_pipeline to 2026-03-27 15:48:00+00:00, run_after=2026-03-27 15:50:00+00:00
[2026-03-27T15:50:09.844+0000] {processor.py:183} INFO - Processing /opt/airflow/dags/redshift-airflow-ingestion-dag.py took 0.163 seconds
[2026-03-27T15:50:40.437+0000] {processor.py:161} INFO - Started process (PID=2073) to work on /opt/airflow/dags/redshift-airflow-ingestion-dag.py
[2026-03-27T15:50:40.439+0000] {processor.py:830} INFO - Processing file /opt/airflow/dags/redshift-airflow-ingestion-dag.py for tasks to queue
[2026-03-27T15:50:40.441+0000] {logging_mixin.py:188} INFO - [2026-03-27T15:50:40.441+0000] {dagbag.py:545} INFO - Filling up the DagBag from /opt/airflow/dags/redshift-airflow-ingestion-dag.py
[2026-03-27T15:50:40.465+0000] {processor.py:840} INFO - DAG(s) 's3_to_redshift_pipeline' retrieved from /opt/airflow/dags/redshift-airflow-ingestion-dag.py
[2026-03-27T15:50:40.501+0000] {logging_mixin.py:188} INFO - [2026-03-27T15:50:40.501+0000] {dag.py:3089} INFO - Sync 1 DAGs
[2026-03-27T15:50:40.527+0000] {logging_mixin.py:188} INFO - [2026-03-27T15:50:40.527+0000] {dag.py:3947} INFO - Setting next_dagrun for s3_to_redshift_pipeline to 2026-03-27 15:48:00+00:00, run_after=2026-03-27 15:50:00+00:00
[2026-03-27T15:50:40.552+0000] {processor.py:183} INFO - Processing /opt/airflow/dags/redshift-airflow-ingestion-dag.py took 0.121 seconds
[2026-03-27T15:51:11.202+0000] {processor.py:161} INFO - Started process (PID=3340) to work on /opt/airflow/dags/redshift-airflow-ingestion-dag.py
[2026-03-27T15:51:11.203+0000] {processor.py:830} INFO - Processing file /opt/airflow/dags/redshift-airflow-ingestion-dag.py for tasks to queue
[2026-03-27T15:51:11.205+0000] {logging_mixin.py:188} INFO - [2026-03-27T15:51:11.205+0000] {dagbag.py:545} INFO - Filling up the DagBag from /opt/airflow/dags/redshift-airflow-ingestion-dag.py
[2026-03-27T15:51:11.235+0000] {processor.py:840} INFO - DAG(s) 's3_to_redshift_pipeline' retrieved from /opt/airflow/dags/redshift-airflow-ingestion-dag.py
[2026-03-27T15:51:11.268+0000] {logging_mixin.py:188} INFO - [2026-03-27T15:51:11.268+0000] {dag.py:3089} INFO - Sync 1 DAGs
[2026-03-27T15:51:11.293+0000] {logging_mixin.py:188} INFO - [2026-03-27T15:51:11.293+0000] {dag.py:3947} INFO - Setting next_dagrun for s3_to_redshift_pipeline to 2026-03-27 15:48:00+00:00, run_after=2026-03-27 15:50:00+00:00
[2026-03-27T15:51:11.315+0000] {processor.py:183} INFO - Processing /opt/airflow/dags/redshift-airflow-ingestion-dag.py took 0.118 seconds
[2026-03-27T15:51:41.966+0000] {processor.py:161} INFO - Started process (PID=4225) to work on /opt/airflow/dags/redshift-airflow-ingestion-dag.py
[2026-03-27T15:51:41.968+0000] {processor.py:830} INFO - Processing file /opt/airflow/dags/redshift-airflow-ingestion-dag.py for tasks to queue
[2026-03-27T15:51:41.969+0000] {logging_mixin.py:188} INFO - [2026-03-27T15:51:41.969+0000] {dagbag.py:545} INFO - Filling up the DagBag from /opt/airflow/dags/redshift-airflow-ingestion-dag.py
[2026-03-27T15:51:41.995+0000] {processor.py:840} INFO - DAG(s) 's3_to_redshift_pipeline' retrieved from /opt/airflow/dags/redshift-airflow-ingestion-dag.py
[2026-03-27T15:51:42.026+0000] {logging_mixin.py:188} INFO - [2026-03-27T15:51:42.026+0000] {dag.py:3089} INFO - Sync 1 DAGs
[2026-03-27T15:51:42.051+0000] {logging_mixin.py:188} INFO - [2026-03-27T15:51:42.051+0000] {dag.py:3947} INFO - Setting next_dagrun for s3_to_redshift_pipeline to 2026-03-27 15:48:00+00:00, run_after=2026-03-27 15:50:00+00:00
[2026-03-27T15:51:42.072+0000] {processor.py:183} INFO - Processing /opt/airflow/dags/redshift-airflow-ingestion-dag.py took 0.112 seconds
[2026-03-27T15:52:12.976+0000] {processor.py:161} INFO - Started process (PID=4249) to work on /opt/airflow/dags/redshift-airflow-ingestion-dag.py
[2026-03-27T15:52:12.977+0000] {processor.py:830} INFO - Processing file /opt/airflow/dags/redshift-airflow-ingestion-dag.py for tasks to queue
[2026-03-27T15:52:12.979+0000] {logging_mixin.py:188} INFO - [2026-03-27T15:52:12.979+0000] {dagbag.py:545} INFO - Filling up the DagBag from /opt/airflow/dags/redshift-airflow-ingestion-dag.py
[2026-03-27T15:52:13.010+0000] {processor.py:840} INFO - DAG(s) 's3_to_redshift_pipeline' retrieved from /opt/airflow/dags/redshift-airflow-ingestion-dag.py
[2026-03-27T15:52:13.047+0000] {logging_mixin.py:188} INFO - [2026-03-27T15:52:13.047+0000] {dag.py:3089} INFO - Sync 1 DAGs
[2026-03-27T15:52:13.078+0000] {logging_mixin.py:188} INFO - [2026-03-27T15:52:13.078+0000] {dag.py:3947} INFO - Setting next_dagrun for s3_to_redshift_pipeline to 2026-03-27 15:50:00+00:00, run_after=2026-03-27 15:52:00+00:00
[2026-03-27T15:52:13.103+0000] {processor.py:183} INFO - Processing /opt/airflow/dags/redshift-airflow-ingestion-dag.py took 0.135 seconds
[2026-03-27T15:52:43.786+0000] {processor.py:161} INFO - Started process (PID=4269) to work on /opt/airflow/dags/redshift-airflow-ingestion-dag.py
[2026-03-27T15:52:43.787+0000] {processor.py:830} INFO - Processing file /opt/airflow/dags/redshift-airflow-ingestion-dag.py for tasks to queue
[2026-03-27T15:52:43.790+0000] {logging_mixin.py:188} INFO - [2026-03-27T15:52:43.789+0000] {dagbag.py:545} INFO - Filling up the DagBag from /opt/airflow/dags/redshift-airflow-ingestion-dag.py
[2026-03-27T15:52:43.817+0000] {processor.py:840} INFO - DAG(s) 's3_to_redshift_pipeline' retrieved from /opt/airflow/dags/redshift-airflow-ingestion-dag.py
[2026-03-27T15:52:43.847+0000] {logging_mixin.py:188} INFO - [2026-03-27T15:52:43.847+0000] {dag.py:3089} INFO - Sync 1 DAGs
[2026-03-27T15:52:43.870+0000] {logging_mixin.py:188} INFO - [2026-03-27T15:52:43.870+0000] {dag.py:3947} INFO - Setting next_dagrun for s3_to_redshift_pipeline to 2026-03-27 15:50:00+00:00, run_after=2026-03-27 15:52:00+00:00
[2026-03-27T15:52:43.892+0000] {processor.py:183} INFO - Processing /opt/airflow/dags/redshift-airflow-ingestion-dag.py took 0.113 seconds
[2026-03-27T15:53:14.623+0000] {processor.py:161} INFO - Started process (PID=4293) to work on /opt/airflow/dags/redshift-airflow-ingestion-dag.py
[2026-03-27T15:53:14.624+0000] {processor.py:830} INFO - Processing file /opt/airflow/dags/redshift-airflow-ingestion-dag.py for tasks to queue
[2026-03-27T15:53:14.625+0000] {logging_mixin.py:188} INFO - [2026-03-27T15:53:14.625+0000] {dagbag.py:545} INFO - Filling up the DagBag from /opt/airflow/dags/redshift-airflow-ingestion-dag.py
[2026-03-27T15:53:14.648+0000] {processor.py:840} INFO - DAG(s) 's3_to_redshift_pipeline' retrieved from /opt/airflow/dags/redshift-airflow-ingestion-dag.py
[2026-03-27T15:53:14.680+0000] {logging_mixin.py:188} INFO - [2026-03-27T15:53:14.680+0000] {dag.py:3089} INFO - Sync 1 DAGs
[2026-03-27T15:53:14.705+0000] {logging_mixin.py:188} INFO - [2026-03-27T15:53:14.705+0000] {dag.py:3947} INFO - Setting next_dagrun for s3_to_redshift_pipeline to 2026-03-27 15:50:00+00:00, run_after=2026-03-27 15:52:00+00:00
[2026-03-27T15:53:14.729+0000] {processor.py:183} INFO - Processing /opt/airflow/dags/redshift-airflow-ingestion-dag.py took 0.113 seconds
[2026-03-27T15:53:45.418+0000] {processor.py:161} INFO - Started process (PID=4313) to work on /opt/airflow/dags/redshift-airflow-ingestion-dag.py
[2026-03-27T15:53:45.419+0000] {processor.py:830} INFO - Processing file /opt/airflow/dags/redshift-airflow-ingestion-dag.py for tasks to queue
[2026-03-27T15:53:45.421+0000] {logging_mixin.py:188} INFO - [2026-03-27T15:53:45.421+0000] {dagbag.py:545} INFO - Filling up the DagBag from /opt/airflow/dags/redshift-airflow-ingestion-dag.py
[2026-03-27T15:53:45.448+0000] {processor.py:840} INFO - DAG(s) 's3_to_redshift_pipeline' retrieved from /opt/airflow/dags/redshift-airflow-ingestion-dag.py
[2026-03-27T15:53:45.480+0000] {logging_mixin.py:188} INFO - [2026-03-27T15:53:45.480+0000] {dag.py:3089} INFO - Sync 1 DAGs
[2026-03-27T15:53:45.507+0000] {logging_mixin.py:188} INFO - [2026-03-27T15:53:45.507+0000] {dag.py:3947} INFO - Setting next_dagrun for s3_to_redshift_pipeline to 2026-03-27 15:50:00+00:00, run_after=2026-03-27 15:52:00+00:00
[2026-03-27T15:53:45.534+0000] {processor.py:183} INFO - Processing /opt/airflow/dags/redshift-airflow-ingestion-dag.py took 0.123 seconds
[2026-03-27T15:54:16.262+0000] {processor.py:161} INFO - Started process (PID=4333) to work on /opt/airflow/dags/redshift-airflow-ingestion-dag.py
[2026-03-27T15:54:16.264+0000] {processor.py:830} INFO - Processing file /opt/airflow/dags/redshift-airflow-ingestion-dag.py for tasks to queue
[2026-03-27T15:54:16.270+0000] {logging_mixin.py:188} INFO - [2026-03-27T15:54:16.270+0000] {dagbag.py:545} INFO - Filling up the DagBag from /opt/airflow/dags/redshift-airflow-ingestion-dag.py
[2026-03-27T15:54:16.298+0000] {processor.py:840} INFO - DAG(s) 's3_to_redshift_pipeline' retrieved from /opt/airflow/dags/redshift-airflow-ingestion-dag.py
[2026-03-27T15:54:16.332+0000] {logging_mixin.py:188} INFO - [2026-03-27T15:54:16.332+0000] {dag.py:3089} INFO - Sync 1 DAGs
[2026-03-27T15:54:16.359+0000] {logging_mixin.py:188} INFO - [2026-03-27T15:54:16.359+0000] {dag.py:3947} INFO - Setting next_dagrun for s3_to_redshift_pipeline to 2026-03-27 15:52:00+00:00, run_after=2026-03-27 15:54:00+00:00
[2026-03-27T15:54:16.383+0000] {processor.py:183} INFO - Processing /opt/airflow/dags/redshift-airflow-ingestion-dag.py took 0.128 seconds
[2026-03-27T15:54:47.199+0000] {processor.py:161} INFO - Started process (PID=4353) to work on /opt/airflow/dags/redshift-airflow-ingestion-dag.py
[2026-03-27T15:54:47.201+0000] {processor.py:830} INFO - Processing file /opt/airflow/dags/redshift-airflow-ingestion-dag.py for tasks to queue
[2026-03-27T15:54:47.203+0000] {logging_mixin.py:188} INFO - [2026-03-27T15:54:47.202+0000] {dagbag.py:545} INFO - Filling up the DagBag from /opt/airflow/dags/redshift-airflow-ingestion-dag.py
[2026-03-27T15:54:47.229+0000] {processor.py:840} INFO - DAG(s) 's3_to_redshift_pipeline' retrieved from /opt/airflow/dags/redshift-airflow-ingestion-dag.py
[2026-03-27T15:54:47.259+0000] {logging_mixin.py:188} INFO - [2026-03-27T15:54:47.259+0000] {dag.py:3089} INFO - Sync 1 DAGs
[2026-03-27T15:54:47.282+0000] {logging_mixin.py:188} INFO - [2026-03-27T15:54:47.282+0000] {dag.py:3947} INFO - Setting next_dagrun for s3_to_redshift_pipeline to 2026-03-27 15:52:00+00:00, run_after=2026-03-27 15:54:00+00:00
[2026-03-27T15:54:47.305+0000] {processor.py:183} INFO - Processing /opt/airflow/dags/redshift-airflow-ingestion-dag.py took 0.112 seconds
[2026-03-27T15:55:18.145+0000] {processor.py:161} INFO - Started process (PID=4373) to work on /opt/airflow/dags/redshift-airflow-ingestion-dag.py
[2026-03-27T15:55:18.146+0000] {processor.py:830} INFO - Processing file /opt/airflow/dags/redshift-airflow-ingestion-dag.py for tasks to queue
[2026-03-27T15:55:18.148+0000] {logging_mixin.py:188} INFO - [2026-03-27T15:55:18.148+0000] {dagbag.py:545} INFO - Filling up the DagBag from /opt/airflow/dags/redshift-airflow-ingestion-dag.py
[2026-03-27T15:55:18.175+0000] {processor.py:840} INFO - DAG(s) 's3_to_redshift_pipeline' retrieved from /opt/airflow/dags/redshift-airflow-ingestion-dag.py
[2026-03-27T15:55:18.206+0000] {logging_mixin.py:188} INFO - [2026-03-27T15:55:18.206+0000] {dag.py:3089} INFO - Sync 1 DAGs
[2026-03-27T15:55:18.231+0000] {logging_mixin.py:188} INFO - [2026-03-27T15:55:18.231+0000] {dag.py:3947} INFO - Setting next_dagrun for s3_to_redshift_pipeline to 2026-03-27 15:52:00+00:00, run_after=2026-03-27 15:54:00+00:00
[2026-03-27T15:55:18.254+0000] {processor.py:183} INFO - Processing /opt/airflow/dags/redshift-airflow-ingestion-dag.py took 0.115 seconds
[2026-03-27T15:55:48.924+0000] {processor.py:161} INFO - Started process (PID=4393) to work on /opt/airflow/dags/redshift-airflow-ingestion-dag.py
[2026-03-27T15:55:48.925+0000] {processor.py:830} INFO - Processing file /opt/airflow/dags/redshift-airflow-ingestion-dag.py for tasks to queue
[2026-03-27T15:55:48.927+0000] {logging_mixin.py:188} INFO - [2026-03-27T15:55:48.926+0000] {dagbag.py:545} INFO - Filling up the DagBag from /opt/airflow/dags/redshift-airflow-ingestion-dag.py
[2026-03-27T15:55:48.952+0000] {processor.py:840} INFO - DAG(s) 's3_to_redshift_pipeline' retrieved from /opt/airflow/dags/redshift-airflow-ingestion-dag.py
[2026-03-27T15:55:48.984+0000] {logging_mixin.py:188} INFO - [2026-03-27T15:55:48.983+0000] {dag.py:3089} INFO - Sync 1 DAGs
[2026-03-27T15:55:49.010+0000] {logging_mixin.py:188} INFO - [2026-03-27T15:55:49.009+0000] {dag.py:3947} INFO - Setting next_dagrun for s3_to_redshift_pipeline to 2026-03-27 15:52:00+00:00, run_after=2026-03-27 15:54:00+00:00
[2026-03-27T15:55:49.030+0000] {processor.py:183} INFO - Processing /opt/airflow/dags/redshift-airflow-ingestion-dag.py took 0.112 seconds
[2026-03-27T15:56:19.928+0000] {processor.py:161} INFO - Started process (PID=4413) to work on /opt/airflow/dags/redshift-airflow-ingestion-dag.py
[2026-03-27T15:56:19.929+0000] {processor.py:830} INFO - Processing file /opt/airflow/dags/redshift-airflow-ingestion-dag.py for tasks to queue
[2026-03-27T15:56:19.931+0000] {logging_mixin.py:188} INFO - [2026-03-27T15:56:19.931+0000] {dagbag.py:545} INFO - Filling up the DagBag from /opt/airflow/dags/redshift-airflow-ingestion-dag.py
[2026-03-27T15:56:19.958+0000] {processor.py:840} INFO - DAG(s) 's3_to_redshift_pipeline' retrieved from /opt/airflow/dags/redshift-airflow-ingestion-dag.py
[2026-03-27T15:56:19.989+0000] {logging_mixin.py:188} INFO - [2026-03-27T15:56:19.988+0000] {dag.py:3089} INFO - Sync 1 DAGs
[2026-03-27T15:56:20.012+0000] {logging_mixin.py:188} INFO - [2026-03-27T15:56:20.012+0000] {dag.py:3947} INFO - Setting next_dagrun for s3_to_redshift_pipeline to 2026-03-27 15:54:00+00:00, run_after=2026-03-27 15:56:00+00:00
[2026-03-27T15:56:20.034+0000] {processor.py:183} INFO - Processing /opt/airflow/dags/redshift-airflow-ingestion-dag.py took 0.112 seconds
[2026-03-27T15:56:50.826+0000] {processor.py:161} INFO - Started process (PID=4433) to work on /opt/airflow/dags/redshift-airflow-ingestion-dag.py
[2026-03-27T15:56:50.827+0000] {processor.py:830} INFO - Processing file /opt/airflow/dags/redshift-airflow-ingestion-dag.py for tasks to queue
[2026-03-27T15:56:50.830+0000] {logging_mixin.py:188} INFO - [2026-03-27T15:56:50.829+0000] {dagbag.py:545} INFO - Filling up the DagBag from /opt/airflow/dags/redshift-airflow-ingestion-dag.py
[2026-03-27T15:56:50.853+0000] {processor.py:840} INFO - DAG(s) 's3_to_redshift_pipeline' retrieved from /opt/airflow/dags/redshift-airflow-ingestion-dag.py
[2026-03-27T15:56:50.888+0000] {logging_mixin.py:188} INFO - [2026-03-27T15:56:50.888+0000] {dag.py:3089} INFO - Sync 1 DAGs
[2026-03-27T15:56:50.919+0000] {logging_mixin.py:188} INFO - [2026-03-27T15:56:50.919+0000] {dag.py:3947} INFO - Setting next_dagrun for s3_to_redshift_pipeline to 2026-03-27 15:54:00+00:00, run_after=2026-03-27 15:56:00+00:00
[2026-03-27T15:56:50.948+0000] {processor.py:183} INFO - Processing /opt/airflow/dags/redshift-airflow-ingestion-dag.py took 0.128 seconds
[2026-03-27T15:57:21.898+0000] {processor.py:161} INFO - Started process (PID=4453) to work on /opt/airflow/dags/redshift-airflow-ingestion-dag.py
[2026-03-27T15:57:21.899+0000] {processor.py:830} INFO - Processing file /opt/airflow/dags/redshift-airflow-ingestion-dag.py for tasks to queue
[2026-03-27T15:57:21.901+0000] {logging_mixin.py:188} INFO - [2026-03-27T15:57:21.901+0000] {dagbag.py:545} INFO - Filling up the DagBag from /opt/airflow/dags/redshift-airflow-ingestion-dag.py
[2026-03-27T15:57:21.927+0000] {processor.py:840} INFO - DAG(s) 's3_to_redshift_pipeline' retrieved from /opt/airflow/dags/redshift-airflow-ingestion-dag.py
[2026-03-27T15:57:21.957+0000] {logging_mixin.py:188} INFO - [2026-03-27T15:57:21.957+0000] {dag.py:3089} INFO - Sync 1 DAGs
[2026-03-27T15:57:21.985+0000] {logging_mixin.py:188} INFO - [2026-03-27T15:57:21.985+0000] {dag.py:3947} INFO - Setting next_dagrun for s3_to_redshift_pipeline to 2026-03-27 15:54:00+00:00, run_after=2026-03-27 15:56:00+00:00
[2026-03-27T15:57:22.007+0000] {processor.py:183} INFO - Processing /opt/airflow/dags/redshift-airflow-ingestion-dag.py took 0.115 seconds
[2026-03-27T15:57:52.769+0000] {processor.py:161} INFO - Started process (PID=4473) to work on /opt/airflow/dags/redshift-airflow-ingestion-dag.py
[2026-03-27T15:57:52.770+0000] {processor.py:830} INFO - Processing file /opt/airflow/dags/redshift-airflow-ingestion-dag.py for tasks to queue
[2026-03-27T15:57:52.772+0000] {logging_mixin.py:188} INFO - [2026-03-27T15:57:52.772+0000] {dagbag.py:545} INFO - Filling up the DagBag from /opt/airflow/dags/redshift-airflow-ingestion-dag.py
[2026-03-27T15:57:52.795+0000] {processor.py:840} INFO - DAG(s) 's3_to_redshift_pipeline' retrieved from /opt/airflow/dags/redshift-airflow-ingestion-dag.py
[2026-03-27T15:57:52.827+0000] {logging_mixin.py:188} INFO - [2026-03-27T15:57:52.827+0000] {dag.py:3089} INFO - Sync 1 DAGs
[2026-03-27T15:57:52.850+0000] {logging_mixin.py:188} INFO - [2026-03-27T15:57:52.850+0000] {dag.py:3947} INFO - Setting next_dagrun for s3_to_redshift_pipeline to 2026-03-27 15:54:00+00:00, run_after=2026-03-27 15:56:00+00:00
[2026-03-27T15:57:52.871+0000] {processor.py:183} INFO - Processing /opt/airflow/dags/redshift-airflow-ingestion-dag.py took 0.107 seconds
[2026-03-27T15:58:23.609+0000] {processor.py:161} INFO - Started process (PID=4493) to work on /opt/airflow/dags/redshift-airflow-ingestion-dag.py
[2026-03-27T15:58:23.610+0000] {processor.py:830} INFO - Processing file /opt/airflow/dags/redshift-airflow-ingestion-dag.py for tasks to queue
[2026-03-27T15:58:23.613+0000] {logging_mixin.py:188} INFO - [2026-03-27T15:58:23.612+0000] {dagbag.py:545} INFO - Filling up the DagBag from /opt/airflow/dags/redshift-airflow-ingestion-dag.py
[2026-03-27T15:58:23.634+0000] {processor.py:840} INFO - DAG(s) 's3_to_redshift_pipeline' retrieved from /opt/airflow/dags/redshift-airflow-ingestion-dag.py
[2026-03-27T15:58:23.669+0000] {logging_mixin.py:188} INFO - [2026-03-27T15:58:23.669+0000] {dag.py:3089} INFO - Sync 1 DAGs
[2026-03-27T15:58:23.693+0000] {logging_mixin.py:188} INFO - [2026-03-27T15:58:23.692+0000] {dag.py:3947} INFO - Setting next_dagrun for s3_to_redshift_pipeline to 2026-03-27 15:56:00+00:00, run_after=2026-03-27 15:58:00+00:00
[2026-03-27T15:58:23.713+0000] {processor.py:183} INFO - Processing /opt/airflow/dags/redshift-airflow-ingestion-dag.py took 0.110 seconds
[2026-03-27T15:58:54.516+0000] {processor.py:161} INFO - Started process (PID=4513) to work on /opt/airflow/dags/redshift-airflow-ingestion-dag.py
[2026-03-27T15:58:54.517+0000] {processor.py:830} INFO - Processing file /opt/airflow/dags/redshift-airflow-ingestion-dag.py for tasks to queue
[2026-03-27T15:58:54.520+0000] {logging_mixin.py:188} INFO - [2026-03-27T15:58:54.519+0000] {dagbag.py:545} INFO - Filling up the DagBag from /opt/airflow/dags/redshift-airflow-ingestion-dag.py
[2026-03-27T15:58:54.545+0000] {processor.py:840} INFO - DAG(s) 's3_to_redshift_pipeline' retrieved from /opt/airflow/dags/redshift-airflow-ingestion-dag.py
[2026-03-27T15:58:54.577+0000] {logging_mixin.py:188} INFO - [2026-03-27T15:58:54.577+0000] {dag.py:3089} INFO - Sync 1 DAGs
[2026-03-27T15:58:54.602+0000] {logging_mixin.py:188} INFO - [2026-03-27T15:58:54.602+0000] {dag.py:3947} INFO - Setting next_dagrun for s3_to_redshift_pipeline to 2026-03-27 15:56:00+00:00, run_after=2026-03-27 15:58:00+00:00
[2026-03-27T15:58:54.624+0000] {processor.py:183} INFO - Processing /opt/airflow/dags/redshift-airflow-ingestion-dag.py took 0.113 seconds
[2026-03-27T15:59:25.424+0000] {processor.py:161} INFO - Started process (PID=4533) to work on /opt/airflow/dags/redshift-airflow-ingestion-dag.py
[2026-03-27T15:59:25.425+0000] {processor.py:830} INFO - Processing file /opt/airflow/dags/redshift-airflow-ingestion-dag.py for tasks to queue
[2026-03-27T15:59:25.427+0000] {logging_mixin.py:188} INFO - [2026-03-27T15:59:25.427+0000] {dagbag.py:545} INFO - Filling up the DagBag from /opt/airflow/dags/redshift-airflow-ingestion-dag.py
[2026-03-27T15:59:25.452+0000] {processor.py:840} INFO - DAG(s) 's3_to_redshift_pipeline' retrieved from /opt/airflow/dags/redshift-airflow-ingestion-dag.py
[2026-03-27T15:59:25.485+0000] {logging_mixin.py:188} INFO - [2026-03-27T15:59:25.484+0000] {dag.py:3089} INFO - Sync 1 DAGs
[2026-03-27T15:59:25.511+0000] {logging_mixin.py:188} INFO - [2026-03-27T15:59:25.510+0000] {dag.py:3947} INFO - Setting next_dagrun for s3_to_redshift_pipeline to 2026-03-27 15:56:00+00:00, run_after=2026-03-27 15:58:00+00:00
[2026-03-27T15:59:25.533+0000] {processor.py:183} INFO - Processing /opt/airflow/dags/redshift-airflow-ingestion-dag.py took 0.114 seconds
[2026-03-27T15:59:56.297+0000] {processor.py:161} INFO - Started process (PID=4553) to work on /opt/airflow/dags/redshift-airflow-ingestion-dag.py
[2026-03-27T15:59:56.298+0000] {processor.py:830} INFO - Processing file /opt/airflow/dags/redshift-airflow-ingestion-dag.py for tasks to queue
[2026-03-27T15:59:56.300+0000] {logging_mixin.py:188} INFO - [2026-03-27T15:59:56.300+0000] {dagbag.py:545} INFO - Filling up the DagBag from /opt/airflow/dags/redshift-airflow-ingestion-dag.py
[2026-03-27T15:59:56.322+0000] {processor.py:840} INFO - DAG(s) 's3_to_redshift_pipeline' retrieved from /opt/airflow/dags/redshift-airflow-ingestion-dag.py
[2026-03-27T15:59:56.361+0000] {logging_mixin.py:188} INFO - [2026-03-27T15:59:56.361+0000] {dag.py:3089} INFO - Sync 1 DAGs
[2026-03-27T15:59:56.391+0000] {logging_mixin.py:188} INFO - [2026-03-27T15:59:56.390+0000] {dag.py:3947} INFO - Setting next_dagrun for s3_to_redshift_pipeline to 2026-03-27 15:56:00+00:00, run_after=2026-03-27 15:58:00+00:00
[2026-03-27T15:59:56.414+0000] {processor.py:183} INFO - Processing /opt/airflow/dags/redshift-airflow-ingestion-dag.py took 0.124 seconds
[2026-03-27T16:00:27.005+0000] {processor.py:161} INFO - Started process (PID=4573) to work on /opt/airflow/dags/redshift-airflow-ingestion-dag.py
[2026-03-27T16:00:27.007+0000] {processor.py:830} INFO - Processing file /opt/airflow/dags/redshift-airflow-ingestion-dag.py for tasks to queue
[2026-03-27T16:00:27.010+0000] {logging_mixin.py:188} INFO - [2026-03-27T16:00:27.009+0000] {dagbag.py:545} INFO - Filling up the DagBag from /opt/airflow/dags/redshift-airflow-ingestion-dag.py
[2026-03-27T16:00:27.040+0000] {processor.py:840} INFO - DAG(s) 's3_to_redshift_pipeline' retrieved from /opt/airflow/dags/redshift-airflow-ingestion-dag.py
[2026-03-27T16:00:27.098+0000] {logging_mixin.py:188} INFO - [2026-03-27T16:00:27.098+0000] {dag.py:3089} INFO - Sync 1 DAGs
[2026-03-27T16:00:27.144+0000] {logging_mixin.py:188} INFO - [2026-03-27T16:00:27.144+0000] {dag.py:3947} INFO - Setting next_dagrun for s3_to_redshift_pipeline to 2026-03-27 15:58:00+00:00, run_after=2026-03-27 16:00:00+00:00
[2026-03-27T16:00:27.182+0000] {processor.py:183} INFO - Processing /opt/airflow/dags/redshift-airflow-ingestion-dag.py took 0.189 seconds
[2026-03-27T16:00:57.677+0000] {processor.py:161} INFO - Started process (PID=4593) to work on /opt/airflow/dags/redshift-airflow-ingestion-dag.py
[2026-03-27T16:00:57.679+0000] {processor.py:830} INFO - Processing file /opt/airflow/dags/redshift-airflow-ingestion-dag.py for tasks to queue
[2026-03-27T16:00:57.683+0000] {logging_mixin.py:188} INFO - [2026-03-27T16:00:57.683+0000] {dagbag.py:545} INFO - Filling up the DagBag from /opt/airflow/dags/redshift-airflow-ingestion-dag.py
[2026-03-27T16:00:57.710+0000] {processor.py:840} INFO - DAG(s) 's3_to_redshift_pipeline' retrieved from /opt/airflow/dags/redshift-airflow-ingestion-dag.py
[2026-03-27T16:00:57.755+0000] {logging_mixin.py:188} INFO - [2026-03-27T16:00:57.754+0000] {dag.py:3089} INFO - Sync 1 DAGs
[2026-03-27T16:00:57.788+0000] {logging_mixin.py:188} INFO - [2026-03-27T16:00:57.787+0000] {dag.py:3947} INFO - Setting next_dagrun for s3_to_redshift_pipeline to 2026-03-27 15:58:00+00:00, run_after=2026-03-27 16:00:00+00:00
[2026-03-27T16:00:57.814+0000] {processor.py:183} INFO - Processing /opt/airflow/dags/redshift-airflow-ingestion-dag.py took 0.146 seconds
[2026-03-27T16:01:28.301+0000] {processor.py:161} INFO - Started process (PID=4613) to work on /opt/airflow/dags/redshift-airflow-ingestion-dag.py
[2026-03-27T16:01:28.302+0000] {processor.py:830} INFO - Processing file /opt/airflow/dags/redshift-airflow-ingestion-dag.py for tasks to queue
[2026-03-27T16:01:28.305+0000] {logging_mixin.py:188} INFO - [2026-03-27T16:01:28.305+0000] {dagbag.py:545} INFO - Filling up the DagBag from /opt/airflow/dags/redshift-airflow-ingestion-dag.py
[2026-03-27T16:01:28.335+0000] {processor.py:840} INFO - DAG(s) 's3_to_redshift_pipeline' retrieved from /opt/airflow/dags/redshift-airflow-ingestion-dag.py
[2026-03-27T16:01:28.379+0000] {logging_mixin.py:188} INFO - [2026-03-27T16:01:28.379+0000] {dag.py:3089} INFO - Sync 1 DAGs
[2026-03-27T16:01:28.414+0000] {logging_mixin.py:188} INFO - [2026-03-27T16:01:28.413+0000] {dag.py:3947} INFO - Setting next_dagrun for s3_to_redshift_pipeline to 2026-03-27 15:58:00+00:00, run_after=2026-03-27 16:00:00+00:00
[2026-03-27T16:01:28.442+0000] {processor.py:183} INFO - Processing /opt/airflow/dags/redshift-airflow-ingestion-dag.py took 0.150 seconds
[2026-03-27T16:01:59.011+0000] {processor.py:161} INFO - Started process (PID=4633) to work on /opt/airflow/dags/redshift-airflow-ingestion-dag.py
[2026-03-27T16:01:59.012+0000] {processor.py:830} INFO - Processing file /opt/airflow/dags/redshift-airflow-ingestion-dag.py for tasks to queue
[2026-03-27T16:01:59.018+0000] {logging_mixin.py:188} INFO - [2026-03-27T16:01:59.015+0000] {dagbag.py:545} INFO - Filling up the DagBag from /opt/airflow/dags/redshift-airflow-ingestion-dag.py
[2026-03-27T16:01:59.064+0000] {processor.py:840} INFO - DAG(s) 's3_to_redshift_pipeline' retrieved from /opt/airflow/dags/redshift-airflow-ingestion-dag.py
[2026-03-27T16:01:59.122+0000] {logging_mixin.py:188} INFO - [2026-03-27T16:01:59.121+0000] {dag.py:3089} INFO - Sync 1 DAGs
[2026-03-27T16:01:59.163+0000] {logging_mixin.py:188} INFO - [2026-03-27T16:01:59.163+0000] {dag.py:3947} INFO - Setting next_dagrun for s3_to_redshift_pipeline to 2026-03-27 15:58:00+00:00, run_after=2026-03-27 16:00:00+00:00
[2026-03-27T16:01:59.192+0000] {processor.py:183} INFO - Processing /opt/airflow/dags/redshift-airflow-ingestion-dag.py took 0.189 seconds
[2026-03-27T16:02:29.745+0000] {processor.py:161} INFO - Started process (PID=4653) to work on /opt/airflow/dags/redshift-airflow-ingestion-dag.py
[2026-03-27T16:02:29.746+0000] {processor.py:830} INFO - Processing file /opt/airflow/dags/redshift-airflow-ingestion-dag.py for tasks to queue
[2026-03-27T16:02:29.749+0000] {logging_mixin.py:188} INFO - [2026-03-27T16:02:29.748+0000] {dagbag.py:545} INFO - Filling up the DagBag from /opt/airflow/dags/redshift-airflow-ingestion-dag.py
[2026-03-27T16:02:29.785+0000] {processor.py:840} INFO - DAG(s) 's3_to_redshift_pipeline' retrieved from /opt/airflow/dags/redshift-airflow-ingestion-dag.py
[2026-03-27T16:02:29.830+0000] {logging_mixin.py:188} INFO - [2026-03-27T16:02:29.829+0000] {dag.py:3089} INFO - Sync 1 DAGs
[2026-03-27T16:02:29.865+0000] {logging_mixin.py:188} INFO - [2026-03-27T16:02:29.864+0000] {dag.py:3947} INFO - Setting next_dagrun for s3_to_redshift_pipeline to 2026-03-27 16:00:00+00:00, run_after=2026-03-27 16:02:00+00:00
[2026-03-27T16:02:29.892+0000] {processor.py:183} INFO - Processing /opt/airflow/dags/redshift-airflow-ingestion-dag.py took 0.156 seconds
[2026-03-27T16:03:00.403+0000] {processor.py:161} INFO - Started process (PID=4715) to work on /opt/airflow/dags/redshift-airflow-ingestion-dag.py
[2026-03-27T16:03:00.405+0000] {processor.py:830} INFO - Processing file /opt/airflow/dags/redshift-airflow-ingestion-dag.py for tasks to queue
[2026-03-27T16:03:00.407+0000] {logging_mixin.py:188} INFO - [2026-03-27T16:03:00.407+0000] {dagbag.py:545} INFO - Filling up the DagBag from /opt/airflow/dags/redshift-airflow-ingestion-dag.py
[2026-03-27T16:03:00.434+0000] {processor.py:840} INFO - DAG(s) 's3_to_redshift_pipeline' retrieved from /opt/airflow/dags/redshift-airflow-ingestion-dag.py
[2026-03-27T16:03:00.480+0000] {logging_mixin.py:188} INFO - [2026-03-27T16:03:00.480+0000] {dag.py:3089} INFO - Sync 1 DAGs
[2026-03-27T16:03:00.517+0000] {logging_mixin.py:188} INFO - [2026-03-27T16:03:00.516+0000] {dag.py:3947} INFO - Setting next_dagrun for s3_to_redshift_pipeline to 2026-03-27 16:00:00+00:00, run_after=2026-03-27 16:02:00+00:00
[2026-03-27T16:03:00.548+0000] {processor.py:183} INFO - Processing /opt/airflow/dags/redshift-airflow-ingestion-dag.py took 0.154 seconds
[2026-03-27T16:03:31.148+0000] {processor.py:161} INFO - Started process (PID=6253) to work on /opt/airflow/dags/redshift-airflow-ingestion-dag.py
[2026-03-27T16:03:31.149+0000] {processor.py:830} INFO - Processing file /opt/airflow/dags/redshift-airflow-ingestion-dag.py for tasks to queue
[2026-03-27T16:03:31.153+0000] {logging_mixin.py:188} INFO - [2026-03-27T16:03:31.152+0000] {dagbag.py:545} INFO - Filling up the DagBag from /opt/airflow/dags/redshift-airflow-ingestion-dag.py
[2026-03-27T16:03:31.194+0000] {processor.py:840} INFO - DAG(s) 's3_to_redshift_pipeline' retrieved from /opt/airflow/dags/redshift-airflow-ingestion-dag.py
[2026-03-27T16:03:31.268+0000] {logging_mixin.py:188} INFO - [2026-03-27T16:03:31.268+0000] {dag.py:3089} INFO - Sync 1 DAGs
[2026-03-27T16:03:31.324+0000] {logging_mixin.py:188} INFO - [2026-03-27T16:03:31.324+0000] {dag.py:3947} INFO - Setting next_dagrun for s3_to_redshift_pipeline to 2026-03-27 16:00:00+00:00, run_after=2026-03-27 16:02:00+00:00
[2026-03-27T16:03:31.369+0000] {processor.py:183} INFO - Processing /opt/airflow/dags/redshift-airflow-ingestion-dag.py took 0.232 seconds
[2026-03-27T16:04:01.979+0000] {processor.py:161} INFO - Started process (PID=7498) to work on /opt/airflow/dags/redshift-airflow-ingestion-dag.py
[2026-03-27T16:04:01.980+0000] {processor.py:830} INFO - Processing file /opt/airflow/dags/redshift-airflow-ingestion-dag.py for tasks to queue
[2026-03-27T16:04:01.983+0000] {logging_mixin.py:188} INFO - [2026-03-27T16:04:01.983+0000] {dagbag.py:545} INFO - Filling up the DagBag from /opt/airflow/dags/redshift-airflow-ingestion-dag.py
[2026-03-27T16:04:02.017+0000] {processor.py:840} INFO - DAG(s) 's3_to_redshift_pipeline' retrieved from /opt/airflow/dags/redshift-airflow-ingestion-dag.py
[2026-03-27T16:04:02.066+0000] {logging_mixin.py:188} INFO - [2026-03-27T16:04:02.065+0000] {dag.py:3089} INFO - Sync 1 DAGs
[2026-03-27T16:04:02.104+0000] {logging_mixin.py:188} INFO - [2026-03-27T16:04:02.103+0000] {dag.py:3947} INFO - Setting next_dagrun for s3_to_redshift_pipeline to 2026-03-27 16:02:00+00:00, run_after=2026-03-27 16:04:00+00:00
[2026-03-27T16:04:02.132+0000] {processor.py:183} INFO - Processing /opt/airflow/dags/redshift-airflow-ingestion-dag.py took 0.163 seconds
[2026-03-27T16:04:32.677+0000] {processor.py:161} INFO - Started process (PID=7540) to work on /opt/airflow/dags/redshift-airflow-ingestion-dag.py
[2026-03-27T16:04:32.678+0000] {processor.py:830} INFO - Processing file /opt/airflow/dags/redshift-airflow-ingestion-dag.py for tasks to queue
[2026-03-27T16:04:32.681+0000] {logging_mixin.py:188} INFO - [2026-03-27T16:04:32.680+0000] {dagbag.py:545} INFO - Filling up the DagBag from /opt/airflow/dags/redshift-airflow-ingestion-dag.py
[2026-03-27T16:04:32.712+0000] {processor.py:840} INFO - DAG(s) 's3_to_redshift_pipeline' retrieved from /opt/airflow/dags/redshift-airflow-ingestion-dag.py
[2026-03-27T16:04:32.759+0000] {logging_mixin.py:188} INFO - [2026-03-27T16:04:32.759+0000] {dag.py:3089} INFO - Sync 1 DAGs
[2026-03-27T16:04:32.793+0000] {logging_mixin.py:188} INFO - [2026-03-27T16:04:32.792+0000] {dag.py:3947} INFO - Setting next_dagrun for s3_to_redshift_pipeline to 2026-03-27 16:02:00+00:00, run_after=2026-03-27 16:04:00+00:00
[2026-03-27T16:04:32.818+0000] {processor.py:183} INFO - Processing /opt/airflow/dags/redshift-airflow-ingestion-dag.py took 0.150 seconds
[2026-03-27T16:05:03.806+0000] {processor.py:161} INFO - Started process (PID=7560) to work on /opt/airflow/dags/redshift-airflow-ingestion-dag.py
[2026-03-27T16:05:03.808+0000] {processor.py:830} INFO - Processing file /opt/airflow/dags/redshift-airflow-ingestion-dag.py for tasks to queue
[2026-03-27T16:05:03.812+0000] {logging_mixin.py:188} INFO - [2026-03-27T16:05:03.811+0000] {dagbag.py:545} INFO - Filling up the DagBag from /opt/airflow/dags/redshift-airflow-ingestion-dag.py
[2026-03-27T16:05:03.863+0000] {processor.py:840} INFO - DAG(s) 's3_to_redshift_pipeline' retrieved from /opt/airflow/dags/redshift-airflow-ingestion-dag.py
[2026-03-27T16:05:03.923+0000] {logging_mixin.py:188} INFO - [2026-03-27T16:05:03.923+0000] {dag.py:3089} INFO - Sync 1 DAGs
[2026-03-27T16:05:03.988+0000] {logging_mixin.py:188} INFO - [2026-03-27T16:05:03.988+0000] {dag.py:3947} INFO - Setting next_dagrun for s3_to_redshift_pipeline to 2026-03-27 16:02:00+00:00, run_after=2026-03-27 16:04:00+00:00
[2026-03-27T16:05:04.040+0000] {processor.py:183} INFO - Processing /opt/airflow/dags/redshift-airflow-ingestion-dag.py took 0.246 seconds
[2026-03-27T16:05:34.365+0000] {processor.py:161} INFO - Started process (PID=7580) to work on /opt/airflow/dags/redshift-airflow-ingestion-dag.py
[2026-03-27T16:05:34.367+0000] {processor.py:830} INFO - Processing file /opt/airflow/dags/redshift-airflow-ingestion-dag.py for tasks to queue
[2026-03-27T16:05:34.371+0000] {logging_mixin.py:188} INFO - [2026-03-27T16:05:34.371+0000] {dagbag.py:545} INFO - Filling up the DagBag from /opt/airflow/dags/redshift-airflow-ingestion-dag.py
[2026-03-27T16:05:34.418+0000] {processor.py:840} INFO - DAG(s) 's3_to_redshift_pipeline' retrieved from /opt/airflow/dags/redshift-airflow-ingestion-dag.py
[2026-03-27T16:05:34.480+0000] {logging_mixin.py:188} INFO - [2026-03-27T16:05:34.479+0000] {dag.py:3089} INFO - Sync 1 DAGs
[2026-03-27T16:05:34.532+0000] {logging_mixin.py:188} INFO - [2026-03-27T16:05:34.532+0000] {dag.py:3947} INFO - Setting next_dagrun for s3_to_redshift_pipeline to 2026-03-27 16:02:00+00:00, run_after=2026-03-27 16:04:00+00:00
[2026-03-27T16:05:34.597+0000] {processor.py:183} INFO - Processing /opt/airflow/dags/redshift-airflow-ingestion-dag.py took 0.244 seconds
[2026-03-27T16:06:04.800+0000] {processor.py:161} INFO - Started process (PID=7600) to work on /opt/airflow/dags/redshift-airflow-ingestion-dag.py
[2026-03-27T16:06:04.803+0000] {processor.py:830} INFO - Processing file /opt/airflow/dags/redshift-airflow-ingestion-dag.py for tasks to queue
[2026-03-27T16:06:04.808+0000] {logging_mixin.py:188} INFO - [2026-03-27T16:06:04.807+0000] {dagbag.py:545} INFO - Filling up the DagBag from /opt/airflow/dags/redshift-airflow-ingestion-dag.py
[2026-03-27T16:06:04.856+0000] {processor.py:840} INFO - DAG(s) 's3_to_redshift_pipeline' retrieved from /opt/airflow/dags/redshift-airflow-ingestion-dag.py
[2026-03-27T16:06:04.909+0000] {logging_mixin.py:188} INFO - [2026-03-27T16:06:04.909+0000] {dag.py:3089} INFO - Sync 1 DAGs
[2026-03-27T16:06:04.954+0000] {logging_mixin.py:188} INFO - [2026-03-27T16:06:04.953+0000] {dag.py:3947} INFO - Setting next_dagrun for s3_to_redshift_pipeline to 2026-03-27 16:04:00+00:00, run_after=2026-03-27 16:06:00+00:00
[2026-03-27T16:06:04.993+0000] {processor.py:183} INFO - Processing /opt/airflow/dags/redshift-airflow-ingestion-dag.py took 0.204 seconds
[2026-03-27T16:06:35.343+0000] {processor.py:161} INFO - Started process (PID=7620) to work on /opt/airflow/dags/redshift-airflow-ingestion-dag.py
[2026-03-27T16:06:35.345+0000] {processor.py:830} INFO - Processing file /opt/airflow/dags/redshift-airflow-ingestion-dag.py for tasks to queue
[2026-03-27T16:06:35.349+0000] {logging_mixin.py:188} INFO - [2026-03-27T16:06:35.348+0000] {dagbag.py:545} INFO - Filling up the DagBag from /opt/airflow/dags/redshift-airflow-ingestion-dag.py
[2026-03-27T16:06:35.395+0000] {processor.py:840} INFO - DAG(s) 's3_to_redshift_pipeline' retrieved from /opt/airflow/dags/redshift-airflow-ingestion-dag.py
[2026-03-27T16:06:35.455+0000] {logging_mixin.py:188} INFO - [2026-03-27T16:06:35.455+0000] {dag.py:3089} INFO - Sync 1 DAGs
[2026-03-27T16:06:35.505+0000] {logging_mixin.py:188} INFO - [2026-03-27T16:06:35.505+0000] {dag.py:3947} INFO - Setting next_dagrun for s3_to_redshift_pipeline to 2026-03-27 16:04:00+00:00, run_after=2026-03-27 16:06:00+00:00
[2026-03-27T16:06:35.574+0000] {processor.py:183} INFO - Processing /opt/airflow/dags/redshift-airflow-ingestion-dag.py took 0.244 seconds
[2026-03-27T16:07:05.737+0000] {processor.py:161} INFO - Started process (PID=7635) to work on /opt/airflow/dags/redshift-airflow-ingestion-dag.py
[2026-03-27T16:07:05.738+0000] {processor.py:830} INFO - Processing file /opt/airflow/dags/redshift-airflow-ingestion-dag.py for tasks to queue
[2026-03-27T16:07:05.742+0000] {logging_mixin.py:188} INFO - [2026-03-27T16:07:05.742+0000] {dagbag.py:545} INFO - Filling up the DagBag from /opt/airflow/dags/redshift-airflow-ingestion-dag.py
[2026-03-27T16:07:05.791+0000] {processor.py:840} INFO - DAG(s) 's3_to_redshift_pipeline' retrieved from /opt/airflow/dags/redshift-airflow-ingestion-dag.py
[2026-03-27T16:07:05.855+0000] {logging_mixin.py:188} INFO - [2026-03-27T16:07:05.855+0000] {dag.py:3089} INFO - Sync 1 DAGs
[2026-03-27T16:07:05.911+0000] {logging_mixin.py:188} INFO - [2026-03-27T16:07:05.911+0000] {dag.py:3947} INFO - Setting next_dagrun for s3_to_redshift_pipeline to 2026-03-27 16:04:00+00:00, run_after=2026-03-27 16:06:00+00:00
[2026-03-27T16:07:05.956+0000] {processor.py:183} INFO - Processing /opt/airflow/dags/redshift-airflow-ingestion-dag.py took 0.230 seconds
[2026-03-27T16:07:36.294+0000] {processor.py:161} INFO - Started process (PID=7655) to work on /opt/airflow/dags/redshift-airflow-ingestion-dag.py
[2026-03-27T16:07:36.296+0000] {processor.py:830} INFO - Processing file /opt/airflow/dags/redshift-airflow-ingestion-dag.py for tasks to queue
[2026-03-27T16:07:36.302+0000] {logging_mixin.py:188} INFO - [2026-03-27T16:07:36.301+0000] {dagbag.py:545} INFO - Filling up the DagBag from /opt/airflow/dags/redshift-airflow-ingestion-dag.py
[2026-03-27T16:07:36.367+0000] {processor.py:840} INFO - DAG(s) 's3_to_redshift_pipeline' retrieved from /opt/airflow/dags/redshift-airflow-ingestion-dag.py
[2026-03-27T16:07:36.474+0000] {logging_mixin.py:188} INFO - [2026-03-27T16:07:36.473+0000] {dag.py:3089} INFO - Sync 1 DAGs
[2026-03-27T16:07:36.529+0000] {logging_mixin.py:188} INFO - [2026-03-27T16:07:36.529+0000] {dag.py:3947} INFO - Setting next_dagrun for s3_to_redshift_pipeline to 2026-03-27 16:04:00+00:00, run_after=2026-03-27 16:06:00+00:00
[2026-03-27T16:07:36.570+0000] {processor.py:183} INFO - Processing /opt/airflow/dags/redshift-airflow-ingestion-dag.py took 0.297 seconds
[2026-03-27T16:08:06.896+0000] {processor.py:161} INFO - Started process (PID=7723) to work on /opt/airflow/dags/redshift-airflow-ingestion-dag.py
[2026-03-27T16:08:06.899+0000] {processor.py:830} INFO - Processing file /opt/airflow/dags/redshift-airflow-ingestion-dag.py for tasks to queue
[2026-03-27T16:08:06.907+0000] {logging_mixin.py:188} INFO - [2026-03-27T16:08:06.905+0000] {dagbag.py:545} INFO - Filling up the DagBag from /opt/airflow/dags/redshift-airflow-ingestion-dag.py
[2026-03-27T16:08:06.974+0000] {processor.py:840} INFO - DAG(s) 's3_to_redshift_pipeline' retrieved from /opt/airflow/dags/redshift-airflow-ingestion-dag.py
[2026-03-27T16:08:07.037+0000] {logging_mixin.py:188} INFO - [2026-03-27T16:08:07.037+0000] {dag.py:3089} INFO - Sync 1 DAGs
[2026-03-27T16:08:07.086+0000] {logging_mixin.py:188} INFO - [2026-03-27T16:08:07.085+0000] {dag.py:3947} INFO - Setting next_dagrun for s3_to_redshift_pipeline to 2026-03-27 16:06:00+00:00, run_after=2026-03-27 16:08:00+00:00
[2026-03-27T16:08:07.130+0000] {processor.py:183} INFO - Processing /opt/airflow/dags/redshift-airflow-ingestion-dag.py took 0.251 seconds
[2026-03-27T16:08:37.399+0000] {processor.py:161} INFO - Started process (PID=9465) to work on /opt/airflow/dags/redshift-airflow-ingestion-dag.py
[2026-03-27T16:08:37.401+0000] {processor.py:830} INFO - Processing file /opt/airflow/dags/redshift-airflow-ingestion-dag.py for tasks to queue
[2026-03-27T16:08:37.406+0000] {logging_mixin.py:188} INFO - [2026-03-27T16:08:37.405+0000] {dagbag.py:545} INFO - Filling up the DagBag from /opt/airflow/dags/redshift-airflow-ingestion-dag.py
[2026-03-27T16:08:37.459+0000] {processor.py:840} INFO - DAG(s) 's3_to_redshift_pipeline' retrieved from /opt/airflow/dags/redshift-airflow-ingestion-dag.py
[2026-03-27T16:08:37.532+0000] {logging_mixin.py:188} INFO - [2026-03-27T16:08:37.531+0000] {dag.py:3089} INFO - Sync 1 DAGs
[2026-03-27T16:08:37.585+0000] {logging_mixin.py:188} INFO - [2026-03-27T16:08:37.585+0000] {dag.py:3947} INFO - Setting next_dagrun for s3_to_redshift_pipeline to 2026-03-27 16:06:00+00:00, run_after=2026-03-27 16:08:00+00:00
[2026-03-27T16:08:37.645+0000] {processor.py:183} INFO - Processing /opt/airflow/dags/redshift-airflow-ingestion-dag.py took 0.262 seconds
[2026-03-27T16:09:07.989+0000] {processor.py:161} INFO - Started process (PID=9882) to work on /opt/airflow/dags/redshift-airflow-ingestion-dag.py
[2026-03-27T16:09:07.992+0000] {processor.py:830} INFO - Processing file /opt/airflow/dags/redshift-airflow-ingestion-dag.py for tasks to queue
[2026-03-27T16:09:07.996+0000] {logging_mixin.py:188} INFO - [2026-03-27T16:09:07.995+0000] {dagbag.py:545} INFO - Filling up the DagBag from /opt/airflow/dags/redshift-airflow-ingestion-dag.py
[2026-03-27T16:09:08.051+0000] {processor.py:840} INFO - DAG(s) 's3_to_redshift_pipeline' retrieved from /opt/airflow/dags/redshift-airflow-ingestion-dag.py
[2026-03-27T16:09:08.116+0000] {logging_mixin.py:188} INFO - [2026-03-27T16:09:08.115+0000] {dag.py:3089} INFO - Sync 1 DAGs
[2026-03-27T16:09:08.159+0000] {logging_mixin.py:188} INFO - [2026-03-27T16:09:08.159+0000] {dag.py:3947} INFO - Setting next_dagrun for s3_to_redshift_pipeline to 2026-03-27 16:06:00+00:00, run_after=2026-03-27 16:08:00+00:00
[2026-03-27T16:09:08.201+0000] {processor.py:183} INFO - Processing /opt/airflow/dags/redshift-airflow-ingestion-dag.py took 0.228 seconds
[2026-03-27T16:09:38.466+0000] {processor.py:161} INFO - Started process (PID=9933) to work on /opt/airflow/dags/redshift-airflow-ingestion-dag.py
[2026-03-27T16:09:38.468+0000] {processor.py:830} INFO - Processing file /opt/airflow/dags/redshift-airflow-ingestion-dag.py for tasks to queue
[2026-03-27T16:09:38.471+0000] {logging_mixin.py:188} INFO - [2026-03-27T16:09:38.471+0000] {dagbag.py:545} INFO - Filling up the DagBag from /opt/airflow/dags/redshift-airflow-ingestion-dag.py
[2026-03-27T16:09:38.527+0000] {processor.py:840} INFO - DAG(s) 's3_to_redshift_pipeline' retrieved from /opt/airflow/dags/redshift-airflow-ingestion-dag.py
[2026-03-27T16:09:38.594+0000] {logging_mixin.py:188} INFO - [2026-03-27T16:09:38.594+0000] {dag.py:3089} INFO - Sync 1 DAGs
[2026-03-27T16:09:38.642+0000] {logging_mixin.py:188} INFO - [2026-03-27T16:09:38.642+0000] {dag.py:3947} INFO - Setting next_dagrun for s3_to_redshift_pipeline to 2026-03-27 16:06:00+00:00, run_after=2026-03-27 16:08:00+00:00
[2026-03-27T16:09:38.693+0000] {processor.py:183} INFO - Processing /opt/airflow/dags/redshift-airflow-ingestion-dag.py took 0.240 seconds
[2026-03-27T16:10:08.961+0000] {processor.py:161} INFO - Started process (PID=9953) to work on /opt/airflow/dags/redshift-airflow-ingestion-dag.py
[2026-03-27T16:10:08.964+0000] {processor.py:830} INFO - Processing file /opt/airflow/dags/redshift-airflow-ingestion-dag.py for tasks to queue
[2026-03-27T16:10:08.969+0000] {logging_mixin.py:188} INFO - [2026-03-27T16:10:08.968+0000] {dagbag.py:545} INFO - Filling up the DagBag from /opt/airflow/dags/redshift-airflow-ingestion-dag.py
[2026-03-27T16:10:09.017+0000] {processor.py:840} INFO - DAG(s) 's3_to_redshift_pipeline' retrieved from /opt/airflow/dags/redshift-airflow-ingestion-dag.py
[2026-03-27T16:10:09.088+0000] {logging_mixin.py:188} INFO - [2026-03-27T16:10:09.087+0000] {dag.py:3089} INFO - Sync 1 DAGs
[2026-03-27T16:10:09.148+0000] {logging_mixin.py:188} INFO - [2026-03-27T16:10:09.148+0000] {dag.py:3947} INFO - Setting next_dagrun for s3_to_redshift_pipeline to 2026-03-27 16:08:00+00:00, run_after=2026-03-27 16:10:00+00:00
[2026-03-27T16:10:09.189+0000] {processor.py:183} INFO - Processing /opt/airflow/dags/redshift-airflow-ingestion-dag.py took 0.242 seconds
[2026-03-27T16:10:39.395+0000] {processor.py:161} INFO - Started process (PID=9973) to work on /opt/airflow/dags/redshift-airflow-ingestion-dag.py
[2026-03-27T16:10:39.397+0000] {processor.py:830} INFO - Processing file /opt/airflow/dags/redshift-airflow-ingestion-dag.py for tasks to queue
[2026-03-27T16:10:39.402+0000] {logging_mixin.py:188} INFO - [2026-03-27T16:10:39.401+0000] {dagbag.py:545} INFO - Filling up the DagBag from /opt/airflow/dags/redshift-airflow-ingestion-dag.py
[2026-03-27T16:10:39.450+0000] {processor.py:840} INFO - DAG(s) 's3_to_redshift_pipeline' retrieved from /opt/airflow/dags/redshift-airflow-ingestion-dag.py
[2026-03-27T16:10:39.519+0000] {logging_mixin.py:188} INFO - [2026-03-27T16:10:39.519+0000] {dag.py:3089} INFO - Sync 1 DAGs
[2026-03-27T16:10:39.577+0000] {logging_mixin.py:188} INFO - [2026-03-27T16:10:39.576+0000] {dag.py:3947} INFO - Setting next_dagrun for s3_to_redshift_pipeline to 2026-03-27 16:08:00+00:00, run_after=2026-03-27 16:10:00+00:00
[2026-03-27T16:10:39.617+0000] {processor.py:183} INFO - Processing /opt/airflow/dags/redshift-airflow-ingestion-dag.py took 0.234 seconds
[2026-03-27T16:11:09.922+0000] {processor.py:161} INFO - Started process (PID=9993) to work on /opt/airflow/dags/redshift-airflow-ingestion-dag.py
[2026-03-27T16:11:09.924+0000] {processor.py:830} INFO - Processing file /opt/airflow/dags/redshift-airflow-ingestion-dag.py for tasks to queue
[2026-03-27T16:11:09.928+0000] {logging_mixin.py:188} INFO - [2026-03-27T16:11:09.928+0000] {dagbag.py:545} INFO - Filling up the DagBag from /opt/airflow/dags/redshift-airflow-ingestion-dag.py
[2026-03-27T16:11:09.977+0000] {processor.py:840} INFO - DAG(s) 's3_to_redshift_pipeline' retrieved from /opt/airflow/dags/redshift-airflow-ingestion-dag.py
[2026-03-27T16:11:10.035+0000] {logging_mixin.py:188} INFO - [2026-03-27T16:11:10.035+0000] {dag.py:3089} INFO - Sync 1 DAGs
[2026-03-27T16:11:10.085+0000] {logging_mixin.py:188} INFO - [2026-03-27T16:11:10.085+0000] {dag.py:3947} INFO - Setting next_dagrun for s3_to_redshift_pipeline to 2026-03-27 16:08:00+00:00, run_after=2026-03-27 16:10:00+00:00
[2026-03-27T16:11:10.142+0000] {processor.py:183} INFO - Processing /opt/airflow/dags/redshift-airflow-ingestion-dag.py took 0.231 seconds
[2026-03-27T16:11:40.474+0000] {processor.py:161} INFO - Started process (PID=10013) to work on /opt/airflow/dags/redshift-airflow-ingestion-dag.py
[2026-03-27T16:11:40.476+0000] {processor.py:830} INFO - Processing file /opt/airflow/dags/redshift-airflow-ingestion-dag.py for tasks to queue
[2026-03-27T16:11:40.481+0000] {logging_mixin.py:188} INFO - [2026-03-27T16:11:40.480+0000] {dagbag.py:545} INFO - Filling up the DagBag from /opt/airflow/dags/redshift-airflow-ingestion-dag.py
[2026-03-27T16:11:40.534+0000] {processor.py:840} INFO - DAG(s) 's3_to_redshift_pipeline' retrieved from /opt/airflow/dags/redshift-airflow-ingestion-dag.py
[2026-03-27T16:11:40.594+0000] {logging_mixin.py:188} INFO - [2026-03-27T16:11:40.594+0000] {dag.py:3089} INFO - Sync 1 DAGs
[2026-03-27T16:11:40.637+0000] {logging_mixin.py:188} INFO - [2026-03-27T16:11:40.637+0000] {dag.py:3947} INFO - Setting next_dagrun for s3_to_redshift_pipeline to 2026-03-27 16:08:00+00:00, run_after=2026-03-27 16:10:00+00:00
[2026-03-27T16:11:40.676+0000] {processor.py:183} INFO - Processing /opt/airflow/dags/redshift-airflow-ingestion-dag.py took 0.212 seconds
[2026-03-27T16:12:11.146+0000] {processor.py:161} INFO - Started process (PID=10033) to work on /opt/airflow/dags/redshift-airflow-ingestion-dag.py
[2026-03-27T16:12:11.149+0000] {processor.py:830} INFO - Processing file /opt/airflow/dags/redshift-airflow-ingestion-dag.py for tasks to queue
[2026-03-27T16:12:11.153+0000] {logging_mixin.py:188} INFO - [2026-03-27T16:12:11.152+0000] {dagbag.py:545} INFO - Filling up the DagBag from /opt/airflow/dags/redshift-airflow-ingestion-dag.py
[2026-03-27T16:12:11.202+0000] {processor.py:840} INFO - DAG(s) 's3_to_redshift_pipeline' retrieved from /opt/airflow/dags/redshift-airflow-ingestion-dag.py
[2026-03-27T16:12:11.258+0000] {logging_mixin.py:188} INFO - [2026-03-27T16:12:11.258+0000] {dag.py:3089} INFO - Sync 1 DAGs
[2026-03-27T16:12:11.305+0000] {logging_mixin.py:188} INFO - [2026-03-27T16:12:11.305+0000] {dag.py:3947} INFO - Setting next_dagrun for s3_to_redshift_pipeline to 2026-03-27 16:10:00+00:00, run_after=2026-03-27 16:12:00+00:00
[2026-03-27T16:12:11.366+0000] {processor.py:183} INFO - Processing /opt/airflow/dags/redshift-airflow-ingestion-dag.py took 0.231 seconds
[2026-03-27T16:12:41.741+0000] {processor.py:161} INFO - Started process (PID=10053) to work on /opt/airflow/dags/redshift-airflow-ingestion-dag.py
[2026-03-27T16:12:41.744+0000] {processor.py:830} INFO - Processing file /opt/airflow/dags/redshift-airflow-ingestion-dag.py for tasks to queue
[2026-03-27T16:12:41.750+0000] {logging_mixin.py:188} INFO - [2026-03-27T16:12:41.749+0000] {dagbag.py:545} INFO - Filling up the DagBag from /opt/airflow/dags/redshift-airflow-ingestion-dag.py
[2026-03-27T16:12:41.808+0000] {processor.py:840} INFO - DAG(s) 's3_to_redshift_pipeline' retrieved from /opt/airflow/dags/redshift-airflow-ingestion-dag.py
[2026-03-27T16:12:41.891+0000] {logging_mixin.py:188} INFO - [2026-03-27T16:12:41.890+0000] {dag.py:3089} INFO - Sync 1 DAGs
[2026-03-27T16:12:41.944+0000] {logging_mixin.py:188} INFO - [2026-03-27T16:12:41.944+0000] {dag.py:3947} INFO - Setting next_dagrun for s3_to_redshift_pipeline to 2026-03-27 16:10:00+00:00, run_after=2026-03-27 16:12:00+00:00
[2026-03-27T16:12:41.997+0000] {processor.py:183} INFO - Processing /opt/airflow/dags/redshift-airflow-ingestion-dag.py took 0.280 seconds
[2026-03-27T16:13:12.460+0000] {processor.py:161} INFO - Started process (PID=10073) to work on /opt/airflow/dags/redshift-airflow-ingestion-dag.py
[2026-03-27T16:13:12.462+0000] {processor.py:830} INFO - Processing file /opt/airflow/dags/redshift-airflow-ingestion-dag.py for tasks to queue
[2026-03-27T16:13:12.466+0000] {logging_mixin.py:188} INFO - [2026-03-27T16:13:12.465+0000] {dagbag.py:545} INFO - Filling up the DagBag from /opt/airflow/dags/redshift-airflow-ingestion-dag.py
[2026-03-27T16:13:12.517+0000] {processor.py:840} INFO - DAG(s) 's3_to_redshift_pipeline' retrieved from /opt/airflow/dags/redshift-airflow-ingestion-dag.py
[2026-03-27T16:13:12.584+0000] {logging_mixin.py:188} INFO - [2026-03-27T16:13:12.584+0000] {dag.py:3089} INFO - Sync 1 DAGs
[2026-03-27T16:13:12.636+0000] {logging_mixin.py:188} INFO - [2026-03-27T16:13:12.636+0000] {dag.py:3947} INFO - Setting next_dagrun for s3_to_redshift_pipeline to 2026-03-27 16:10:00+00:00, run_after=2026-03-27 16:12:00+00:00
[2026-03-27T16:13:12.699+0000] {processor.py:183} INFO - Processing /opt/airflow/dags/redshift-airflow-ingestion-dag.py took 0.255 seconds
[2026-03-27T16:13:42.982+0000] {processor.py:161} INFO - Started process (PID=11716) to work on /opt/airflow/dags/redshift-airflow-ingestion-dag.py
[2026-03-27T16:13:42.984+0000] {processor.py:830} INFO - Processing file /opt/airflow/dags/redshift-airflow-ingestion-dag.py for tasks to queue
[2026-03-27T16:13:42.987+0000] {logging_mixin.py:188} INFO - [2026-03-27T16:13:42.987+0000] {dagbag.py:545} INFO - Filling up the DagBag from /opt/airflow/dags/redshift-airflow-ingestion-dag.py
[2026-03-27T16:13:43.039+0000] {processor.py:840} INFO - DAG(s) 's3_to_redshift_pipeline' retrieved from /opt/airflow/dags/redshift-airflow-ingestion-dag.py
[2026-03-27T16:13:43.107+0000] {logging_mixin.py:188} INFO - [2026-03-27T16:13:43.106+0000] {dag.py:3089} INFO - Sync 1 DAGs
[2026-03-27T16:13:43.162+0000] {logging_mixin.py:188} INFO - [2026-03-27T16:13:43.161+0000] {dag.py:3947} INFO - Setting next_dagrun for s3_to_redshift_pipeline to 2026-03-27 16:10:00+00:00, run_after=2026-03-27 16:12:00+00:00
[2026-03-27T16:13:43.203+0000] {processor.py:183} INFO - Processing /opt/airflow/dags/redshift-airflow-ingestion-dag.py took 0.233 seconds
[2026-03-27T16:14:13.559+0000] {processor.py:161} INFO - Started process (PID=13159) to work on /opt/airflow/dags/redshift-airflow-ingestion-dag.py
[2026-03-27T16:14:13.563+0000] {processor.py:830} INFO - Processing file /opt/airflow/dags/redshift-airflow-ingestion-dag.py for tasks to queue
[2026-03-27T16:14:13.570+0000] {logging_mixin.py:188} INFO - [2026-03-27T16:14:13.569+0000] {dagbag.py:545} INFO - Filling up the DagBag from /opt/airflow/dags/redshift-airflow-ingestion-dag.py
[2026-03-27T16:14:13.627+0000] {processor.py:840} INFO - DAG(s) 's3_to_redshift_pipeline' retrieved from /opt/airflow/dags/redshift-airflow-ingestion-dag.py
[2026-03-27T16:14:13.702+0000] {logging_mixin.py:188} INFO - [2026-03-27T16:14:13.702+0000] {dag.py:3089} INFO - Sync 1 DAGs
[2026-03-27T16:14:13.755+0000] {logging_mixin.py:188} INFO - [2026-03-27T16:14:13.754+0000] {dag.py:3947} INFO - Setting next_dagrun for s3_to_redshift_pipeline to 2026-03-27 16:12:00+00:00, run_after=2026-03-27 16:14:00+00:00
[2026-03-27T16:14:13.813+0000] {processor.py:183} INFO - Processing /opt/airflow/dags/redshift-airflow-ingestion-dag.py took 0.291 seconds
[2026-03-27T16:14:44.264+0000] {processor.py:161} INFO - Started process (PID=13196) to work on /opt/airflow/dags/redshift-airflow-ingestion-dag.py
[2026-03-27T16:14:44.268+0000] {processor.py:830} INFO - Processing file /opt/airflow/dags/redshift-airflow-ingestion-dag.py for tasks to queue
[2026-03-27T16:14:44.272+0000] {logging_mixin.py:188} INFO - [2026-03-27T16:14:44.272+0000] {dagbag.py:545} INFO - Filling up the DagBag from /opt/airflow/dags/redshift-airflow-ingestion-dag.py
[2026-03-27T16:14:44.336+0000] {processor.py:840} INFO - DAG(s) 's3_to_redshift_pipeline' retrieved from /opt/airflow/dags/redshift-airflow-ingestion-dag.py
[2026-03-27T16:14:44.427+0000] {logging_mixin.py:188} INFO - [2026-03-27T16:14:44.426+0000] {dag.py:3089} INFO - Sync 1 DAGs
[2026-03-27T16:14:44.478+0000] {logging_mixin.py:188} INFO - [2026-03-27T16:14:44.478+0000] {dag.py:3947} INFO - Setting next_dagrun for s3_to_redshift_pipeline to 2026-03-27 16:12:00+00:00, run_after=2026-03-27 16:14:00+00:00
[2026-03-27T16:14:44.524+0000] {processor.py:183} INFO - Processing /opt/airflow/dags/redshift-airflow-ingestion-dag.py took 0.276 seconds
[2026-03-27T16:15:14.881+0000] {processor.py:161} INFO - Started process (PID=13216) to work on /opt/airflow/dags/redshift-airflow-ingestion-dag.py
[2026-03-27T16:15:14.883+0000] {processor.py:830} INFO - Processing file /opt/airflow/dags/redshift-airflow-ingestion-dag.py for tasks to queue
[2026-03-27T16:15:14.888+0000] {logging_mixin.py:188} INFO - [2026-03-27T16:15:14.887+0000] {dagbag.py:545} INFO - Filling up the DagBag from /opt/airflow/dags/redshift-airflow-ingestion-dag.py
[2026-03-27T16:15:14.945+0000] {processor.py:840} INFO - DAG(s) 's3_to_redshift_pipeline' retrieved from /opt/airflow/dags/redshift-airflow-ingestion-dag.py
[2026-03-27T16:15:15.023+0000] {logging_mixin.py:188} INFO - [2026-03-27T16:15:15.022+0000] {dag.py:3089} INFO - Sync 1 DAGs
[2026-03-27T16:15:15.086+0000] {logging_mixin.py:188} INFO - [2026-03-27T16:15:15.085+0000] {dag.py:3947} INFO - Setting next_dagrun for s3_to_redshift_pipeline to 2026-03-27 16:12:00+00:00, run_after=2026-03-27 16:14:00+00:00
[2026-03-27T16:15:15.137+0000] {processor.py:183} INFO - Processing /opt/airflow/dags/redshift-airflow-ingestion-dag.py took 0.273 seconds
[2026-03-27T16:15:45.575+0000] {processor.py:161} INFO - Started process (PID=13236) to work on /opt/airflow/dags/redshift-airflow-ingestion-dag.py
[2026-03-27T16:15:45.578+0000] {processor.py:830} INFO - Processing file /opt/airflow/dags/redshift-airflow-ingestion-dag.py for tasks to queue
[2026-03-27T16:15:45.583+0000] {logging_mixin.py:188} INFO - [2026-03-27T16:15:45.582+0000] {dagbag.py:545} INFO - Filling up the DagBag from /opt/airflow/dags/redshift-airflow-ingestion-dag.py
[2026-03-27T16:15:45.632+0000] {processor.py:840} INFO - DAG(s) 's3_to_redshift_pipeline' retrieved from /opt/airflow/dags/redshift-airflow-ingestion-dag.py
[2026-03-27T16:15:45.706+0000] {logging_mixin.py:188} INFO - [2026-03-27T16:15:45.705+0000] {dag.py:3089} INFO - Sync 1 DAGs
[2026-03-27T16:15:45.771+0000] {logging_mixin.py:188} INFO - [2026-03-27T16:15:45.771+0000] {dag.py:3947} INFO - Setting next_dagrun for s3_to_redshift_pipeline to 2026-03-27 16:12:00+00:00, run_after=2026-03-27 16:14:00+00:00
[2026-03-27T16:15:45.815+0000] {processor.py:183} INFO - Processing /opt/airflow/dags/redshift-airflow-ingestion-dag.py took 0.254 seconds
[2026-03-27T16:16:16.231+0000] {processor.py:161} INFO - Started process (PID=13256) to work on /opt/airflow/dags/redshift-airflow-ingestion-dag.py
[2026-03-27T16:16:16.234+0000] {processor.py:830} INFO - Processing file /opt/airflow/dags/redshift-airflow-ingestion-dag.py for tasks to queue
[2026-03-27T16:16:16.239+0000] {logging_mixin.py:188} INFO - [2026-03-27T16:16:16.237+0000] {dagbag.py:545} INFO - Filling up the DagBag from /opt/airflow/dags/redshift-airflow-ingestion-dag.py
[2026-03-27T16:16:16.290+0000] {processor.py:840} INFO - DAG(s) 's3_to_redshift_pipeline' retrieved from /opt/airflow/dags/redshift-airflow-ingestion-dag.py
[2026-03-27T16:16:16.363+0000] {logging_mixin.py:188} INFO - [2026-03-27T16:16:16.362+0000] {dag.py:3089} INFO - Sync 1 DAGs
[2026-03-27T16:16:16.423+0000] {logging_mixin.py:188} INFO - [2026-03-27T16:16:16.422+0000] {dag.py:3947} INFO - Setting next_dagrun for s3_to_redshift_pipeline to 2026-03-27 16:14:00+00:00, run_after=2026-03-27 16:16:00+00:00
[2026-03-27T16:16:16.467+0000] {processor.py:183} INFO - Processing /opt/airflow/dags/redshift-airflow-ingestion-dag.py took 0.251 seconds
[2026-03-27T16:20:39.968+0000] {processor.py:161} INFO - Started process (PID=174) to work on /opt/airflow/dags/redshift-airflow-ingestion-dag.py
[2026-03-27T16:20:39.970+0000] {processor.py:830} INFO - Processing file /opt/airflow/dags/redshift-airflow-ingestion-dag.py for tasks to queue
[2026-03-27T16:20:39.974+0000] {logging_mixin.py:188} INFO - [2026-03-27T16:20:39.973+0000] {dagbag.py:545} INFO - Filling up the DagBag from /opt/airflow/dags/redshift-airflow-ingestion-dag.py
[2026-03-27T16:20:40.019+0000] {processor.py:840} INFO - DAG(s) 's3_to_redshift_pipeline' retrieved from /opt/airflow/dags/redshift-airflow-ingestion-dag.py
[2026-03-27T16:20:40.255+0000] {logging_mixin.py:188} INFO - [2026-03-27T16:20:40.254+0000] {override.py:1858} INFO - Created Permission View: can read on DAG:s3_to_redshift_pipeline
[2026-03-27T16:20:40.274+0000] {logging_mixin.py:188} INFO - [2026-03-27T16:20:40.273+0000] {override.py:1858} INFO - Created Permission View: can delete on DAG:s3_to_redshift_pipeline
[2026-03-27T16:20:40.286+0000] {logging_mixin.py:188} INFO - [2026-03-27T16:20:40.286+0000] {override.py:1858} INFO - Created Permission View: can edit on DAG:s3_to_redshift_pipeline
[2026-03-27T16:20:40.287+0000] {logging_mixin.py:188} INFO - [2026-03-27T16:20:40.287+0000] {dag.py:3089} INFO - Sync 1 DAGs
[2026-03-27T16:20:40.313+0000] {logging_mixin.py:188} INFO - [2026-03-27T16:20:40.312+0000] {dag.py:3111} INFO - Creating ORM DAG for s3_to_redshift_pipeline
[2026-03-27T16:20:40.342+0000] {logging_mixin.py:188} INFO - [2026-03-27T16:20:40.341+0000] {dag.py:3947} INFO - Setting next_dagrun for s3_to_redshift_pipeline to 2026-03-27 16:18:00+00:00, run_after=2026-03-27 16:20:00+00:00
[2026-03-27T16:20:40.376+0000] {processor.py:183} INFO - Processing /opt/airflow/dags/redshift-airflow-ingestion-dag.py took 0.420 seconds
[2026-03-27T16:21:10.517+0000] {processor.py:161} INFO - Started process (PID=194) to work on /opt/airflow/dags/redshift-airflow-ingestion-dag.py
[2026-03-27T16:21:10.519+0000] {processor.py:830} INFO - Processing file /opt/airflow/dags/redshift-airflow-ingestion-dag.py for tasks to queue
[2026-03-27T16:21:10.522+0000] {logging_mixin.py:188} INFO - [2026-03-27T16:21:10.522+0000] {dagbag.py:545} INFO - Filling up the DagBag from /opt/airflow/dags/redshift-airflow-ingestion-dag.py
[2026-03-27T16:21:10.564+0000] {processor.py:840} INFO - DAG(s) 's3_to_redshift_pipeline' retrieved from /opt/airflow/dags/redshift-airflow-ingestion-dag.py
[2026-03-27T16:21:10.612+0000] {logging_mixin.py:188} INFO - [2026-03-27T16:21:10.612+0000] {dag.py:3089} INFO - Sync 1 DAGs
[2026-03-27T16:21:10.660+0000] {logging_mixin.py:188} INFO - [2026-03-27T16:21:10.660+0000] {dag.py:3947} INFO - Setting next_dagrun for s3_to_redshift_pipeline to 2026-03-27 16:18:00+00:00, run_after=2026-03-27 16:20:00+00:00
[2026-03-27T16:21:10.716+0000] {processor.py:183} INFO - Processing /opt/airflow/dags/redshift-airflow-ingestion-dag.py took 0.213 seconds
[2026-03-27T16:21:41.222+0000] {processor.py:161} INFO - Started process (PID=214) to work on /opt/airflow/dags/redshift-airflow-ingestion-dag.py
[2026-03-27T16:21:41.224+0000] {processor.py:830} INFO - Processing file /opt/airflow/dags/redshift-airflow-ingestion-dag.py for tasks to queue
[2026-03-27T16:21:41.227+0000] {logging_mixin.py:188} INFO - [2026-03-27T16:21:41.227+0000] {dagbag.py:545} INFO - Filling up the DagBag from /opt/airflow/dags/redshift-airflow-ingestion-dag.py
[2026-03-27T16:21:41.273+0000] {processor.py:840} INFO - DAG(s) 's3_to_redshift_pipeline' retrieved from /opt/airflow/dags/redshift-airflow-ingestion-dag.py
[2026-03-27T16:21:41.342+0000] {logging_mixin.py:188} INFO - [2026-03-27T16:21:41.342+0000] {dag.py:3089} INFO - Sync 1 DAGs
[2026-03-27T16:21:41.398+0000] {logging_mixin.py:188} INFO - [2026-03-27T16:21:41.397+0000] {dag.py:3947} INFO - Setting next_dagrun for s3_to_redshift_pipeline to 2026-03-27 16:18:00+00:00, run_after=2026-03-27 16:20:00+00:00
[2026-03-27T16:21:41.438+0000] {processor.py:183} INFO - Processing /opt/airflow/dags/redshift-airflow-ingestion-dag.py took 0.229 seconds
[2026-03-27T16:22:11.960+0000] {processor.py:161} INFO - Started process (PID=320) to work on /opt/airflow/dags/redshift-airflow-ingestion-dag.py
[2026-03-27T16:22:11.964+0000] {processor.py:830} INFO - Processing file /opt/airflow/dags/redshift-airflow-ingestion-dag.py for tasks to queue
[2026-03-27T16:22:11.971+0000] {logging_mixin.py:188} INFO - [2026-03-27T16:22:11.970+0000] {dagbag.py:545} INFO - Filling up the DagBag from /opt/airflow/dags/redshift-airflow-ingestion-dag.py
[2026-03-27T16:22:12.034+0000] {processor.py:840} INFO - DAG(s) 's3_to_redshift_pipeline' retrieved from /opt/airflow/dags/redshift-airflow-ingestion-dag.py
[2026-03-27T16:22:12.127+0000] {logging_mixin.py:188} INFO - [2026-03-27T16:22:12.126+0000] {dag.py:3089} INFO - Sync 1 DAGs
[2026-03-27T16:22:12.231+0000] {logging_mixin.py:188} INFO - [2026-03-27T16:22:12.230+0000] {dag.py:3947} INFO - Setting next_dagrun for s3_to_redshift_pipeline to 2026-03-27 16:20:00+00:00, run_after=2026-03-27 16:22:00+00:00
[2026-03-27T16:22:12.308+0000] {processor.py:183} INFO - Processing /opt/airflow/dags/redshift-airflow-ingestion-dag.py took 0.374 seconds
[2026-03-27T16:22:42.478+0000] {processor.py:161} INFO - Started process (PID=482) to work on /opt/airflow/dags/redshift-airflow-ingestion-dag.py
[2026-03-27T16:22:42.484+0000] {processor.py:830} INFO - Processing file /opt/airflow/dags/redshift-airflow-ingestion-dag.py for tasks to queue
[2026-03-27T16:22:42.490+0000] {logging_mixin.py:188} INFO - [2026-03-27T16:22:42.489+0000] {dagbag.py:545} INFO - Filling up the DagBag from /opt/airflow/dags/redshift-airflow-ingestion-dag.py
[2026-03-27T16:22:42.558+0000] {processor.py:840} INFO - DAG(s) 's3_to_redshift_pipeline' retrieved from /opt/airflow/dags/redshift-airflow-ingestion-dag.py
[2026-03-27T16:22:42.644+0000] {logging_mixin.py:188} INFO - [2026-03-27T16:22:42.643+0000] {dag.py:3089} INFO - Sync 1 DAGs
[2026-03-27T16:22:42.739+0000] {logging_mixin.py:188} INFO - [2026-03-27T16:22:42.739+0000] {dag.py:3947} INFO - Setting next_dagrun for s3_to_redshift_pipeline to 2026-03-27 16:20:00+00:00, run_after=2026-03-27 16:22:00+00:00
[2026-03-27T16:22:42.830+0000] {processor.py:183} INFO - Processing /opt/airflow/dags/redshift-airflow-ingestion-dag.py took 0.374 seconds
[2026-03-27T16:23:13.835+0000] {processor.py:161} INFO - Started process (PID=1499) to work on /opt/airflow/dags/redshift-airflow-ingestion-dag.py
[2026-03-27T16:23:13.841+0000] {processor.py:830} INFO - Processing file /opt/airflow/dags/redshift-airflow-ingestion-dag.py for tasks to queue
[2026-03-27T16:23:13.862+0000] {logging_mixin.py:188} INFO - [2026-03-27T16:23:13.861+0000] {dagbag.py:545} INFO - Filling up the DagBag from /opt/airflow/dags/redshift-airflow-ingestion-dag.py
[2026-03-27T16:23:13.970+0000] {processor.py:840} INFO - DAG(s) 's3_to_redshift_pipeline' retrieved from /opt/airflow/dags/redshift-airflow-ingestion-dag.py
[2026-03-27T16:23:14.070+0000] {logging_mixin.py:188} INFO - [2026-03-27T16:23:14.069+0000] {dag.py:3089} INFO - Sync 1 DAGs
[2026-03-27T16:23:14.161+0000] {logging_mixin.py:188} INFO - [2026-03-27T16:23:14.161+0000] {dag.py:3947} INFO - Setting next_dagrun for s3_to_redshift_pipeline to 2026-03-27 16:20:00+00:00, run_after=2026-03-27 16:22:00+00:00
[2026-03-27T16:23:14.219+0000] {processor.py:183} INFO - Processing /opt/airflow/dags/redshift-airflow-ingestion-dag.py took 0.408 seconds
[2026-03-27T16:23:44.589+0000] {processor.py:161} INFO - Started process (PID=1665) to work on /opt/airflow/dags/redshift-airflow-ingestion-dag.py
[2026-03-27T16:23:44.592+0000] {processor.py:830} INFO - Processing file /opt/airflow/dags/redshift-airflow-ingestion-dag.py for tasks to queue
[2026-03-27T16:23:44.598+0000] {logging_mixin.py:188} INFO - [2026-03-27T16:23:44.597+0000] {dagbag.py:545} INFO - Filling up the DagBag from /opt/airflow/dags/redshift-airflow-ingestion-dag.py
[2026-03-27T16:23:44.658+0000] {processor.py:840} INFO - DAG(s) 's3_to_redshift_pipeline' retrieved from /opt/airflow/dags/redshift-airflow-ingestion-dag.py
[2026-03-27T16:23:44.731+0000] {logging_mixin.py:188} INFO - [2026-03-27T16:23:44.730+0000] {dag.py:3089} INFO - Sync 1 DAGs
[2026-03-27T16:23:44.810+0000] {logging_mixin.py:188} INFO - [2026-03-27T16:23:44.809+0000] {dag.py:3947} INFO - Setting next_dagrun for s3_to_redshift_pipeline to 2026-03-27 16:20:00+00:00, run_after=2026-03-27 16:22:00+00:00
[2026-03-27T16:23:44.865+0000] {processor.py:183} INFO - Processing /opt/airflow/dags/redshift-airflow-ingestion-dag.py took 0.296 seconds
[2026-03-27T16:24:15.194+0000] {processor.py:161} INFO - Started process (PID=1685) to work on /opt/airflow/dags/redshift-airflow-ingestion-dag.py
[2026-03-27T16:24:15.197+0000] {processor.py:830} INFO - Processing file /opt/airflow/dags/redshift-airflow-ingestion-dag.py for tasks to queue
[2026-03-27T16:24:15.202+0000] {logging_mixin.py:188} INFO - [2026-03-27T16:24:15.201+0000] {dagbag.py:545} INFO - Filling up the DagBag from /opt/airflow/dags/redshift-airflow-ingestion-dag.py
[2026-03-27T16:24:15.272+0000] {processor.py:840} INFO - DAG(s) 's3_to_redshift_pipeline' retrieved from /opt/airflow/dags/redshift-airflow-ingestion-dag.py
[2026-03-27T16:24:15.343+0000] {logging_mixin.py:188} INFO - [2026-03-27T16:24:15.342+0000] {dag.py:3089} INFO - Sync 1 DAGs
[2026-03-27T16:24:15.412+0000] {logging_mixin.py:188} INFO - [2026-03-27T16:24:15.412+0000] {dag.py:3947} INFO - Setting next_dagrun for s3_to_redshift_pipeline to 2026-03-27 16:22:00+00:00, run_after=2026-03-27 16:24:00+00:00
[2026-03-27T16:24:15.467+0000] {processor.py:183} INFO - Processing /opt/airflow/dags/redshift-airflow-ingestion-dag.py took 0.310 seconds
[2026-03-27T16:24:45.774+0000] {processor.py:161} INFO - Started process (PID=1705) to work on /opt/airflow/dags/redshift-airflow-ingestion-dag.py
[2026-03-27T16:24:45.777+0000] {processor.py:830} INFO - Processing file /opt/airflow/dags/redshift-airflow-ingestion-dag.py for tasks to queue
[2026-03-27T16:24:45.782+0000] {logging_mixin.py:188} INFO - [2026-03-27T16:24:45.781+0000] {dagbag.py:545} INFO - Filling up the DagBag from /opt/airflow/dags/redshift-airflow-ingestion-dag.py
[2026-03-27T16:24:45.835+0000] {processor.py:840} INFO - DAG(s) 's3_to_redshift_pipeline' retrieved from /opt/airflow/dags/redshift-airflow-ingestion-dag.py
[2026-03-27T16:24:45.893+0000] {logging_mixin.py:188} INFO - [2026-03-27T16:24:45.893+0000] {dag.py:3089} INFO - Sync 1 DAGs
[2026-03-27T16:24:45.952+0000] {logging_mixin.py:188} INFO - [2026-03-27T16:24:45.951+0000] {dag.py:3947} INFO - Setting next_dagrun for s3_to_redshift_pipeline to 2026-03-27 16:22:00+00:00, run_after=2026-03-27 16:24:00+00:00
[2026-03-27T16:24:46.009+0000] {processor.py:183} INFO - Processing /opt/airflow/dags/redshift-airflow-ingestion-dag.py took 0.251 seconds
[2026-03-27T16:25:16.297+0000] {processor.py:161} INFO - Started process (PID=1790) to work on /opt/airflow/dags/redshift-airflow-ingestion-dag.py
[2026-03-27T16:25:16.300+0000] {processor.py:830} INFO - Processing file /opt/airflow/dags/redshift-airflow-ingestion-dag.py for tasks to queue
[2026-03-27T16:25:16.304+0000] {logging_mixin.py:188} INFO - [2026-03-27T16:25:16.304+0000] {dagbag.py:545} INFO - Filling up the DagBag from /opt/airflow/dags/redshift-airflow-ingestion-dag.py
[2026-03-27T16:25:16.457+0000] {processor.py:840} INFO - DAG(s) 's3_to_redshift_pipeline' retrieved from /opt/airflow/dags/redshift-airflow-ingestion-dag.py
[2026-03-27T16:25:16.514+0000] {logging_mixin.py:188} INFO - [2026-03-27T16:25:16.514+0000] {dag.py:3089} INFO - Sync 1 DAGs
[2026-03-27T16:25:16.577+0000] {logging_mixin.py:188} INFO - [2026-03-27T16:25:16.577+0000] {dag.py:3947} INFO - Setting next_dagrun for s3_to_redshift_pipeline to 2026-03-27 16:22:00+00:00, run_after=2026-03-27 16:24:00+00:00
[2026-03-27T16:25:16.631+0000] {processor.py:183} INFO - Processing /opt/airflow/dags/redshift-airflow-ingestion-dag.py took 0.350 seconds
[2026-03-27T17:29:17.094+0000] {processor.py:161} INFO - Started process (PID=180) to work on /opt/airflow/dags/redshift-airflow-ingestion-dag.py
[2026-03-27T17:29:17.095+0000] {processor.py:830} INFO - Processing file /opt/airflow/dags/redshift-airflow-ingestion-dag.py for tasks to queue
[2026-03-27T17:29:17.101+0000] {logging_mixin.py:188} INFO - [2026-03-27T17:29:17.100+0000] {dagbag.py:545} INFO - Filling up the DagBag from /opt/airflow/dags/redshift-airflow-ingestion-dag.py
[2026-03-27T17:29:17.142+0000] {processor.py:840} INFO - DAG(s) 's3_to_redshift_pipeline' retrieved from /opt/airflow/dags/redshift-airflow-ingestion-dag.py
[2026-03-27T17:29:17.373+0000] {logging_mixin.py:188} INFO - [2026-03-27T17:29:17.372+0000] {override.py:1858} INFO - Created Permission View: can edit on DAG:s3_to_redshift_pipeline
[2026-03-27T17:29:17.394+0000] {logging_mixin.py:188} INFO - [2026-03-27T17:29:17.394+0000] {override.py:1858} INFO - Created Permission View: can read on DAG:s3_to_redshift_pipeline
[2026-03-27T17:29:17.407+0000] {logging_mixin.py:188} INFO - [2026-03-27T17:29:17.407+0000] {override.py:1858} INFO - Created Permission View: can delete on DAG:s3_to_redshift_pipeline
[2026-03-27T17:29:17.409+0000] {logging_mixin.py:188} INFO - [2026-03-27T17:29:17.408+0000] {dag.py:3089} INFO - Sync 1 DAGs
[2026-03-27T17:29:17.431+0000] {logging_mixin.py:188} INFO - [2026-03-27T17:29:17.431+0000] {dag.py:3111} INFO - Creating ORM DAG for s3_to_redshift_pipeline
[2026-03-27T17:29:17.457+0000] {logging_mixin.py:188} INFO - [2026-03-27T17:29:17.457+0000] {dag.py:3947} INFO - Setting next_dagrun for s3_to_redshift_pipeline to 2026-03-27 17:26:00+00:00, run_after=2026-03-27 17:28:00+00:00
[2026-03-27T17:29:17.490+0000] {processor.py:183} INFO - Processing /opt/airflow/dags/redshift-airflow-ingestion-dag.py took 0.406 seconds
[2026-03-27T17:29:47.823+0000] {processor.py:161} INFO - Started process (PID=207) to work on /opt/airflow/dags/redshift-airflow-ingestion-dag.py
[2026-03-27T17:29:47.825+0000] {processor.py:830} INFO - Processing file /opt/airflow/dags/redshift-airflow-ingestion-dag.py for tasks to queue
[2026-03-27T17:29:47.830+0000] {logging_mixin.py:188} INFO - [2026-03-27T17:29:47.829+0000] {dagbag.py:545} INFO - Filling up the DagBag from /opt/airflow/dags/redshift-airflow-ingestion-dag.py
[2026-03-27T17:29:47.876+0000] {processor.py:840} INFO - DAG(s) 's3_to_redshift_pipeline' retrieved from /opt/airflow/dags/redshift-airflow-ingestion-dag.py
[2026-03-27T17:29:47.926+0000] {logging_mixin.py:188} INFO - [2026-03-27T17:29:47.926+0000] {dag.py:3089} INFO - Sync 1 DAGs
[2026-03-27T17:29:47.981+0000] {logging_mixin.py:188} INFO - [2026-03-27T17:29:47.981+0000] {dag.py:3947} INFO - Setting next_dagrun for s3_to_redshift_pipeline to 2026-03-27 17:26:00+00:00, run_after=2026-03-27 17:28:00+00:00
[2026-03-27T17:29:48.024+0000] {processor.py:183} INFO - Processing /opt/airflow/dags/redshift-airflow-ingestion-dag.py took 0.214 seconds
[2026-03-27T17:30:18.680+0000] {processor.py:161} INFO - Started process (PID=241) to work on /opt/airflow/dags/redshift-airflow-ingestion-dag.py
[2026-03-27T17:30:18.682+0000] {processor.py:830} INFO - Processing file /opt/airflow/dags/redshift-airflow-ingestion-dag.py for tasks to queue
[2026-03-27T17:30:18.692+0000] {logging_mixin.py:188} INFO - [2026-03-27T17:30:18.691+0000] {dagbag.py:545} INFO - Filling up the DagBag from /opt/airflow/dags/redshift-airflow-ingestion-dag.py
[2026-03-27T17:30:18.737+0000] {processor.py:840} INFO - DAG(s) 's3_to_redshift_pipeline' retrieved from /opt/airflow/dags/redshift-airflow-ingestion-dag.py
[2026-03-27T17:30:18.815+0000] {logging_mixin.py:188} INFO - [2026-03-27T17:30:18.814+0000] {dag.py:3089} INFO - Sync 1 DAGs
[2026-03-27T17:30:18.882+0000] {logging_mixin.py:188} INFO - [2026-03-27T17:30:18.881+0000] {dag.py:3947} INFO - Setting next_dagrun for s3_to_redshift_pipeline to 2026-03-27 17:28:00+00:00, run_after=2026-03-27 17:30:00+00:00
[2026-03-27T17:30:18.939+0000] {processor.py:183} INFO - Processing /opt/airflow/dags/redshift-airflow-ingestion-dag.py took 0.276 seconds
[2026-03-27T17:30:49.049+0000] {processor.py:161} INFO - Started process (PID=272) to work on /opt/airflow/dags/redshift-airflow-ingestion-dag.py
[2026-03-27T17:30:49.052+0000] {processor.py:830} INFO - Processing file /opt/airflow/dags/redshift-airflow-ingestion-dag.py for tasks to queue
[2026-03-27T17:30:49.056+0000] {logging_mixin.py:188} INFO - [2026-03-27T17:30:49.056+0000] {dagbag.py:545} INFO - Filling up the DagBag from /opt/airflow/dags/redshift-airflow-ingestion-dag.py
[2026-03-27T17:30:49.106+0000] {processor.py:840} INFO - DAG(s) 's3_to_redshift_pipeline' retrieved from /opt/airflow/dags/redshift-airflow-ingestion-dag.py
[2026-03-27T17:30:49.159+0000] {logging_mixin.py:188} INFO - [2026-03-27T17:30:49.158+0000] {dag.py:3089} INFO - Sync 1 DAGs
[2026-03-27T17:30:49.206+0000] {logging_mixin.py:188} INFO - [2026-03-27T17:30:49.206+0000] {dag.py:3947} INFO - Setting next_dagrun for s3_to_redshift_pipeline to 2026-03-27 17:28:00+00:00, run_after=2026-03-27 17:30:00+00:00
[2026-03-27T17:30:49.245+0000] {processor.py:183} INFO - Processing /opt/airflow/dags/redshift-airflow-ingestion-dag.py took 0.207 seconds
[2026-03-27T17:31:19.839+0000] {processor.py:161} INFO - Started process (PID=297) to work on /opt/airflow/dags/redshift-airflow-ingestion-dag.py
[2026-03-27T17:31:19.841+0000] {processor.py:830} INFO - Processing file /opt/airflow/dags/redshift-airflow-ingestion-dag.py for tasks to queue
[2026-03-27T17:31:19.846+0000] {logging_mixin.py:188} INFO - [2026-03-27T17:31:19.845+0000] {dagbag.py:545} INFO - Filling up the DagBag from /opt/airflow/dags/redshift-airflow-ingestion-dag.py
[2026-03-27T17:31:19.903+0000] {processor.py:840} INFO - DAG(s) 's3_to_redshift_pipeline' retrieved from /opt/airflow/dags/redshift-airflow-ingestion-dag.py
[2026-03-27T17:31:19.979+0000] {logging_mixin.py:188} INFO - [2026-03-27T17:31:19.977+0000] {dag.py:3089} INFO - Sync 1 DAGs
[2026-03-27T17:31:20.047+0000] {logging_mixin.py:188} INFO - [2026-03-27T17:31:20.046+0000] {dag.py:3947} INFO - Setting next_dagrun for s3_to_redshift_pipeline to 2026-03-27 17:28:00+00:00, run_after=2026-03-27 17:30:00+00:00
[2026-03-27T17:31:20.092+0000] {processor.py:183} INFO - Processing /opt/airflow/dags/redshift-airflow-ingestion-dag.py took 0.271 seconds
[2026-03-27T17:31:50.249+0000] {processor.py:161} INFO - Started process (PID=322) to work on /opt/airflow/dags/redshift-airflow-ingestion-dag.py
[2026-03-27T17:31:50.250+0000] {processor.py:830} INFO - Processing file /opt/airflow/dags/redshift-airflow-ingestion-dag.py for tasks to queue
[2026-03-27T17:31:50.254+0000] {logging_mixin.py:188} INFO - [2026-03-27T17:31:50.253+0000] {dagbag.py:545} INFO - Filling up the DagBag from /opt/airflow/dags/redshift-airflow-ingestion-dag.py
[2026-03-27T17:31:50.299+0000] {processor.py:840} INFO - DAG(s) 's3_to_redshift_pipeline' retrieved from /opt/airflow/dags/redshift-airflow-ingestion-dag.py
[2026-03-27T17:31:50.341+0000] {logging_mixin.py:188} INFO - [2026-03-27T17:31:50.341+0000] {dag.py:3089} INFO - Sync 1 DAGs
[2026-03-27T17:31:50.406+0000] {logging_mixin.py:188} INFO - [2026-03-27T17:31:50.406+0000] {dag.py:3947} INFO - Setting next_dagrun for s3_to_redshift_pipeline to 2026-03-27 17:28:00+00:00, run_after=2026-03-27 17:30:00+00:00
[2026-03-27T17:31:50.502+0000] {processor.py:183} INFO - Processing /opt/airflow/dags/redshift-airflow-ingestion-dag.py took 0.264 seconds
[2026-03-27T17:32:20.702+0000] {processor.py:161} INFO - Started process (PID=347) to work on /opt/airflow/dags/redshift-airflow-ingestion-dag.py
[2026-03-27T17:32:20.705+0000] {processor.py:830} INFO - Processing file /opt/airflow/dags/redshift-airflow-ingestion-dag.py for tasks to queue
[2026-03-27T17:32:20.711+0000] {logging_mixin.py:188} INFO - [2026-03-27T17:32:20.710+0000] {dagbag.py:545} INFO - Filling up the DagBag from /opt/airflow/dags/redshift-airflow-ingestion-dag.py
[2026-03-27T17:32:20.774+0000] {processor.py:840} INFO - DAG(s) 's3_to_redshift_pipeline' retrieved from /opt/airflow/dags/redshift-airflow-ingestion-dag.py
[2026-03-27T17:32:20.833+0000] {logging_mixin.py:188} INFO - [2026-03-27T17:32:20.832+0000] {dag.py:3089} INFO - Sync 1 DAGs
[2026-03-27T17:32:20.882+0000] {logging_mixin.py:188} INFO - [2026-03-27T17:32:20.882+0000] {dag.py:3947} INFO - Setting next_dagrun for s3_to_redshift_pipeline to 2026-03-27 17:30:00+00:00, run_after=2026-03-27 17:32:00+00:00
[2026-03-27T17:32:20.940+0000] {processor.py:183} INFO - Processing /opt/airflow/dags/redshift-airflow-ingestion-dag.py took 0.253 seconds
[2026-03-27T17:33:32.085+0000] {processor.py:161} INFO - Started process (PID=179) to work on /opt/airflow/dags/redshift-airflow-ingestion-dag.py
[2026-03-27T17:33:32.087+0000] {processor.py:830} INFO - Processing file /opt/airflow/dags/redshift-airflow-ingestion-dag.py for tasks to queue
[2026-03-27T17:33:32.090+0000] {logging_mixin.py:188} INFO - [2026-03-27T17:33:32.090+0000] {dagbag.py:545} INFO - Filling up the DagBag from /opt/airflow/dags/redshift-airflow-ingestion-dag.py
[2026-03-27T17:33:32.138+0000] {processor.py:840} INFO - DAG(s) 's3_to_redshift_pipeline' retrieved from /opt/airflow/dags/redshift-airflow-ingestion-dag.py
[2026-03-27T17:33:32.430+0000] {logging_mixin.py:188} INFO - [2026-03-27T17:33:32.428+0000] {override.py:1858} INFO - Created Permission View: can read on DAG:s3_to_redshift_pipeline
[2026-03-27T17:33:32.458+0000] {logging_mixin.py:188} INFO - [2026-03-27T17:33:32.457+0000] {override.py:1858} INFO - Created Permission View: can edit on DAG:s3_to_redshift_pipeline
[2026-03-27T17:33:32.475+0000] {logging_mixin.py:188} INFO - [2026-03-27T17:33:32.474+0000] {override.py:1858} INFO - Created Permission View: can delete on DAG:s3_to_redshift_pipeline
[2026-03-27T17:33:32.476+0000] {logging_mixin.py:188} INFO - [2026-03-27T17:33:32.476+0000] {dag.py:3089} INFO - Sync 1 DAGs
[2026-03-27T17:33:32.503+0000] {logging_mixin.py:188} INFO - [2026-03-27T17:33:32.502+0000] {dag.py:3111} INFO - Creating ORM DAG for s3_to_redshift_pipeline
[2026-03-27T17:33:32.531+0000] {logging_mixin.py:188} INFO - [2026-03-27T17:33:32.530+0000] {dag.py:3947} INFO - Setting next_dagrun for s3_to_redshift_pipeline to 2026-03-27 17:30:00+00:00, run_after=2026-03-27 17:32:00+00:00
[2026-03-27T17:33:32.573+0000] {processor.py:183} INFO - Processing /opt/airflow/dags/redshift-airflow-ingestion-dag.py took 0.501 seconds
[2026-03-27T17:34:02.949+0000] {processor.py:161} INFO - Started process (PID=202) to work on /opt/airflow/dags/redshift-airflow-ingestion-dag.py
[2026-03-27T17:34:02.950+0000] {processor.py:830} INFO - Processing file /opt/airflow/dags/redshift-airflow-ingestion-dag.py for tasks to queue
[2026-03-27T17:34:02.954+0000] {logging_mixin.py:188} INFO - [2026-03-27T17:34:02.954+0000] {dagbag.py:545} INFO - Filling up the DagBag from /opt/airflow/dags/redshift-airflow-ingestion-dag.py
[2026-03-27T17:34:02.996+0000] {processor.py:840} INFO - DAG(s) 's3_to_redshift_pipeline' retrieved from /opt/airflow/dags/redshift-airflow-ingestion-dag.py
[2026-03-27T17:34:03.047+0000] {logging_mixin.py:188} INFO - [2026-03-27T17:34:03.047+0000] {dag.py:3089} INFO - Sync 1 DAGs
[2026-03-27T17:34:03.101+0000] {logging_mixin.py:188} INFO - [2026-03-27T17:34:03.100+0000] {dag.py:3947} INFO - Setting next_dagrun for s3_to_redshift_pipeline to 2026-03-27 17:32:00+00:00, run_after=2026-03-27 17:34:00+00:00
[2026-03-27T17:34:03.160+0000] {processor.py:183} INFO - Processing /opt/airflow/dags/redshift-airflow-ingestion-dag.py took 0.224 seconds
[2026-03-27T17:34:33.409+0000] {processor.py:161} INFO - Started process (PID=231) to work on /opt/airflow/dags/redshift-airflow-ingestion-dag.py
[2026-03-27T17:34:33.411+0000] {processor.py:830} INFO - Processing file /opt/airflow/dags/redshift-airflow-ingestion-dag.py for tasks to queue
[2026-03-27T17:34:33.416+0000] {logging_mixin.py:188} INFO - [2026-03-27T17:34:33.415+0000] {dagbag.py:545} INFO - Filling up the DagBag from /opt/airflow/dags/redshift-airflow-ingestion-dag.py
[2026-03-27T17:34:33.471+0000] {processor.py:840} INFO - DAG(s) 's3_to_redshift_pipeline' retrieved from /opt/airflow/dags/redshift-airflow-ingestion-dag.py
[2026-03-27T17:34:33.529+0000] {logging_mixin.py:188} INFO - [2026-03-27T17:34:33.528+0000] {dag.py:3089} INFO - Sync 1 DAGs
[2026-03-27T17:34:33.602+0000] {logging_mixin.py:188} INFO - [2026-03-27T17:34:33.602+0000] {dag.py:3947} INFO - Setting next_dagrun for s3_to_redshift_pipeline to 2026-03-27 17:32:00+00:00, run_after=2026-03-27 17:34:00+00:00
[2026-03-27T17:34:33.650+0000] {processor.py:183} INFO - Processing /opt/airflow/dags/redshift-airflow-ingestion-dag.py took 0.252 seconds
[2026-03-27T17:35:03.887+0000] {processor.py:161} INFO - Started process (PID=256) to work on /opt/airflow/dags/redshift-airflow-ingestion-dag.py
[2026-03-27T17:35:03.888+0000] {processor.py:830} INFO - Processing file /opt/airflow/dags/redshift-airflow-ingestion-dag.py for tasks to queue
[2026-03-27T17:35:03.892+0000] {logging_mixin.py:188} INFO - [2026-03-27T17:35:03.891+0000] {dagbag.py:545} INFO - Filling up the DagBag from /opt/airflow/dags/redshift-airflow-ingestion-dag.py
[2026-03-27T17:35:03.940+0000] {processor.py:840} INFO - DAG(s) 's3_to_redshift_pipeline' retrieved from /opt/airflow/dags/redshift-airflow-ingestion-dag.py
[2026-03-27T17:35:03.986+0000] {logging_mixin.py:188} INFO - [2026-03-27T17:35:03.986+0000] {dag.py:3089} INFO - Sync 1 DAGs
[2026-03-27T17:35:04.036+0000] {logging_mixin.py:188} INFO - [2026-03-27T17:35:04.036+0000] {dag.py:3947} INFO - Setting next_dagrun for s3_to_redshift_pipeline to 2026-03-27 17:32:00+00:00, run_after=2026-03-27 17:34:00+00:00
[2026-03-27T17:35:04.080+0000] {processor.py:183} INFO - Processing /opt/airflow/dags/redshift-airflow-ingestion-dag.py took 0.205 seconds
[2026-03-27T17:35:34.356+0000] {processor.py:161} INFO - Started process (PID=283) to work on /opt/airflow/dags/redshift-airflow-ingestion-dag.py
[2026-03-27T17:35:34.359+0000] {processor.py:830} INFO - Processing file /opt/airflow/dags/redshift-airflow-ingestion-dag.py for tasks to queue
[2026-03-27T17:35:34.364+0000] {logging_mixin.py:188} INFO - [2026-03-27T17:35:34.363+0000] {dagbag.py:545} INFO - Filling up the DagBag from /opt/airflow/dags/redshift-airflow-ingestion-dag.py
[2026-03-27T17:35:34.428+0000] {processor.py:840} INFO - DAG(s) 's3_to_redshift_pipeline' retrieved from /opt/airflow/dags/redshift-airflow-ingestion-dag.py
[2026-03-27T17:35:34.507+0000] {logging_mixin.py:188} INFO - [2026-03-27T17:35:34.506+0000] {dag.py:3089} INFO - Sync 1 DAGs
[2026-03-27T17:35:34.588+0000] {logging_mixin.py:188} INFO - [2026-03-27T17:35:34.588+0000] {dag.py:3947} INFO - Setting next_dagrun for s3_to_redshift_pipeline to 2026-03-27 17:32:00+00:00, run_after=2026-03-27 17:34:00+00:00
[2026-03-27T17:35:34.661+0000] {processor.py:183} INFO - Processing /opt/airflow/dags/redshift-airflow-ingestion-dag.py took 0.322 seconds
[2026-03-27T17:36:05.559+0000] {processor.py:161} INFO - Started process (PID=402) to work on /opt/airflow/dags/redshift-airflow-ingestion-dag.py
[2026-03-27T17:36:05.562+0000] {processor.py:830} INFO - Processing file /opt/airflow/dags/redshift-airflow-ingestion-dag.py for tasks to queue
[2026-03-27T17:36:05.574+0000] {logging_mixin.py:188} INFO - [2026-03-27T17:36:05.572+0000] {dagbag.py:545} INFO - Filling up the DagBag from /opt/airflow/dags/redshift-airflow-ingestion-dag.py
[2026-03-27T17:36:05.646+0000] {processor.py:840} INFO - DAG(s) 's3_to_redshift_pipeline' retrieved from /opt/airflow/dags/redshift-airflow-ingestion-dag.py
[2026-03-27T17:36:05.741+0000] {logging_mixin.py:188} INFO - [2026-03-27T17:36:05.740+0000] {dag.py:3089} INFO - Sync 1 DAGs
[2026-03-27T17:36:05.853+0000] {logging_mixin.py:188} INFO - [2026-03-27T17:36:05.851+0000] {dag.py:3947} INFO - Setting next_dagrun for s3_to_redshift_pipeline to 2026-03-27 17:34:00+00:00, run_after=2026-03-27 17:36:00+00:00
[2026-03-27T17:36:05.931+0000] {processor.py:183} INFO - Processing /opt/airflow/dags/redshift-airflow-ingestion-dag.py took 0.402 seconds
[2026-03-27T17:36:36.493+0000] {processor.py:161} INFO - Started process (PID=598) to work on /opt/airflow/dags/redshift-airflow-ingestion-dag.py
[2026-03-27T17:36:36.496+0000] {processor.py:830} INFO - Processing file /opt/airflow/dags/redshift-airflow-ingestion-dag.py for tasks to queue
[2026-03-27T17:36:36.505+0000] {logging_mixin.py:188} INFO - [2026-03-27T17:36:36.503+0000] {dagbag.py:545} INFO - Filling up the DagBag from /opt/airflow/dags/redshift-airflow-ingestion-dag.py
[2026-03-27T17:36:36.581+0000] {processor.py:840} INFO - DAG(s) 's3_to_redshift_pipeline' retrieved from /opt/airflow/dags/redshift-airflow-ingestion-dag.py
[2026-03-27T17:36:36.662+0000] {logging_mixin.py:188} INFO - [2026-03-27T17:36:36.662+0000] {dag.py:3089} INFO - Sync 1 DAGs
[2026-03-27T17:36:36.742+0000] {logging_mixin.py:188} INFO - [2026-03-27T17:36:36.742+0000] {dag.py:3947} INFO - Setting next_dagrun for s3_to_redshift_pipeline to 2026-03-27 17:34:00+00:00, run_after=2026-03-27 17:36:00+00:00
[2026-03-27T17:36:36.802+0000] {processor.py:183} INFO - Processing /opt/airflow/dags/redshift-airflow-ingestion-dag.py took 0.343 seconds
[2026-03-27T17:37:07.132+0000] {processor.py:161} INFO - Started process (PID=1190) to work on /opt/airflow/dags/redshift-airflow-ingestion-dag.py
[2026-03-27T17:37:07.137+0000] {processor.py:830} INFO - Processing file /opt/airflow/dags/redshift-airflow-ingestion-dag.py for tasks to queue
[2026-03-27T17:37:07.144+0000] {logging_mixin.py:188} INFO - [2026-03-27T17:37:07.143+0000] {dagbag.py:545} INFO - Filling up the DagBag from /opt/airflow/dags/redshift-airflow-ingestion-dag.py
[2026-03-27T17:37:07.205+0000] {processor.py:840} INFO - DAG(s) 's3_to_redshift_pipeline' retrieved from /opt/airflow/dags/redshift-airflow-ingestion-dag.py
[2026-03-27T17:37:07.251+0000] {logging_mixin.py:188} INFO - [2026-03-27T17:37:07.251+0000] {dag.py:3089} INFO - Sync 1 DAGs
[2026-03-27T17:37:07.296+0000] {logging_mixin.py:188} INFO - [2026-03-27T17:37:07.295+0000] {dag.py:3947} INFO - Setting next_dagrun for s3_to_redshift_pipeline to 2026-03-27 17:34:00+00:00, run_after=2026-03-27 17:36:00+00:00
[2026-03-27T17:37:07.335+0000] {processor.py:183} INFO - Processing /opt/airflow/dags/redshift-airflow-ingestion-dag.py took 0.227 seconds
[2026-03-27T17:37:37.912+0000] {processor.py:161} INFO - Started process (PID=1250) to work on /opt/airflow/dags/redshift-airflow-ingestion-dag.py
[2026-03-27T17:37:37.915+0000] {processor.py:830} INFO - Processing file /opt/airflow/dags/redshift-airflow-ingestion-dag.py for tasks to queue
[2026-03-27T17:37:37.921+0000] {logging_mixin.py:188} INFO - [2026-03-27T17:37:37.920+0000] {dagbag.py:545} INFO - Filling up the DagBag from /opt/airflow/dags/redshift-airflow-ingestion-dag.py
[2026-03-27T17:37:37.988+0000] {processor.py:840} INFO - DAG(s) 's3_to_redshift_pipeline' retrieved from /opt/airflow/dags/redshift-airflow-ingestion-dag.py
[2026-03-27T17:37:38.067+0000] {logging_mixin.py:188} INFO - [2026-03-27T17:37:38.066+0000] {dag.py:3089} INFO - Sync 1 DAGs
[2026-03-27T17:37:38.122+0000] {logging_mixin.py:188} INFO - [2026-03-27T17:37:38.122+0000] {dag.py:3947} INFO - Setting next_dagrun for s3_to_redshift_pipeline to 2026-03-27 17:34:00+00:00, run_after=2026-03-27 17:36:00+00:00
[2026-03-27T17:37:38.162+0000] {processor.py:183} INFO - Processing /opt/airflow/dags/redshift-airflow-ingestion-dag.py took 0.268 seconds
[2026-03-27T17:38:08.478+0000] {processor.py:161} INFO - Started process (PID=1275) to work on /opt/airflow/dags/redshift-airflow-ingestion-dag.py
[2026-03-27T17:38:08.481+0000] {processor.py:830} INFO - Processing file /opt/airflow/dags/redshift-airflow-ingestion-dag.py for tasks to queue
[2026-03-27T17:38:08.486+0000] {logging_mixin.py:188} INFO - [2026-03-27T17:38:08.485+0000] {dagbag.py:545} INFO - Filling up the DagBag from /opt/airflow/dags/redshift-airflow-ingestion-dag.py
[2026-03-27T17:38:08.553+0000] {processor.py:840} INFO - DAG(s) 's3_to_redshift_pipeline' retrieved from /opt/airflow/dags/redshift-airflow-ingestion-dag.py
[2026-03-27T17:38:08.621+0000] {logging_mixin.py:188} INFO - [2026-03-27T17:38:08.620+0000] {dag.py:3089} INFO - Sync 1 DAGs
[2026-03-27T17:38:08.694+0000] {logging_mixin.py:188} INFO - [2026-03-27T17:38:08.694+0000] {dag.py:3947} INFO - Setting next_dagrun for s3_to_redshift_pipeline to 2026-03-27 17:36:00+00:00, run_after=2026-03-27 17:38:00+00:00
[2026-03-27T17:38:08.739+0000] {processor.py:183} INFO - Processing /opt/airflow/dags/redshift-airflow-ingestion-dag.py took 0.277 seconds
[2026-03-27T17:38:38.967+0000] {processor.py:161} INFO - Started process (PID=1302) to work on /opt/airflow/dags/redshift-airflow-ingestion-dag.py
[2026-03-27T17:38:38.969+0000] {processor.py:830} INFO - Processing file /opt/airflow/dags/redshift-airflow-ingestion-dag.py for tasks to queue
[2026-03-27T17:38:38.974+0000] {logging_mixin.py:188} INFO - [2026-03-27T17:38:38.973+0000] {dagbag.py:545} INFO - Filling up the DagBag from /opt/airflow/dags/redshift-airflow-ingestion-dag.py
[2026-03-27T17:38:39.023+0000] {processor.py:840} INFO - DAG(s) 's3_to_redshift_pipeline' retrieved from /opt/airflow/dags/redshift-airflow-ingestion-dag.py
[2026-03-27T17:38:39.076+0000] {logging_mixin.py:188} INFO - [2026-03-27T17:38:39.076+0000] {dag.py:3089} INFO - Sync 1 DAGs
[2026-03-27T17:38:39.128+0000] {logging_mixin.py:188} INFO - [2026-03-27T17:38:39.127+0000] {dag.py:3947} INFO - Setting next_dagrun for s3_to_redshift_pipeline to 2026-03-27 17:36:00+00:00, run_after=2026-03-27 17:38:00+00:00
[2026-03-27T17:38:39.178+0000] {processor.py:183} INFO - Processing /opt/airflow/dags/redshift-airflow-ingestion-dag.py took 0.223 seconds
[2026-03-27T17:39:09.650+0000] {processor.py:161} INFO - Started process (PID=1327) to work on /opt/airflow/dags/redshift-airflow-ingestion-dag.py
[2026-03-27T17:39:09.653+0000] {processor.py:830} INFO - Processing file /opt/airflow/dags/redshift-airflow-ingestion-dag.py for tasks to queue
[2026-03-27T17:39:09.658+0000] {logging_mixin.py:188} INFO - [2026-03-27T17:39:09.657+0000] {dagbag.py:545} INFO - Filling up the DagBag from /opt/airflow/dags/redshift-airflow-ingestion-dag.py
[2026-03-27T17:39:09.730+0000] {processor.py:840} INFO - DAG(s) 's3_to_redshift_pipeline' retrieved from /opt/airflow/dags/redshift-airflow-ingestion-dag.py
[2026-03-27T17:39:09.813+0000] {logging_mixin.py:188} INFO - [2026-03-27T17:39:09.813+0000] {dag.py:3089} INFO - Sync 1 DAGs
[2026-03-27T17:39:09.879+0000] {logging_mixin.py:188} INFO - [2026-03-27T17:39:09.879+0000] {dag.py:3947} INFO - Setting next_dagrun for s3_to_redshift_pipeline to 2026-03-27 17:36:00+00:00, run_after=2026-03-27 17:38:00+00:00
[2026-03-27T17:39:09.923+0000] {processor.py:183} INFO - Processing /opt/airflow/dags/redshift-airflow-ingestion-dag.py took 0.292 seconds
[2026-03-27T17:39:40.713+0000] {processor.py:161} INFO - Started process (PID=1354) to work on /opt/airflow/dags/redshift-airflow-ingestion-dag.py
[2026-03-27T17:39:40.715+0000] {processor.py:830} INFO - Processing file /opt/airflow/dags/redshift-airflow-ingestion-dag.py for tasks to queue
[2026-03-27T17:39:40.721+0000] {logging_mixin.py:188} INFO - [2026-03-27T17:39:40.720+0000] {dagbag.py:545} INFO - Filling up the DagBag from /opt/airflow/dags/redshift-airflow-ingestion-dag.py
[2026-03-27T17:39:40.775+0000] {processor.py:840} INFO - DAG(s) 's3_to_redshift_pipeline' retrieved from /opt/airflow/dags/redshift-airflow-ingestion-dag.py
[2026-03-27T17:39:40.822+0000] {logging_mixin.py:188} INFO - [2026-03-27T17:39:40.821+0000] {dag.py:3089} INFO - Sync 1 DAGs
[2026-03-27T17:39:40.886+0000] {logging_mixin.py:188} INFO - [2026-03-27T17:39:40.886+0000] {dag.py:3947} INFO - Setting next_dagrun for s3_to_redshift_pipeline to 2026-03-27 17:36:00+00:00, run_after=2026-03-27 17:38:00+00:00
[2026-03-27T17:39:40.934+0000] {processor.py:183} INFO - Processing /opt/airflow/dags/redshift-airflow-ingestion-dag.py took 0.241 seconds
[2026-03-27T17:40:11.347+0000] {processor.py:161} INFO - Started process (PID=1379) to work on /opt/airflow/dags/redshift-airflow-ingestion-dag.py
[2026-03-27T17:40:11.349+0000] {processor.py:830} INFO - Processing file /opt/airflow/dags/redshift-airflow-ingestion-dag.py for tasks to queue
[2026-03-27T17:40:11.353+0000] {logging_mixin.py:188} INFO - [2026-03-27T17:40:11.353+0000] {dagbag.py:545} INFO - Filling up the DagBag from /opt/airflow/dags/redshift-airflow-ingestion-dag.py
[2026-03-27T17:40:11.408+0000] {processor.py:840} INFO - DAG(s) 's3_to_redshift_pipeline' retrieved from /opt/airflow/dags/redshift-airflow-ingestion-dag.py
[2026-03-27T17:40:11.464+0000] {logging_mixin.py:188} INFO - [2026-03-27T17:40:11.463+0000] {dag.py:3089} INFO - Sync 1 DAGs
[2026-03-27T17:40:11.523+0000] {logging_mixin.py:188} INFO - [2026-03-27T17:40:11.523+0000] {dag.py:3947} INFO - Setting next_dagrun for s3_to_redshift_pipeline to 2026-03-27 17:38:00+00:00, run_after=2026-03-27 17:40:00+00:00
[2026-03-27T17:40:11.576+0000] {processor.py:183} INFO - Processing /opt/airflow/dags/redshift-airflow-ingestion-dag.py took 0.245 seconds
[2026-03-27T17:40:42.075+0000] {processor.py:161} INFO - Started process (PID=1406) to work on /opt/airflow/dags/redshift-airflow-ingestion-dag.py
[2026-03-27T17:40:42.077+0000] {processor.py:830} INFO - Processing file /opt/airflow/dags/redshift-airflow-ingestion-dag.py for tasks to queue
[2026-03-27T17:40:42.082+0000] {logging_mixin.py:188} INFO - [2026-03-27T17:40:42.081+0000] {dagbag.py:545} INFO - Filling up the DagBag from /opt/airflow/dags/redshift-airflow-ingestion-dag.py
[2026-03-27T17:40:42.129+0000] {processor.py:840} INFO - DAG(s) 's3_to_redshift_pipeline' retrieved from /opt/airflow/dags/redshift-airflow-ingestion-dag.py
[2026-03-27T17:40:42.175+0000] {logging_mixin.py:188} INFO - [2026-03-27T17:40:42.175+0000] {dag.py:3089} INFO - Sync 1 DAGs
[2026-03-27T17:40:42.240+0000] {logging_mixin.py:188} INFO - [2026-03-27T17:40:42.239+0000] {dag.py:3947} INFO - Setting next_dagrun for s3_to_redshift_pipeline to 2026-03-27 17:38:00+00:00, run_after=2026-03-27 17:40:00+00:00
[2026-03-27T17:40:42.284+0000] {processor.py:183} INFO - Processing /opt/airflow/dags/redshift-airflow-ingestion-dag.py took 0.222 seconds
[2026-03-27T17:41:12.854+0000] {processor.py:161} INFO - Started process (PID=1433) to work on /opt/airflow/dags/redshift-airflow-ingestion-dag.py
[2026-03-27T17:41:12.857+0000] {processor.py:830} INFO - Processing file /opt/airflow/dags/redshift-airflow-ingestion-dag.py for tasks to queue
[2026-03-27T17:41:12.861+0000] {logging_mixin.py:188} INFO - [2026-03-27T17:41:12.860+0000] {dagbag.py:545} INFO - Filling up the DagBag from /opt/airflow/dags/redshift-airflow-ingestion-dag.py
[2026-03-27T17:41:12.915+0000] {processor.py:840} INFO - DAG(s) 's3_to_redshift_pipeline' retrieved from /opt/airflow/dags/redshift-airflow-ingestion-dag.py
[2026-03-27T17:41:12.980+0000] {logging_mixin.py:188} INFO - [2026-03-27T17:41:12.979+0000] {dag.py:3089} INFO - Sync 1 DAGs
[2026-03-27T17:41:13.042+0000] {logging_mixin.py:188} INFO - [2026-03-27T17:41:13.042+0000] {dag.py:3947} INFO - Setting next_dagrun for s3_to_redshift_pipeline to 2026-03-27 17:38:00+00:00, run_after=2026-03-27 17:40:00+00:00
[2026-03-27T17:41:13.096+0000] {processor.py:183} INFO - Processing /opt/airflow/dags/redshift-airflow-ingestion-dag.py took 0.256 seconds
[2026-03-27T17:41:43.667+0000] {processor.py:161} INFO - Started process (PID=1460) to work on /opt/airflow/dags/redshift-airflow-ingestion-dag.py
[2026-03-27T17:41:43.670+0000] {processor.py:830} INFO - Processing file /opt/airflow/dags/redshift-airflow-ingestion-dag.py for tasks to queue
[2026-03-27T17:41:43.676+0000] {logging_mixin.py:188} INFO - [2026-03-27T17:41:43.675+0000] {dagbag.py:545} INFO - Filling up the DagBag from /opt/airflow/dags/redshift-airflow-ingestion-dag.py
[2026-03-27T17:41:43.720+0000] {processor.py:840} INFO - DAG(s) 's3_to_redshift_pipeline' retrieved from /opt/airflow/dags/redshift-airflow-ingestion-dag.py
[2026-03-27T17:41:43.782+0000] {logging_mixin.py:188} INFO - [2026-03-27T17:41:43.781+0000] {dag.py:3089} INFO - Sync 1 DAGs
[2026-03-27T17:41:43.840+0000] {logging_mixin.py:188} INFO - [2026-03-27T17:41:43.840+0000] {dag.py:3947} INFO - Setting next_dagrun for s3_to_redshift_pipeline to 2026-03-27 17:38:00+00:00, run_after=2026-03-27 17:40:00+00:00
[2026-03-27T17:41:43.879+0000] {processor.py:183} INFO - Processing /opt/airflow/dags/redshift-airflow-ingestion-dag.py took 0.232 seconds
[2026-03-27T17:42:14.346+0000] {processor.py:161} INFO - Started process (PID=1791) to work on /opt/airflow/dags/redshift-airflow-ingestion-dag.py
[2026-03-27T17:42:14.348+0000] {processor.py:830} INFO - Processing file /opt/airflow/dags/redshift-airflow-ingestion-dag.py for tasks to queue
[2026-03-27T17:42:14.363+0000] {logging_mixin.py:188} INFO - [2026-03-27T17:42:14.362+0000] {dagbag.py:545} INFO - Filling up the DagBag from /opt/airflow/dags/redshift-airflow-ingestion-dag.py
[2026-03-27T17:42:14.428+0000] {processor.py:840} INFO - DAG(s) 's3_to_redshift_pipeline' retrieved from /opt/airflow/dags/redshift-airflow-ingestion-dag.py
[2026-03-27T17:42:14.504+0000] {logging_mixin.py:188} INFO - [2026-03-27T17:42:14.504+0000] {dag.py:3089} INFO - Sync 1 DAGs
[2026-03-27T17:42:14.583+0000] {logging_mixin.py:188} INFO - [2026-03-27T17:42:14.581+0000] {dag.py:3947} INFO - Setting next_dagrun for s3_to_redshift_pipeline to 2026-03-27 17:40:00+00:00, run_after=2026-03-27 17:42:00+00:00
[2026-03-27T17:42:14.655+0000] {processor.py:183} INFO - Processing /opt/airflow/dags/redshift-airflow-ingestion-dag.py took 0.332 seconds
[2026-03-27T17:42:45.295+0000] {processor.py:161} INFO - Started process (PID=3401) to work on /opt/airflow/dags/redshift-airflow-ingestion-dag.py
[2026-03-27T17:42:45.298+0000] {processor.py:830} INFO - Processing file /opt/airflow/dags/redshift-airflow-ingestion-dag.py for tasks to queue
[2026-03-27T17:42:45.310+0000] {logging_mixin.py:188} INFO - [2026-03-27T17:42:45.309+0000] {dagbag.py:545} INFO - Filling up the DagBag from /opt/airflow/dags/redshift-airflow-ingestion-dag.py
[2026-03-27T17:42:45.366+0000] {processor.py:840} INFO - DAG(s) 's3_to_redshift_pipeline' retrieved from /opt/airflow/dags/redshift-airflow-ingestion-dag.py
[2026-03-27T17:42:45.467+0000] {logging_mixin.py:188} INFO - [2026-03-27T17:42:45.467+0000] {dag.py:3089} INFO - Sync 1 DAGs
[2026-03-27T17:42:45.597+0000] {logging_mixin.py:188} INFO - [2026-03-27T17:42:45.597+0000] {dag.py:3947} INFO - Setting next_dagrun for s3_to_redshift_pipeline to 2026-03-27 17:40:00+00:00, run_after=2026-03-27 17:42:00+00:00
[2026-03-27T17:42:45.675+0000] {processor.py:183} INFO - Processing /opt/airflow/dags/redshift-airflow-ingestion-dag.py took 0.408 seconds
[2026-03-27T17:43:16.484+0000] {processor.py:161} INFO - Started process (PID=3589) to work on /opt/airflow/dags/redshift-airflow-ingestion-dag.py
[2026-03-27T17:43:16.488+0000] {processor.py:830} INFO - Processing file /opt/airflow/dags/redshift-airflow-ingestion-dag.py for tasks to queue
[2026-03-27T17:43:16.494+0000] {logging_mixin.py:188} INFO - [2026-03-27T17:43:16.493+0000] {dagbag.py:545} INFO - Filling up the DagBag from /opt/airflow/dags/redshift-airflow-ingestion-dag.py
[2026-03-27T17:43:16.572+0000] {processor.py:840} INFO - DAG(s) 's3_to_redshift_pipeline' retrieved from /opt/airflow/dags/redshift-airflow-ingestion-dag.py
[2026-03-27T17:43:16.629+0000] {logging_mixin.py:188} INFO - [2026-03-27T17:43:16.629+0000] {dag.py:3089} INFO - Sync 1 DAGs
[2026-03-27T17:43:16.692+0000] {logging_mixin.py:188} INFO - [2026-03-27T17:43:16.691+0000] {dag.py:3947} INFO - Setting next_dagrun for s3_to_redshift_pipeline to 2026-03-27 17:40:00+00:00, run_after=2026-03-27 17:42:00+00:00
[2026-03-27T17:43:16.739+0000] {processor.py:183} INFO - Processing /opt/airflow/dags/redshift-airflow-ingestion-dag.py took 0.272 seconds
[2026-03-27T17:43:47.273+0000] {processor.py:161} INFO - Started process (PID=3614) to work on /opt/airflow/dags/redshift-airflow-ingestion-dag.py
[2026-03-27T17:43:47.275+0000] {processor.py:830} INFO - Processing file /opt/airflow/dags/redshift-airflow-ingestion-dag.py for tasks to queue
[2026-03-27T17:43:47.281+0000] {logging_mixin.py:188} INFO - [2026-03-27T17:43:47.280+0000] {dagbag.py:545} INFO - Filling up the DagBag from /opt/airflow/dags/redshift-airflow-ingestion-dag.py
[2026-03-27T17:43:47.338+0000] {processor.py:840} INFO - DAG(s) 's3_to_redshift_pipeline' retrieved from /opt/airflow/dags/redshift-airflow-ingestion-dag.py
[2026-03-27T17:43:47.387+0000] {logging_mixin.py:188} INFO - [2026-03-27T17:43:47.387+0000] {dag.py:3089} INFO - Sync 1 DAGs
[2026-03-27T17:43:47.428+0000] {logging_mixin.py:188} INFO - [2026-03-27T17:43:47.427+0000] {dag.py:3947} INFO - Setting next_dagrun for s3_to_redshift_pipeline to 2026-03-27 17:40:00+00:00, run_after=2026-03-27 17:42:00+00:00
[2026-03-27T17:43:47.484+0000] {processor.py:183} INFO - Processing /opt/airflow/dags/redshift-airflow-ingestion-dag.py took 0.240 seconds
[2026-03-27T17:44:17.773+0000] {processor.py:161} INFO - Started process (PID=3639) to work on /opt/airflow/dags/redshift-airflow-ingestion-dag.py
[2026-03-27T17:44:17.775+0000] {processor.py:830} INFO - Processing file /opt/airflow/dags/redshift-airflow-ingestion-dag.py for tasks to queue
[2026-03-27T17:44:17.779+0000] {logging_mixin.py:188} INFO - [2026-03-27T17:44:17.778+0000] {dagbag.py:545} INFO - Filling up the DagBag from /opt/airflow/dags/redshift-airflow-ingestion-dag.py
[2026-03-27T17:44:17.840+0000] {processor.py:840} INFO - DAG(s) 's3_to_redshift_pipeline' retrieved from /opt/airflow/dags/redshift-airflow-ingestion-dag.py
[2026-03-27T17:44:17.912+0000] {logging_mixin.py:188} INFO - [2026-03-27T17:44:17.911+0000] {dag.py:3089} INFO - Sync 1 DAGs
[2026-03-27T17:44:17.960+0000] {logging_mixin.py:188} INFO - [2026-03-27T17:44:17.959+0000] {dag.py:3947} INFO - Setting next_dagrun for s3_to_redshift_pipeline to 2026-03-27 17:42:00+00:00, run_after=2026-03-27 17:44:00+00:00
[2026-03-27T17:44:18.005+0000] {processor.py:183} INFO - Processing /opt/airflow/dags/redshift-airflow-ingestion-dag.py took 0.247 seconds
[2026-03-27T17:44:48.244+0000] {processor.py:161} INFO - Started process (PID=3664) to work on /opt/airflow/dags/redshift-airflow-ingestion-dag.py
[2026-03-27T17:44:48.248+0000] {processor.py:830} INFO - Processing file /opt/airflow/dags/redshift-airflow-ingestion-dag.py for tasks to queue
[2026-03-27T17:44:48.255+0000] {logging_mixin.py:188} INFO - [2026-03-27T17:44:48.254+0000] {dagbag.py:545} INFO - Filling up the DagBag from /opt/airflow/dags/redshift-airflow-ingestion-dag.py
[2026-03-27T17:44:48.335+0000] {processor.py:840} INFO - DAG(s) 's3_to_redshift_pipeline' retrieved from /opt/airflow/dags/redshift-airflow-ingestion-dag.py
[2026-03-27T17:44:48.431+0000] {logging_mixin.py:188} INFO - [2026-03-27T17:44:48.430+0000] {dag.py:3089} INFO - Sync 1 DAGs
[2026-03-27T17:44:48.505+0000] {logging_mixin.py:188} INFO - [2026-03-27T17:44:48.504+0000] {dag.py:3947} INFO - Setting next_dagrun for s3_to_redshift_pipeline to 2026-03-27 17:42:00+00:00, run_after=2026-03-27 17:44:00+00:00
[2026-03-27T17:44:48.564+0000] {processor.py:183} INFO - Processing /opt/airflow/dags/redshift-airflow-ingestion-dag.py took 0.341 seconds
[2026-03-27T17:45:18.923+0000] {processor.py:161} INFO - Started process (PID=3689) to work on /opt/airflow/dags/redshift-airflow-ingestion-dag.py
[2026-03-27T17:45:18.927+0000] {processor.py:830} INFO - Processing file /opt/airflow/dags/redshift-airflow-ingestion-dag.py for tasks to queue
[2026-03-27T17:45:18.936+0000] {logging_mixin.py:188} INFO - [2026-03-27T17:45:18.934+0000] {dagbag.py:545} INFO - Filling up the DagBag from /opt/airflow/dags/redshift-airflow-ingestion-dag.py
[2026-03-27T17:45:19.011+0000] {processor.py:840} INFO - DAG(s) 's3_to_redshift_pipeline' retrieved from /opt/airflow/dags/redshift-airflow-ingestion-dag.py
[2026-03-27T17:45:19.066+0000] {logging_mixin.py:188} INFO - [2026-03-27T17:45:19.066+0000] {dag.py:3089} INFO - Sync 1 DAGs
[2026-03-27T17:45:19.123+0000] {logging_mixin.py:188} INFO - [2026-03-27T17:45:19.123+0000] {dag.py:3947} INFO - Setting next_dagrun for s3_to_redshift_pipeline to 2026-03-27 17:42:00+00:00, run_after=2026-03-27 17:44:00+00:00
[2026-03-27T17:45:19.165+0000] {processor.py:183} INFO - Processing /opt/airflow/dags/redshift-airflow-ingestion-dag.py took 0.267 seconds
[2026-03-27T17:45:49.499+0000] {processor.py:161} INFO - Started process (PID=3714) to work on /opt/airflow/dags/redshift-airflow-ingestion-dag.py
[2026-03-27T17:45:49.501+0000] {processor.py:830} INFO - Processing file /opt/airflow/dags/redshift-airflow-ingestion-dag.py for tasks to queue
[2026-03-27T17:45:49.505+0000] {logging_mixin.py:188} INFO - [2026-03-27T17:45:49.505+0000] {dagbag.py:545} INFO - Filling up the DagBag from /opt/airflow/dags/redshift-airflow-ingestion-dag.py
[2026-03-27T17:45:49.553+0000] {processor.py:840} INFO - DAG(s) 's3_to_redshift_pipeline' retrieved from /opt/airflow/dags/redshift-airflow-ingestion-dag.py
[2026-03-27T17:45:49.614+0000] {logging_mixin.py:188} INFO - [2026-03-27T17:45:49.613+0000] {dag.py:3089} INFO - Sync 1 DAGs
[2026-03-27T17:45:49.679+0000] {logging_mixin.py:188} INFO - [2026-03-27T17:45:49.678+0000] {dag.py:3947} INFO - Setting next_dagrun for s3_to_redshift_pipeline to 2026-03-27 17:42:00+00:00, run_after=2026-03-27 17:44:00+00:00
[2026-03-27T17:45:49.723+0000] {processor.py:183} INFO - Processing /opt/airflow/dags/redshift-airflow-ingestion-dag.py took 0.241 seconds
[2026-03-27T17:46:19.979+0000] {processor.py:161} INFO - Started process (PID=4611) to work on /opt/airflow/dags/redshift-airflow-ingestion-dag.py
[2026-03-27T17:46:19.981+0000] {processor.py:830} INFO - Processing file /opt/airflow/dags/redshift-airflow-ingestion-dag.py for tasks to queue
[2026-03-27T17:46:19.985+0000] {logging_mixin.py:188} INFO - [2026-03-27T17:46:19.984+0000] {dagbag.py:545} INFO - Filling up the DagBag from /opt/airflow/dags/redshift-airflow-ingestion-dag.py
[2026-03-27T17:46:20.033+0000] {processor.py:840} INFO - DAG(s) 's3_to_redshift_pipeline' retrieved from /opt/airflow/dags/redshift-airflow-ingestion-dag.py
[2026-03-27T17:46:20.088+0000] {logging_mixin.py:188} INFO - [2026-03-27T17:46:20.087+0000] {dag.py:3089} INFO - Sync 1 DAGs
[2026-03-27T17:46:20.150+0000] {logging_mixin.py:188} INFO - [2026-03-27T17:46:20.150+0000] {dag.py:3947} INFO - Setting next_dagrun for s3_to_redshift_pipeline to 2026-03-27 17:44:00+00:00, run_after=2026-03-27 17:46:00+00:00
[2026-03-27T17:46:20.194+0000] {processor.py:183} INFO - Processing /opt/airflow/dags/redshift-airflow-ingestion-dag.py took 0.228 seconds
[2026-03-27T17:46:50.408+0000] {processor.py:161} INFO - Started process (PID=5573) to work on /opt/airflow/dags/redshift-airflow-ingestion-dag.py
[2026-03-27T17:46:50.411+0000] {processor.py:830} INFO - Processing file /opt/airflow/dags/redshift-airflow-ingestion-dag.py for tasks to queue
[2026-03-27T17:46:50.417+0000] {logging_mixin.py:188} INFO - [2026-03-27T17:46:50.416+0000] {dagbag.py:545} INFO - Filling up the DagBag from /opt/airflow/dags/redshift-airflow-ingestion-dag.py
[2026-03-27T17:46:50.480+0000] {processor.py:840} INFO - DAG(s) 's3_to_redshift_pipeline' retrieved from /opt/airflow/dags/redshift-airflow-ingestion-dag.py
[2026-03-27T17:46:50.548+0000] {logging_mixin.py:188} INFO - [2026-03-27T17:46:50.547+0000] {dag.py:3089} INFO - Sync 1 DAGs
[2026-03-27T17:46:50.623+0000] {logging_mixin.py:188} INFO - [2026-03-27T17:46:50.622+0000] {dag.py:3947} INFO - Setting next_dagrun for s3_to_redshift_pipeline to 2026-03-27 17:44:00+00:00, run_after=2026-03-27 17:46:00+00:00
[2026-03-27T17:46:50.680+0000] {processor.py:183} INFO - Processing /opt/airflow/dags/redshift-airflow-ingestion-dag.py took 0.290 seconds
[2026-03-27T17:47:21.079+0000] {processor.py:161} INFO - Started process (PID=5609) to work on /opt/airflow/dags/redshift-airflow-ingestion-dag.py
[2026-03-27T17:47:21.082+0000] {processor.py:830} INFO - Processing file /opt/airflow/dags/redshift-airflow-ingestion-dag.py for tasks to queue
[2026-03-27T17:47:21.087+0000] {logging_mixin.py:188} INFO - [2026-03-27T17:47:21.086+0000] {dagbag.py:545} INFO - Filling up the DagBag from /opt/airflow/dags/redshift-airflow-ingestion-dag.py
[2026-03-27T17:47:21.138+0000] {processor.py:840} INFO - DAG(s) 's3_to_redshift_pipeline' retrieved from /opt/airflow/dags/redshift-airflow-ingestion-dag.py
[2026-03-27T17:47:21.194+0000] {logging_mixin.py:188} INFO - [2026-03-27T17:47:21.193+0000] {dag.py:3089} INFO - Sync 1 DAGs
[2026-03-27T17:47:21.254+0000] {logging_mixin.py:188} INFO - [2026-03-27T17:47:21.254+0000] {dag.py:3947} INFO - Setting next_dagrun for s3_to_redshift_pipeline to 2026-03-27 17:44:00+00:00, run_after=2026-03-27 17:46:00+00:00
[2026-03-27T17:47:21.297+0000] {processor.py:183} INFO - Processing /opt/airflow/dags/redshift-airflow-ingestion-dag.py took 0.247 seconds
[2026-03-27T17:47:51.667+0000] {processor.py:161} INFO - Started process (PID=5634) to work on /opt/airflow/dags/redshift-airflow-ingestion-dag.py
[2026-03-27T17:47:51.669+0000] {processor.py:830} INFO - Processing file /opt/airflow/dags/redshift-airflow-ingestion-dag.py for tasks to queue
[2026-03-27T17:47:51.672+0000] {logging_mixin.py:188} INFO - [2026-03-27T17:47:51.671+0000] {dagbag.py:545} INFO - Filling up the DagBag from /opt/airflow/dags/redshift-airflow-ingestion-dag.py
[2026-03-27T17:47:51.719+0000] {processor.py:840} INFO - DAG(s) 's3_to_redshift_pipeline' retrieved from /opt/airflow/dags/redshift-airflow-ingestion-dag.py
[2026-03-27T17:47:51.777+0000] {logging_mixin.py:188} INFO - [2026-03-27T17:47:51.776+0000] {dag.py:3089} INFO - Sync 1 DAGs
[2026-03-27T17:47:51.845+0000] {logging_mixin.py:188} INFO - [2026-03-27T17:47:51.845+0000] {dag.py:3947} INFO - Setting next_dagrun for s3_to_redshift_pipeline to 2026-03-27 17:44:00+00:00, run_after=2026-03-27 17:46:00+00:00
[2026-03-27T17:47:51.883+0000] {processor.py:183} INFO - Processing /opt/airflow/dags/redshift-airflow-ingestion-dag.py took 0.235 seconds
[2026-03-27T17:48:22.230+0000] {processor.py:161} INFO - Started process (PID=5666) to work on /opt/airflow/dags/redshift-airflow-ingestion-dag.py
[2026-03-27T17:48:22.233+0000] {processor.py:830} INFO - Processing file /opt/airflow/dags/redshift-airflow-ingestion-dag.py for tasks to queue
[2026-03-27T17:48:22.236+0000] {logging_mixin.py:188} INFO - [2026-03-27T17:48:22.236+0000] {dagbag.py:545} INFO - Filling up the DagBag from /opt/airflow/dags/redshift-airflow-ingestion-dag.py
[2026-03-27T17:48:22.302+0000] {processor.py:840} INFO - DAG(s) 's3_to_redshift_pipeline' retrieved from /opt/airflow/dags/redshift-airflow-ingestion-dag.py
[2026-03-27T17:48:22.357+0000] {logging_mixin.py:188} INFO - [2026-03-27T17:48:22.357+0000] {dag.py:3089} INFO - Sync 1 DAGs
[2026-03-27T17:48:22.421+0000] {logging_mixin.py:188} INFO - [2026-03-27T17:48:22.421+0000] {dag.py:3947} INFO - Setting next_dagrun for s3_to_redshift_pipeline to 2026-03-27 17:46:00+00:00, run_after=2026-03-27 17:48:00+00:00
[2026-03-27T17:48:22.472+0000] {processor.py:183} INFO - Processing /opt/airflow/dags/redshift-airflow-ingestion-dag.py took 0.259 seconds
[2026-03-27T17:48:52.949+0000] {processor.py:161} INFO - Started process (PID=5691) to work on /opt/airflow/dags/redshift-airflow-ingestion-dag.py
[2026-03-27T17:48:52.951+0000] {processor.py:830} INFO - Processing file /opt/airflow/dags/redshift-airflow-ingestion-dag.py for tasks to queue
[2026-03-27T17:48:52.955+0000] {logging_mixin.py:188} INFO - [2026-03-27T17:48:52.955+0000] {dagbag.py:545} INFO - Filling up the DagBag from /opt/airflow/dags/redshift-airflow-ingestion-dag.py
[2026-03-27T17:48:53.003+0000] {processor.py:840} INFO - DAG(s) 's3_to_redshift_pipeline' retrieved from /opt/airflow/dags/redshift-airflow-ingestion-dag.py
[2026-03-27T17:48:53.055+0000] {logging_mixin.py:188} INFO - [2026-03-27T17:48:53.055+0000] {dag.py:3089} INFO - Sync 1 DAGs
[2026-03-27T17:48:53.104+0000] {logging_mixin.py:188} INFO - [2026-03-27T17:48:53.103+0000] {dag.py:3947} INFO - Setting next_dagrun for s3_to_redshift_pipeline to 2026-03-27 17:46:00+00:00, run_after=2026-03-27 17:48:00+00:00
[2026-03-27T17:48:53.166+0000] {processor.py:183} INFO - Processing /opt/airflow/dags/redshift-airflow-ingestion-dag.py took 0.233 seconds
[2026-03-27T17:49:23.380+0000] {processor.py:161} INFO - Started process (PID=5716) to work on /opt/airflow/dags/redshift-airflow-ingestion-dag.py
[2026-03-27T17:49:23.383+0000] {processor.py:830} INFO - Processing file /opt/airflow/dags/redshift-airflow-ingestion-dag.py for tasks to queue
[2026-03-27T17:49:23.387+0000] {logging_mixin.py:188} INFO - [2026-03-27T17:49:23.387+0000] {dagbag.py:545} INFO - Filling up the DagBag from /opt/airflow/dags/redshift-airflow-ingestion-dag.py
[2026-03-27T17:49:23.444+0000] {processor.py:840} INFO - DAG(s) 's3_to_redshift_pipeline' retrieved from /opt/airflow/dags/redshift-airflow-ingestion-dag.py
[2026-03-27T17:49:23.509+0000] {logging_mixin.py:188} INFO - [2026-03-27T17:49:23.508+0000] {dag.py:3089} INFO - Sync 1 DAGs
[2026-03-27T17:49:23.576+0000] {logging_mixin.py:188} INFO - [2026-03-27T17:49:23.575+0000] {dag.py:3947} INFO - Setting next_dagrun for s3_to_redshift_pipeline to 2026-03-27 17:46:00+00:00, run_after=2026-03-27 17:48:00+00:00
[2026-03-27T17:49:23.631+0000] {processor.py:183} INFO - Processing /opt/airflow/dags/redshift-airflow-ingestion-dag.py took 0.265 seconds
[2026-03-27T17:49:54.102+0000] {processor.py:161} INFO - Started process (PID=5797) to work on /opt/airflow/dags/redshift-airflow-ingestion-dag.py
[2026-03-27T17:49:54.105+0000] {processor.py:830} INFO - Processing file /opt/airflow/dags/redshift-airflow-ingestion-dag.py for tasks to queue
[2026-03-27T17:49:54.111+0000] {logging_mixin.py:188} INFO - [2026-03-27T17:49:54.110+0000] {dagbag.py:545} INFO - Filling up the DagBag from /opt/airflow/dags/redshift-airflow-ingestion-dag.py
[2026-03-27T17:49:54.156+0000] {processor.py:840} INFO - DAG(s) 's3_to_redshift_pipeline' retrieved from /opt/airflow/dags/redshift-airflow-ingestion-dag.py
[2026-03-27T17:49:54.210+0000] {logging_mixin.py:188} INFO - [2026-03-27T17:49:54.209+0000] {dag.py:3089} INFO - Sync 1 DAGs
[2026-03-27T17:49:54.267+0000] {logging_mixin.py:188} INFO - [2026-03-27T17:49:54.266+0000] {dag.py:3947} INFO - Setting next_dagrun for s3_to_redshift_pipeline to 2026-03-27 17:46:00+00:00, run_after=2026-03-27 17:48:00+00:00
[2026-03-27T17:49:54.317+0000] {processor.py:183} INFO - Processing /opt/airflow/dags/redshift-airflow-ingestion-dag.py took 0.233 seconds
[2026-03-27T17:50:24.696+0000] {processor.py:161} INFO - Started process (PID=7371) to work on /opt/airflow/dags/redshift-airflow-ingestion-dag.py
[2026-03-27T17:50:24.698+0000] {processor.py:830} INFO - Processing file /opt/airflow/dags/redshift-airflow-ingestion-dag.py for tasks to queue
[2026-03-27T17:50:24.701+0000] {logging_mixin.py:188} INFO - [2026-03-27T17:50:24.701+0000] {dagbag.py:545} INFO - Filling up the DagBag from /opt/airflow/dags/redshift-airflow-ingestion-dag.py
[2026-03-27T17:50:24.750+0000] {processor.py:840} INFO - DAG(s) 's3_to_redshift_pipeline' retrieved from /opt/airflow/dags/redshift-airflow-ingestion-dag.py
[2026-03-27T17:50:24.798+0000] {logging_mixin.py:188} INFO - [2026-03-27T17:50:24.797+0000] {dag.py:3089} INFO - Sync 1 DAGs
[2026-03-27T17:50:24.838+0000] {logging_mixin.py:188} INFO - [2026-03-27T17:50:24.838+0000] {dag.py:3947} INFO - Setting next_dagrun for s3_to_redshift_pipeline to 2026-03-27 17:48:00+00:00, run_after=2026-03-27 17:50:00+00:00
[2026-03-27T17:50:24.914+0000] {processor.py:183} INFO - Processing /opt/airflow/dags/redshift-airflow-ingestion-dag.py took 0.228 seconds
[2026-03-27T17:50:55.316+0000] {processor.py:161} INFO - Started process (PID=7414) to work on /opt/airflow/dags/redshift-airflow-ingestion-dag.py
[2026-03-27T17:50:55.319+0000] {processor.py:830} INFO - Processing file /opt/airflow/dags/redshift-airflow-ingestion-dag.py for tasks to queue
[2026-03-27T17:50:55.324+0000] {logging_mixin.py:188} INFO - [2026-03-27T17:50:55.323+0000] {dagbag.py:545} INFO - Filling up the DagBag from /opt/airflow/dags/redshift-airflow-ingestion-dag.py
[2026-03-27T17:50:55.388+0000] {processor.py:840} INFO - DAG(s) 's3_to_redshift_pipeline' retrieved from /opt/airflow/dags/redshift-airflow-ingestion-dag.py
[2026-03-27T17:50:55.454+0000] {logging_mixin.py:188} INFO - [2026-03-27T17:50:55.454+0000] {dag.py:3089} INFO - Sync 1 DAGs
[2026-03-27T17:50:55.531+0000] {logging_mixin.py:188} INFO - [2026-03-27T17:50:55.531+0000] {dag.py:3947} INFO - Setting next_dagrun for s3_to_redshift_pipeline to 2026-03-27 17:48:00+00:00, run_after=2026-03-27 17:50:00+00:00
[2026-03-27T17:50:55.605+0000] {processor.py:183} INFO - Processing /opt/airflow/dags/redshift-airflow-ingestion-dag.py took 0.310 seconds
[2026-03-27T17:51:26.094+0000] {processor.py:161} INFO - Started process (PID=7436) to work on /opt/airflow/dags/redshift-airflow-ingestion-dag.py
[2026-03-27T17:51:26.096+0000] {processor.py:830} INFO - Processing file /opt/airflow/dags/redshift-airflow-ingestion-dag.py for tasks to queue
[2026-03-27T17:51:26.100+0000] {logging_mixin.py:188} INFO - [2026-03-27T17:51:26.099+0000] {dagbag.py:545} INFO - Filling up the DagBag from /opt/airflow/dags/redshift-airflow-ingestion-dag.py
[2026-03-27T17:51:26.137+0000] {processor.py:840} INFO - DAG(s) 's3_to_redshift_pipeline' retrieved from /opt/airflow/dags/redshift-airflow-ingestion-dag.py
[2026-03-27T17:51:26.178+0000] {logging_mixin.py:188} INFO - [2026-03-27T17:51:26.177+0000] {dag.py:3089} INFO - Sync 1 DAGs
[2026-03-27T17:51:26.225+0000] {logging_mixin.py:188} INFO - [2026-03-27T17:51:26.225+0000] {dag.py:3947} INFO - Setting next_dagrun for s3_to_redshift_pipeline to 2026-03-27 17:48:00+00:00, run_after=2026-03-27 17:50:00+00:00
[2026-03-27T17:51:26.269+0000] {processor.py:183} INFO - Processing /opt/airflow/dags/redshift-airflow-ingestion-dag.py took 0.199 seconds
[2026-03-27T17:51:56.606+0000] {processor.py:161} INFO - Started process (PID=7459) to work on /opt/airflow/dags/redshift-airflow-ingestion-dag.py
[2026-03-27T17:51:56.608+0000] {processor.py:830} INFO - Processing file /opt/airflow/dags/redshift-airflow-ingestion-dag.py for tasks to queue
[2026-03-27T17:51:56.614+0000] {logging_mixin.py:188} INFO - [2026-03-27T17:51:56.613+0000] {dagbag.py:545} INFO - Filling up the DagBag from /opt/airflow/dags/redshift-airflow-ingestion-dag.py
[2026-03-27T17:51:56.664+0000] {processor.py:840} INFO - DAG(s) 's3_to_redshift_pipeline' retrieved from /opt/airflow/dags/redshift-airflow-ingestion-dag.py
[2026-03-27T17:51:56.716+0000] {logging_mixin.py:188} INFO - [2026-03-27T17:51:56.716+0000] {dag.py:3089} INFO - Sync 1 DAGs
[2026-03-27T17:51:56.776+0000] {logging_mixin.py:188} INFO - [2026-03-27T17:51:56.775+0000] {dag.py:3947} INFO - Setting next_dagrun for s3_to_redshift_pipeline to 2026-03-27 17:48:00+00:00, run_after=2026-03-27 17:50:00+00:00
[2026-03-27T17:51:56.838+0000] {processor.py:183} INFO - Processing /opt/airflow/dags/redshift-airflow-ingestion-dag.py took 0.249 seconds
[2026-03-27T17:52:27.102+0000] {processor.py:161} INFO - Started process (PID=7486) to work on /opt/airflow/dags/redshift-airflow-ingestion-dag.py
[2026-03-27T17:52:27.104+0000] {processor.py:830} INFO - Processing file /opt/airflow/dags/redshift-airflow-ingestion-dag.py for tasks to queue
[2026-03-27T17:52:27.109+0000] {logging_mixin.py:188} INFO - [2026-03-27T17:52:27.108+0000] {dagbag.py:545} INFO - Filling up the DagBag from /opt/airflow/dags/redshift-airflow-ingestion-dag.py
[2026-03-27T17:52:27.167+0000] {processor.py:840} INFO - DAG(s) 's3_to_redshift_pipeline' retrieved from /opt/airflow/dags/redshift-airflow-ingestion-dag.py
[2026-03-27T17:52:27.234+0000] {logging_mixin.py:188} INFO - [2026-03-27T17:52:27.234+0000] {dag.py:3089} INFO - Sync 1 DAGs
[2026-03-27T17:52:27.300+0000] {logging_mixin.py:188} INFO - [2026-03-27T17:52:27.300+0000] {dag.py:3947} INFO - Setting next_dagrun for s3_to_redshift_pipeline to 2026-03-27 17:50:00+00:00, run_after=2026-03-27 17:52:00+00:00
[2026-03-27T17:52:27.357+0000] {processor.py:183} INFO - Processing /opt/airflow/dags/redshift-airflow-ingestion-dag.py took 0.273 seconds
[2026-03-27T17:52:57.652+0000] {processor.py:161} INFO - Started process (PID=7511) to work on /opt/airflow/dags/redshift-airflow-ingestion-dag.py
[2026-03-27T17:52:57.654+0000] {processor.py:830} INFO - Processing file /opt/airflow/dags/redshift-airflow-ingestion-dag.py for tasks to queue
[2026-03-27T17:52:57.658+0000] {logging_mixin.py:188} INFO - [2026-03-27T17:52:57.657+0000] {dagbag.py:545} INFO - Filling up the DagBag from /opt/airflow/dags/redshift-airflow-ingestion-dag.py
[2026-03-27T17:52:57.696+0000] {processor.py:840} INFO - DAG(s) 's3_to_redshift_pipeline' retrieved from /opt/airflow/dags/redshift-airflow-ingestion-dag.py
[2026-03-27T17:52:57.743+0000] {logging_mixin.py:188} INFO - [2026-03-27T17:52:57.742+0000] {dag.py:3089} INFO - Sync 1 DAGs
[2026-03-27T17:52:57.791+0000] {logging_mixin.py:188} INFO - [2026-03-27T17:52:57.791+0000] {dag.py:3947} INFO - Setting next_dagrun for s3_to_redshift_pipeline to 2026-03-27 17:50:00+00:00, run_after=2026-03-27 17:52:00+00:00
[2026-03-27T17:52:57.838+0000] {processor.py:183} INFO - Processing /opt/airflow/dags/redshift-airflow-ingestion-dag.py took 0.197 seconds
[2026-03-27T17:53:28.695+0000] {processor.py:161} INFO - Started process (PID=7539) to work on /opt/airflow/dags/redshift-airflow-ingestion-dag.py
[2026-03-27T17:53:28.698+0000] {processor.py:830} INFO - Processing file /opt/airflow/dags/redshift-airflow-ingestion-dag.py for tasks to queue
[2026-03-27T17:53:28.704+0000] {logging_mixin.py:188} INFO - [2026-03-27T17:53:28.703+0000] {dagbag.py:545} INFO - Filling up the DagBag from /opt/airflow/dags/redshift-airflow-ingestion-dag.py
[2026-03-27T17:53:28.751+0000] {processor.py:840} INFO - DAG(s) 's3_to_redshift_pipeline' retrieved from /opt/airflow/dags/redshift-airflow-ingestion-dag.py
[2026-03-27T17:53:28.796+0000] {logging_mixin.py:188} INFO - [2026-03-27T17:53:28.795+0000] {dag.py:3089} INFO - Sync 1 DAGs
[2026-03-27T17:53:28.852+0000] {logging_mixin.py:188} INFO - [2026-03-27T17:53:28.851+0000] {dag.py:3947} INFO - Setting next_dagrun for s3_to_redshift_pipeline to 2026-03-27 17:50:00+00:00, run_after=2026-03-27 17:52:00+00:00
[2026-03-27T17:53:28.892+0000] {processor.py:183} INFO - Processing /opt/airflow/dags/redshift-airflow-ingestion-dag.py took 0.211 seconds
[2026-03-27T17:54:57.496+0000] {processor.py:161} INFO - Started process (PID=179) to work on /opt/airflow/dags/redshift-airflow-ingestion-dag.py
[2026-03-27T17:54:57.498+0000] {processor.py:830} INFO - Processing file /opt/airflow/dags/redshift-airflow-ingestion-dag.py for tasks to queue
[2026-03-27T17:54:57.502+0000] {logging_mixin.py:188} INFO - [2026-03-27T17:54:57.501+0000] {dagbag.py:545} INFO - Filling up the DagBag from /opt/airflow/dags/redshift-airflow-ingestion-dag.py
[2026-03-27T17:54:57.546+0000] {processor.py:840} INFO - DAG(s) 's3_to_redshift_pipeline' retrieved from /opt/airflow/dags/redshift-airflow-ingestion-dag.py
[2026-03-27T17:54:57.766+0000] {logging_mixin.py:188} INFO - [2026-03-27T17:54:57.765+0000] {override.py:1858} INFO - Created Permission View: can edit on DAG:s3_to_redshift_pipeline
[2026-03-27T17:54:57.785+0000] {logging_mixin.py:188} INFO - [2026-03-27T17:54:57.785+0000] {override.py:1858} INFO - Created Permission View: can read on DAG:s3_to_redshift_pipeline
[2026-03-27T17:54:57.802+0000] {logging_mixin.py:188} INFO - [2026-03-27T17:54:57.801+0000] {override.py:1858} INFO - Created Permission View: can delete on DAG:s3_to_redshift_pipeline
[2026-03-27T17:54:57.803+0000] {logging_mixin.py:188} INFO - [2026-03-27T17:54:57.803+0000] {dag.py:3089} INFO - Sync 1 DAGs
[2026-03-27T17:54:57.827+0000] {logging_mixin.py:188} INFO - [2026-03-27T17:54:57.826+0000] {dag.py:3111} INFO - Creating ORM DAG for s3_to_redshift_pipeline
[2026-03-27T17:54:57.855+0000] {logging_mixin.py:188} INFO - [2026-03-27T17:54:57.854+0000] {dag.py:3947} INFO - Setting next_dagrun for s3_to_redshift_pipeline to 2026-03-27 17:52:00+00:00, run_after=2026-03-27 17:54:00+00:00
[2026-03-27T17:54:57.892+0000] {processor.py:183} INFO - Processing /opt/airflow/dags/redshift-airflow-ingestion-dag.py took 0.407 seconds
[2026-03-27T17:55:28.204+0000] {processor.py:161} INFO - Started process (PID=204) to work on /opt/airflow/dags/redshift-airflow-ingestion-dag.py
[2026-03-27T17:55:28.206+0000] {processor.py:830} INFO - Processing file /opt/airflow/dags/redshift-airflow-ingestion-dag.py for tasks to queue
[2026-03-27T17:55:28.210+0000] {logging_mixin.py:188} INFO - [2026-03-27T17:55:28.209+0000] {dagbag.py:545} INFO - Filling up the DagBag from /opt/airflow/dags/redshift-airflow-ingestion-dag.py
[2026-03-27T17:55:28.258+0000] {processor.py:840} INFO - DAG(s) 's3_to_redshift_pipeline' retrieved from /opt/airflow/dags/redshift-airflow-ingestion-dag.py
[2026-03-27T17:55:28.324+0000] {logging_mixin.py:188} INFO - [2026-03-27T17:55:28.323+0000] {dag.py:3089} INFO - Sync 1 DAGs
[2026-03-27T17:55:28.372+0000] {logging_mixin.py:188} INFO - [2026-03-27T17:55:28.372+0000] {dag.py:3947} INFO - Setting next_dagrun for s3_to_redshift_pipeline to 2026-03-27 17:52:00+00:00, run_after=2026-03-27 17:54:00+00:00
[2026-03-27T17:55:28.412+0000] {processor.py:183} INFO - Processing /opt/airflow/dags/redshift-airflow-ingestion-dag.py took 0.219 seconds
[2026-03-27T17:55:59.060+0000] {processor.py:161} INFO - Started process (PID=229) to work on /opt/airflow/dags/redshift-airflow-ingestion-dag.py
[2026-03-27T17:55:59.063+0000] {processor.py:830} INFO - Processing file /opt/airflow/dags/redshift-airflow-ingestion-dag.py for tasks to queue
[2026-03-27T17:55:59.070+0000] {logging_mixin.py:188} INFO - [2026-03-27T17:55:59.068+0000] {dagbag.py:545} INFO - Filling up the DagBag from /opt/airflow/dags/redshift-airflow-ingestion-dag.py
[2026-03-27T17:55:59.114+0000] {processor.py:840} INFO - DAG(s) 's3_to_redshift_pipeline' retrieved from /opt/airflow/dags/redshift-airflow-ingestion-dag.py
[2026-03-27T17:55:59.199+0000] {logging_mixin.py:188} INFO - [2026-03-27T17:55:59.198+0000] {dag.py:3089} INFO - Sync 1 DAGs
[2026-03-27T17:55:59.260+0000] {logging_mixin.py:188} INFO - [2026-03-27T17:55:59.260+0000] {dag.py:3947} INFO - Setting next_dagrun for s3_to_redshift_pipeline to 2026-03-27 17:52:00+00:00, run_after=2026-03-27 17:54:00+00:00
[2026-03-27T17:55:59.302+0000] {processor.py:183} INFO - Processing /opt/airflow/dags/redshift-airflow-ingestion-dag.py took 0.274 seconds
[2026-03-27T17:56:30.229+0000] {processor.py:161} INFO - Started process (PID=353) to work on /opt/airflow/dags/redshift-airflow-ingestion-dag.py
[2026-03-27T17:56:30.232+0000] {processor.py:830} INFO - Processing file /opt/airflow/dags/redshift-airflow-ingestion-dag.py for tasks to queue
[2026-03-27T17:56:30.240+0000] {logging_mixin.py:188} INFO - [2026-03-27T17:56:30.239+0000] {dagbag.py:545} INFO - Filling up the DagBag from /opt/airflow/dags/redshift-airflow-ingestion-dag.py
[2026-03-27T17:56:30.325+0000] {processor.py:840} INFO - DAG(s) 's3_to_redshift_pipeline' retrieved from /opt/airflow/dags/redshift-airflow-ingestion-dag.py
[2026-03-27T17:56:30.458+0000] {logging_mixin.py:188} INFO - [2026-03-27T17:56:30.457+0000] {dag.py:3089} INFO - Sync 1 DAGs
[2026-03-27T17:56:30.566+0000] {logging_mixin.py:188} INFO - [2026-03-27T17:56:30.566+0000] {dag.py:3947} INFO - Setting next_dagrun for s3_to_redshift_pipeline to 2026-03-27 17:54:00+00:00, run_after=2026-03-27 17:56:00+00:00
[2026-03-27T17:56:30.663+0000] {processor.py:183} INFO - Processing /opt/airflow/dags/redshift-airflow-ingestion-dag.py took 0.459 seconds
[2026-03-27T17:57:01.426+0000] {processor.py:161} INFO - Started process (PID=488) to work on /opt/airflow/dags/redshift-airflow-ingestion-dag.py
[2026-03-27T17:57:01.428+0000] {processor.py:830} INFO - Processing file /opt/airflow/dags/redshift-airflow-ingestion-dag.py for tasks to queue
[2026-03-27T17:57:01.438+0000] {logging_mixin.py:188} INFO - [2026-03-27T17:57:01.436+0000] {dagbag.py:545} INFO - Filling up the DagBag from /opt/airflow/dags/redshift-airflow-ingestion-dag.py
[2026-03-27T17:57:01.495+0000] {processor.py:840} INFO - DAG(s) 's3_to_redshift_pipeline' retrieved from /opt/airflow/dags/redshift-airflow-ingestion-dag.py
[2026-03-27T17:57:01.601+0000] {logging_mixin.py:188} INFO - [2026-03-27T17:57:01.600+0000] {dag.py:3089} INFO - Sync 1 DAGs
[2026-03-27T17:57:01.694+0000] {logging_mixin.py:188} INFO - [2026-03-27T17:57:01.694+0000] {dag.py:3947} INFO - Setting next_dagrun for s3_to_redshift_pipeline to 2026-03-27 17:54:00+00:00, run_after=2026-03-27 17:56:00+00:00
[2026-03-27T17:57:01.752+0000] {processor.py:183} INFO - Processing /opt/airflow/dags/redshift-airflow-ingestion-dag.py took 0.341 seconds
[2026-03-27T17:57:32.634+0000] {processor.py:161} INFO - Started process (PID=1281) to work on /opt/airflow/dags/redshift-airflow-ingestion-dag.py
[2026-03-27T17:57:32.636+0000] {processor.py:830} INFO - Processing file /opt/airflow/dags/redshift-airflow-ingestion-dag.py for tasks to queue
[2026-03-27T17:57:32.641+0000] {logging_mixin.py:188} INFO - [2026-03-27T17:57:32.640+0000] {dagbag.py:545} INFO - Filling up the DagBag from /opt/airflow/dags/redshift-airflow-ingestion-dag.py
[2026-03-27T17:57:32.681+0000] {processor.py:840} INFO - DAG(s) 's3_to_redshift_pipeline' retrieved from /opt/airflow/dags/redshift-airflow-ingestion-dag.py
[2026-03-27T17:57:32.761+0000] {logging_mixin.py:188} INFO - [2026-03-27T17:57:32.761+0000] {dag.py:3089} INFO - Sync 1 DAGs
[2026-03-27T17:57:32.813+0000] {logging_mixin.py:188} INFO - [2026-03-27T17:57:32.813+0000] {dag.py:3947} INFO - Setting next_dagrun for s3_to_redshift_pipeline to 2026-03-27 17:54:00+00:00, run_after=2026-03-27 17:56:00+00:00
[2026-03-27T17:57:32.876+0000] {processor.py:183} INFO - Processing /opt/airflow/dags/redshift-airflow-ingestion-dag.py took 0.255 seconds
[2026-03-27T17:58:03.700+0000] {processor.py:161} INFO - Started process (PID=1328) to work on /opt/airflow/dags/redshift-airflow-ingestion-dag.py
[2026-03-27T17:58:03.703+0000] {processor.py:830} INFO - Processing file /opt/airflow/dags/redshift-airflow-ingestion-dag.py for tasks to queue
[2026-03-27T17:58:03.711+0000] {logging_mixin.py:188} INFO - [2026-03-27T17:58:03.710+0000] {dagbag.py:545} INFO - Filling up the DagBag from /opt/airflow/dags/redshift-airflow-ingestion-dag.py
[2026-03-27T17:58:03.757+0000] {processor.py:840} INFO - DAG(s) 's3_to_redshift_pipeline' retrieved from /opt/airflow/dags/redshift-airflow-ingestion-dag.py
[2026-03-27T17:58:03.831+0000] {logging_mixin.py:188} INFO - [2026-03-27T17:58:03.830+0000] {dag.py:3089} INFO - Sync 1 DAGs
[2026-03-27T17:58:03.885+0000] {logging_mixin.py:188} INFO - [2026-03-27T17:58:03.885+0000] {dag.py:3947} INFO - Setting next_dagrun for s3_to_redshift_pipeline to 2026-03-27 17:56:00+00:00, run_after=2026-03-27 17:58:00+00:00
[2026-03-27T17:58:03.924+0000] {processor.py:183} INFO - Processing /opt/airflow/dags/redshift-airflow-ingestion-dag.py took 0.236 seconds
[2026-03-27T17:58:34.394+0000] {processor.py:161} INFO - Started process (PID=1353) to work on /opt/airflow/dags/redshift-airflow-ingestion-dag.py
[2026-03-27T17:58:34.396+0000] {processor.py:830} INFO - Processing file /opt/airflow/dags/redshift-airflow-ingestion-dag.py for tasks to queue
[2026-03-27T17:58:34.400+0000] {logging_mixin.py:188} INFO - [2026-03-27T17:58:34.399+0000] {dagbag.py:545} INFO - Filling up the DagBag from /opt/airflow/dags/redshift-airflow-ingestion-dag.py
[2026-03-27T17:58:34.448+0000] {processor.py:840} INFO - DAG(s) 's3_to_redshift_pipeline' retrieved from /opt/airflow/dags/redshift-airflow-ingestion-dag.py
[2026-03-27T17:58:34.520+0000] {logging_mixin.py:188} INFO - [2026-03-27T17:58:34.519+0000] {dag.py:3089} INFO - Sync 1 DAGs
[2026-03-27T17:58:34.576+0000] {logging_mixin.py:188} INFO - [2026-03-27T17:58:34.575+0000] {dag.py:3947} INFO - Setting next_dagrun for s3_to_redshift_pipeline to 2026-03-27 17:56:00+00:00, run_after=2026-03-27 17:58:00+00:00
[2026-03-27T17:58:34.614+0000] {processor.py:183} INFO - Processing /opt/airflow/dags/redshift-airflow-ingestion-dag.py took 0.230 seconds
[2026-03-27T17:59:04.852+0000] {processor.py:161} INFO - Started process (PID=1376) to work on /opt/airflow/dags/redshift-airflow-ingestion-dag.py
[2026-03-27T17:59:04.855+0000] {processor.py:830} INFO - Processing file /opt/airflow/dags/redshift-airflow-ingestion-dag.py for tasks to queue
[2026-03-27T17:59:04.859+0000] {logging_mixin.py:188} INFO - [2026-03-27T17:59:04.858+0000] {dagbag.py:545} INFO - Filling up the DagBag from /opt/airflow/dags/redshift-airflow-ingestion-dag.py
[2026-03-27T17:59:04.925+0000] {processor.py:840} INFO - DAG(s) 's3_to_redshift_pipeline' retrieved from /opt/airflow/dags/redshift-airflow-ingestion-dag.py
[2026-03-27T17:59:05.000+0000] {logging_mixin.py:188} INFO - [2026-03-27T17:59:04.999+0000] {dag.py:3089} INFO - Sync 1 DAGs
[2026-03-27T17:59:05.056+0000] {logging_mixin.py:188} INFO - [2026-03-27T17:59:05.056+0000] {dag.py:3947} INFO - Setting next_dagrun for s3_to_redshift_pipeline to 2026-03-27 17:56:00+00:00, run_after=2026-03-27 17:58:00+00:00
[2026-03-27T17:59:05.109+0000] {processor.py:183} INFO - Processing /opt/airflow/dags/redshift-airflow-ingestion-dag.py took 0.270 seconds
[2026-03-27T17:59:36.021+0000] {processor.py:161} INFO - Started process (PID=1410) to work on /opt/airflow/dags/redshift-airflow-ingestion-dag.py
[2026-03-27T17:59:36.023+0000] {processor.py:830} INFO - Processing file /opt/airflow/dags/redshift-airflow-ingestion-dag.py for tasks to queue
[2026-03-27T17:59:36.029+0000] {logging_mixin.py:188} INFO - [2026-03-27T17:59:36.028+0000] {dagbag.py:545} INFO - Filling up the DagBag from /opt/airflow/dags/redshift-airflow-ingestion-dag.py
[2026-03-27T17:59:36.087+0000] {processor.py:840} INFO - DAG(s) 's3_to_redshift_pipeline' retrieved from /opt/airflow/dags/redshift-airflow-ingestion-dag.py
[2026-03-27T17:59:36.183+0000] {logging_mixin.py:188} INFO - [2026-03-27T17:59:36.182+0000] {dag.py:3089} INFO - Sync 1 DAGs
[2026-03-27T17:59:36.270+0000] {logging_mixin.py:188} INFO - [2026-03-27T17:59:36.269+0000] {dag.py:3947} INFO - Setting next_dagrun for s3_to_redshift_pipeline to 2026-03-27 17:56:00+00:00, run_after=2026-03-27 17:58:00+00:00
[2026-03-27T17:59:36.339+0000] {processor.py:183} INFO - Processing /opt/airflow/dags/redshift-airflow-ingestion-dag.py took 0.333 seconds
[2026-03-27T18:00:06.747+0000] {processor.py:161} INFO - Started process (PID=1435) to work on /opt/airflow/dags/redshift-airflow-ingestion-dag.py
[2026-03-27T18:00:06.749+0000] {processor.py:830} INFO - Processing file /opt/airflow/dags/redshift-airflow-ingestion-dag.py for tasks to queue
[2026-03-27T18:00:06.754+0000] {logging_mixin.py:188} INFO - [2026-03-27T18:00:06.753+0000] {dagbag.py:545} INFO - Filling up the DagBag from /opt/airflow/dags/redshift-airflow-ingestion-dag.py
[2026-03-27T18:00:06.805+0000] {processor.py:840} INFO - DAG(s) 's3_to_redshift_pipeline' retrieved from /opt/airflow/dags/redshift-airflow-ingestion-dag.py
[2026-03-27T18:00:06.865+0000] {logging_mixin.py:188} INFO - [2026-03-27T18:00:06.865+0000] {dag.py:3089} INFO - Sync 1 DAGs
[2026-03-27T18:00:06.914+0000] {logging_mixin.py:188} INFO - [2026-03-27T18:00:06.914+0000] {dag.py:3947} INFO - Setting next_dagrun for s3_to_redshift_pipeline to 2026-03-27 17:58:00+00:00, run_after=2026-03-27 18:00:00+00:00
[2026-03-27T18:00:06.980+0000] {processor.py:183} INFO - Processing /opt/airflow/dags/redshift-airflow-ingestion-dag.py took 0.249 seconds
[2026-03-27T18:00:37.933+0000] {processor.py:161} INFO - Started process (PID=1460) to work on /opt/airflow/dags/redshift-airflow-ingestion-dag.py
[2026-03-27T18:00:37.936+0000] {processor.py:830} INFO - Processing file /opt/airflow/dags/redshift-airflow-ingestion-dag.py for tasks to queue
[2026-03-27T18:00:37.943+0000] {logging_mixin.py:188} INFO - [2026-03-27T18:00:37.942+0000] {dagbag.py:545} INFO - Filling up the DagBag from /opt/airflow/dags/redshift-airflow-ingestion-dag.py
[2026-03-27T18:00:38.006+0000] {processor.py:840} INFO - DAG(s) 's3_to_redshift_pipeline' retrieved from /opt/airflow/dags/redshift-airflow-ingestion-dag.py
[2026-03-27T18:00:38.095+0000] {logging_mixin.py:188} INFO - [2026-03-27T18:00:38.095+0000] {dag.py:3089} INFO - Sync 1 DAGs
[2026-03-27T18:00:38.174+0000] {logging_mixin.py:188} INFO - [2026-03-27T18:00:38.173+0000] {dag.py:3947} INFO - Setting next_dagrun for s3_to_redshift_pipeline to 2026-03-27 17:58:00+00:00, run_after=2026-03-27 18:00:00+00:00
[2026-03-27T18:00:38.252+0000] {processor.py:183} INFO - Processing /opt/airflow/dags/redshift-airflow-ingestion-dag.py took 0.339 seconds
[2026-03-27T18:01:08.911+0000] {processor.py:161} INFO - Started process (PID=1485) to work on /opt/airflow/dags/redshift-airflow-ingestion-dag.py
[2026-03-27T18:01:08.914+0000] {processor.py:830} INFO - Processing file /opt/airflow/dags/redshift-airflow-ingestion-dag.py for tasks to queue
[2026-03-27T18:01:08.922+0000] {logging_mixin.py:188} INFO - [2026-03-27T18:01:08.921+0000] {dagbag.py:545} INFO - Filling up the DagBag from /opt/airflow/dags/redshift-airflow-ingestion-dag.py
[2026-03-27T18:01:08.974+0000] {processor.py:840} INFO - DAG(s) 's3_to_redshift_pipeline' retrieved from /opt/airflow/dags/redshift-airflow-ingestion-dag.py
[2026-03-27T18:01:09.040+0000] {logging_mixin.py:188} INFO - [2026-03-27T18:01:09.039+0000] {dag.py:3089} INFO - Sync 1 DAGs
[2026-03-27T18:01:09.109+0000] {logging_mixin.py:188} INFO - [2026-03-27T18:01:09.108+0000] {dag.py:3947} INFO - Setting next_dagrun for s3_to_redshift_pipeline to 2026-03-27 17:58:00+00:00, run_after=2026-03-27 18:00:00+00:00
[2026-03-27T18:01:09.172+0000] {processor.py:183} INFO - Processing /opt/airflow/dags/redshift-airflow-ingestion-dag.py took 0.279 seconds
[2026-03-27T18:01:39.678+0000] {processor.py:161} INFO - Started process (PID=1516) to work on /opt/airflow/dags/redshift-airflow-ingestion-dag.py
[2026-03-27T18:01:39.681+0000] {processor.py:830} INFO - Processing file /opt/airflow/dags/redshift-airflow-ingestion-dag.py for tasks to queue
[2026-03-27T18:01:39.686+0000] {logging_mixin.py:188} INFO - [2026-03-27T18:01:39.685+0000] {dagbag.py:545} INFO - Filling up the DagBag from /opt/airflow/dags/redshift-airflow-ingestion-dag.py
[2026-03-27T18:01:39.767+0000] {processor.py:840} INFO - DAG(s) 's3_to_redshift_pipeline' retrieved from /opt/airflow/dags/redshift-airflow-ingestion-dag.py
[2026-03-27T18:01:39.831+0000] {logging_mixin.py:188} INFO - [2026-03-27T18:01:39.830+0000] {dag.py:3089} INFO - Sync 1 DAGs
[2026-03-27T18:01:39.881+0000] {logging_mixin.py:188} INFO - [2026-03-27T18:01:39.881+0000] {dag.py:3947} INFO - Setting next_dagrun for s3_to_redshift_pipeline to 2026-03-27 17:58:00+00:00, run_after=2026-03-27 18:00:00+00:00
[2026-03-27T18:01:39.919+0000] {processor.py:183} INFO - Processing /opt/airflow/dags/redshift-airflow-ingestion-dag.py took 0.258 seconds
[2026-03-27T18:02:10.809+0000] {processor.py:161} INFO - Started process (PID=1545) to work on /opt/airflow/dags/redshift-airflow-ingestion-dag.py
[2026-03-27T18:02:10.811+0000] {processor.py:830} INFO - Processing file /opt/airflow/dags/redshift-airflow-ingestion-dag.py for tasks to queue
[2026-03-27T18:02:10.815+0000] {logging_mixin.py:188} INFO - [2026-03-27T18:02:10.814+0000] {dagbag.py:545} INFO - Filling up the DagBag from /opt/airflow/dags/redshift-airflow-ingestion-dag.py
[2026-03-27T18:02:10.861+0000] {processor.py:840} INFO - DAG(s) 's3_to_redshift_pipeline' retrieved from /opt/airflow/dags/redshift-airflow-ingestion-dag.py
[2026-03-27T18:02:10.924+0000] {logging_mixin.py:188} INFO - [2026-03-27T18:02:10.924+0000] {dag.py:3089} INFO - Sync 1 DAGs
[2026-03-27T18:02:10.976+0000] {logging_mixin.py:188} INFO - [2026-03-27T18:02:10.975+0000] {dag.py:3947} INFO - Setting next_dagrun for s3_to_redshift_pipeline to 2026-03-27 18:00:00+00:00, run_after=2026-03-27 18:02:00+00:00
[2026-03-27T18:02:11.020+0000] {processor.py:183} INFO - Processing /opt/airflow/dags/redshift-airflow-ingestion-dag.py took 0.223 seconds
[2026-03-27T18:02:41.708+0000] {processor.py:161} INFO - Started process (PID=1570) to work on /opt/airflow/dags/redshift-airflow-ingestion-dag.py
[2026-03-27T18:02:41.710+0000] {processor.py:830} INFO - Processing file /opt/airflow/dags/redshift-airflow-ingestion-dag.py for tasks to queue
[2026-03-27T18:02:41.714+0000] {logging_mixin.py:188} INFO - [2026-03-27T18:02:41.713+0000] {dagbag.py:545} INFO - Filling up the DagBag from /opt/airflow/dags/redshift-airflow-ingestion-dag.py
[2026-03-27T18:02:41.763+0000] {processor.py:840} INFO - DAG(s) 's3_to_redshift_pipeline' retrieved from /opt/airflow/dags/redshift-airflow-ingestion-dag.py
[2026-03-27T18:02:41.834+0000] {logging_mixin.py:188} INFO - [2026-03-27T18:02:41.833+0000] {dag.py:3089} INFO - Sync 1 DAGs
[2026-03-27T18:02:41.892+0000] {logging_mixin.py:188} INFO - [2026-03-27T18:02:41.891+0000] {dag.py:3947} INFO - Setting next_dagrun for s3_to_redshift_pipeline to 2026-03-27 18:00:00+00:00, run_after=2026-03-27 18:02:00+00:00
[2026-03-27T18:02:41.957+0000] {processor.py:183} INFO - Processing /opt/airflow/dags/redshift-airflow-ingestion-dag.py took 0.262 seconds
[2026-03-27T18:03:12.554+0000] {processor.py:161} INFO - Started process (PID=1595) to work on /opt/airflow/dags/redshift-airflow-ingestion-dag.py
[2026-03-27T18:03:12.556+0000] {processor.py:830} INFO - Processing file /opt/airflow/dags/redshift-airflow-ingestion-dag.py for tasks to queue
[2026-03-27T18:03:12.560+0000] {logging_mixin.py:188} INFO - [2026-03-27T18:03:12.559+0000] {dagbag.py:545} INFO - Filling up the DagBag from /opt/airflow/dags/redshift-airflow-ingestion-dag.py
[2026-03-27T18:03:12.610+0000] {processor.py:840} INFO - DAG(s) 's3_to_redshift_pipeline' retrieved from /opt/airflow/dags/redshift-airflow-ingestion-dag.py
[2026-03-27T18:03:12.692+0000] {logging_mixin.py:188} INFO - [2026-03-27T18:03:12.692+0000] {dag.py:3089} INFO - Sync 1 DAGs
[2026-03-27T18:03:12.742+0000] {logging_mixin.py:188} INFO - [2026-03-27T18:03:12.741+0000] {dag.py:3947} INFO - Setting next_dagrun for s3_to_redshift_pipeline to 2026-03-27 18:00:00+00:00, run_after=2026-03-27 18:02:00+00:00
[2026-03-27T18:03:12.796+0000] {processor.py:183} INFO - Processing /opt/airflow/dags/redshift-airflow-ingestion-dag.py took 0.260 seconds
[2026-03-27T18:03:43.748+0000] {processor.py:161} INFO - Started process (PID=2524) to work on /opt/airflow/dags/redshift-airflow-ingestion-dag.py
[2026-03-27T18:03:43.750+0000] {processor.py:830} INFO - Processing file /opt/airflow/dags/redshift-airflow-ingestion-dag.py for tasks to queue
[2026-03-27T18:03:43.754+0000] {logging_mixin.py:188} INFO - [2026-03-27T18:03:43.753+0000] {dagbag.py:545} INFO - Filling up the DagBag from /opt/airflow/dags/redshift-airflow-ingestion-dag.py
[2026-03-27T18:03:43.814+0000] {processor.py:840} INFO - DAG(s) 's3_to_redshift_pipeline' retrieved from /opt/airflow/dags/redshift-airflow-ingestion-dag.py
[2026-03-27T18:03:43.884+0000] {logging_mixin.py:188} INFO - [2026-03-27T18:03:43.884+0000] {dag.py:3089} INFO - Sync 1 DAGs
[2026-03-27T18:03:43.942+0000] {logging_mixin.py:188} INFO - [2026-03-27T18:03:43.942+0000] {dag.py:3947} INFO - Setting next_dagrun for s3_to_redshift_pipeline to 2026-03-27 18:00:00+00:00, run_after=2026-03-27 18:02:00+00:00
[2026-03-27T18:03:44.006+0000] {processor.py:183} INFO - Processing /opt/airflow/dags/redshift-airflow-ingestion-dag.py took 0.273 seconds
[2026-03-27T18:04:14.791+0000] {processor.py:161} INFO - Started process (PID=3468) to work on /opt/airflow/dags/redshift-airflow-ingestion-dag.py
[2026-03-27T18:04:14.794+0000] {processor.py:830} INFO - Processing file /opt/airflow/dags/redshift-airflow-ingestion-dag.py for tasks to queue
[2026-03-27T18:04:14.799+0000] {logging_mixin.py:188} INFO - [2026-03-27T18:04:14.798+0000] {dagbag.py:545} INFO - Filling up the DagBag from /opt/airflow/dags/redshift-airflow-ingestion-dag.py
[2026-03-27T18:04:14.863+0000] {processor.py:840} INFO - DAG(s) 's3_to_redshift_pipeline' retrieved from /opt/airflow/dags/redshift-airflow-ingestion-dag.py
[2026-03-27T18:04:14.952+0000] {logging_mixin.py:188} INFO - [2026-03-27T18:04:14.952+0000] {dag.py:3089} INFO - Sync 1 DAGs
[2026-03-27T18:04:15.017+0000] {logging_mixin.py:188} INFO - [2026-03-27T18:04:15.017+0000] {dag.py:3947} INFO - Setting next_dagrun for s3_to_redshift_pipeline to 2026-03-27 18:02:00+00:00, run_after=2026-03-27 18:04:00+00:00
[2026-03-27T18:04:15.058+0000] {processor.py:183} INFO - Processing /opt/airflow/dags/redshift-airflow-ingestion-dag.py took 0.282 seconds
[2026-03-27T18:04:45.746+0000] {processor.py:161} INFO - Started process (PID=3503) to work on /opt/airflow/dags/redshift-airflow-ingestion-dag.py
[2026-03-27T18:04:45.749+0000] {processor.py:830} INFO - Processing file /opt/airflow/dags/redshift-airflow-ingestion-dag.py for tasks to queue
[2026-03-27T18:04:45.753+0000] {logging_mixin.py:188} INFO - [2026-03-27T18:04:45.752+0000] {dagbag.py:545} INFO - Filling up the DagBag from /opt/airflow/dags/redshift-airflow-ingestion-dag.py
[2026-03-27T18:04:45.801+0000] {processor.py:840} INFO - DAG(s) 's3_to_redshift_pipeline' retrieved from /opt/airflow/dags/redshift-airflow-ingestion-dag.py
[2026-03-27T18:04:45.871+0000] {logging_mixin.py:188} INFO - [2026-03-27T18:04:45.871+0000] {dag.py:3089} INFO - Sync 1 DAGs
[2026-03-27T18:04:45.940+0000] {logging_mixin.py:188} INFO - [2026-03-27T18:04:45.940+0000] {dag.py:3947} INFO - Setting next_dagrun for s3_to_redshift_pipeline to 2026-03-27 18:02:00+00:00, run_after=2026-03-27 18:04:00+00:00
[2026-03-27T18:04:45.991+0000] {processor.py:183} INFO - Processing /opt/airflow/dags/redshift-airflow-ingestion-dag.py took 0.256 seconds
[2026-03-27T18:05:17.310+0000] {processor.py:161} INFO - Started process (PID=3533) to work on /opt/airflow/dags/redshift-airflow-ingestion-dag.py
[2026-03-27T18:05:17.312+0000] {processor.py:830} INFO - Processing file /opt/airflow/dags/redshift-airflow-ingestion-dag.py for tasks to queue
[2026-03-27T18:05:17.316+0000] {logging_mixin.py:188} INFO - [2026-03-27T18:05:17.315+0000] {dagbag.py:545} INFO - Filling up the DagBag from /opt/airflow/dags/redshift-airflow-ingestion-dag.py
[2026-03-27T18:05:17.369+0000] {processor.py:840} INFO - DAG(s) 's3_to_redshift_pipeline' retrieved from /opt/airflow/dags/redshift-airflow-ingestion-dag.py
[2026-03-27T18:05:17.433+0000] {logging_mixin.py:188} INFO - [2026-03-27T18:05:17.433+0000] {dag.py:3089} INFO - Sync 1 DAGs
[2026-03-27T18:05:17.479+0000] {logging_mixin.py:188} INFO - [2026-03-27T18:05:17.478+0000] {dag.py:3947} INFO - Setting next_dagrun for s3_to_redshift_pipeline to 2026-03-27 18:02:00+00:00, run_after=2026-03-27 18:04:00+00:00
[2026-03-27T18:05:17.520+0000] {processor.py:183} INFO - Processing /opt/airflow/dags/redshift-airflow-ingestion-dag.py took 0.226 seconds
[2026-03-27T18:05:48.196+0000] {processor.py:161} INFO - Started process (PID=3553) to work on /opt/airflow/dags/redshift-airflow-ingestion-dag.py
[2026-03-27T18:05:48.198+0000] {processor.py:830} INFO - Processing file /opt/airflow/dags/redshift-airflow-ingestion-dag.py for tasks to queue
[2026-03-27T18:05:48.203+0000] {logging_mixin.py:188} INFO - [2026-03-27T18:05:48.203+0000] {dagbag.py:545} INFO - Filling up the DagBag from /opt/airflow/dags/redshift-airflow-ingestion-dag.py
[2026-03-27T18:05:48.259+0000] {processor.py:840} INFO - DAG(s) 's3_to_redshift_pipeline' retrieved from /opt/airflow/dags/redshift-airflow-ingestion-dag.py
[2026-03-27T18:05:48.344+0000] {logging_mixin.py:188} INFO - [2026-03-27T18:05:48.343+0000] {dag.py:3089} INFO - Sync 1 DAGs
[2026-03-27T18:05:48.405+0000] {logging_mixin.py:188} INFO - [2026-03-27T18:05:48.404+0000] {dag.py:3947} INFO - Setting next_dagrun for s3_to_redshift_pipeline to 2026-03-27 18:02:00+00:00, run_after=2026-03-27 18:04:00+00:00
[2026-03-27T18:05:48.449+0000] {processor.py:183} INFO - Processing /opt/airflow/dags/redshift-airflow-ingestion-dag.py took 0.266 seconds
[2026-03-27T18:14:50.836+0000] {processor.py:161} INFO - Started process (PID=176) to work on /opt/airflow/dags/redshift-airflow-ingestion-dag.py
[2026-03-27T18:14:50.839+0000] {processor.py:830} INFO - Processing file /opt/airflow/dags/redshift-airflow-ingestion-dag.py for tasks to queue
[2026-03-27T18:14:50.843+0000] {logging_mixin.py:188} INFO - [2026-03-27T18:14:50.843+0000] {dagbag.py:545} INFO - Filling up the DagBag from /opt/airflow/dags/redshift-airflow-ingestion-dag.py
[2026-03-27T18:14:50.893+0000] {processor.py:840} INFO - DAG(s) 's3_to_redshift_pipeline' retrieved from /opt/airflow/dags/redshift-airflow-ingestion-dag.py
[2026-03-27T18:14:51.168+0000] {logging_mixin.py:188} INFO - [2026-03-27T18:14:51.166+0000] {override.py:1858} INFO - Created Permission View: can edit on DAG:s3_to_redshift_pipeline
[2026-03-27T18:14:51.195+0000] {logging_mixin.py:188} INFO - [2026-03-27T18:14:51.195+0000] {override.py:1858} INFO - Created Permission View: can delete on DAG:s3_to_redshift_pipeline
[2026-03-27T18:14:51.211+0000] {logging_mixin.py:188} INFO - [2026-03-27T18:14:51.211+0000] {override.py:1858} INFO - Created Permission View: can read on DAG:s3_to_redshift_pipeline
[2026-03-27T18:14:51.213+0000] {logging_mixin.py:188} INFO - [2026-03-27T18:14:51.212+0000] {dag.py:3089} INFO - Sync 1 DAGs
[2026-03-27T18:14:51.237+0000] {logging_mixin.py:188} INFO - [2026-03-27T18:14:51.236+0000] {dag.py:3111} INFO - Creating ORM DAG for s3_to_redshift_pipeline
[2026-03-27T18:14:51.259+0000] {logging_mixin.py:188} INFO - [2026-03-27T18:14:51.258+0000] {dag.py:3947} INFO - Setting next_dagrun for s3_to_redshift_pipeline to 2026-03-27 18:12:00+00:00, run_after=2026-03-27 18:14:00+00:00
[2026-03-27T18:14:51.301+0000] {processor.py:183} INFO - Processing /opt/airflow/dags/redshift-airflow-ingestion-dag.py took 0.480 seconds
[2026-03-27T18:15:21.953+0000] {processor.py:161} INFO - Started process (PID=201) to work on /opt/airflow/dags/redshift-airflow-ingestion-dag.py
[2026-03-27T18:15:21.955+0000] {processor.py:830} INFO - Processing file /opt/airflow/dags/redshift-airflow-ingestion-dag.py for tasks to queue
[2026-03-27T18:15:21.962+0000] {logging_mixin.py:188} INFO - [2026-03-27T18:15:21.961+0000] {dagbag.py:545} INFO - Filling up the DagBag from /opt/airflow/dags/redshift-airflow-ingestion-dag.py
[2026-03-27T18:15:22.011+0000] {processor.py:840} INFO - DAG(s) 's3_to_redshift_pipeline' retrieved from /opt/airflow/dags/redshift-airflow-ingestion-dag.py
[2026-03-27T18:15:22.077+0000] {logging_mixin.py:188} INFO - [2026-03-27T18:15:22.077+0000] {dag.py:3089} INFO - Sync 1 DAGs
[2026-03-27T18:15:22.146+0000] {logging_mixin.py:188} INFO - [2026-03-27T18:15:22.145+0000] {dag.py:3947} INFO - Setting next_dagrun for s3_to_redshift_pipeline to 2026-03-27 18:12:00+00:00, run_after=2026-03-27 18:14:00+00:00
[2026-03-27T18:15:22.195+0000] {processor.py:183} INFO - Processing /opt/airflow/dags/redshift-airflow-ingestion-dag.py took 0.256 seconds
[2026-03-27T18:15:52.975+0000] {processor.py:161} INFO - Started process (PID=227) to work on /opt/airflow/dags/redshift-airflow-ingestion-dag.py
[2026-03-27T18:15:52.978+0000] {processor.py:830} INFO - Processing file /opt/airflow/dags/redshift-airflow-ingestion-dag.py for tasks to queue
[2026-03-27T18:15:52.997+0000] {logging_mixin.py:188} INFO - [2026-03-27T18:15:52.996+0000] {dagbag.py:545} INFO - Filling up the DagBag from /opt/airflow/dags/redshift-airflow-ingestion-dag.py
[2026-03-27T18:15:53.091+0000] {processor.py:840} INFO - DAG(s) 's3_to_redshift_pipeline' retrieved from /opt/airflow/dags/redshift-airflow-ingestion-dag.py
[2026-03-27T18:15:53.197+0000] {logging_mixin.py:188} INFO - [2026-03-27T18:15:53.197+0000] {dag.py:3089} INFO - Sync 1 DAGs
[2026-03-27T18:15:53.300+0000] {logging_mixin.py:188} INFO - [2026-03-27T18:15:53.299+0000] {dag.py:3947} INFO - Setting next_dagrun for s3_to_redshift_pipeline to 2026-03-27 18:12:00+00:00, run_after=2026-03-27 18:14:00+00:00
[2026-03-27T18:15:53.349+0000] {processor.py:183} INFO - Processing /opt/airflow/dags/redshift-airflow-ingestion-dag.py took 0.410 seconds
[2026-03-27T18:16:23.832+0000] {processor.py:161} INFO - Started process (PID=352) to work on /opt/airflow/dags/redshift-airflow-ingestion-dag.py
[2026-03-27T18:16:23.840+0000] {processor.py:830} INFO - Processing file /opt/airflow/dags/redshift-airflow-ingestion-dag.py for tasks to queue
[2026-03-27T18:16:23.847+0000] {logging_mixin.py:188} INFO - [2026-03-27T18:16:23.846+0000] {dagbag.py:545} INFO - Filling up the DagBag from /opt/airflow/dags/redshift-airflow-ingestion-dag.py
[2026-03-27T18:16:23.925+0000] {processor.py:840} INFO - DAG(s) 's3_to_redshift_pipeline' retrieved from /opt/airflow/dags/redshift-airflow-ingestion-dag.py
[2026-03-27T18:16:24.040+0000] {logging_mixin.py:188} INFO - [2026-03-27T18:16:24.039+0000] {dag.py:3089} INFO - Sync 1 DAGs
[2026-03-27T18:16:24.170+0000] {logging_mixin.py:188} INFO - [2026-03-27T18:16:24.169+0000] {dag.py:3947} INFO - Setting next_dagrun for s3_to_redshift_pipeline to 2026-03-27 18:14:00+00:00, run_after=2026-03-27 18:16:00+00:00
[2026-03-27T18:16:24.263+0000] {processor.py:183} INFO - Processing /opt/airflow/dags/redshift-airflow-ingestion-dag.py took 0.456 seconds
[2026-03-27T18:16:54.709+0000] {processor.py:161} INFO - Started process (PID=562) to work on /opt/airflow/dags/redshift-airflow-ingestion-dag.py
[2026-03-27T18:16:54.714+0000] {processor.py:830} INFO - Processing file /opt/airflow/dags/redshift-airflow-ingestion-dag.py for tasks to queue
[2026-03-27T18:16:54.721+0000] {logging_mixin.py:188} INFO - [2026-03-27T18:16:54.720+0000] {dagbag.py:545} INFO - Filling up the DagBag from /opt/airflow/dags/redshift-airflow-ingestion-dag.py
[2026-03-27T18:16:54.779+0000] {processor.py:840} INFO - DAG(s) 's3_to_redshift_pipeline' retrieved from /opt/airflow/dags/redshift-airflow-ingestion-dag.py
[2026-03-27T18:16:54.855+0000] {logging_mixin.py:188} INFO - [2026-03-27T18:16:54.854+0000] {dag.py:3089} INFO - Sync 1 DAGs
[2026-03-27T18:16:54.938+0000] {logging_mixin.py:188} INFO - [2026-03-27T18:16:54.937+0000] {dag.py:3947} INFO - Setting next_dagrun for s3_to_redshift_pipeline to 2026-03-27 18:14:00+00:00, run_after=2026-03-27 18:16:00+00:00
[2026-03-27T18:16:54.991+0000] {processor.py:183} INFO - Processing /opt/airflow/dags/redshift-airflow-ingestion-dag.py took 0.306 seconds
[2026-03-27T18:17:25.362+0000] {processor.py:161} INFO - Started process (PID=1200) to work on /opt/airflow/dags/redshift-airflow-ingestion-dag.py
[2026-03-27T18:17:25.365+0000] {processor.py:830} INFO - Processing file /opt/airflow/dags/redshift-airflow-ingestion-dag.py for tasks to queue
[2026-03-27T18:17:25.370+0000] {logging_mixin.py:188} INFO - [2026-03-27T18:17:25.369+0000] {dagbag.py:545} INFO - Filling up the DagBag from /opt/airflow/dags/redshift-airflow-ingestion-dag.py
[2026-03-27T18:17:25.425+0000] {processor.py:840} INFO - DAG(s) 's3_to_redshift_pipeline' retrieved from /opt/airflow/dags/redshift-airflow-ingestion-dag.py
[2026-03-27T18:17:25.493+0000] {logging_mixin.py:188} INFO - [2026-03-27T18:17:25.493+0000] {dag.py:3089} INFO - Sync 1 DAGs
[2026-03-27T18:17:25.554+0000] {logging_mixin.py:188} INFO - [2026-03-27T18:17:25.554+0000] {dag.py:3947} INFO - Setting next_dagrun for s3_to_redshift_pipeline to 2026-03-27 18:14:00+00:00, run_after=2026-03-27 18:16:00+00:00
[2026-03-27T18:17:25.614+0000] {processor.py:183} INFO - Processing /opt/airflow/dags/redshift-airflow-ingestion-dag.py took 0.265 seconds
[2026-03-27T18:17:55.843+0000] {processor.py:161} INFO - Started process (PID=1271) to work on /opt/airflow/dags/redshift-airflow-ingestion-dag.py
[2026-03-27T18:17:55.845+0000] {processor.py:830} INFO - Processing file /opt/airflow/dags/redshift-airflow-ingestion-dag.py for tasks to queue
[2026-03-27T18:17:55.849+0000] {logging_mixin.py:188} INFO - [2026-03-27T18:17:55.848+0000] {dagbag.py:545} INFO - Filling up the DagBag from /opt/airflow/dags/redshift-airflow-ingestion-dag.py
[2026-03-27T18:17:55.896+0000] {processor.py:840} INFO - DAG(s) 's3_to_redshift_pipeline' retrieved from /opt/airflow/dags/redshift-airflow-ingestion-dag.py
[2026-03-27T18:17:55.946+0000] {logging_mixin.py:188} INFO - [2026-03-27T18:17:55.946+0000] {dag.py:3089} INFO - Sync 1 DAGs
[2026-03-27T18:17:55.993+0000] {logging_mixin.py:188} INFO - [2026-03-27T18:17:55.993+0000] {dag.py:3947} INFO - Setting next_dagrun for s3_to_redshift_pipeline to 2026-03-27 18:14:00+00:00, run_after=2026-03-27 18:16:00+00:00
[2026-03-27T18:17:56.043+0000] {processor.py:183} INFO - Processing /opt/airflow/dags/redshift-airflow-ingestion-dag.py took 0.212 seconds
[2026-03-27T18:18:26.211+0000] {processor.py:161} INFO - Started process (PID=1296) to work on /opt/airflow/dags/redshift-airflow-ingestion-dag.py
[2026-03-27T18:18:26.214+0000] {processor.py:830} INFO - Processing file /opt/airflow/dags/redshift-airflow-ingestion-dag.py for tasks to queue
[2026-03-27T18:18:26.218+0000] {logging_mixin.py:188} INFO - [2026-03-27T18:18:26.217+0000] {dagbag.py:545} INFO - Filling up the DagBag from /opt/airflow/dags/redshift-airflow-ingestion-dag.py
[2026-03-27T18:18:26.271+0000] {processor.py:840} INFO - DAG(s) 's3_to_redshift_pipeline' retrieved from /opt/airflow/dags/redshift-airflow-ingestion-dag.py
[2026-03-27T18:18:26.346+0000] {logging_mixin.py:188} INFO - [2026-03-27T18:18:26.345+0000] {dag.py:3089} INFO - Sync 1 DAGs
[2026-03-27T18:18:26.409+0000] {logging_mixin.py:188} INFO - [2026-03-27T18:18:26.409+0000] {dag.py:3947} INFO - Setting next_dagrun for s3_to_redshift_pipeline to 2026-03-27 18:16:00+00:00, run_after=2026-03-27 18:18:00+00:00
[2026-03-27T18:18:26.464+0000] {processor.py:183} INFO - Processing /opt/airflow/dags/redshift-airflow-ingestion-dag.py took 0.265 seconds
[2026-03-27T18:18:56.860+0000] {processor.py:161} INFO - Started process (PID=1321) to work on /opt/airflow/dags/redshift-airflow-ingestion-dag.py
[2026-03-27T18:18:56.862+0000] {processor.py:830} INFO - Processing file /opt/airflow/dags/redshift-airflow-ingestion-dag.py for tasks to queue
[2026-03-27T18:18:56.867+0000] {logging_mixin.py:188} INFO - [2026-03-27T18:18:56.866+0000] {dagbag.py:545} INFO - Filling up the DagBag from /opt/airflow/dags/redshift-airflow-ingestion-dag.py
[2026-03-27T18:18:56.923+0000] {processor.py:840} INFO - DAG(s) 's3_to_redshift_pipeline' retrieved from /opt/airflow/dags/redshift-airflow-ingestion-dag.py
[2026-03-27T18:18:57.011+0000] {logging_mixin.py:188} INFO - [2026-03-27T18:18:57.010+0000] {dag.py:3089} INFO - Sync 1 DAGs
[2026-03-27T18:18:57.067+0000] {logging_mixin.py:188} INFO - [2026-03-27T18:18:57.067+0000] {dag.py:3947} INFO - Setting next_dagrun for s3_to_redshift_pipeline to 2026-03-27 18:16:00+00:00, run_after=2026-03-27 18:18:00+00:00
[2026-03-27T18:18:57.119+0000] {processor.py:183} INFO - Processing /opt/airflow/dags/redshift-airflow-ingestion-dag.py took 0.273 seconds
[2026-03-27T18:19:27.699+0000] {processor.py:161} INFO - Started process (PID=1346) to work on /opt/airflow/dags/redshift-airflow-ingestion-dag.py
[2026-03-27T18:19:27.701+0000] {processor.py:830} INFO - Processing file /opt/airflow/dags/redshift-airflow-ingestion-dag.py for tasks to queue
[2026-03-27T18:19:27.710+0000] {logging_mixin.py:188} INFO - [2026-03-27T18:19:27.707+0000] {dagbag.py:545} INFO - Filling up the DagBag from /opt/airflow/dags/redshift-airflow-ingestion-dag.py
[2026-03-27T18:19:27.788+0000] {processor.py:840} INFO - DAG(s) 's3_to_redshift_pipeline' retrieved from /opt/airflow/dags/redshift-airflow-ingestion-dag.py
[2026-03-27T18:19:27.875+0000] {logging_mixin.py:188} INFO - [2026-03-27T18:19:27.875+0000] {dag.py:3089} INFO - Sync 1 DAGs
[2026-03-27T18:19:27.943+0000] {logging_mixin.py:188} INFO - [2026-03-27T18:19:27.942+0000] {dag.py:3947} INFO - Setting next_dagrun for s3_to_redshift_pipeline to 2026-03-27 18:16:00+00:00, run_after=2026-03-27 18:18:00+00:00
[2026-03-27T18:19:27.996+0000] {processor.py:183} INFO - Processing /opt/airflow/dags/redshift-airflow-ingestion-dag.py took 0.315 seconds
[2026-03-27T18:19:58.671+0000] {processor.py:161} INFO - Started process (PID=1371) to work on /opt/airflow/dags/redshift-airflow-ingestion-dag.py
[2026-03-27T18:19:58.676+0000] {processor.py:830} INFO - Processing file /opt/airflow/dags/redshift-airflow-ingestion-dag.py for tasks to queue
[2026-03-27T18:19:58.682+0000] {logging_mixin.py:188} INFO - [2026-03-27T18:19:58.681+0000] {dagbag.py:545} INFO - Filling up the DagBag from /opt/airflow/dags/redshift-airflow-ingestion-dag.py
[2026-03-27T18:19:58.741+0000] {processor.py:840} INFO - DAG(s) 's3_to_redshift_pipeline' retrieved from /opt/airflow/dags/redshift-airflow-ingestion-dag.py
[2026-03-27T18:19:58.808+0000] {logging_mixin.py:188} INFO - [2026-03-27T18:19:58.807+0000] {dag.py:3089} INFO - Sync 1 DAGs
[2026-03-27T18:19:58.882+0000] {logging_mixin.py:188} INFO - [2026-03-27T18:19:58.881+0000] {dag.py:3947} INFO - Setting next_dagrun for s3_to_redshift_pipeline to 2026-03-27 18:16:00+00:00, run_after=2026-03-27 18:18:00+00:00
[2026-03-27T18:19:58.948+0000] {processor.py:183} INFO - Processing /opt/airflow/dags/redshift-airflow-ingestion-dag.py took 0.297 seconds
[2026-03-27T18:20:29.317+0000] {processor.py:161} INFO - Started process (PID=1396) to work on /opt/airflow/dags/redshift-airflow-ingestion-dag.py
[2026-03-27T18:20:29.319+0000] {processor.py:830} INFO - Processing file /opt/airflow/dags/redshift-airflow-ingestion-dag.py for tasks to queue
[2026-03-27T18:20:29.323+0000] {logging_mixin.py:188} INFO - [2026-03-27T18:20:29.323+0000] {dagbag.py:545} INFO - Filling up the DagBag from /opt/airflow/dags/redshift-airflow-ingestion-dag.py
[2026-03-27T18:20:29.376+0000] {processor.py:840} INFO - DAG(s) 's3_to_redshift_pipeline' retrieved from /opt/airflow/dags/redshift-airflow-ingestion-dag.py
[2026-03-27T18:20:29.450+0000] {logging_mixin.py:188} INFO - [2026-03-27T18:20:29.450+0000] {dag.py:3089} INFO - Sync 1 DAGs
[2026-03-27T18:20:29.507+0000] {logging_mixin.py:188} INFO - [2026-03-27T18:20:29.507+0000] {dag.py:3947} INFO - Setting next_dagrun for s3_to_redshift_pipeline to 2026-03-27 18:18:00+00:00, run_after=2026-03-27 18:20:00+00:00
[2026-03-27T18:20:29.553+0000] {processor.py:183} INFO - Processing /opt/airflow/dags/redshift-airflow-ingestion-dag.py took 0.251 seconds
[2026-03-27T18:20:59.771+0000] {processor.py:161} INFO - Started process (PID=1421) to work on /opt/airflow/dags/redshift-airflow-ingestion-dag.py
[2026-03-27T18:20:59.774+0000] {processor.py:830} INFO - Processing file /opt/airflow/dags/redshift-airflow-ingestion-dag.py for tasks to queue
[2026-03-27T18:20:59.780+0000] {logging_mixin.py:188} INFO - [2026-03-27T18:20:59.779+0000] {dagbag.py:545} INFO - Filling up the DagBag from /opt/airflow/dags/redshift-airflow-ingestion-dag.py
[2026-03-27T18:20:59.845+0000] {processor.py:840} INFO - DAG(s) 's3_to_redshift_pipeline' retrieved from /opt/airflow/dags/redshift-airflow-ingestion-dag.py
[2026-03-27T18:20:59.926+0000] {logging_mixin.py:188} INFO - [2026-03-27T18:20:59.925+0000] {dag.py:3089} INFO - Sync 1 DAGs
[2026-03-27T18:21:00.088+0000] {logging_mixin.py:188} INFO - [2026-03-27T18:21:00.087+0000] {dag.py:3947} INFO - Setting next_dagrun for s3_to_redshift_pipeline to 2026-03-27 18:18:00+00:00, run_after=2026-03-27 18:20:00+00:00
[2026-03-27T18:21:00.154+0000] {processor.py:183} INFO - Processing /opt/airflow/dags/redshift-airflow-ingestion-dag.py took 0.401 seconds
[2026-03-27T18:21:30.666+0000] {processor.py:161} INFO - Started process (PID=1458) to work on /opt/airflow/dags/redshift-airflow-ingestion-dag.py
[2026-03-27T18:21:30.669+0000] {processor.py:830} INFO - Processing file /opt/airflow/dags/redshift-airflow-ingestion-dag.py for tasks to queue
[2026-03-27T18:21:30.675+0000] {logging_mixin.py:188} INFO - [2026-03-27T18:21:30.674+0000] {dagbag.py:545} INFO - Filling up the DagBag from /opt/airflow/dags/redshift-airflow-ingestion-dag.py
[2026-03-27T18:21:30.739+0000] {processor.py:840} INFO - DAG(s) 's3_to_redshift_pipeline' retrieved from /opt/airflow/dags/redshift-airflow-ingestion-dag.py
[2026-03-27T18:21:30.827+0000] {logging_mixin.py:188} INFO - [2026-03-27T18:21:30.826+0000] {dag.py:3089} INFO - Sync 1 DAGs
[2026-03-27T18:21:30.926+0000] {logging_mixin.py:188} INFO - [2026-03-27T18:21:30.925+0000] {dag.py:3947} INFO - Setting next_dagrun for s3_to_redshift_pipeline to 2026-03-27 18:18:00+00:00, run_after=2026-03-27 18:20:00+00:00
[2026-03-27T18:21:30.969+0000] {processor.py:183} INFO - Processing /opt/airflow/dags/redshift-airflow-ingestion-dag.py took 0.321 seconds
[2026-03-27T18:22:01.777+0000] {processor.py:161} INFO - Started process (PID=1483) to work on /opt/airflow/dags/redshift-airflow-ingestion-dag.py
[2026-03-27T18:22:01.780+0000] {processor.py:830} INFO - Processing file /opt/airflow/dags/redshift-airflow-ingestion-dag.py for tasks to queue
[2026-03-27T18:22:01.786+0000] {logging_mixin.py:188} INFO - [2026-03-27T18:22:01.785+0000] {dagbag.py:545} INFO - Filling up the DagBag from /opt/airflow/dags/redshift-airflow-ingestion-dag.py
[2026-03-27T18:22:01.855+0000] {processor.py:840} INFO - DAG(s) 's3_to_redshift_pipeline' retrieved from /opt/airflow/dags/redshift-airflow-ingestion-dag.py
[2026-03-27T18:22:01.945+0000] {logging_mixin.py:188} INFO - [2026-03-27T18:22:01.945+0000] {dag.py:3089} INFO - Sync 1 DAGs
[2026-03-27T18:22:02.037+0000] {logging_mixin.py:188} INFO - [2026-03-27T18:22:02.036+0000] {dag.py:3947} INFO - Setting next_dagrun for s3_to_redshift_pipeline to 2026-03-27 18:20:00+00:00, run_after=2026-03-27 18:22:00+00:00
[2026-03-27T18:22:02.082+0000] {processor.py:183} INFO - Processing /opt/airflow/dags/redshift-airflow-ingestion-dag.py took 0.325 seconds
[2026-03-27T18:22:32.226+0000] {processor.py:161} INFO - Started process (PID=1508) to work on /opt/airflow/dags/redshift-airflow-ingestion-dag.py
[2026-03-27T18:22:32.230+0000] {processor.py:830} INFO - Processing file /opt/airflow/dags/redshift-airflow-ingestion-dag.py for tasks to queue
[2026-03-27T18:22:32.244+0000] {logging_mixin.py:188} INFO - [2026-03-27T18:22:32.243+0000] {dagbag.py:545} INFO - Filling up the DagBag from /opt/airflow/dags/redshift-airflow-ingestion-dag.py
[2026-03-27T18:22:32.295+0000] {processor.py:840} INFO - DAG(s) 's3_to_redshift_pipeline' retrieved from /opt/airflow/dags/redshift-airflow-ingestion-dag.py
[2026-03-27T18:22:32.349+0000] {logging_mixin.py:188} INFO - [2026-03-27T18:22:32.349+0000] {dag.py:3089} INFO - Sync 1 DAGs
[2026-03-27T18:22:32.396+0000] {logging_mixin.py:188} INFO - [2026-03-27T18:22:32.396+0000] {dag.py:3947} INFO - Setting next_dagrun for s3_to_redshift_pipeline to 2026-03-27 18:20:00+00:00, run_after=2026-03-27 18:22:00+00:00
[2026-03-27T18:22:32.437+0000] {processor.py:183} INFO - Processing /opt/airflow/dags/redshift-airflow-ingestion-dag.py took 0.228 seconds
[2026-03-27T18:23:03.013+0000] {processor.py:161} INFO - Started process (PID=1533) to work on /opt/airflow/dags/redshift-airflow-ingestion-dag.py
[2026-03-27T18:23:03.019+0000] {processor.py:830} INFO - Processing file /opt/airflow/dags/redshift-airflow-ingestion-dag.py for tasks to queue
[2026-03-27T18:23:03.026+0000] {logging_mixin.py:188} INFO - [2026-03-27T18:23:03.025+0000] {dagbag.py:545} INFO - Filling up the DagBag from /opt/airflow/dags/redshift-airflow-ingestion-dag.py
[2026-03-27T18:23:03.114+0000] {processor.py:840} INFO - DAG(s) 's3_to_redshift_pipeline' retrieved from /opt/airflow/dags/redshift-airflow-ingestion-dag.py
[2026-03-27T18:23:03.213+0000] {logging_mixin.py:188} INFO - [2026-03-27T18:23:03.212+0000] {dag.py:3089} INFO - Sync 1 DAGs
[2026-03-27T18:23:03.278+0000] {logging_mixin.py:188} INFO - [2026-03-27T18:23:03.278+0000] {dag.py:3947} INFO - Setting next_dagrun for s3_to_redshift_pipeline to 2026-03-27 18:20:00+00:00, run_after=2026-03-27 18:22:00+00:00
[2026-03-27T18:23:03.332+0000] {processor.py:183} INFO - Processing /opt/airflow/dags/redshift-airflow-ingestion-dag.py took 0.340 seconds
[2026-03-27T18:23:34.000+0000] {processor.py:161} INFO - Started process (PID=1817) to work on /opt/airflow/dags/redshift-airflow-ingestion-dag.py
[2026-03-27T18:23:34.004+0000] {processor.py:830} INFO - Processing file /opt/airflow/dags/redshift-airflow-ingestion-dag.py for tasks to queue
[2026-03-27T18:23:34.010+0000] {logging_mixin.py:188} INFO - [2026-03-27T18:23:34.009+0000] {dagbag.py:545} INFO - Filling up the DagBag from /opt/airflow/dags/redshift-airflow-ingestion-dag.py
[2026-03-27T18:23:34.062+0000] {processor.py:840} INFO - DAG(s) 's3_to_redshift_pipeline' retrieved from /opt/airflow/dags/redshift-airflow-ingestion-dag.py
[2026-03-27T18:23:34.126+0000] {logging_mixin.py:188} INFO - [2026-03-27T18:23:34.125+0000] {dag.py:3089} INFO - Sync 1 DAGs
[2026-03-27T18:23:34.177+0000] {logging_mixin.py:188} INFO - [2026-03-27T18:23:34.176+0000] {dag.py:3947} INFO - Setting next_dagrun for s3_to_redshift_pipeline to 2026-03-27 18:20:00+00:00, run_after=2026-03-27 18:22:00+00:00
[2026-03-27T18:23:34.226+0000] {processor.py:183} INFO - Processing /opt/airflow/dags/redshift-airflow-ingestion-dag.py took 0.251 seconds
[2026-03-27T18:24:04.390+0000] {processor.py:161} INFO - Started process (PID=3393) to work on /opt/airflow/dags/redshift-airflow-ingestion-dag.py
[2026-03-27T18:24:04.392+0000] {processor.py:830} INFO - Processing file /opt/airflow/dags/redshift-airflow-ingestion-dag.py for tasks to queue
[2026-03-27T18:24:04.397+0000] {logging_mixin.py:188} INFO - [2026-03-27T18:24:04.396+0000] {dagbag.py:545} INFO - Filling up the DagBag from /opt/airflow/dags/redshift-airflow-ingestion-dag.py
[2026-03-27T18:24:04.462+0000] {processor.py:840} INFO - DAG(s) 's3_to_redshift_pipeline' retrieved from /opt/airflow/dags/redshift-airflow-ingestion-dag.py
[2026-03-27T18:24:04.552+0000] {logging_mixin.py:188} INFO - [2026-03-27T18:24:04.552+0000] {dag.py:3089} INFO - Sync 1 DAGs
[2026-03-27T18:24:04.614+0000] {logging_mixin.py:188} INFO - [2026-03-27T18:24:04.614+0000] {dag.py:3947} INFO - Setting next_dagrun for s3_to_redshift_pipeline to 2026-03-27 18:22:00+00:00, run_after=2026-03-27 18:24:00+00:00
[2026-03-27T18:24:04.659+0000] {processor.py:183} INFO - Processing /opt/airflow/dags/redshift-airflow-ingestion-dag.py took 0.283 seconds
[2026-03-27T18:24:34.856+0000] {processor.py:161} INFO - Started process (PID=3421) to work on /opt/airflow/dags/redshift-airflow-ingestion-dag.py
[2026-03-27T18:24:34.859+0000] {processor.py:830} INFO - Processing file /opt/airflow/dags/redshift-airflow-ingestion-dag.py for tasks to queue
[2026-03-27T18:24:34.863+0000] {logging_mixin.py:188} INFO - [2026-03-27T18:24:34.862+0000] {dagbag.py:545} INFO - Filling up the DagBag from /opt/airflow/dags/redshift-airflow-ingestion-dag.py
[2026-03-27T18:24:34.920+0000] {processor.py:840} INFO - DAG(s) 's3_to_redshift_pipeline' retrieved from /opt/airflow/dags/redshift-airflow-ingestion-dag.py
[2026-03-27T18:24:34.985+0000] {logging_mixin.py:188} INFO - [2026-03-27T18:24:34.984+0000] {dag.py:3089} INFO - Sync 1 DAGs
[2026-03-27T18:24:35.036+0000] {logging_mixin.py:188} INFO - [2026-03-27T18:24:35.035+0000] {dag.py:3947} INFO - Setting next_dagrun for s3_to_redshift_pipeline to 2026-03-27 18:22:00+00:00, run_after=2026-03-27 18:24:00+00:00
[2026-03-27T18:24:35.078+0000] {processor.py:183} INFO - Processing /opt/airflow/dags/redshift-airflow-ingestion-dag.py took 0.237 seconds
[2026-03-27T18:25:05.526+0000] {processor.py:161} INFO - Started process (PID=3446) to work on /opt/airflow/dags/redshift-airflow-ingestion-dag.py
[2026-03-27T18:25:05.528+0000] {processor.py:830} INFO - Processing file /opt/airflow/dags/redshift-airflow-ingestion-dag.py for tasks to queue
[2026-03-27T18:25:05.533+0000] {logging_mixin.py:188} INFO - [2026-03-27T18:25:05.532+0000] {dagbag.py:545} INFO - Filling up the DagBag from /opt/airflow/dags/redshift-airflow-ingestion-dag.py
[2026-03-27T18:25:05.581+0000] {processor.py:840} INFO - DAG(s) 's3_to_redshift_pipeline' retrieved from /opt/airflow/dags/redshift-airflow-ingestion-dag.py
[2026-03-27T18:25:05.637+0000] {logging_mixin.py:188} INFO - [2026-03-27T18:25:05.637+0000] {dag.py:3089} INFO - Sync 1 DAGs
[2026-03-27T18:25:05.688+0000] {logging_mixin.py:188} INFO - [2026-03-27T18:25:05.688+0000] {dag.py:3947} INFO - Setting next_dagrun for s3_to_redshift_pipeline to 2026-03-27 18:22:00+00:00, run_after=2026-03-27 18:24:00+00:00
[2026-03-27T18:25:05.732+0000] {processor.py:183} INFO - Processing /opt/airflow/dags/redshift-airflow-ingestion-dag.py took 0.222 seconds
[2026-03-27T18:25:36.146+0000] {processor.py:161} INFO - Started process (PID=3471) to work on /opt/airflow/dags/redshift-airflow-ingestion-dag.py
[2026-03-27T18:25:36.148+0000] {processor.py:830} INFO - Processing file /opt/airflow/dags/redshift-airflow-ingestion-dag.py for tasks to queue
[2026-03-27T18:25:36.152+0000] {logging_mixin.py:188} INFO - [2026-03-27T18:25:36.152+0000] {dagbag.py:545} INFO - Filling up the DagBag from /opt/airflow/dags/redshift-airflow-ingestion-dag.py
[2026-03-27T18:25:36.205+0000] {processor.py:840} INFO - DAG(s) 's3_to_redshift_pipeline' retrieved from /opt/airflow/dags/redshift-airflow-ingestion-dag.py
[2026-03-27T18:25:36.266+0000] {logging_mixin.py:188} INFO - [2026-03-27T18:25:36.266+0000] {dag.py:3089} INFO - Sync 1 DAGs
[2026-03-27T18:25:36.324+0000] {logging_mixin.py:188} INFO - [2026-03-27T18:25:36.324+0000] {dag.py:3947} INFO - Setting next_dagrun for s3_to_redshift_pipeline to 2026-03-27 18:22:00+00:00, run_after=2026-03-27 18:24:00+00:00
[2026-03-27T18:25:36.367+0000] {processor.py:183} INFO - Processing /opt/airflow/dags/redshift-airflow-ingestion-dag.py took 0.236 seconds
[2026-03-27T18:26:06.883+0000] {processor.py:161} INFO - Started process (PID=3496) to work on /opt/airflow/dags/redshift-airflow-ingestion-dag.py
[2026-03-27T18:26:06.885+0000] {processor.py:830} INFO - Processing file /opt/airflow/dags/redshift-airflow-ingestion-dag.py for tasks to queue
[2026-03-27T18:26:06.888+0000] {logging_mixin.py:188} INFO - [2026-03-27T18:26:06.887+0000] {dagbag.py:545} INFO - Filling up the DagBag from /opt/airflow/dags/redshift-airflow-ingestion-dag.py
[2026-03-27T18:26:06.936+0000] {processor.py:840} INFO - DAG(s) 's3_to_redshift_pipeline' retrieved from /opt/airflow/dags/redshift-airflow-ingestion-dag.py
[2026-03-27T18:26:06.994+0000] {logging_mixin.py:188} INFO - [2026-03-27T18:26:06.993+0000] {dag.py:3089} INFO - Sync 1 DAGs
[2026-03-27T18:26:07.053+0000] {logging_mixin.py:188} INFO - [2026-03-27T18:26:07.052+0000] {dag.py:3947} INFO - Setting next_dagrun for s3_to_redshift_pipeline to 2026-03-27 18:24:00+00:00, run_after=2026-03-27 18:26:00+00:00
[2026-03-27T18:26:07.108+0000] {processor.py:183} INFO - Processing /opt/airflow/dags/redshift-airflow-ingestion-dag.py took 0.241 seconds
[2026-03-27T18:26:37.676+0000] {processor.py:161} INFO - Started process (PID=3531) to work on /opt/airflow/dags/redshift-airflow-ingestion-dag.py
[2026-03-27T18:26:37.680+0000] {processor.py:830} INFO - Processing file /opt/airflow/dags/redshift-airflow-ingestion-dag.py for tasks to queue
[2026-03-27T18:26:37.686+0000] {logging_mixin.py:188} INFO - [2026-03-27T18:26:37.685+0000] {dagbag.py:545} INFO - Filling up the DagBag from /opt/airflow/dags/redshift-airflow-ingestion-dag.py
[2026-03-27T18:26:37.753+0000] {processor.py:840} INFO - DAG(s) 's3_to_redshift_pipeline' retrieved from /opt/airflow/dags/redshift-airflow-ingestion-dag.py
[2026-03-27T18:26:37.819+0000] {logging_mixin.py:188} INFO - [2026-03-27T18:26:37.818+0000] {dag.py:3089} INFO - Sync 1 DAGs
[2026-03-27T18:26:37.870+0000] {logging_mixin.py:188} INFO - [2026-03-27T18:26:37.870+0000] {dag.py:3947} INFO - Setting next_dagrun for s3_to_redshift_pipeline to 2026-03-27 18:24:00+00:00, run_after=2026-03-27 18:26:00+00:00
[2026-03-27T18:26:37.913+0000] {processor.py:183} INFO - Processing /opt/airflow/dags/redshift-airflow-ingestion-dag.py took 0.256 seconds
[2026-03-27T18:27:08.735+0000] {processor.py:161} INFO - Started process (PID=3556) to work on /opt/airflow/dags/redshift-airflow-ingestion-dag.py
[2026-03-27T18:27:08.737+0000] {processor.py:830} INFO - Processing file /opt/airflow/dags/redshift-airflow-ingestion-dag.py for tasks to queue
[2026-03-27T18:27:08.741+0000] {logging_mixin.py:188} INFO - [2026-03-27T18:27:08.740+0000] {dagbag.py:545} INFO - Filling up the DagBag from /opt/airflow/dags/redshift-airflow-ingestion-dag.py
[2026-03-27T18:27:08.788+0000] {processor.py:840} INFO - DAG(s) 's3_to_redshift_pipeline' retrieved from /opt/airflow/dags/redshift-airflow-ingestion-dag.py
[2026-03-27T18:27:08.840+0000] {logging_mixin.py:188} INFO - [2026-03-27T18:27:08.840+0000] {dag.py:3089} INFO - Sync 1 DAGs
[2026-03-27T18:27:08.887+0000] {logging_mixin.py:188} INFO - [2026-03-27T18:27:08.887+0000] {dag.py:3947} INFO - Setting next_dagrun for s3_to_redshift_pipeline to 2026-03-27 18:24:00+00:00, run_after=2026-03-27 18:26:00+00:00
[2026-03-27T18:27:08.928+0000] {processor.py:183} INFO - Processing /opt/airflow/dags/redshift-airflow-ingestion-dag.py took 0.205 seconds
[2026-03-27T18:27:39.260+0000] {processor.py:161} INFO - Started process (PID=4819) to work on /opt/airflow/dags/redshift-airflow-ingestion-dag.py
[2026-03-27T18:27:39.262+0000] {processor.py:830} INFO - Processing file /opt/airflow/dags/redshift-airflow-ingestion-dag.py for tasks to queue
[2026-03-27T18:27:39.267+0000] {logging_mixin.py:188} INFO - [2026-03-27T18:27:39.266+0000] {dagbag.py:545} INFO - Filling up the DagBag from /opt/airflow/dags/redshift-airflow-ingestion-dag.py
[2026-03-27T18:27:39.313+0000] {processor.py:840} INFO - DAG(s) 's3_to_redshift_pipeline' retrieved from /opt/airflow/dags/redshift-airflow-ingestion-dag.py
[2026-03-27T18:27:39.369+0000] {logging_mixin.py:188} INFO - [2026-03-27T18:27:39.368+0000] {dag.py:3089} INFO - Sync 1 DAGs
[2026-03-27T18:27:39.418+0000] {logging_mixin.py:188} INFO - [2026-03-27T18:27:39.418+0000] {dag.py:3947} INFO - Setting next_dagrun for s3_to_redshift_pipeline to 2026-03-27 18:24:00+00:00, run_after=2026-03-27 18:26:00+00:00
[2026-03-27T18:27:39.464+0000] {processor.py:183} INFO - Processing /opt/airflow/dags/redshift-airflow-ingestion-dag.py took 0.218 seconds
[2026-03-27T18:28:09.858+0000] {processor.py:161} INFO - Started process (PID=5502) to work on /opt/airflow/dags/redshift-airflow-ingestion-dag.py
[2026-03-27T18:28:09.860+0000] {processor.py:830} INFO - Processing file /opt/airflow/dags/redshift-airflow-ingestion-dag.py for tasks to queue
[2026-03-27T18:28:09.863+0000] {logging_mixin.py:188} INFO - [2026-03-27T18:28:09.862+0000] {dagbag.py:545} INFO - Filling up the DagBag from /opt/airflow/dags/redshift-airflow-ingestion-dag.py
[2026-03-27T18:28:09.920+0000] {processor.py:840} INFO - DAG(s) 's3_to_redshift_pipeline' retrieved from /opt/airflow/dags/redshift-airflow-ingestion-dag.py
[2026-03-27T18:28:09.975+0000] {logging_mixin.py:188} INFO - [2026-03-27T18:28:09.974+0000] {dag.py:3089} INFO - Sync 1 DAGs
[2026-03-27T18:28:10.027+0000] {logging_mixin.py:188} INFO - [2026-03-27T18:28:10.026+0000] {dag.py:3947} INFO - Setting next_dagrun for s3_to_redshift_pipeline to 2026-03-27 18:26:00+00:00, run_after=2026-03-27 18:28:00+00:00
[2026-03-27T18:28:10.088+0000] {processor.py:183} INFO - Processing /opt/airflow/dags/redshift-airflow-ingestion-dag.py took 0.241 seconds
[2026-03-27T18:28:40.293+0000] {processor.py:161} INFO - Started process (PID=5532) to work on /opt/airflow/dags/redshift-airflow-ingestion-dag.py
[2026-03-27T18:28:40.295+0000] {processor.py:830} INFO - Processing file /opt/airflow/dags/redshift-airflow-ingestion-dag.py for tasks to queue
[2026-03-27T18:28:40.299+0000] {logging_mixin.py:188} INFO - [2026-03-27T18:28:40.298+0000] {dagbag.py:545} INFO - Filling up the DagBag from /opt/airflow/dags/redshift-airflow-ingestion-dag.py
[2026-03-27T18:28:40.349+0000] {processor.py:840} INFO - DAG(s) 's3_to_redshift_pipeline' retrieved from /opt/airflow/dags/redshift-airflow-ingestion-dag.py
[2026-03-27T18:28:40.404+0000] {logging_mixin.py:188} INFO - [2026-03-27T18:28:40.404+0000] {dag.py:3089} INFO - Sync 1 DAGs
[2026-03-27T18:28:40.458+0000] {logging_mixin.py:188} INFO - [2026-03-27T18:28:40.458+0000] {dag.py:3947} INFO - Setting next_dagrun for s3_to_redshift_pipeline to 2026-03-27 18:26:00+00:00, run_after=2026-03-27 18:28:00+00:00
[2026-03-27T18:28:40.499+0000] {processor.py:183} INFO - Processing /opt/airflow/dags/redshift-airflow-ingestion-dag.py took 0.219 seconds
[2026-03-27T18:29:10.878+0000] {processor.py:161} INFO - Started process (PID=5585) to work on /opt/airflow/dags/redshift-airflow-ingestion-dag.py
[2026-03-27T18:29:10.881+0000] {processor.py:830} INFO - Processing file /opt/airflow/dags/redshift-airflow-ingestion-dag.py for tasks to queue
[2026-03-27T18:29:10.885+0000] {logging_mixin.py:188} INFO - [2026-03-27T18:29:10.884+0000] {dagbag.py:545} INFO - Filling up the DagBag from /opt/airflow/dags/redshift-airflow-ingestion-dag.py
[2026-03-27T18:29:10.931+0000] {processor.py:840} INFO - DAG(s) 's3_to_redshift_pipeline' retrieved from /opt/airflow/dags/redshift-airflow-ingestion-dag.py
[2026-03-27T18:29:10.984+0000] {logging_mixin.py:188} INFO - [2026-03-27T18:29:10.984+0000] {dag.py:3089} INFO - Sync 1 DAGs
[2026-03-27T18:29:11.031+0000] {logging_mixin.py:188} INFO - [2026-03-27T18:29:11.031+0000] {dag.py:3947} INFO - Setting next_dagrun for s3_to_redshift_pipeline to 2026-03-27 18:26:00+00:00, run_after=2026-03-27 18:28:00+00:00
[2026-03-27T18:29:11.078+0000] {processor.py:183} INFO - Processing /opt/airflow/dags/redshift-airflow-ingestion-dag.py took 0.212 seconds
[2026-03-27T18:29:41.348+0000] {processor.py:161} INFO - Started process (PID=5610) to work on /opt/airflow/dags/redshift-airflow-ingestion-dag.py
[2026-03-27T18:29:41.350+0000] {processor.py:830} INFO - Processing file /opt/airflow/dags/redshift-airflow-ingestion-dag.py for tasks to queue
[2026-03-27T18:29:41.354+0000] {logging_mixin.py:188} INFO - [2026-03-27T18:29:41.354+0000] {dagbag.py:545} INFO - Filling up the DagBag from /opt/airflow/dags/redshift-airflow-ingestion-dag.py
[2026-03-27T18:29:41.406+0000] {processor.py:840} INFO - DAG(s) 's3_to_redshift_pipeline' retrieved from /opt/airflow/dags/redshift-airflow-ingestion-dag.py
[2026-03-27T18:29:41.458+0000] {logging_mixin.py:188} INFO - [2026-03-27T18:29:41.457+0000] {dag.py:3089} INFO - Sync 1 DAGs
[2026-03-27T18:29:41.507+0000] {logging_mixin.py:188} INFO - [2026-03-27T18:29:41.507+0000] {dag.py:3947} INFO - Setting next_dagrun for s3_to_redshift_pipeline to 2026-03-27 18:26:00+00:00, run_after=2026-03-27 18:28:00+00:00
[2026-03-27T18:29:41.545+0000] {processor.py:183} INFO - Processing /opt/airflow/dags/redshift-airflow-ingestion-dag.py took 0.212 seconds
[2026-03-27T18:30:12.131+0000] {processor.py:161} INFO - Started process (PID=5635) to work on /opt/airflow/dags/redshift-airflow-ingestion-dag.py
[2026-03-27T18:30:12.136+0000] {processor.py:830} INFO - Processing file /opt/airflow/dags/redshift-airflow-ingestion-dag.py for tasks to queue
[2026-03-27T18:30:12.140+0000] {logging_mixin.py:188} INFO - [2026-03-27T18:30:12.139+0000] {dagbag.py:545} INFO - Filling up the DagBag from /opt/airflow/dags/redshift-airflow-ingestion-dag.py
[2026-03-27T18:30:12.193+0000] {processor.py:840} INFO - DAG(s) 's3_to_redshift_pipeline' retrieved from /opt/airflow/dags/redshift-airflow-ingestion-dag.py
[2026-03-27T18:30:12.257+0000] {logging_mixin.py:188} INFO - [2026-03-27T18:30:12.257+0000] {dag.py:3089} INFO - Sync 1 DAGs
[2026-03-27T18:30:12.317+0000] {logging_mixin.py:188} INFO - [2026-03-27T18:30:12.316+0000] {dag.py:3947} INFO - Setting next_dagrun for s3_to_redshift_pipeline to 2026-03-27 18:28:00+00:00, run_after=2026-03-27 18:30:00+00:00
[2026-03-27T18:30:12.365+0000] {processor.py:183} INFO - Processing /opt/airflow/dags/redshift-airflow-ingestion-dag.py took 0.248 seconds
[2026-03-27T18:30:42.607+0000] {processor.py:161} INFO - Started process (PID=5660) to work on /opt/airflow/dags/redshift-airflow-ingestion-dag.py
[2026-03-27T18:30:42.609+0000] {processor.py:830} INFO - Processing file /opt/airflow/dags/redshift-airflow-ingestion-dag.py for tasks to queue
[2026-03-27T18:30:42.614+0000] {logging_mixin.py:188} INFO - [2026-03-27T18:30:42.613+0000] {dagbag.py:545} INFO - Filling up the DagBag from /opt/airflow/dags/redshift-airflow-ingestion-dag.py
[2026-03-27T18:30:42.662+0000] {processor.py:840} INFO - DAG(s) 's3_to_redshift_pipeline' retrieved from /opt/airflow/dags/redshift-airflow-ingestion-dag.py
[2026-03-27T18:30:42.715+0000] {logging_mixin.py:188} INFO - [2026-03-27T18:30:42.715+0000] {dag.py:3089} INFO - Sync 1 DAGs
[2026-03-27T18:30:42.763+0000] {logging_mixin.py:188} INFO - [2026-03-27T18:30:42.762+0000] {dag.py:3947} INFO - Setting next_dagrun for s3_to_redshift_pipeline to 2026-03-27 18:28:00+00:00, run_after=2026-03-27 18:30:00+00:00
[2026-03-27T18:30:42.808+0000] {processor.py:183} INFO - Processing /opt/airflow/dags/redshift-airflow-ingestion-dag.py took 0.213 seconds
[2026-03-27T18:31:13.324+0000] {processor.py:161} INFO - Started process (PID=5685) to work on /opt/airflow/dags/redshift-airflow-ingestion-dag.py
[2026-03-27T18:31:13.327+0000] {processor.py:830} INFO - Processing file /opt/airflow/dags/redshift-airflow-ingestion-dag.py for tasks to queue
[2026-03-27T18:31:13.330+0000] {logging_mixin.py:188} INFO - [2026-03-27T18:31:13.330+0000] {dagbag.py:545} INFO - Filling up the DagBag from /opt/airflow/dags/redshift-airflow-ingestion-dag.py
[2026-03-27T18:31:13.382+0000] {processor.py:840} INFO - DAG(s) 's3_to_redshift_pipeline' retrieved from /opt/airflow/dags/redshift-airflow-ingestion-dag.py
[2026-03-27T18:31:13.454+0000] {logging_mixin.py:188} INFO - [2026-03-27T18:31:13.453+0000] {dag.py:3089} INFO - Sync 1 DAGs
[2026-03-27T18:31:13.532+0000] {logging_mixin.py:188} INFO - [2026-03-27T18:31:13.531+0000] {dag.py:3947} INFO - Setting next_dagrun for s3_to_redshift_pipeline to 2026-03-27 18:28:00+00:00, run_after=2026-03-27 18:30:00+00:00
[2026-03-27T18:31:13.573+0000] {processor.py:183} INFO - Processing /opt/airflow/dags/redshift-airflow-ingestion-dag.py took 0.263 seconds
[2026-03-27T18:31:44.058+0000] {processor.py:161} INFO - Started process (PID=6962) to work on /opt/airflow/dags/redshift-airflow-ingestion-dag.py
[2026-03-27T18:31:44.060+0000] {processor.py:830} INFO - Processing file /opt/airflow/dags/redshift-airflow-ingestion-dag.py for tasks to queue
[2026-03-27T18:31:44.065+0000] {logging_mixin.py:188} INFO - [2026-03-27T18:31:44.064+0000] {dagbag.py:545} INFO - Filling up the DagBag from /opt/airflow/dags/redshift-airflow-ingestion-dag.py
[2026-03-27T18:31:44.119+0000] {processor.py:840} INFO - DAG(s) 's3_to_redshift_pipeline' retrieved from /opt/airflow/dags/redshift-airflow-ingestion-dag.py
[2026-03-27T18:31:44.185+0000] {logging_mixin.py:188} INFO - [2026-03-27T18:31:44.185+0000] {dag.py:3089} INFO - Sync 1 DAGs
[2026-03-27T18:31:44.238+0000] {logging_mixin.py:188} INFO - [2026-03-27T18:31:44.238+0000] {dag.py:3947} INFO - Setting next_dagrun for s3_to_redshift_pipeline to 2026-03-27 18:28:00+00:00, run_after=2026-03-27 18:30:00+00:00
[2026-03-27T18:31:44.286+0000] {processor.py:183} INFO - Processing /opt/airflow/dags/redshift-airflow-ingestion-dag.py took 0.244 seconds
[2026-03-27T18:32:14.879+0000] {processor.py:161} INFO - Started process (PID=8113) to work on /opt/airflow/dags/redshift-airflow-ingestion-dag.py
[2026-03-27T18:32:14.882+0000] {processor.py:830} INFO - Processing file /opt/airflow/dags/redshift-airflow-ingestion-dag.py for tasks to queue
[2026-03-27T18:32:14.888+0000] {logging_mixin.py:188} INFO - [2026-03-27T18:32:14.887+0000] {dagbag.py:545} INFO - Filling up the DagBag from /opt/airflow/dags/redshift-airflow-ingestion-dag.py
[2026-03-27T18:32:14.950+0000] {processor.py:840} INFO - DAG(s) 's3_to_redshift_pipeline' retrieved from /opt/airflow/dags/redshift-airflow-ingestion-dag.py
[2026-03-27T18:32:15.035+0000] {logging_mixin.py:188} INFO - [2026-03-27T18:32:15.035+0000] {dag.py:3089} INFO - Sync 1 DAGs
[2026-03-27T18:32:15.089+0000] {logging_mixin.py:188} INFO - [2026-03-27T18:32:15.088+0000] {dag.py:3947} INFO - Setting next_dagrun for s3_to_redshift_pipeline to 2026-03-27 18:30:00+00:00, run_after=2026-03-27 18:32:00+00:00
[2026-03-27T18:32:15.135+0000] {processor.py:183} INFO - Processing /opt/airflow/dags/redshift-airflow-ingestion-dag.py took 0.273 seconds
[2026-03-27T18:32:45.791+0000] {processor.py:161} INFO - Started process (PID=8142) to work on /opt/airflow/dags/redshift-airflow-ingestion-dag.py
[2026-03-27T18:32:45.793+0000] {processor.py:830} INFO - Processing file /opt/airflow/dags/redshift-airflow-ingestion-dag.py for tasks to queue
[2026-03-27T18:32:45.797+0000] {logging_mixin.py:188} INFO - [2026-03-27T18:32:45.796+0000] {dagbag.py:545} INFO - Filling up the DagBag from /opt/airflow/dags/redshift-airflow-ingestion-dag.py
[2026-03-27T18:32:45.840+0000] {processor.py:840} INFO - DAG(s) 's3_to_redshift_pipeline' retrieved from /opt/airflow/dags/redshift-airflow-ingestion-dag.py
[2026-03-27T18:32:45.909+0000] {logging_mixin.py:188} INFO - [2026-03-27T18:32:45.908+0000] {dag.py:3089} INFO - Sync 1 DAGs
[2026-03-27T18:32:45.958+0000] {logging_mixin.py:188} INFO - [2026-03-27T18:32:45.958+0000] {dag.py:3947} INFO - Setting next_dagrun for s3_to_redshift_pipeline to 2026-03-27 18:30:00+00:00, run_after=2026-03-27 18:32:00+00:00
[2026-03-27T18:32:46.022+0000] {processor.py:183} INFO - Processing /opt/airflow/dags/redshift-airflow-ingestion-dag.py took 0.242 seconds
[2026-03-27T18:33:16.472+0000] {processor.py:161} INFO - Started process (PID=8167) to work on /opt/airflow/dags/redshift-airflow-ingestion-dag.py
[2026-03-27T18:33:16.475+0000] {processor.py:830} INFO - Processing file /opt/airflow/dags/redshift-airflow-ingestion-dag.py for tasks to queue
[2026-03-27T18:33:16.480+0000] {logging_mixin.py:188} INFO - [2026-03-27T18:33:16.480+0000] {dagbag.py:545} INFO - Filling up the DagBag from /opt/airflow/dags/redshift-airflow-ingestion-dag.py
[2026-03-27T18:33:16.556+0000] {processor.py:840} INFO - DAG(s) 's3_to_redshift_pipeline' retrieved from /opt/airflow/dags/redshift-airflow-ingestion-dag.py
[2026-03-27T18:33:16.616+0000] {logging_mixin.py:188} INFO - [2026-03-27T18:33:16.616+0000] {dag.py:3089} INFO - Sync 1 DAGs
[2026-03-27T18:33:16.674+0000] {logging_mixin.py:188} INFO - [2026-03-27T18:33:16.674+0000] {dag.py:3947} INFO - Setting next_dagrun for s3_to_redshift_pipeline to 2026-03-27 18:30:00+00:00, run_after=2026-03-27 18:32:00+00:00
[2026-03-27T18:33:16.723+0000] {processor.py:183} INFO - Processing /opt/airflow/dags/redshift-airflow-ingestion-dag.py took 0.269 seconds
[2026-03-27T18:33:46.861+0000] {processor.py:161} INFO - Started process (PID=8192) to work on /opt/airflow/dags/redshift-airflow-ingestion-dag.py
[2026-03-27T18:33:46.863+0000] {processor.py:830} INFO - Processing file /opt/airflow/dags/redshift-airflow-ingestion-dag.py for tasks to queue
[2026-03-27T18:33:46.867+0000] {logging_mixin.py:188} INFO - [2026-03-27T18:33:46.867+0000] {dagbag.py:545} INFO - Filling up the DagBag from /opt/airflow/dags/redshift-airflow-ingestion-dag.py
[2026-03-27T18:33:46.916+0000] {processor.py:840} INFO - DAG(s) 's3_to_redshift_pipeline' retrieved from /opt/airflow/dags/redshift-airflow-ingestion-dag.py
[2026-03-27T18:33:46.969+0000] {logging_mixin.py:188} INFO - [2026-03-27T18:33:46.969+0000] {dag.py:3089} INFO - Sync 1 DAGs
[2026-03-27T18:33:47.018+0000] {logging_mixin.py:188} INFO - [2026-03-27T18:33:47.018+0000] {dag.py:3947} INFO - Setting next_dagrun for s3_to_redshift_pipeline to 2026-03-27 18:30:00+00:00, run_after=2026-03-27 18:32:00+00:00
[2026-03-27T18:33:47.057+0000] {processor.py:183} INFO - Processing /opt/airflow/dags/redshift-airflow-ingestion-dag.py took 0.211 seconds
[2026-03-27T18:34:18.062+0000] {processor.py:161} INFO - Started process (PID=8217) to work on /opt/airflow/dags/redshift-airflow-ingestion-dag.py
[2026-03-27T18:34:18.064+0000] {processor.py:830} INFO - Processing file /opt/airflow/dags/redshift-airflow-ingestion-dag.py for tasks to queue
[2026-03-27T18:34:18.069+0000] {logging_mixin.py:188} INFO - [2026-03-27T18:34:18.068+0000] {dagbag.py:545} INFO - Filling up the DagBag from /opt/airflow/dags/redshift-airflow-ingestion-dag.py
[2026-03-27T18:34:18.127+0000] {processor.py:840} INFO - DAG(s) 's3_to_redshift_pipeline' retrieved from /opt/airflow/dags/redshift-airflow-ingestion-dag.py
[2026-03-27T18:34:18.188+0000] {logging_mixin.py:188} INFO - [2026-03-27T18:34:18.187+0000] {dag.py:3089} INFO - Sync 1 DAGs
[2026-03-27T18:34:18.234+0000] {logging_mixin.py:188} INFO - [2026-03-27T18:34:18.234+0000] {dag.py:3947} INFO - Setting next_dagrun for s3_to_redshift_pipeline to 2026-03-27 18:32:00+00:00, run_after=2026-03-27 18:34:00+00:00
[2026-03-27T18:34:18.277+0000] {processor.py:183} INFO - Processing /opt/airflow/dags/redshift-airflow-ingestion-dag.py took 0.228 seconds
[2026-03-27T18:34:48.695+0000] {processor.py:161} INFO - Started process (PID=8242) to work on /opt/airflow/dags/redshift-airflow-ingestion-dag.py
[2026-03-27T18:34:48.700+0000] {processor.py:830} INFO - Processing file /opt/airflow/dags/redshift-airflow-ingestion-dag.py for tasks to queue
[2026-03-27T18:34:48.710+0000] {logging_mixin.py:188} INFO - [2026-03-27T18:34:48.708+0000] {dagbag.py:545} INFO - Filling up the DagBag from /opt/airflow/dags/redshift-airflow-ingestion-dag.py
[2026-03-27T18:34:48.817+0000] {processor.py:840} INFO - DAG(s) 's3_to_redshift_pipeline' retrieved from /opt/airflow/dags/redshift-airflow-ingestion-dag.py
[2026-03-27T18:34:48.870+0000] {logging_mixin.py:188} INFO - [2026-03-27T18:34:48.870+0000] {dag.py:3089} INFO - Sync 1 DAGs
[2026-03-27T18:34:48.914+0000] {logging_mixin.py:188} INFO - [2026-03-27T18:34:48.914+0000] {dag.py:3947} INFO - Setting next_dagrun for s3_to_redshift_pipeline to 2026-03-27 18:32:00+00:00, run_after=2026-03-27 18:34:00+00:00
[2026-03-27T18:34:48.956+0000] {processor.py:183} INFO - Processing /opt/airflow/dags/redshift-airflow-ingestion-dag.py took 0.291 seconds
[2026-03-27T18:35:19.226+0000] {processor.py:161} INFO - Started process (PID=8274) to work on /opt/airflow/dags/redshift-airflow-ingestion-dag.py
[2026-03-27T18:35:19.228+0000] {processor.py:830} INFO - Processing file /opt/airflow/dags/redshift-airflow-ingestion-dag.py for tasks to queue
[2026-03-27T18:35:19.232+0000] {logging_mixin.py:188} INFO - [2026-03-27T18:35:19.231+0000] {dagbag.py:545} INFO - Filling up the DagBag from /opt/airflow/dags/redshift-airflow-ingestion-dag.py
[2026-03-27T18:35:19.276+0000] {processor.py:840} INFO - DAG(s) 's3_to_redshift_pipeline' retrieved from /opt/airflow/dags/redshift-airflow-ingestion-dag.py
[2026-03-27T18:35:19.332+0000] {logging_mixin.py:188} INFO - [2026-03-27T18:35:19.332+0000] {dag.py:3089} INFO - Sync 1 DAGs
[2026-03-27T18:35:19.379+0000] {logging_mixin.py:188} INFO - [2026-03-27T18:35:19.378+0000] {dag.py:3947} INFO - Setting next_dagrun for s3_to_redshift_pipeline to 2026-03-27 18:32:00+00:00, run_after=2026-03-27 18:34:00+00:00
[2026-03-27T18:35:19.441+0000] {processor.py:183} INFO - Processing /opt/airflow/dags/redshift-airflow-ingestion-dag.py took 0.226 seconds
[2026-03-27T18:35:49.771+0000] {processor.py:161} INFO - Started process (PID=9679) to work on /opt/airflow/dags/redshift-airflow-ingestion-dag.py
[2026-03-27T18:35:49.773+0000] {processor.py:830} INFO - Processing file /opt/airflow/dags/redshift-airflow-ingestion-dag.py for tasks to queue
[2026-03-27T18:35:49.781+0000] {logging_mixin.py:188} INFO - [2026-03-27T18:35:49.779+0000] {dagbag.py:545} INFO - Filling up the DagBag from /opt/airflow/dags/redshift-airflow-ingestion-dag.py
[2026-03-27T18:35:49.827+0000] {processor.py:840} INFO - DAG(s) 's3_to_redshift_pipeline' retrieved from /opt/airflow/dags/redshift-airflow-ingestion-dag.py
[2026-03-27T18:35:49.895+0000] {logging_mixin.py:188} INFO - [2026-03-27T18:35:49.894+0000] {dag.py:3089} INFO - Sync 1 DAGs
[2026-03-27T18:35:49.940+0000] {logging_mixin.py:188} INFO - [2026-03-27T18:35:49.940+0000] {dag.py:3947} INFO - Setting next_dagrun for s3_to_redshift_pipeline to 2026-03-27 18:32:00+00:00, run_after=2026-03-27 18:34:00+00:00
[2026-03-27T18:35:49.978+0000] {processor.py:183} INFO - Processing /opt/airflow/dags/redshift-airflow-ingestion-dag.py took 0.224 seconds
[2026-03-27T18:36:20.358+0000] {processor.py:161} INFO - Started process (PID=10169) to work on /opt/airflow/dags/redshift-airflow-ingestion-dag.py
[2026-03-27T18:36:20.361+0000] {processor.py:830} INFO - Processing file /opt/airflow/dags/redshift-airflow-ingestion-dag.py for tasks to queue
[2026-03-27T18:36:20.368+0000] {logging_mixin.py:188} INFO - [2026-03-27T18:36:20.367+0000] {dagbag.py:545} INFO - Filling up the DagBag from /opt/airflow/dags/redshift-airflow-ingestion-dag.py
[2026-03-27T18:36:20.443+0000] {processor.py:840} INFO - DAG(s) 's3_to_redshift_pipeline' retrieved from /opt/airflow/dags/redshift-airflow-ingestion-dag.py
[2026-03-27T18:36:20.536+0000] {logging_mixin.py:188} INFO - [2026-03-27T18:36:20.535+0000] {dag.py:3089} INFO - Sync 1 DAGs
[2026-03-27T18:36:20.586+0000] {logging_mixin.py:188} INFO - [2026-03-27T18:36:20.586+0000] {dag.py:3947} INFO - Setting next_dagrun for s3_to_redshift_pipeline to 2026-03-27 18:34:00+00:00, run_after=2026-03-27 18:36:00+00:00
[2026-03-27T18:36:20.627+0000] {processor.py:183} INFO - Processing /opt/airflow/dags/redshift-airflow-ingestion-dag.py took 0.303 seconds
[2026-03-27T18:36:50.881+0000] {processor.py:161} INFO - Started process (PID=10211) to work on /opt/airflow/dags/redshift-airflow-ingestion-dag.py
[2026-03-27T18:36:50.884+0000] {processor.py:830} INFO - Processing file /opt/airflow/dags/redshift-airflow-ingestion-dag.py for tasks to queue
[2026-03-27T18:36:50.891+0000] {logging_mixin.py:188} INFO - [2026-03-27T18:36:50.890+0000] {dagbag.py:545} INFO - Filling up the DagBag from /opt/airflow/dags/redshift-airflow-ingestion-dag.py
[2026-03-27T18:36:50.967+0000] {processor.py:840} INFO - DAG(s) 's3_to_redshift_pipeline' retrieved from /opt/airflow/dags/redshift-airflow-ingestion-dag.py
[2026-03-27T18:36:51.054+0000] {logging_mixin.py:188} INFO - [2026-03-27T18:36:51.053+0000] {dag.py:3089} INFO - Sync 1 DAGs
[2026-03-27T18:36:51.128+0000] {logging_mixin.py:188} INFO - [2026-03-27T18:36:51.127+0000] {dag.py:3947} INFO - Setting next_dagrun for s3_to_redshift_pipeline to 2026-03-27 18:34:00+00:00, run_after=2026-03-27 18:36:00+00:00
[2026-03-27T18:36:51.173+0000] {processor.py:183} INFO - Processing /opt/airflow/dags/redshift-airflow-ingestion-dag.py took 0.314 seconds
[2026-03-27T18:37:21.546+0000] {processor.py:161} INFO - Started process (PID=10236) to work on /opt/airflow/dags/redshift-airflow-ingestion-dag.py
[2026-03-27T18:37:21.548+0000] {processor.py:830} INFO - Processing file /opt/airflow/dags/redshift-airflow-ingestion-dag.py for tasks to queue
[2026-03-27T18:37:21.551+0000] {logging_mixin.py:188} INFO - [2026-03-27T18:37:21.551+0000] {dagbag.py:545} INFO - Filling up the DagBag from /opt/airflow/dags/redshift-airflow-ingestion-dag.py
[2026-03-27T18:37:21.596+0000] {processor.py:840} INFO - DAG(s) 's3_to_redshift_pipeline' retrieved from /opt/airflow/dags/redshift-airflow-ingestion-dag.py
[2026-03-27T18:37:21.646+0000] {logging_mixin.py:188} INFO - [2026-03-27T18:37:21.646+0000] {dag.py:3089} INFO - Sync 1 DAGs
[2026-03-27T18:37:21.694+0000] {logging_mixin.py:188} INFO - [2026-03-27T18:37:21.694+0000] {dag.py:3947} INFO - Setting next_dagrun for s3_to_redshift_pipeline to 2026-03-27 18:34:00+00:00, run_after=2026-03-27 18:36:00+00:00
[2026-03-27T18:37:21.745+0000] {processor.py:183} INFO - Processing /opt/airflow/dags/redshift-airflow-ingestion-dag.py took 0.212 seconds
[2026-03-27T18:37:51.961+0000] {processor.py:161} INFO - Started process (PID=10261) to work on /opt/airflow/dags/redshift-airflow-ingestion-dag.py
[2026-03-27T18:37:51.965+0000] {processor.py:830} INFO - Processing file /opt/airflow/dags/redshift-airflow-ingestion-dag.py for tasks to queue
[2026-03-27T18:37:51.971+0000] {logging_mixin.py:188} INFO - [2026-03-27T18:37:51.970+0000] {dagbag.py:545} INFO - Filling up the DagBag from /opt/airflow/dags/redshift-airflow-ingestion-dag.py
[2026-03-27T18:37:52.050+0000] {processor.py:840} INFO - DAG(s) 's3_to_redshift_pipeline' retrieved from /opt/airflow/dags/redshift-airflow-ingestion-dag.py
[2026-03-27T18:37:52.127+0000] {logging_mixin.py:188} INFO - [2026-03-27T18:37:52.127+0000] {dag.py:3089} INFO - Sync 1 DAGs
[2026-03-27T18:37:52.168+0000] {logging_mixin.py:188} INFO - [2026-03-27T18:37:52.168+0000] {dag.py:3947} INFO - Setting next_dagrun for s3_to_redshift_pipeline to 2026-03-27 18:34:00+00:00, run_after=2026-03-27 18:36:00+00:00
[2026-03-27T18:37:52.206+0000] {processor.py:183} INFO - Processing /opt/airflow/dags/redshift-airflow-ingestion-dag.py took 0.267 seconds
[2026-03-27T18:38:22.533+0000] {processor.py:161} INFO - Started process (PID=10286) to work on /opt/airflow/dags/redshift-airflow-ingestion-dag.py
[2026-03-27T18:38:22.536+0000] {processor.py:830} INFO - Processing file /opt/airflow/dags/redshift-airflow-ingestion-dag.py for tasks to queue
[2026-03-27T18:38:22.540+0000] {logging_mixin.py:188} INFO - [2026-03-27T18:38:22.540+0000] {dagbag.py:545} INFO - Filling up the DagBag from /opt/airflow/dags/redshift-airflow-ingestion-dag.py
[2026-03-27T18:38:22.589+0000] {processor.py:840} INFO - DAG(s) 's3_to_redshift_pipeline' retrieved from /opt/airflow/dags/redshift-airflow-ingestion-dag.py
[2026-03-27T18:38:22.642+0000] {logging_mixin.py:188} INFO - [2026-03-27T18:38:22.642+0000] {dag.py:3089} INFO - Sync 1 DAGs
[2026-03-27T18:38:22.689+0000] {logging_mixin.py:188} INFO - [2026-03-27T18:38:22.688+0000] {dag.py:3947} INFO - Setting next_dagrun for s3_to_redshift_pipeline to 2026-03-27 18:36:00+00:00, run_after=2026-03-27 18:38:00+00:00
[2026-03-27T18:38:22.734+0000] {processor.py:183} INFO - Processing /opt/airflow/dags/redshift-airflow-ingestion-dag.py took 0.213 seconds
[2026-03-27T18:38:52.976+0000] {processor.py:161} INFO - Started process (PID=10311) to work on /opt/airflow/dags/redshift-airflow-ingestion-dag.py
[2026-03-27T18:38:52.980+0000] {processor.py:830} INFO - Processing file /opt/airflow/dags/redshift-airflow-ingestion-dag.py for tasks to queue
[2026-03-27T18:38:52.985+0000] {logging_mixin.py:188} INFO - [2026-03-27T18:38:52.984+0000] {dagbag.py:545} INFO - Filling up the DagBag from /opt/airflow/dags/redshift-airflow-ingestion-dag.py
[2026-03-27T18:38:53.049+0000] {processor.py:840} INFO - DAG(s) 's3_to_redshift_pipeline' retrieved from /opt/airflow/dags/redshift-airflow-ingestion-dag.py
[2026-03-27T18:38:53.131+0000] {logging_mixin.py:188} INFO - [2026-03-27T18:38:53.130+0000] {dag.py:3089} INFO - Sync 1 DAGs
[2026-03-27T18:38:53.197+0000] {logging_mixin.py:188} INFO - [2026-03-27T18:38:53.197+0000] {dag.py:3947} INFO - Setting next_dagrun for s3_to_redshift_pipeline to 2026-03-27 18:36:00+00:00, run_after=2026-03-27 18:38:00+00:00
[2026-03-27T18:38:53.254+0000] {processor.py:183} INFO - Processing /opt/airflow/dags/redshift-airflow-ingestion-dag.py took 0.295 seconds
[2026-03-27T18:39:23.524+0000] {processor.py:161} INFO - Started process (PID=10485) to work on /opt/airflow/dags/redshift-airflow-ingestion-dag.py
[2026-03-27T18:39:23.526+0000] {processor.py:830} INFO - Processing file /opt/airflow/dags/redshift-airflow-ingestion-dag.py for tasks to queue
[2026-03-27T18:39:23.531+0000] {logging_mixin.py:188} INFO - [2026-03-27T18:39:23.530+0000] {dagbag.py:545} INFO - Filling up the DagBag from /opt/airflow/dags/redshift-airflow-ingestion-dag.py
[2026-03-27T18:39:23.575+0000] {processor.py:840} INFO - DAG(s) 's3_to_redshift_pipeline' retrieved from /opt/airflow/dags/redshift-airflow-ingestion-dag.py
[2026-03-27T18:39:23.629+0000] {logging_mixin.py:188} INFO - [2026-03-27T18:39:23.628+0000] {dag.py:3089} INFO - Sync 1 DAGs
[2026-03-27T18:39:23.676+0000] {logging_mixin.py:188} INFO - [2026-03-27T18:39:23.676+0000] {dag.py:3947} INFO - Setting next_dagrun for s3_to_redshift_pipeline to 2026-03-27 18:36:00+00:00, run_after=2026-03-27 18:38:00+00:00
[2026-03-27T18:39:23.736+0000] {processor.py:183} INFO - Processing /opt/airflow/dags/redshift-airflow-ingestion-dag.py took 0.226 seconds
[2026-03-27T18:39:54.104+0000] {processor.py:161} INFO - Started process (PID=12195) to work on /opt/airflow/dags/redshift-airflow-ingestion-dag.py
[2026-03-27T18:39:54.106+0000] {processor.py:830} INFO - Processing file /opt/airflow/dags/redshift-airflow-ingestion-dag.py for tasks to queue
[2026-03-27T18:39:54.111+0000] {logging_mixin.py:188} INFO - [2026-03-27T18:39:54.110+0000] {dagbag.py:545} INFO - Filling up the DagBag from /opt/airflow/dags/redshift-airflow-ingestion-dag.py
[2026-03-27T18:39:54.160+0000] {processor.py:840} INFO - DAG(s) 's3_to_redshift_pipeline' retrieved from /opt/airflow/dags/redshift-airflow-ingestion-dag.py
[2026-03-27T18:39:54.217+0000] {logging_mixin.py:188} INFO - [2026-03-27T18:39:54.216+0000] {dag.py:3089} INFO - Sync 1 DAGs
[2026-03-27T18:39:54.273+0000] {logging_mixin.py:188} INFO - [2026-03-27T18:39:54.272+0000] {dag.py:3947} INFO - Setting next_dagrun for s3_to_redshift_pipeline to 2026-03-27 18:36:00+00:00, run_after=2026-03-27 18:38:00+00:00
[2026-03-27T18:39:54.321+0000] {processor.py:183} INFO - Processing /opt/airflow/dags/redshift-airflow-ingestion-dag.py took 0.229 seconds
[2026-03-27T18:40:24.574+0000] {processor.py:161} INFO - Started process (PID=12240) to work on /opt/airflow/dags/redshift-airflow-ingestion-dag.py
[2026-03-27T18:40:24.577+0000] {processor.py:830} INFO - Processing file /opt/airflow/dags/redshift-airflow-ingestion-dag.py for tasks to queue
[2026-03-27T18:40:24.582+0000] {logging_mixin.py:188} INFO - [2026-03-27T18:40:24.581+0000] {dagbag.py:545} INFO - Filling up the DagBag from /opt/airflow/dags/redshift-airflow-ingestion-dag.py
[2026-03-27T18:40:24.630+0000] {processor.py:840} INFO - DAG(s) 's3_to_redshift_pipeline' retrieved from /opt/airflow/dags/redshift-airflow-ingestion-dag.py
[2026-03-27T18:40:24.687+0000] {logging_mixin.py:188} INFO - [2026-03-27T18:40:24.687+0000] {dag.py:3089} INFO - Sync 1 DAGs
[2026-03-27T18:40:24.732+0000] {logging_mixin.py:188} INFO - [2026-03-27T18:40:24.732+0000] {dag.py:3947} INFO - Setting next_dagrun for s3_to_redshift_pipeline to 2026-03-27 18:38:00+00:00, run_after=2026-03-27 18:40:00+00:00
[2026-03-27T18:40:24.820+0000] {processor.py:183} INFO - Processing /opt/airflow/dags/redshift-airflow-ingestion-dag.py took 0.262 seconds
[2026-03-27T18:40:55.064+0000] {processor.py:161} INFO - Started process (PID=12265) to work on /opt/airflow/dags/redshift-airflow-ingestion-dag.py
[2026-03-27T18:40:55.066+0000] {processor.py:830} INFO - Processing file /opt/airflow/dags/redshift-airflow-ingestion-dag.py for tasks to queue
[2026-03-27T18:40:55.070+0000] {logging_mixin.py:188} INFO - [2026-03-27T18:40:55.069+0000] {dagbag.py:545} INFO - Filling up the DagBag from /opt/airflow/dags/redshift-airflow-ingestion-dag.py
[2026-03-27T18:40:55.116+0000] {processor.py:840} INFO - DAG(s) 's3_to_redshift_pipeline' retrieved from /opt/airflow/dags/redshift-airflow-ingestion-dag.py
[2026-03-27T18:40:55.166+0000] {logging_mixin.py:188} INFO - [2026-03-27T18:40:55.165+0000] {dag.py:3089} INFO - Sync 1 DAGs
[2026-03-27T18:40:55.212+0000] {logging_mixin.py:188} INFO - [2026-03-27T18:40:55.211+0000] {dag.py:3947} INFO - Setting next_dagrun for s3_to_redshift_pipeline to 2026-03-27 18:38:00+00:00, run_after=2026-03-27 18:40:00+00:00
[2026-03-27T18:40:55.265+0000] {processor.py:183} INFO - Processing /opt/airflow/dags/redshift-airflow-ingestion-dag.py took 0.211 seconds
[2026-03-27T18:41:25.487+0000] {processor.py:161} INFO - Started process (PID=12290) to work on /opt/airflow/dags/redshift-airflow-ingestion-dag.py
[2026-03-27T18:41:25.490+0000] {processor.py:830} INFO - Processing file /opt/airflow/dags/redshift-airflow-ingestion-dag.py for tasks to queue
[2026-03-27T18:41:25.495+0000] {logging_mixin.py:188} INFO - [2026-03-27T18:41:25.494+0000] {dagbag.py:545} INFO - Filling up the DagBag from /opt/airflow/dags/redshift-airflow-ingestion-dag.py
[2026-03-27T18:41:25.540+0000] {processor.py:840} INFO - DAG(s) 's3_to_redshift_pipeline' retrieved from /opt/airflow/dags/redshift-airflow-ingestion-dag.py
[2026-03-27T18:41:25.591+0000] {logging_mixin.py:188} INFO - [2026-03-27T18:41:25.591+0000] {dag.py:3089} INFO - Sync 1 DAGs
[2026-03-27T18:41:25.641+0000] {logging_mixin.py:188} INFO - [2026-03-27T18:41:25.640+0000] {dag.py:3947} INFO - Setting next_dagrun for s3_to_redshift_pipeline to 2026-03-27 18:38:00+00:00, run_after=2026-03-27 18:40:00+00:00
[2026-03-27T18:41:25.678+0000] {processor.py:183} INFO - Processing /opt/airflow/dags/redshift-airflow-ingestion-dag.py took 0.202 seconds
[2026-03-27T18:41:55.932+0000] {processor.py:161} INFO - Started process (PID=12315) to work on /opt/airflow/dags/redshift-airflow-ingestion-dag.py
[2026-03-27T18:41:55.934+0000] {processor.py:830} INFO - Processing file /opt/airflow/dags/redshift-airflow-ingestion-dag.py for tasks to queue
[2026-03-27T18:41:55.938+0000] {logging_mixin.py:188} INFO - [2026-03-27T18:41:55.937+0000] {dagbag.py:545} INFO - Filling up the DagBag from /opt/airflow/dags/redshift-airflow-ingestion-dag.py
[2026-03-27T18:41:55.984+0000] {processor.py:840} INFO - DAG(s) 's3_to_redshift_pipeline' retrieved from /opt/airflow/dags/redshift-airflow-ingestion-dag.py
[2026-03-27T18:41:56.035+0000] {logging_mixin.py:188} INFO - [2026-03-27T18:41:56.034+0000] {dag.py:3089} INFO - Sync 1 DAGs
[2026-03-27T18:41:56.086+0000] {logging_mixin.py:188} INFO - [2026-03-27T18:41:56.085+0000] {dag.py:3947} INFO - Setting next_dagrun for s3_to_redshift_pipeline to 2026-03-27 18:38:00+00:00, run_after=2026-03-27 18:40:00+00:00
[2026-03-27T18:41:56.124+0000] {processor.py:183} INFO - Processing /opt/airflow/dags/redshift-airflow-ingestion-dag.py took 0.206 seconds
[2026-03-27T18:42:26.382+0000] {processor.py:161} INFO - Started process (PID=12340) to work on /opt/airflow/dags/redshift-airflow-ingestion-dag.py
[2026-03-27T18:42:26.385+0000] {processor.py:830} INFO - Processing file /opt/airflow/dags/redshift-airflow-ingestion-dag.py for tasks to queue
[2026-03-27T18:42:26.389+0000] {logging_mixin.py:188} INFO - [2026-03-27T18:42:26.388+0000] {dagbag.py:545} INFO - Filling up the DagBag from /opt/airflow/dags/redshift-airflow-ingestion-dag.py
[2026-03-27T18:42:26.443+0000] {processor.py:840} INFO - DAG(s) 's3_to_redshift_pipeline' retrieved from /opt/airflow/dags/redshift-airflow-ingestion-dag.py
[2026-03-27T18:42:26.511+0000] {logging_mixin.py:188} INFO - [2026-03-27T18:42:26.511+0000] {dag.py:3089} INFO - Sync 1 DAGs
[2026-03-27T18:42:26.571+0000] {logging_mixin.py:188} INFO - [2026-03-27T18:42:26.570+0000] {dag.py:3947} INFO - Setting next_dagrun for s3_to_redshift_pipeline to 2026-03-27 18:40:00+00:00, run_after=2026-03-27 18:42:00+00:00
[2026-03-27T18:42:26.632+0000] {processor.py:183} INFO - Processing /opt/airflow/dags/redshift-airflow-ingestion-dag.py took 0.262 seconds
[2026-03-27T18:42:57.033+0000] {processor.py:161} INFO - Started process (PID=12365) to work on /opt/airflow/dags/redshift-airflow-ingestion-dag.py
[2026-03-27T18:42:57.037+0000] {processor.py:830} INFO - Processing file /opt/airflow/dags/redshift-airflow-ingestion-dag.py for tasks to queue
[2026-03-27T18:42:57.042+0000] {logging_mixin.py:188} INFO - [2026-03-27T18:42:57.041+0000] {dagbag.py:545} INFO - Filling up the DagBag from /opt/airflow/dags/redshift-airflow-ingestion-dag.py
[2026-03-27T18:42:57.088+0000] {processor.py:840} INFO - DAG(s) 's3_to_redshift_pipeline' retrieved from /opt/airflow/dags/redshift-airflow-ingestion-dag.py
[2026-03-27T18:42:57.141+0000] {logging_mixin.py:188} INFO - [2026-03-27T18:42:57.141+0000] {dag.py:3089} INFO - Sync 1 DAGs
[2026-03-27T18:42:57.192+0000] {logging_mixin.py:188} INFO - [2026-03-27T18:42:57.192+0000] {dag.py:3947} INFO - Setting next_dagrun for s3_to_redshift_pipeline to 2026-03-27 18:40:00+00:00, run_after=2026-03-27 18:42:00+00:00
[2026-03-27T18:42:57.235+0000] {processor.py:183} INFO - Processing /opt/airflow/dags/redshift-airflow-ingestion-dag.py took 0.215 seconds
[2026-03-27T18:43:27.437+0000] {processor.py:161} INFO - Started process (PID=13241) to work on /opt/airflow/dags/redshift-airflow-ingestion-dag.py
[2026-03-27T18:43:27.440+0000] {processor.py:830} INFO - Processing file /opt/airflow/dags/redshift-airflow-ingestion-dag.py for tasks to queue
[2026-03-27T18:43:27.444+0000] {logging_mixin.py:188} INFO - [2026-03-27T18:43:27.444+0000] {dagbag.py:545} INFO - Filling up the DagBag from /opt/airflow/dags/redshift-airflow-ingestion-dag.py
[2026-03-27T18:43:27.492+0000] {processor.py:840} INFO - DAG(s) 's3_to_redshift_pipeline' retrieved from /opt/airflow/dags/redshift-airflow-ingestion-dag.py
[2026-03-27T18:43:27.549+0000] {logging_mixin.py:188} INFO - [2026-03-27T18:43:27.548+0000] {dag.py:3089} INFO - Sync 1 DAGs
[2026-03-27T18:43:27.602+0000] {logging_mixin.py:188} INFO - [2026-03-27T18:43:27.601+0000] {dag.py:3947} INFO - Setting next_dagrun for s3_to_redshift_pipeline to 2026-03-27 18:40:00+00:00, run_after=2026-03-27 18:42:00+00:00
[2026-03-27T18:43:27.644+0000] {processor.py:183} INFO - Processing /opt/airflow/dags/redshift-airflow-ingestion-dag.py took 0.224 seconds
[2026-03-27T18:43:58.223+0000] {processor.py:161} INFO - Started process (PID=14210) to work on /opt/airflow/dags/redshift-airflow-ingestion-dag.py
[2026-03-27T18:43:58.226+0000] {processor.py:830} INFO - Processing file /opt/airflow/dags/redshift-airflow-ingestion-dag.py for tasks to queue
[2026-03-27T18:43:58.233+0000] {logging_mixin.py:188} INFO - [2026-03-27T18:43:58.232+0000] {dagbag.py:545} INFO - Filling up the DagBag from /opt/airflow/dags/redshift-airflow-ingestion-dag.py
[2026-03-27T18:43:58.311+0000] {processor.py:840} INFO - DAG(s) 's3_to_redshift_pipeline' retrieved from /opt/airflow/dags/redshift-airflow-ingestion-dag.py
[2026-03-27T18:43:58.402+0000] {logging_mixin.py:188} INFO - [2026-03-27T18:43:58.401+0000] {dag.py:3089} INFO - Sync 1 DAGs
[2026-03-27T18:43:58.507+0000] {logging_mixin.py:188} INFO - [2026-03-27T18:43:58.506+0000] {dag.py:3947} INFO - Setting next_dagrun for s3_to_redshift_pipeline to 2026-03-27 18:40:00+00:00, run_after=2026-03-27 18:42:00+00:00
[2026-03-27T18:43:58.576+0000] {processor.py:183} INFO - Processing /opt/airflow/dags/redshift-airflow-ingestion-dag.py took 0.374 seconds
[2026-03-27T18:44:29.375+0000] {processor.py:161} INFO - Started process (PID=14261) to work on /opt/airflow/dags/redshift-airflow-ingestion-dag.py
[2026-03-27T18:44:29.381+0000] {processor.py:830} INFO - Processing file /opt/airflow/dags/redshift-airflow-ingestion-dag.py for tasks to queue
[2026-03-27T18:44:29.390+0000] {logging_mixin.py:188} INFO - [2026-03-27T18:44:29.388+0000] {dagbag.py:545} INFO - Filling up the DagBag from /opt/airflow/dags/redshift-airflow-ingestion-dag.py
[2026-03-27T18:44:29.489+0000] {processor.py:840} INFO - DAG(s) 's3_to_redshift_pipeline' retrieved from /opt/airflow/dags/redshift-airflow-ingestion-dag.py
[2026-03-27T18:44:29.606+0000] {logging_mixin.py:188} INFO - [2026-03-27T18:44:29.605+0000] {dag.py:3089} INFO - Sync 1 DAGs
[2026-03-27T18:44:29.724+0000] {logging_mixin.py:188} INFO - [2026-03-27T18:44:29.722+0000] {dag.py:3947} INFO - Setting next_dagrun for s3_to_redshift_pipeline to 2026-03-27 18:42:00+00:00, run_after=2026-03-27 18:44:00+00:00
[2026-03-27T18:44:29.813+0000] {processor.py:183} INFO - Processing /opt/airflow/dags/redshift-airflow-ingestion-dag.py took 0.465 seconds
[2026-03-27T18:45:00.507+0000] {processor.py:161} INFO - Started process (PID=14288) to work on /opt/airflow/dags/redshift-airflow-ingestion-dag.py
[2026-03-27T18:45:00.511+0000] {processor.py:830} INFO - Processing file /opt/airflow/dags/redshift-airflow-ingestion-dag.py for tasks to queue
[2026-03-27T18:45:00.520+0000] {logging_mixin.py:188} INFO - [2026-03-27T18:45:00.518+0000] {dagbag.py:545} INFO - Filling up the DagBag from /opt/airflow/dags/redshift-airflow-ingestion-dag.py
[2026-03-27T18:45:00.624+0000] {processor.py:840} INFO - DAG(s) 's3_to_redshift_pipeline' retrieved from /opt/airflow/dags/redshift-airflow-ingestion-dag.py
[2026-03-27T18:45:00.734+0000] {logging_mixin.py:188} INFO - [2026-03-27T18:45:00.733+0000] {dag.py:3089} INFO - Sync 1 DAGs
[2026-03-27T18:45:00.848+0000] {logging_mixin.py:188} INFO - [2026-03-27T18:45:00.847+0000] {dag.py:3947} INFO - Setting next_dagrun for s3_to_redshift_pipeline to 2026-03-27 18:42:00+00:00, run_after=2026-03-27 18:44:00+00:00
[2026-03-27T18:45:00.924+0000] {processor.py:183} INFO - Processing /opt/airflow/dags/redshift-airflow-ingestion-dag.py took 0.449 seconds
[2026-03-27T18:45:31.183+0000] {processor.py:161} INFO - Started process (PID=14313) to work on /opt/airflow/dags/redshift-airflow-ingestion-dag.py
[2026-03-27T18:45:31.186+0000] {processor.py:830} INFO - Processing file /opt/airflow/dags/redshift-airflow-ingestion-dag.py for tasks to queue
[2026-03-27T18:45:31.193+0000] {logging_mixin.py:188} INFO - [2026-03-27T18:45:31.192+0000] {dagbag.py:545} INFO - Filling up the DagBag from /opt/airflow/dags/redshift-airflow-ingestion-dag.py
[2026-03-27T18:45:31.282+0000] {processor.py:840} INFO - DAG(s) 's3_to_redshift_pipeline' retrieved from /opt/airflow/dags/redshift-airflow-ingestion-dag.py
[2026-03-27T18:45:31.415+0000] {logging_mixin.py:188} INFO - [2026-03-27T18:45:31.413+0000] {dag.py:3089} INFO - Sync 1 DAGs
[2026-03-27T18:45:31.531+0000] {logging_mixin.py:188} INFO - [2026-03-27T18:45:31.530+0000] {dag.py:3947} INFO - Setting next_dagrun for s3_to_redshift_pipeline to 2026-03-27 18:42:00+00:00, run_after=2026-03-27 18:44:00+00:00
[2026-03-27T18:45:31.633+0000] {processor.py:183} INFO - Processing /opt/airflow/dags/redshift-airflow-ingestion-dag.py took 0.467 seconds
[2026-03-27T18:46:02.271+0000] {processor.py:161} INFO - Started process (PID=14336) to work on /opt/airflow/dags/redshift-airflow-ingestion-dag.py
[2026-03-27T18:46:02.276+0000] {processor.py:830} INFO - Processing file /opt/airflow/dags/redshift-airflow-ingestion-dag.py for tasks to queue
[2026-03-27T18:46:02.284+0000] {logging_mixin.py:188} INFO - [2026-03-27T18:46:02.282+0000] {dagbag.py:545} INFO - Filling up the DagBag from /opt/airflow/dags/redshift-airflow-ingestion-dag.py
[2026-03-27T18:46:02.382+0000] {processor.py:840} INFO - DAG(s) 's3_to_redshift_pipeline' retrieved from /opt/airflow/dags/redshift-airflow-ingestion-dag.py
[2026-03-27T18:46:02.515+0000] {logging_mixin.py:188} INFO - [2026-03-27T18:46:02.514+0000] {dag.py:3089} INFO - Sync 1 DAGs
[2026-03-27T18:46:02.635+0000] {logging_mixin.py:188} INFO - [2026-03-27T18:46:02.634+0000] {dag.py:3947} INFO - Setting next_dagrun for s3_to_redshift_pipeline to 2026-03-27 18:44:00+00:00, run_after=2026-03-27 18:46:00+00:00
[2026-03-27T18:46:02.697+0000] {processor.py:183} INFO - Processing /opt/airflow/dags/redshift-airflow-ingestion-dag.py took 0.455 seconds
[2026-03-27T18:46:33.462+0000] {processor.py:161} INFO - Started process (PID=14361) to work on /opt/airflow/dags/redshift-airflow-ingestion-dag.py
[2026-03-27T18:46:33.467+0000] {processor.py:830} INFO - Processing file /opt/airflow/dags/redshift-airflow-ingestion-dag.py for tasks to queue
[2026-03-27T18:46:33.473+0000] {logging_mixin.py:188} INFO - [2026-03-27T18:46:33.472+0000] {dagbag.py:545} INFO - Filling up the DagBag from /opt/airflow/dags/redshift-airflow-ingestion-dag.py
[2026-03-27T18:46:33.530+0000] {processor.py:840} INFO - DAG(s) 's3_to_redshift_pipeline' retrieved from /opt/airflow/dags/redshift-airflow-ingestion-dag.py
[2026-03-27T18:46:33.596+0000] {logging_mixin.py:188} INFO - [2026-03-27T18:46:33.596+0000] {dag.py:3089} INFO - Sync 1 DAGs
[2026-03-27T18:46:33.662+0000] {logging_mixin.py:188} INFO - [2026-03-27T18:46:33.662+0000] {dag.py:3947} INFO - Setting next_dagrun for s3_to_redshift_pipeline to 2026-03-27 18:44:00+00:00, run_after=2026-03-27 18:46:00+00:00
[2026-03-27T18:46:33.712+0000] {processor.py:183} INFO - Processing /opt/airflow/dags/redshift-airflow-ingestion-dag.py took 0.283 seconds
[2026-03-27T18:47:04.351+0000] {processor.py:161} INFO - Started process (PID=14386) to work on /opt/airflow/dags/redshift-airflow-ingestion-dag.py
[2026-03-27T18:47:04.354+0000] {processor.py:830} INFO - Processing file /opt/airflow/dags/redshift-airflow-ingestion-dag.py for tasks to queue
[2026-03-27T18:47:04.359+0000] {logging_mixin.py:188} INFO - [2026-03-27T18:47:04.358+0000] {dagbag.py:545} INFO - Filling up the DagBag from /opt/airflow/dags/redshift-airflow-ingestion-dag.py
[2026-03-27T18:47:04.417+0000] {processor.py:840} INFO - DAG(s) 's3_to_redshift_pipeline' retrieved from /opt/airflow/dags/redshift-airflow-ingestion-dag.py
[2026-03-27T18:47:04.485+0000] {logging_mixin.py:188} INFO - [2026-03-27T18:47:04.485+0000] {dag.py:3089} INFO - Sync 1 DAGs
[2026-03-27T18:47:04.535+0000] {logging_mixin.py:188} INFO - [2026-03-27T18:47:04.534+0000] {dag.py:3947} INFO - Setting next_dagrun for s3_to_redshift_pipeline to 2026-03-27 18:44:00+00:00, run_after=2026-03-27 18:46:00+00:00
[2026-03-27T18:47:04.604+0000] {processor.py:183} INFO - Processing /opt/airflow/dags/redshift-airflow-ingestion-dag.py took 0.269 seconds
[2026-03-27T18:47:35.350+0000] {processor.py:161} INFO - Started process (PID=15443) to work on /opt/airflow/dags/redshift-airflow-ingestion-dag.py
[2026-03-27T18:47:35.355+0000] {processor.py:830} INFO - Processing file /opt/airflow/dags/redshift-airflow-ingestion-dag.py for tasks to queue
[2026-03-27T18:47:35.361+0000] {logging_mixin.py:188} INFO - [2026-03-27T18:47:35.360+0000] {dagbag.py:545} INFO - Filling up the DagBag from /opt/airflow/dags/redshift-airflow-ingestion-dag.py
[2026-03-27T18:47:35.421+0000] {processor.py:840} INFO - DAG(s) 's3_to_redshift_pipeline' retrieved from /opt/airflow/dags/redshift-airflow-ingestion-dag.py
[2026-03-27T18:47:35.497+0000] {logging_mixin.py:188} INFO - [2026-03-27T18:47:35.497+0000] {dag.py:3089} INFO - Sync 1 DAGs
[2026-03-27T18:47:35.587+0000] {logging_mixin.py:188} INFO - [2026-03-27T18:47:35.586+0000] {dag.py:3947} INFO - Setting next_dagrun for s3_to_redshift_pipeline to 2026-03-27 18:44:00+00:00, run_after=2026-03-27 18:46:00+00:00
[2026-03-27T18:47:35.655+0000] {processor.py:183} INFO - Processing /opt/airflow/dags/redshift-airflow-ingestion-dag.py took 0.342 seconds
[2026-03-27T18:48:06.427+0000] {processor.py:161} INFO - Started process (PID=16006) to work on /opt/airflow/dags/redshift-airflow-ingestion-dag.py
[2026-03-27T18:48:06.433+0000] {processor.py:830} INFO - Processing file /opt/airflow/dags/redshift-airflow-ingestion-dag.py for tasks to queue
[2026-03-27T18:48:06.446+0000] {logging_mixin.py:188} INFO - [2026-03-27T18:48:06.444+0000] {dagbag.py:545} INFO - Filling up the DagBag from /opt/airflow/dags/redshift-airflow-ingestion-dag.py
[2026-03-27T18:48:06.577+0000] {processor.py:840} INFO - DAG(s) 's3_to_redshift_pipeline' retrieved from /opt/airflow/dags/redshift-airflow-ingestion-dag.py
[2026-03-27T18:48:06.654+0000] {logging_mixin.py:188} INFO - [2026-03-27T18:48:06.653+0000] {dag.py:3089} INFO - Sync 1 DAGs
[2026-03-27T18:48:06.698+0000] {logging_mixin.py:188} INFO - [2026-03-27T18:48:06.697+0000] {dag.py:3947} INFO - Setting next_dagrun for s3_to_redshift_pipeline to 2026-03-27 18:46:00+00:00, run_after=2026-03-27 18:48:00+00:00
[2026-03-27T18:48:06.757+0000] {processor.py:183} INFO - Processing /opt/airflow/dags/redshift-airflow-ingestion-dag.py took 0.363 seconds
[2026-03-27T18:48:37.516+0000] {processor.py:161} INFO - Started process (PID=16035) to work on /opt/airflow/dags/redshift-airflow-ingestion-dag.py
[2026-03-27T18:48:37.521+0000] {processor.py:830} INFO - Processing file /opt/airflow/dags/redshift-airflow-ingestion-dag.py for tasks to queue
[2026-03-27T18:48:37.531+0000] {logging_mixin.py:188} INFO - [2026-03-27T18:48:37.529+0000] {dagbag.py:545} INFO - Filling up the DagBag from /opt/airflow/dags/redshift-airflow-ingestion-dag.py
[2026-03-27T18:48:37.626+0000] {processor.py:840} INFO - DAG(s) 's3_to_redshift_pipeline' retrieved from /opt/airflow/dags/redshift-airflow-ingestion-dag.py
[2026-03-27T18:48:37.697+0000] {logging_mixin.py:188} INFO - [2026-03-27T18:48:37.697+0000] {dag.py:3089} INFO - Sync 1 DAGs
[2026-03-27T18:48:37.757+0000] {logging_mixin.py:188} INFO - [2026-03-27T18:48:37.757+0000] {dag.py:3947} INFO - Setting next_dagrun for s3_to_redshift_pipeline to 2026-03-27 18:46:00+00:00, run_after=2026-03-27 18:48:00+00:00
[2026-03-27T18:48:37.825+0000] {processor.py:183} INFO - Processing /opt/airflow/dags/redshift-airflow-ingestion-dag.py took 0.343 seconds
[2026-03-27T18:49:08.282+0000] {processor.py:161} INFO - Started process (PID=16060) to work on /opt/airflow/dags/redshift-airflow-ingestion-dag.py
[2026-03-27T18:49:08.287+0000] {processor.py:830} INFO - Processing file /opt/airflow/dags/redshift-airflow-ingestion-dag.py for tasks to queue
[2026-03-27T18:49:08.298+0000] {logging_mixin.py:188} INFO - [2026-03-27T18:49:08.296+0000] {dagbag.py:545} INFO - Filling up the DagBag from /opt/airflow/dags/redshift-airflow-ingestion-dag.py
[2026-03-27T18:49:08.398+0000] {processor.py:840} INFO - DAG(s) 's3_to_redshift_pipeline' retrieved from /opt/airflow/dags/redshift-airflow-ingestion-dag.py
[2026-03-27T18:49:08.522+0000] {logging_mixin.py:188} INFO - [2026-03-27T18:49:08.521+0000] {dag.py:3089} INFO - Sync 1 DAGs
[2026-03-27T18:49:08.636+0000] {logging_mixin.py:188} INFO - [2026-03-27T18:49:08.635+0000] {dag.py:3947} INFO - Setting next_dagrun for s3_to_redshift_pipeline to 2026-03-27 18:46:00+00:00, run_after=2026-03-27 18:48:00+00:00
[2026-03-27T18:49:08.726+0000] {processor.py:183} INFO - Processing /opt/airflow/dags/redshift-airflow-ingestion-dag.py took 0.474 seconds
[2026-03-27T18:49:39.021+0000] {processor.py:161} INFO - Started process (PID=16085) to work on /opt/airflow/dags/redshift-airflow-ingestion-dag.py
[2026-03-27T18:49:39.025+0000] {processor.py:830} INFO - Processing file /opt/airflow/dags/redshift-airflow-ingestion-dag.py for tasks to queue
[2026-03-27T18:49:39.032+0000] {logging_mixin.py:188} INFO - [2026-03-27T18:49:39.031+0000] {dagbag.py:545} INFO - Filling up the DagBag from /opt/airflow/dags/redshift-airflow-ingestion-dag.py
[2026-03-27T18:49:39.122+0000] {processor.py:840} INFO - DAG(s) 's3_to_redshift_pipeline' retrieved from /opt/airflow/dags/redshift-airflow-ingestion-dag.py
[2026-03-27T18:49:39.241+0000] {logging_mixin.py:188} INFO - [2026-03-27T18:49:39.240+0000] {dag.py:3089} INFO - Sync 1 DAGs
[2026-03-27T18:49:39.347+0000] {logging_mixin.py:188} INFO - [2026-03-27T18:49:39.346+0000] {dag.py:3947} INFO - Setting next_dagrun for s3_to_redshift_pipeline to 2026-03-27 18:46:00+00:00, run_after=2026-03-27 18:48:00+00:00
[2026-03-27T18:49:39.448+0000] {processor.py:183} INFO - Processing /opt/airflow/dags/redshift-airflow-ingestion-dag.py took 0.449 seconds
[2026-03-27T18:50:10.121+0000] {processor.py:161} INFO - Started process (PID=16112) to work on /opt/airflow/dags/redshift-airflow-ingestion-dag.py
[2026-03-27T18:50:10.124+0000] {processor.py:830} INFO - Processing file /opt/airflow/dags/redshift-airflow-ingestion-dag.py for tasks to queue
[2026-03-27T18:50:10.130+0000] {logging_mixin.py:188} INFO - [2026-03-27T18:50:10.129+0000] {dagbag.py:545} INFO - Filling up the DagBag from /opt/airflow/dags/redshift-airflow-ingestion-dag.py
[2026-03-27T18:50:10.205+0000] {processor.py:840} INFO - DAG(s) 's3_to_redshift_pipeline' retrieved from /opt/airflow/dags/redshift-airflow-ingestion-dag.py
[2026-03-27T18:50:10.299+0000] {logging_mixin.py:188} INFO - [2026-03-27T18:50:10.298+0000] {dag.py:3089} INFO - Sync 1 DAGs
[2026-03-27T18:50:10.374+0000] {logging_mixin.py:188} INFO - [2026-03-27T18:50:10.373+0000] {dag.py:3947} INFO - Setting next_dagrun for s3_to_redshift_pipeline to 2026-03-27 18:48:00+00:00, run_after=2026-03-27 18:50:00+00:00
[2026-03-27T18:50:10.435+0000] {processor.py:183} INFO - Processing /opt/airflow/dags/redshift-airflow-ingestion-dag.py took 0.336 seconds
[2026-03-27T18:50:41.159+0000] {processor.py:161} INFO - Started process (PID=16135) to work on /opt/airflow/dags/redshift-airflow-ingestion-dag.py
[2026-03-27T18:50:41.164+0000] {processor.py:830} INFO - Processing file /opt/airflow/dags/redshift-airflow-ingestion-dag.py for tasks to queue
[2026-03-27T18:50:41.173+0000] {logging_mixin.py:188} INFO - [2026-03-27T18:50:41.172+0000] {dagbag.py:545} INFO - Filling up the DagBag from /opt/airflow/dags/redshift-airflow-ingestion-dag.py
[2026-03-27T18:50:41.276+0000] {processor.py:840} INFO - DAG(s) 's3_to_redshift_pipeline' retrieved from /opt/airflow/dags/redshift-airflow-ingestion-dag.py
[2026-03-27T18:50:41.394+0000] {logging_mixin.py:188} INFO - [2026-03-27T18:50:41.393+0000] {dag.py:3089} INFO - Sync 1 DAGs
[2026-03-27T18:50:41.515+0000] {logging_mixin.py:188} INFO - [2026-03-27T18:50:41.515+0000] {dag.py:3947} INFO - Setting next_dagrun for s3_to_redshift_pipeline to 2026-03-27 18:48:00+00:00, run_after=2026-03-27 18:50:00+00:00
[2026-03-27T18:50:41.599+0000] {processor.py:183} INFO - Processing /opt/airflow/dags/redshift-airflow-ingestion-dag.py took 0.481 seconds
[2026-03-27T18:51:11.968+0000] {processor.py:161} INFO - Started process (PID=16293) to work on /opt/airflow/dags/redshift-airflow-ingestion-dag.py
[2026-03-27T18:51:11.971+0000] {processor.py:830} INFO - Processing file /opt/airflow/dags/redshift-airflow-ingestion-dag.py for tasks to queue
[2026-03-27T18:51:11.978+0000] {logging_mixin.py:188} INFO - [2026-03-27T18:51:11.976+0000] {dagbag.py:545} INFO - Filling up the DagBag from /opt/airflow/dags/redshift-airflow-ingestion-dag.py
[2026-03-27T18:51:12.022+0000] {processor.py:840} INFO - DAG(s) 's3_to_redshift_pipeline' retrieved from /opt/airflow/dags/redshift-airflow-ingestion-dag.py
[2026-03-27T18:51:12.077+0000] {logging_mixin.py:188} INFO - [2026-03-27T18:51:12.077+0000] {dag.py:3089} INFO - Sync 1 DAGs
[2026-03-27T18:51:12.125+0000] {logging_mixin.py:188} INFO - [2026-03-27T18:51:12.125+0000] {dag.py:3947} INFO - Setting next_dagrun for s3_to_redshift_pipeline to 2026-03-27 18:48:00+00:00, run_after=2026-03-27 18:50:00+00:00
[2026-03-27T18:51:12.166+0000] {processor.py:183} INFO - Processing /opt/airflow/dags/redshift-airflow-ingestion-dag.py took 0.232 seconds
[2026-03-27T18:51:42.800+0000] {processor.py:161} INFO - Started process (PID=17786) to work on /opt/airflow/dags/redshift-airflow-ingestion-dag.py
[2026-03-27T18:51:42.803+0000] {processor.py:830} INFO - Processing file /opt/airflow/dags/redshift-airflow-ingestion-dag.py for tasks to queue
[2026-03-27T18:51:42.809+0000] {logging_mixin.py:188} INFO - [2026-03-27T18:51:42.808+0000] {dagbag.py:545} INFO - Filling up the DagBag from /opt/airflow/dags/redshift-airflow-ingestion-dag.py
[2026-03-27T18:51:42.879+0000] {processor.py:840} INFO - DAG(s) 's3_to_redshift_pipeline' retrieved from /opt/airflow/dags/redshift-airflow-ingestion-dag.py
[2026-03-27T18:51:42.938+0000] {logging_mixin.py:188} INFO - [2026-03-27T18:51:42.937+0000] {dag.py:3089} INFO - Sync 1 DAGs
[2026-03-27T18:51:43.005+0000] {logging_mixin.py:188} INFO - [2026-03-27T18:51:43.005+0000] {dag.py:3947} INFO - Setting next_dagrun for s3_to_redshift_pipeline to 2026-03-27 18:48:00+00:00, run_after=2026-03-27 18:50:00+00:00
[2026-03-27T18:51:43.068+0000] {processor.py:183} INFO - Processing /opt/airflow/dags/redshift-airflow-ingestion-dag.py took 0.289 seconds
[2026-03-27T18:52:13.502+0000] {processor.py:161} INFO - Started process (PID=17906) to work on /opt/airflow/dags/redshift-airflow-ingestion-dag.py
[2026-03-27T18:52:13.507+0000] {processor.py:830} INFO - Processing file /opt/airflow/dags/redshift-airflow-ingestion-dag.py for tasks to queue
[2026-03-27T18:52:13.517+0000] {logging_mixin.py:188} INFO - [2026-03-27T18:52:13.514+0000] {dagbag.py:545} INFO - Filling up the DagBag from /opt/airflow/dags/redshift-airflow-ingestion-dag.py
[2026-03-27T18:52:13.637+0000] {processor.py:840} INFO - DAG(s) 's3_to_redshift_pipeline' retrieved from /opt/airflow/dags/redshift-airflow-ingestion-dag.py
[2026-03-27T18:52:13.772+0000] {logging_mixin.py:188} INFO - [2026-03-27T18:52:13.771+0000] {dag.py:3089} INFO - Sync 1 DAGs
[2026-03-27T18:52:13.902+0000] {logging_mixin.py:188} INFO - [2026-03-27T18:52:13.900+0000] {dag.py:3947} INFO - Setting next_dagrun for s3_to_redshift_pipeline to 2026-03-27 18:50:00+00:00, run_after=2026-03-27 18:52:00+00:00
[2026-03-27T18:52:14.013+0000] {processor.py:183} INFO - Processing /opt/airflow/dags/redshift-airflow-ingestion-dag.py took 0.540 seconds
[2026-03-27T18:52:44.773+0000] {processor.py:161} INFO - Started process (PID=17931) to work on /opt/airflow/dags/redshift-airflow-ingestion-dag.py
[2026-03-27T18:52:44.774+0000] {processor.py:830} INFO - Processing file /opt/airflow/dags/redshift-airflow-ingestion-dag.py for tasks to queue
[2026-03-27T18:52:44.778+0000] {logging_mixin.py:188} INFO - [2026-03-27T18:52:44.778+0000] {dagbag.py:545} INFO - Filling up the DagBag from /opt/airflow/dags/redshift-airflow-ingestion-dag.py
[2026-03-27T18:52:44.828+0000] {processor.py:840} INFO - DAG(s) 's3_to_redshift_pipeline' retrieved from /opt/airflow/dags/redshift-airflow-ingestion-dag.py
[2026-03-27T18:52:44.935+0000] {logging_mixin.py:188} INFO - [2026-03-27T18:52:44.934+0000] {dag.py:3089} INFO - Sync 1 DAGs
[2026-03-27T18:52:45.035+0000] {logging_mixin.py:188} INFO - [2026-03-27T18:52:45.035+0000] {dag.py:3947} INFO - Setting next_dagrun for s3_to_redshift_pipeline to 2026-03-27 18:50:00+00:00, run_after=2026-03-27 18:52:00+00:00
[2026-03-27T18:52:45.118+0000] {processor.py:183} INFO - Processing /opt/airflow/dags/redshift-airflow-ingestion-dag.py took 0.356 seconds
[2026-03-27T18:53:15.914+0000] {processor.py:161} INFO - Started process (PID=17956) to work on /opt/airflow/dags/redshift-airflow-ingestion-dag.py
[2026-03-27T18:53:15.919+0000] {processor.py:830} INFO - Processing file /opt/airflow/dags/redshift-airflow-ingestion-dag.py for tasks to queue
[2026-03-27T18:53:15.930+0000] {logging_mixin.py:188} INFO - [2026-03-27T18:53:15.928+0000] {dagbag.py:545} INFO - Filling up the DagBag from /opt/airflow/dags/redshift-airflow-ingestion-dag.py
[2026-03-27T18:53:16.043+0000] {processor.py:840} INFO - DAG(s) 's3_to_redshift_pipeline' retrieved from /opt/airflow/dags/redshift-airflow-ingestion-dag.py
[2026-03-27T18:53:16.185+0000] {logging_mixin.py:188} INFO - [2026-03-27T18:53:16.184+0000] {dag.py:3089} INFO - Sync 1 DAGs
[2026-03-27T18:53:16.320+0000] {logging_mixin.py:188} INFO - [2026-03-27T18:53:16.319+0000] {dag.py:3947} INFO - Setting next_dagrun for s3_to_redshift_pipeline to 2026-03-27 18:50:00+00:00, run_after=2026-03-27 18:52:00+00:00
[2026-03-27T18:53:16.416+0000] {processor.py:183} INFO - Processing /opt/airflow/dags/redshift-airflow-ingestion-dag.py took 0.535 seconds
[2026-03-27T18:53:47.324+0000] {processor.py:161} INFO - Started process (PID=17981) to work on /opt/airflow/dags/redshift-airflow-ingestion-dag.py
[2026-03-27T18:53:47.328+0000] {processor.py:830} INFO - Processing file /opt/airflow/dags/redshift-airflow-ingestion-dag.py for tasks to queue
[2026-03-27T18:53:47.337+0000] {logging_mixin.py:188} INFO - [2026-03-27T18:53:47.335+0000] {dagbag.py:545} INFO - Filling up the DagBag from /opt/airflow/dags/redshift-airflow-ingestion-dag.py
[2026-03-27T18:53:47.400+0000] {processor.py:840} INFO - DAG(s) 's3_to_redshift_pipeline' retrieved from /opt/airflow/dags/redshift-airflow-ingestion-dag.py
[2026-03-27T18:53:47.459+0000] {logging_mixin.py:188} INFO - [2026-03-27T18:53:47.459+0000] {dag.py:3089} INFO - Sync 1 DAGs
[2026-03-27T18:53:47.532+0000] {logging_mixin.py:188} INFO - [2026-03-27T18:53:47.532+0000] {dag.py:3947} INFO - Setting next_dagrun for s3_to_redshift_pipeline to 2026-03-27 18:50:00+00:00, run_after=2026-03-27 18:52:00+00:00
[2026-03-27T18:53:47.578+0000] {processor.py:183} INFO - Processing /opt/airflow/dags/redshift-airflow-ingestion-dag.py took 0.274 seconds
[2026-03-27T18:54:18.320+0000] {processor.py:161} INFO - Started process (PID=18006) to work on /opt/airflow/dags/redshift-airflow-ingestion-dag.py
[2026-03-27T18:54:18.322+0000] {processor.py:830} INFO - Processing file /opt/airflow/dags/redshift-airflow-ingestion-dag.py for tasks to queue
[2026-03-27T18:54:18.326+0000] {logging_mixin.py:188} INFO - [2026-03-27T18:54:18.326+0000] {dagbag.py:545} INFO - Filling up the DagBag from /opt/airflow/dags/redshift-airflow-ingestion-dag.py
[2026-03-27T18:54:18.371+0000] {processor.py:840} INFO - DAG(s) 's3_to_redshift_pipeline' retrieved from /opt/airflow/dags/redshift-airflow-ingestion-dag.py
[2026-03-27T18:54:18.419+0000] {logging_mixin.py:188} INFO - [2026-03-27T18:54:18.418+0000] {dag.py:3089} INFO - Sync 1 DAGs
[2026-03-27T18:54:18.469+0000] {logging_mixin.py:188} INFO - [2026-03-27T18:54:18.469+0000] {dag.py:3947} INFO - Setting next_dagrun for s3_to_redshift_pipeline to 2026-03-27 18:52:00+00:00, run_after=2026-03-27 18:54:00+00:00
[2026-03-27T18:54:18.522+0000] {processor.py:183} INFO - Processing /opt/airflow/dags/redshift-airflow-ingestion-dag.py took 0.214 seconds
[2026-03-27T18:54:48.802+0000] {processor.py:161} INFO - Started process (PID=18031) to work on /opt/airflow/dags/redshift-airflow-ingestion-dag.py
[2026-03-27T18:54:48.807+0000] {processor.py:830} INFO - Processing file /opt/airflow/dags/redshift-airflow-ingestion-dag.py for tasks to queue
[2026-03-27T18:54:48.817+0000] {logging_mixin.py:188} INFO - [2026-03-27T18:54:48.815+0000] {dagbag.py:545} INFO - Filling up the DagBag from /opt/airflow/dags/redshift-airflow-ingestion-dag.py
[2026-03-27T18:54:48.947+0000] {processor.py:840} INFO - DAG(s) 's3_to_redshift_pipeline' retrieved from /opt/airflow/dags/redshift-airflow-ingestion-dag.py
[2026-03-27T18:54:49.051+0000] {logging_mixin.py:188} INFO - [2026-03-27T18:54:49.051+0000] {dag.py:3089} INFO - Sync 1 DAGs
[2026-03-27T18:54:49.109+0000] {logging_mixin.py:188} INFO - [2026-03-27T18:54:49.108+0000] {dag.py:3947} INFO - Setting next_dagrun for s3_to_redshift_pipeline to 2026-03-27 18:52:00+00:00, run_after=2026-03-27 18:54:00+00:00
[2026-03-27T18:54:49.147+0000] {processor.py:183} INFO - Processing /opt/airflow/dags/redshift-airflow-ingestion-dag.py took 0.378 seconds
[2026-03-27T18:55:19.665+0000] {processor.py:161} INFO - Started process (PID=18740) to work on /opt/airflow/dags/redshift-airflow-ingestion-dag.py
[2026-03-27T18:55:19.669+0000] {processor.py:830} INFO - Processing file /opt/airflow/dags/redshift-airflow-ingestion-dag.py for tasks to queue
[2026-03-27T18:55:19.679+0000] {logging_mixin.py:188} INFO - [2026-03-27T18:55:19.677+0000] {dagbag.py:545} INFO - Filling up the DagBag from /opt/airflow/dags/redshift-airflow-ingestion-dag.py
[2026-03-27T18:55:19.769+0000] {processor.py:840} INFO - DAG(s) 's3_to_redshift_pipeline' retrieved from /opt/airflow/dags/redshift-airflow-ingestion-dag.py
[2026-03-27T18:55:19.870+0000] {logging_mixin.py:188} INFO - [2026-03-27T18:55:19.870+0000] {dag.py:3089} INFO - Sync 1 DAGs
[2026-03-27T18:55:19.924+0000] {logging_mixin.py:188} INFO - [2026-03-27T18:55:19.924+0000] {dag.py:3947} INFO - Setting next_dagrun for s3_to_redshift_pipeline to 2026-03-27 18:52:00+00:00, run_after=2026-03-27 18:54:00+00:00
[2026-03-27T18:55:19.965+0000] {processor.py:183} INFO - Processing /opt/airflow/dags/redshift-airflow-ingestion-dag.py took 0.332 seconds
[2026-03-27T18:55:50.469+0000] {processor.py:161} INFO - Started process (PID=19725) to work on /opt/airflow/dags/redshift-airflow-ingestion-dag.py
[2026-03-27T18:55:50.476+0000] {processor.py:830} INFO - Processing file /opt/airflow/dags/redshift-airflow-ingestion-dag.py for tasks to queue
[2026-03-27T18:55:50.486+0000] {logging_mixin.py:188} INFO - [2026-03-27T18:55:50.485+0000] {dagbag.py:545} INFO - Filling up the DagBag from /opt/airflow/dags/redshift-airflow-ingestion-dag.py
[2026-03-27T18:55:50.595+0000] {processor.py:840} INFO - DAG(s) 's3_to_redshift_pipeline' retrieved from /opt/airflow/dags/redshift-airflow-ingestion-dag.py
[2026-03-27T18:55:50.664+0000] {logging_mixin.py:188} INFO - [2026-03-27T18:55:50.663+0000] {dag.py:3089} INFO - Sync 1 DAGs
[2026-03-27T18:55:50.719+0000] {logging_mixin.py:188} INFO - [2026-03-27T18:55:50.719+0000] {dag.py:3947} INFO - Setting next_dagrun for s3_to_redshift_pipeline to 2026-03-27 18:52:00+00:00, run_after=2026-03-27 18:54:00+00:00
[2026-03-27T18:55:50.761+0000] {processor.py:183} INFO - Processing /opt/airflow/dags/redshift-airflow-ingestion-dag.py took 0.336 seconds
[2026-03-27T18:56:21.609+0000] {processor.py:161} INFO - Started process (PID=19762) to work on /opt/airflow/dags/redshift-airflow-ingestion-dag.py
[2026-03-27T18:56:21.613+0000] {processor.py:830} INFO - Processing file /opt/airflow/dags/redshift-airflow-ingestion-dag.py for tasks to queue
[2026-03-27T18:56:21.623+0000] {logging_mixin.py:188} INFO - [2026-03-27T18:56:21.620+0000] {dagbag.py:545} INFO - Filling up the DagBag from /opt/airflow/dags/redshift-airflow-ingestion-dag.py
[2026-03-27T18:56:21.717+0000] {processor.py:840} INFO - DAG(s) 's3_to_redshift_pipeline' retrieved from /opt/airflow/dags/redshift-airflow-ingestion-dag.py
[2026-03-27T18:56:21.840+0000] {logging_mixin.py:188} INFO - [2026-03-27T18:56:21.839+0000] {dag.py:3089} INFO - Sync 1 DAGs
[2026-03-27T18:56:21.925+0000] {logging_mixin.py:188} INFO - [2026-03-27T18:56:21.925+0000] {dag.py:3947} INFO - Setting next_dagrun for s3_to_redshift_pipeline to 2026-03-27 18:54:00+00:00, run_after=2026-03-27 18:56:00+00:00
[2026-03-27T18:56:21.985+0000] {processor.py:183} INFO - Processing /opt/airflow/dags/redshift-airflow-ingestion-dag.py took 0.404 seconds
[2026-03-27T18:56:52.859+0000] {processor.py:161} INFO - Started process (PID=19787) to work on /opt/airflow/dags/redshift-airflow-ingestion-dag.py
[2026-03-27T18:56:52.861+0000] {processor.py:830} INFO - Processing file /opt/airflow/dags/redshift-airflow-ingestion-dag.py for tasks to queue
[2026-03-27T18:56:52.865+0000] {logging_mixin.py:188} INFO - [2026-03-27T18:56:52.864+0000] {dagbag.py:545} INFO - Filling up the DagBag from /opt/airflow/dags/redshift-airflow-ingestion-dag.py
[2026-03-27T18:56:52.898+0000] {processor.py:840} INFO - DAG(s) 's3_to_redshift_pipeline' retrieved from /opt/airflow/dags/redshift-airflow-ingestion-dag.py
[2026-03-27T18:56:52.953+0000] {logging_mixin.py:188} INFO - [2026-03-27T18:56:52.953+0000] {dag.py:3089} INFO - Sync 1 DAGs
[2026-03-27T18:56:53.004+0000] {logging_mixin.py:188} INFO - [2026-03-27T18:56:53.003+0000] {dag.py:3947} INFO - Setting next_dagrun for s3_to_redshift_pipeline to 2026-03-27 18:54:00+00:00, run_after=2026-03-27 18:56:00+00:00
[2026-03-27T18:56:53.046+0000] {processor.py:183} INFO - Processing /opt/airflow/dags/redshift-airflow-ingestion-dag.py took 0.199 seconds
[2026-03-27T18:57:23.724+0000] {processor.py:161} INFO - Started process (PID=19812) to work on /opt/airflow/dags/redshift-airflow-ingestion-dag.py
[2026-03-27T18:57:23.728+0000] {processor.py:830} INFO - Processing file /opt/airflow/dags/redshift-airflow-ingestion-dag.py for tasks to queue
[2026-03-27T18:57:23.738+0000] {logging_mixin.py:188} INFO - [2026-03-27T18:57:23.736+0000] {dagbag.py:545} INFO - Filling up the DagBag from /opt/airflow/dags/redshift-airflow-ingestion-dag.py
[2026-03-27T18:57:23.870+0000] {processor.py:840} INFO - DAG(s) 's3_to_redshift_pipeline' retrieved from /opt/airflow/dags/redshift-airflow-ingestion-dag.py
[2026-03-27T18:57:23.972+0000] {logging_mixin.py:188} INFO - [2026-03-27T18:57:23.971+0000] {dag.py:3089} INFO - Sync 1 DAGs
[2026-03-27T18:57:24.058+0000] {logging_mixin.py:188} INFO - [2026-03-27T18:57:24.058+0000] {dag.py:3947} INFO - Setting next_dagrun for s3_to_redshift_pipeline to 2026-03-27 18:54:00+00:00, run_after=2026-03-27 18:56:00+00:00
[2026-03-27T18:57:24.128+0000] {processor.py:183} INFO - Processing /opt/airflow/dags/redshift-airflow-ingestion-dag.py took 0.438 seconds
[2026-03-27T18:57:54.447+0000] {processor.py:161} INFO - Started process (PID=19837) to work on /opt/airflow/dags/redshift-airflow-ingestion-dag.py
[2026-03-27T18:57:54.450+0000] {processor.py:830} INFO - Processing file /opt/airflow/dags/redshift-airflow-ingestion-dag.py for tasks to queue
[2026-03-27T18:57:54.460+0000] {logging_mixin.py:188} INFO - [2026-03-27T18:57:54.458+0000] {dagbag.py:545} INFO - Filling up the DagBag from /opt/airflow/dags/redshift-airflow-ingestion-dag.py
[2026-03-27T18:57:54.574+0000] {processor.py:840} INFO - DAG(s) 's3_to_redshift_pipeline' retrieved from /opt/airflow/dags/redshift-airflow-ingestion-dag.py
[2026-03-27T18:57:54.716+0000] {logging_mixin.py:188} INFO - [2026-03-27T18:57:54.713+0000] {dag.py:3089} INFO - Sync 1 DAGs
[2026-03-27T18:57:54.797+0000] {logging_mixin.py:188} INFO - [2026-03-27T18:57:54.797+0000] {dag.py:3947} INFO - Setting next_dagrun for s3_to_redshift_pipeline to 2026-03-27 18:54:00+00:00, run_after=2026-03-27 18:56:00+00:00
[2026-03-27T18:57:54.853+0000] {processor.py:183} INFO - Processing /opt/airflow/dags/redshift-airflow-ingestion-dag.py took 0.444 seconds
[2026-03-27T18:58:25.423+0000] {processor.py:161} INFO - Started process (PID=19862) to work on /opt/airflow/dags/redshift-airflow-ingestion-dag.py
[2026-03-27T18:58:25.428+0000] {processor.py:830} INFO - Processing file /opt/airflow/dags/redshift-airflow-ingestion-dag.py for tasks to queue
[2026-03-27T18:58:25.443+0000] {logging_mixin.py:188} INFO - [2026-03-27T18:58:25.442+0000] {dagbag.py:545} INFO - Filling up the DagBag from /opt/airflow/dags/redshift-airflow-ingestion-dag.py
[2026-03-27T18:58:25.562+0000] {processor.py:840} INFO - DAG(s) 's3_to_redshift_pipeline' retrieved from /opt/airflow/dags/redshift-airflow-ingestion-dag.py
[2026-03-27T18:58:25.710+0000] {logging_mixin.py:188} INFO - [2026-03-27T18:58:25.709+0000] {dag.py:3089} INFO - Sync 1 DAGs
[2026-03-27T18:58:25.815+0000] {logging_mixin.py:188} INFO - [2026-03-27T18:58:25.814+0000] {dag.py:3947} INFO - Setting next_dagrun for s3_to_redshift_pipeline to 2026-03-27 18:56:00+00:00, run_after=2026-03-27 18:58:00+00:00
[2026-03-27T18:58:25.867+0000] {processor.py:183} INFO - Processing /opt/airflow/dags/redshift-airflow-ingestion-dag.py took 0.477 seconds
[2026-03-27T18:58:56.515+0000] {processor.py:161} INFO - Started process (PID=19887) to work on /opt/airflow/dags/redshift-airflow-ingestion-dag.py
[2026-03-27T18:58:56.520+0000] {processor.py:830} INFO - Processing file /opt/airflow/dags/redshift-airflow-ingestion-dag.py for tasks to queue
[2026-03-27T18:58:56.530+0000] {logging_mixin.py:188} INFO - [2026-03-27T18:58:56.529+0000] {dagbag.py:545} INFO - Filling up the DagBag from /opt/airflow/dags/redshift-airflow-ingestion-dag.py
[2026-03-27T18:58:56.647+0000] {processor.py:840} INFO - DAG(s) 's3_to_redshift_pipeline' retrieved from /opt/airflow/dags/redshift-airflow-ingestion-dag.py
[2026-03-27T18:58:56.772+0000] {logging_mixin.py:188} INFO - [2026-03-27T18:58:56.772+0000] {dag.py:3089} INFO - Sync 1 DAGs
[2026-03-27T18:58:56.829+0000] {logging_mixin.py:188} INFO - [2026-03-27T18:58:56.829+0000] {dag.py:3947} INFO - Setting next_dagrun for s3_to_redshift_pipeline to 2026-03-27 18:56:00+00:00, run_after=2026-03-27 18:58:00+00:00
[2026-03-27T18:58:56.899+0000] {processor.py:183} INFO - Processing /opt/airflow/dags/redshift-airflow-ingestion-dag.py took 0.422 seconds
[2026-03-27T18:59:27.284+0000] {processor.py:161} INFO - Started process (PID=21001) to work on /opt/airflow/dags/redshift-airflow-ingestion-dag.py
[2026-03-27T18:59:27.286+0000] {processor.py:830} INFO - Processing file /opt/airflow/dags/redshift-airflow-ingestion-dag.py for tasks to queue
[2026-03-27T18:59:27.290+0000] {logging_mixin.py:188} INFO - [2026-03-27T18:59:27.289+0000] {dagbag.py:545} INFO - Filling up the DagBag from /opt/airflow/dags/redshift-airflow-ingestion-dag.py
[2026-03-27T18:59:27.338+0000] {processor.py:840} INFO - DAG(s) 's3_to_redshift_pipeline' retrieved from /opt/airflow/dags/redshift-airflow-ingestion-dag.py
[2026-03-27T18:59:27.399+0000] {logging_mixin.py:188} INFO - [2026-03-27T18:59:27.398+0000] {dag.py:3089} INFO - Sync 1 DAGs
[2026-03-27T18:59:27.464+0000] {logging_mixin.py:188} INFO - [2026-03-27T18:59:27.463+0000] {dag.py:3947} INFO - Setting next_dagrun for s3_to_redshift_pipeline to 2026-03-27 18:56:00+00:00, run_after=2026-03-27 18:58:00+00:00
[2026-03-27T18:59:27.546+0000] {processor.py:183} INFO - Processing /opt/airflow/dags/redshift-airflow-ingestion-dag.py took 0.280 seconds
[2026-03-27T18:59:58.226+0000] {processor.py:161} INFO - Started process (PID=21468) to work on /opt/airflow/dags/redshift-airflow-ingestion-dag.py
[2026-03-27T18:59:58.230+0000] {processor.py:830} INFO - Processing file /opt/airflow/dags/redshift-airflow-ingestion-dag.py for tasks to queue
[2026-03-27T18:59:58.240+0000] {logging_mixin.py:188} INFO - [2026-03-27T18:59:58.238+0000] {dagbag.py:545} INFO - Filling up the DagBag from /opt/airflow/dags/redshift-airflow-ingestion-dag.py
[2026-03-27T18:59:58.352+0000] {processor.py:840} INFO - DAG(s) 's3_to_redshift_pipeline' retrieved from /opt/airflow/dags/redshift-airflow-ingestion-dag.py
[2026-03-27T18:59:58.487+0000] {logging_mixin.py:188} INFO - [2026-03-27T18:59:58.486+0000] {dag.py:3089} INFO - Sync 1 DAGs
[2026-03-27T18:59:58.586+0000] {logging_mixin.py:188} INFO - [2026-03-27T18:59:58.585+0000] {dag.py:3947} INFO - Setting next_dagrun for s3_to_redshift_pipeline to 2026-03-27 18:56:00+00:00, run_after=2026-03-27 18:58:00+00:00
[2026-03-27T18:59:58.656+0000] {processor.py:183} INFO - Processing /opt/airflow/dags/redshift-airflow-ingestion-dag.py took 0.462 seconds
[2026-03-27T19:00:29.381+0000] {processor.py:161} INFO - Started process (PID=21505) to work on /opt/airflow/dags/redshift-airflow-ingestion-dag.py
[2026-03-27T19:00:29.385+0000] {processor.py:830} INFO - Processing file /opt/airflow/dags/redshift-airflow-ingestion-dag.py for tasks to queue
[2026-03-27T19:00:29.392+0000] {logging_mixin.py:188} INFO - [2026-03-27T19:00:29.391+0000] {dagbag.py:545} INFO - Filling up the DagBag from /opt/airflow/dags/redshift-airflow-ingestion-dag.py
[2026-03-27T19:00:29.471+0000] {processor.py:840} INFO - DAG(s) 's3_to_redshift_pipeline' retrieved from /opt/airflow/dags/redshift-airflow-ingestion-dag.py
[2026-03-27T19:00:29.564+0000] {logging_mixin.py:188} INFO - [2026-03-27T19:00:29.563+0000] {dag.py:3089} INFO - Sync 1 DAGs
[2026-03-27T19:00:29.643+0000] {logging_mixin.py:188} INFO - [2026-03-27T19:00:29.643+0000] {dag.py:3947} INFO - Setting next_dagrun for s3_to_redshift_pipeline to 2026-03-27 18:58:00+00:00, run_after=2026-03-27 19:00:00+00:00
[2026-03-27T19:00:29.725+0000] {processor.py:183} INFO - Processing /opt/airflow/dags/redshift-airflow-ingestion-dag.py took 0.365 seconds
[2026-03-27T19:01:00.264+0000] {processor.py:161} INFO - Started process (PID=21528) to work on /opt/airflow/dags/redshift-airflow-ingestion-dag.py
[2026-03-27T19:01:00.266+0000] {processor.py:830} INFO - Processing file /opt/airflow/dags/redshift-airflow-ingestion-dag.py for tasks to queue
[2026-03-27T19:01:00.271+0000] {logging_mixin.py:188} INFO - [2026-03-27T19:01:00.270+0000] {dagbag.py:545} INFO - Filling up the DagBag from /opt/airflow/dags/redshift-airflow-ingestion-dag.py
[2026-03-27T19:01:00.313+0000] {processor.py:840} INFO - DAG(s) 's3_to_redshift_pipeline' retrieved from /opt/airflow/dags/redshift-airflow-ingestion-dag.py
[2026-03-27T19:01:00.363+0000] {logging_mixin.py:188} INFO - [2026-03-27T19:01:00.363+0000] {dag.py:3089} INFO - Sync 1 DAGs
[2026-03-27T19:01:00.425+0000] {logging_mixin.py:188} INFO - [2026-03-27T19:01:00.424+0000] {dag.py:3947} INFO - Setting next_dagrun for s3_to_redshift_pipeline to 2026-03-27 18:58:00+00:00, run_after=2026-03-27 19:00:00+00:00
[2026-03-27T19:01:00.491+0000] {processor.py:183} INFO - Processing /opt/airflow/dags/redshift-airflow-ingestion-dag.py took 0.256 seconds
[2026-03-27T19:01:30.728+0000] {processor.py:161} INFO - Started process (PID=21550) to work on /opt/airflow/dags/redshift-airflow-ingestion-dag.py
[2026-03-27T19:01:30.733+0000] {processor.py:830} INFO - Processing file /opt/airflow/dags/redshift-airflow-ingestion-dag.py for tasks to queue
[2026-03-27T19:01:30.741+0000] {logging_mixin.py:188} INFO - [2026-03-27T19:01:30.740+0000] {dagbag.py:545} INFO - Filling up the DagBag from /opt/airflow/dags/redshift-airflow-ingestion-dag.py
[2026-03-27T19:01:30.840+0000] {processor.py:840} INFO - DAG(s) 's3_to_redshift_pipeline' retrieved from /opt/airflow/dags/redshift-airflow-ingestion-dag.py
[2026-03-27T19:01:30.960+0000] {logging_mixin.py:188} INFO - [2026-03-27T19:01:30.959+0000] {dag.py:3089} INFO - Sync 1 DAGs
[2026-03-27T19:01:31.073+0000] {logging_mixin.py:188} INFO - [2026-03-27T19:01:31.072+0000] {dag.py:3947} INFO - Setting next_dagrun for s3_to_redshift_pipeline to 2026-03-27 18:58:00+00:00, run_after=2026-03-27 19:00:00+00:00
[2026-03-27T19:01:31.195+0000] {processor.py:183} INFO - Processing /opt/airflow/dags/redshift-airflow-ingestion-dag.py took 0.494 seconds
[2026-03-27T19:02:02.003+0000] {processor.py:161} INFO - Started process (PID=21578) to work on /opt/airflow/dags/redshift-airflow-ingestion-dag.py
[2026-03-27T19:02:02.005+0000] {processor.py:830} INFO - Processing file /opt/airflow/dags/redshift-airflow-ingestion-dag.py for tasks to queue
[2026-03-27T19:02:02.009+0000] {logging_mixin.py:188} INFO - [2026-03-27T19:02:02.008+0000] {dagbag.py:545} INFO - Filling up the DagBag from /opt/airflow/dags/redshift-airflow-ingestion-dag.py
[2026-03-27T19:02:02.056+0000] {processor.py:840} INFO - DAG(s) 's3_to_redshift_pipeline' retrieved from /opt/airflow/dags/redshift-airflow-ingestion-dag.py
[2026-03-27T19:02:02.108+0000] {logging_mixin.py:188} INFO - [2026-03-27T19:02:02.108+0000] {dag.py:3089} INFO - Sync 1 DAGs
[2026-03-27T19:02:02.156+0000] {logging_mixin.py:188} INFO - [2026-03-27T19:02:02.156+0000] {dag.py:3947} INFO - Setting next_dagrun for s3_to_redshift_pipeline to 2026-03-27 19:00:00+00:00, run_after=2026-03-27 19:02:00+00:00
[2026-03-27T19:02:02.194+0000] {processor.py:183} INFO - Processing /opt/airflow/dags/redshift-airflow-ingestion-dag.py took 0.203 seconds
[2026-03-27T19:02:33.038+0000] {processor.py:161} INFO - Started process (PID=21603) to work on /opt/airflow/dags/redshift-airflow-ingestion-dag.py
[2026-03-27T19:02:33.042+0000] {processor.py:830} INFO - Processing file /opt/airflow/dags/redshift-airflow-ingestion-dag.py for tasks to queue
[2026-03-27T19:02:33.051+0000] {logging_mixin.py:188} INFO - [2026-03-27T19:02:33.049+0000] {dagbag.py:545} INFO - Filling up the DagBag from /opt/airflow/dags/redshift-airflow-ingestion-dag.py
[2026-03-27T19:02:33.157+0000] {processor.py:840} INFO - DAG(s) 's3_to_redshift_pipeline' retrieved from /opt/airflow/dags/redshift-airflow-ingestion-dag.py
[2026-03-27T19:02:33.283+0000] {logging_mixin.py:188} INFO - [2026-03-27T19:02:33.282+0000] {dag.py:3089} INFO - Sync 1 DAGs
[2026-03-27T19:02:33.362+0000] {logging_mixin.py:188} INFO - [2026-03-27T19:02:33.361+0000] {dag.py:3947} INFO - Setting next_dagrun for s3_to_redshift_pipeline to 2026-03-27 19:00:00+00:00, run_after=2026-03-27 19:02:00+00:00
[2026-03-27T19:02:33.424+0000] {processor.py:183} INFO - Processing /opt/airflow/dags/redshift-airflow-ingestion-dag.py took 0.411 seconds
[2026-03-27T19:03:04.094+0000] {processor.py:161} INFO - Started process (PID=21797) to work on /opt/airflow/dags/redshift-airflow-ingestion-dag.py
[2026-03-27T19:03:04.096+0000] {processor.py:830} INFO - Processing file /opt/airflow/dags/redshift-airflow-ingestion-dag.py for tasks to queue
[2026-03-27T19:03:04.100+0000] {logging_mixin.py:188} INFO - [2026-03-27T19:03:04.099+0000] {dagbag.py:545} INFO - Filling up the DagBag from /opt/airflow/dags/redshift-airflow-ingestion-dag.py
[2026-03-27T19:03:04.144+0000] {processor.py:840} INFO - DAG(s) 's3_to_redshift_pipeline' retrieved from /opt/airflow/dags/redshift-airflow-ingestion-dag.py
[2026-03-27T19:03:04.195+0000] {logging_mixin.py:188} INFO - [2026-03-27T19:03:04.195+0000] {dag.py:3089} INFO - Sync 1 DAGs
[2026-03-27T19:03:04.247+0000] {logging_mixin.py:188} INFO - [2026-03-27T19:03:04.247+0000] {dag.py:3947} INFO - Setting next_dagrun for s3_to_redshift_pipeline to 2026-03-27 19:00:00+00:00, run_after=2026-03-27 19:02:00+00:00
[2026-03-27T19:03:04.307+0000] {processor.py:183} INFO - Processing /opt/airflow/dags/redshift-airflow-ingestion-dag.py took 0.225 seconds
[2026-03-27T19:03:34.904+0000] {processor.py:161} INFO - Started process (PID=23130) to work on /opt/airflow/dags/redshift-airflow-ingestion-dag.py
[2026-03-27T19:03:34.908+0000] {processor.py:830} INFO - Processing file /opt/airflow/dags/redshift-airflow-ingestion-dag.py for tasks to queue
[2026-03-27T19:03:34.913+0000] {logging_mixin.py:188} INFO - [2026-03-27T19:03:34.912+0000] {dagbag.py:545} INFO - Filling up the DagBag from /opt/airflow/dags/redshift-airflow-ingestion-dag.py
[2026-03-27T19:03:34.969+0000] {processor.py:840} INFO - DAG(s) 's3_to_redshift_pipeline' retrieved from /opt/airflow/dags/redshift-airflow-ingestion-dag.py
[2026-03-27T19:03:35.052+0000] {logging_mixin.py:188} INFO - [2026-03-27T19:03:35.051+0000] {dag.py:3089} INFO - Sync 1 DAGs
[2026-03-27T19:03:35.122+0000] {logging_mixin.py:188} INFO - [2026-03-27T19:03:35.122+0000] {dag.py:3947} INFO - Setting next_dagrun for s3_to_redshift_pipeline to 2026-03-27 19:00:00+00:00, run_after=2026-03-27 19:02:00+00:00
[2026-03-27T19:03:35.168+0000] {processor.py:183} INFO - Processing /opt/airflow/dags/redshift-airflow-ingestion-dag.py took 0.305 seconds
[2026-03-27T19:04:05.701+0000] {processor.py:161} INFO - Started process (PID=23172) to work on /opt/airflow/dags/redshift-airflow-ingestion-dag.py
[2026-03-27T19:04:05.703+0000] {processor.py:830} INFO - Processing file /opt/airflow/dags/redshift-airflow-ingestion-dag.py for tasks to queue
[2026-03-27T19:04:05.708+0000] {logging_mixin.py:188} INFO - [2026-03-27T19:04:05.707+0000] {dagbag.py:545} INFO - Filling up the DagBag from /opt/airflow/dags/redshift-airflow-ingestion-dag.py
[2026-03-27T19:04:05.765+0000] {processor.py:840} INFO - DAG(s) 's3_to_redshift_pipeline' retrieved from /opt/airflow/dags/redshift-airflow-ingestion-dag.py
[2026-03-27T19:04:05.831+0000] {logging_mixin.py:188} INFO - [2026-03-27T19:04:05.831+0000] {dag.py:3089} INFO - Sync 1 DAGs
[2026-03-27T19:04:05.880+0000] {logging_mixin.py:188} INFO - [2026-03-27T19:04:05.879+0000] {dag.py:3947} INFO - Setting next_dagrun for s3_to_redshift_pipeline to 2026-03-27 19:02:00+00:00, run_after=2026-03-27 19:04:00+00:00
[2026-03-27T19:04:05.935+0000] {processor.py:183} INFO - Processing /opt/airflow/dags/redshift-airflow-ingestion-dag.py took 0.251 seconds
[2026-03-27T19:04:36.759+0000] {processor.py:161} INFO - Started process (PID=23204) to work on /opt/airflow/dags/redshift-airflow-ingestion-dag.py
[2026-03-27T19:04:36.765+0000] {processor.py:830} INFO - Processing file /opt/airflow/dags/redshift-airflow-ingestion-dag.py for tasks to queue
[2026-03-27T19:04:36.777+0000] {logging_mixin.py:188} INFO - [2026-03-27T19:04:36.775+0000] {dagbag.py:545} INFO - Filling up the DagBag from /opt/airflow/dags/redshift-airflow-ingestion-dag.py
[2026-03-27T19:04:36.863+0000] {processor.py:840} INFO - DAG(s) 's3_to_redshift_pipeline' retrieved from /opt/airflow/dags/redshift-airflow-ingestion-dag.py
[2026-03-27T19:04:36.945+0000] {logging_mixin.py:188} INFO - [2026-03-27T19:04:36.944+0000] {dag.py:3089} INFO - Sync 1 DAGs
[2026-03-27T19:04:37.025+0000] {logging_mixin.py:188} INFO - [2026-03-27T19:04:37.024+0000] {dag.py:3947} INFO - Setting next_dagrun for s3_to_redshift_pipeline to 2026-03-27 19:02:00+00:00, run_after=2026-03-27 19:04:00+00:00
[2026-03-27T19:04:37.126+0000] {processor.py:183} INFO - Processing /opt/airflow/dags/redshift-airflow-ingestion-dag.py took 0.403 seconds
[2026-03-27T19:05:07.446+0000] {processor.py:161} INFO - Started process (PID=23231) to work on /opt/airflow/dags/redshift-airflow-ingestion-dag.py
[2026-03-27T19:05:07.449+0000] {processor.py:830} INFO - Processing file /opt/airflow/dags/redshift-airflow-ingestion-dag.py for tasks to queue
[2026-03-27T19:05:07.454+0000] {logging_mixin.py:188} INFO - [2026-03-27T19:05:07.453+0000] {dagbag.py:545} INFO - Filling up the DagBag from /opt/airflow/dags/redshift-airflow-ingestion-dag.py
[2026-03-27T19:05:07.493+0000] {processor.py:840} INFO - DAG(s) 's3_to_redshift_pipeline' retrieved from /opt/airflow/dags/redshift-airflow-ingestion-dag.py
[2026-03-27T19:05:07.557+0000] {logging_mixin.py:188} INFO - [2026-03-27T19:05:07.556+0000] {dag.py:3089} INFO - Sync 1 DAGs
[2026-03-27T19:05:07.609+0000] {logging_mixin.py:188} INFO - [2026-03-27T19:05:07.608+0000] {dag.py:3947} INFO - Setting next_dagrun for s3_to_redshift_pipeline to 2026-03-27 19:02:00+00:00, run_after=2026-03-27 19:04:00+00:00
[2026-03-27T19:05:07.650+0000] {processor.py:183} INFO - Processing /opt/airflow/dags/redshift-airflow-ingestion-dag.py took 0.220 seconds
[2026-03-27T19:05:38.029+0000] {processor.py:161} INFO - Started process (PID=23258) to work on /opt/airflow/dags/redshift-airflow-ingestion-dag.py
[2026-03-27T19:05:38.035+0000] {processor.py:830} INFO - Processing file /opt/airflow/dags/redshift-airflow-ingestion-dag.py for tasks to queue
[2026-03-27T19:05:38.048+0000] {logging_mixin.py:188} INFO - [2026-03-27T19:05:38.046+0000] {dagbag.py:545} INFO - Filling up the DagBag from /opt/airflow/dags/redshift-airflow-ingestion-dag.py
[2026-03-27T19:05:38.162+0000] {processor.py:840} INFO - DAG(s) 's3_to_redshift_pipeline' retrieved from /opt/airflow/dags/redshift-airflow-ingestion-dag.py
[2026-03-27T19:05:38.288+0000] {logging_mixin.py:188} INFO - [2026-03-27T19:05:38.287+0000] {dag.py:3089} INFO - Sync 1 DAGs
[2026-03-27T19:05:38.425+0000] {logging_mixin.py:188} INFO - [2026-03-27T19:05:38.423+0000] {dag.py:3947} INFO - Setting next_dagrun for s3_to_redshift_pipeline to 2026-03-27 19:02:00+00:00, run_after=2026-03-27 19:04:00+00:00
[2026-03-27T19:05:38.530+0000] {processor.py:183} INFO - Processing /opt/airflow/dags/redshift-airflow-ingestion-dag.py took 0.536 seconds
[2026-03-27T19:06:09.384+0000] {processor.py:161} INFO - Started process (PID=23283) to work on /opt/airflow/dags/redshift-airflow-ingestion-dag.py
[2026-03-27T19:06:09.385+0000] {processor.py:830} INFO - Processing file /opt/airflow/dags/redshift-airflow-ingestion-dag.py for tasks to queue
[2026-03-27T19:06:09.387+0000] {logging_mixin.py:188} INFO - [2026-03-27T19:06:09.387+0000] {dagbag.py:545} INFO - Filling up the DagBag from /opt/airflow/dags/redshift-airflow-ingestion-dag.py
[2026-03-27T19:06:09.406+0000] {processor.py:840} INFO - DAG(s) 's3_to_redshift_pipeline' retrieved from /opt/airflow/dags/redshift-airflow-ingestion-dag.py
[2026-03-27T19:06:09.435+0000] {logging_mixin.py:188} INFO - [2026-03-27T19:06:09.435+0000] {dag.py:3089} INFO - Sync 1 DAGs
[2026-03-27T19:06:09.460+0000] {logging_mixin.py:188} INFO - [2026-03-27T19:06:09.460+0000] {dag.py:3947} INFO - Setting next_dagrun for s3_to_redshift_pipeline to 2026-03-27 19:04:00+00:00, run_after=2026-03-27 19:06:00+00:00
[2026-03-27T19:06:09.483+0000] {processor.py:183} INFO - Processing /opt/airflow/dags/redshift-airflow-ingestion-dag.py took 0.105 seconds
[2026-03-27T19:06:40.214+0000] {processor.py:161} INFO - Started process (PID=23308) to work on /opt/airflow/dags/redshift-airflow-ingestion-dag.py
[2026-03-27T19:06:40.215+0000] {processor.py:830} INFO - Processing file /opt/airflow/dags/redshift-airflow-ingestion-dag.py for tasks to queue
[2026-03-27T19:06:40.217+0000] {logging_mixin.py:188} INFO - [2026-03-27T19:06:40.217+0000] {dagbag.py:545} INFO - Filling up the DagBag from /opt/airflow/dags/redshift-airflow-ingestion-dag.py
[2026-03-27T19:06:40.237+0000] {processor.py:840} INFO - DAG(s) 's3_to_redshift_pipeline' retrieved from /opt/airflow/dags/redshift-airflow-ingestion-dag.py
[2026-03-27T19:06:40.263+0000] {logging_mixin.py:188} INFO - [2026-03-27T19:06:40.263+0000] {dag.py:3089} INFO - Sync 1 DAGs
[2026-03-27T19:06:40.287+0000] {logging_mixin.py:188} INFO - [2026-03-27T19:06:40.287+0000] {dag.py:3947} INFO - Setting next_dagrun for s3_to_redshift_pipeline to 2026-03-27 19:04:00+00:00, run_after=2026-03-27 19:06:00+00:00
[2026-03-27T19:06:40.311+0000] {processor.py:183} INFO - Processing /opt/airflow/dags/redshift-airflow-ingestion-dag.py took 0.102 seconds
[2026-03-27T19:07:10.924+0000] {processor.py:161} INFO - Started process (PID=24349) to work on /opt/airflow/dags/redshift-airflow-ingestion-dag.py
[2026-03-27T19:07:10.925+0000] {processor.py:830} INFO - Processing file /opt/airflow/dags/redshift-airflow-ingestion-dag.py for tasks to queue
[2026-03-27T19:07:10.926+0000] {logging_mixin.py:188} INFO - [2026-03-27T19:07:10.926+0000] {dagbag.py:545} INFO - Filling up the DagBag from /opt/airflow/dags/redshift-airflow-ingestion-dag.py
[2026-03-27T19:07:10.945+0000] {processor.py:840} INFO - DAG(s) 's3_to_redshift_pipeline' retrieved from /opt/airflow/dags/redshift-airflow-ingestion-dag.py
[2026-03-27T19:07:10.972+0000] {logging_mixin.py:188} INFO - [2026-03-27T19:07:10.972+0000] {dag.py:3089} INFO - Sync 1 DAGs
[2026-03-27T19:07:10.999+0000] {logging_mixin.py:188} INFO - [2026-03-27T19:07:10.999+0000] {dag.py:3947} INFO - Setting next_dagrun for s3_to_redshift_pipeline to 2026-03-27 19:04:00+00:00, run_after=2026-03-27 19:06:00+00:00
[2026-03-27T19:07:11.020+0000] {processor.py:183} INFO - Processing /opt/airflow/dags/redshift-airflow-ingestion-dag.py took 0.103 seconds
[2026-03-27T19:07:41.788+0000] {processor.py:161} INFO - Started process (PID=25362) to work on /opt/airflow/dags/redshift-airflow-ingestion-dag.py
[2026-03-27T19:07:41.789+0000] {processor.py:830} INFO - Processing file /opt/airflow/dags/redshift-airflow-ingestion-dag.py for tasks to queue
[2026-03-27T19:07:41.791+0000] {logging_mixin.py:188} INFO - [2026-03-27T19:07:41.791+0000] {dagbag.py:545} INFO - Filling up the DagBag from /opt/airflow/dags/redshift-airflow-ingestion-dag.py
[2026-03-27T19:07:41.808+0000] {processor.py:840} INFO - DAG(s) 's3_to_redshift_pipeline' retrieved from /opt/airflow/dags/redshift-airflow-ingestion-dag.py
[2026-03-27T19:07:41.833+0000] {logging_mixin.py:188} INFO - [2026-03-27T19:07:41.833+0000] {dag.py:3089} INFO - Sync 1 DAGs
[2026-03-27T19:07:41.858+0000] {logging_mixin.py:188} INFO - [2026-03-27T19:07:41.858+0000] {dag.py:3947} INFO - Setting next_dagrun for s3_to_redshift_pipeline to 2026-03-27 19:04:00+00:00, run_after=2026-03-27 19:06:00+00:00
[2026-03-27T19:07:41.880+0000] {processor.py:183} INFO - Processing /opt/airflow/dags/redshift-airflow-ingestion-dag.py took 0.097 seconds
[2026-03-27T19:08:12.547+0000] {processor.py:161} INFO - Started process (PID=25408) to work on /opt/airflow/dags/redshift-airflow-ingestion-dag.py
[2026-03-27T19:08:12.548+0000] {processor.py:830} INFO - Processing file /opt/airflow/dags/redshift-airflow-ingestion-dag.py for tasks to queue
[2026-03-27T19:08:12.550+0000] {logging_mixin.py:188} INFO - [2026-03-27T19:08:12.549+0000] {dagbag.py:545} INFO - Filling up the DagBag from /opt/airflow/dags/redshift-airflow-ingestion-dag.py
[2026-03-27T19:08:12.568+0000] {processor.py:840} INFO - DAG(s) 's3_to_redshift_pipeline' retrieved from /opt/airflow/dags/redshift-airflow-ingestion-dag.py
[2026-03-27T19:08:12.594+0000] {logging_mixin.py:188} INFO - [2026-03-27T19:08:12.594+0000] {dag.py:3089} INFO - Sync 1 DAGs
[2026-03-27T19:08:12.619+0000] {logging_mixin.py:188} INFO - [2026-03-27T19:08:12.619+0000] {dag.py:3947} INFO - Setting next_dagrun for s3_to_redshift_pipeline to 2026-03-27 19:06:00+00:00, run_after=2026-03-27 19:08:00+00:00
[2026-03-27T19:08:12.642+0000] {processor.py:183} INFO - Processing /opt/airflow/dags/redshift-airflow-ingestion-dag.py took 0.102 seconds
[2026-03-27T19:08:43.277+0000] {processor.py:161} INFO - Started process (PID=25433) to work on /opt/airflow/dags/redshift-airflow-ingestion-dag.py
[2026-03-27T19:08:43.278+0000] {processor.py:830} INFO - Processing file /opt/airflow/dags/redshift-airflow-ingestion-dag.py for tasks to queue
[2026-03-27T19:08:43.280+0000] {logging_mixin.py:188} INFO - [2026-03-27T19:08:43.280+0000] {dagbag.py:545} INFO - Filling up the DagBag from /opt/airflow/dags/redshift-airflow-ingestion-dag.py
[2026-03-27T19:08:43.299+0000] {processor.py:840} INFO - DAG(s) 's3_to_redshift_pipeline' retrieved from /opt/airflow/dags/redshift-airflow-ingestion-dag.py
[2026-03-27T19:08:43.327+0000] {logging_mixin.py:188} INFO - [2026-03-27T19:08:43.326+0000] {dag.py:3089} INFO - Sync 1 DAGs
[2026-03-27T19:08:43.352+0000] {logging_mixin.py:188} INFO - [2026-03-27T19:08:43.352+0000] {dag.py:3947} INFO - Setting next_dagrun for s3_to_redshift_pipeline to 2026-03-27 19:06:00+00:00, run_after=2026-03-27 19:08:00+00:00
[2026-03-27T19:08:43.376+0000] {processor.py:183} INFO - Processing /opt/airflow/dags/redshift-airflow-ingestion-dag.py took 0.105 seconds
[2026-03-27T19:09:14.131+0000] {processor.py:161} INFO - Started process (PID=25458) to work on /opt/airflow/dags/redshift-airflow-ingestion-dag.py
[2026-03-27T19:09:14.132+0000] {processor.py:830} INFO - Processing file /opt/airflow/dags/redshift-airflow-ingestion-dag.py for tasks to queue
[2026-03-27T19:09:14.134+0000] {logging_mixin.py:188} INFO - [2026-03-27T19:09:14.134+0000] {dagbag.py:545} INFO - Filling up the DagBag from /opt/airflow/dags/redshift-airflow-ingestion-dag.py
[2026-03-27T19:09:14.156+0000] {processor.py:840} INFO - DAG(s) 's3_to_redshift_pipeline' retrieved from /opt/airflow/dags/redshift-airflow-ingestion-dag.py
[2026-03-27T19:09:14.182+0000] {logging_mixin.py:188} INFO - [2026-03-27T19:09:14.182+0000] {dag.py:3089} INFO - Sync 1 DAGs
[2026-03-27T19:09:14.206+0000] {logging_mixin.py:188} INFO - [2026-03-27T19:09:14.206+0000] {dag.py:3947} INFO - Setting next_dagrun for s3_to_redshift_pipeline to 2026-03-27 19:06:00+00:00, run_after=2026-03-27 19:08:00+00:00
[2026-03-27T19:09:14.227+0000] {processor.py:183} INFO - Processing /opt/airflow/dags/redshift-airflow-ingestion-dag.py took 0.102 seconds
[2026-03-27T19:09:44.884+0000] {processor.py:161} INFO - Started process (PID=25483) to work on /opt/airflow/dags/redshift-airflow-ingestion-dag.py
[2026-03-27T19:09:44.886+0000] {processor.py:830} INFO - Processing file /opt/airflow/dags/redshift-airflow-ingestion-dag.py for tasks to queue
[2026-03-27T19:09:44.888+0000] {logging_mixin.py:188} INFO - [2026-03-27T19:09:44.887+0000] {dagbag.py:545} INFO - Filling up the DagBag from /opt/airflow/dags/redshift-airflow-ingestion-dag.py
[2026-03-27T19:09:44.908+0000] {processor.py:840} INFO - DAG(s) 's3_to_redshift_pipeline' retrieved from /opt/airflow/dags/redshift-airflow-ingestion-dag.py
[2026-03-27T19:09:44.935+0000] {logging_mixin.py:188} INFO - [2026-03-27T19:09:44.935+0000] {dag.py:3089} INFO - Sync 1 DAGs
[2026-03-27T19:09:44.958+0000] {logging_mixin.py:188} INFO - [2026-03-27T19:09:44.958+0000] {dag.py:3947} INFO - Setting next_dagrun for s3_to_redshift_pipeline to 2026-03-27 19:06:00+00:00, run_after=2026-03-27 19:08:00+00:00
[2026-03-27T19:09:44.980+0000] {processor.py:183} INFO - Processing /opt/airflow/dags/redshift-airflow-ingestion-dag.py took 0.103 seconds
[2026-03-27T19:10:15.579+0000] {processor.py:161} INFO - Started process (PID=25508) to work on /opt/airflow/dags/redshift-airflow-ingestion-dag.py
[2026-03-27T19:10:15.580+0000] {processor.py:830} INFO - Processing file /opt/airflow/dags/redshift-airflow-ingestion-dag.py for tasks to queue
[2026-03-27T19:10:15.581+0000] {logging_mixin.py:188} INFO - [2026-03-27T19:10:15.581+0000] {dagbag.py:545} INFO - Filling up the DagBag from /opt/airflow/dags/redshift-airflow-ingestion-dag.py
[2026-03-27T19:10:15.599+0000] {processor.py:840} INFO - DAG(s) 's3_to_redshift_pipeline' retrieved from /opt/airflow/dags/redshift-airflow-ingestion-dag.py
[2026-03-27T19:10:15.626+0000] {logging_mixin.py:188} INFO - [2026-03-27T19:10:15.626+0000] {dag.py:3089} INFO - Sync 1 DAGs
[2026-03-27T19:10:15.654+0000] {logging_mixin.py:188} INFO - [2026-03-27T19:10:15.654+0000] {dag.py:3947} INFO - Setting next_dagrun for s3_to_redshift_pipeline to 2026-03-27 19:08:00+00:00, run_after=2026-03-27 19:10:00+00:00
[2026-03-27T19:10:15.679+0000] {processor.py:183} INFO - Processing /opt/airflow/dags/redshift-airflow-ingestion-dag.py took 0.107 seconds
[2026-03-27T19:10:46.213+0000] {processor.py:161} INFO - Started process (PID=25678) to work on /opt/airflow/dags/redshift-airflow-ingestion-dag.py
[2026-03-27T19:10:46.214+0000] {processor.py:830} INFO - Processing file /opt/airflow/dags/redshift-airflow-ingestion-dag.py for tasks to queue
[2026-03-27T19:10:46.216+0000] {logging_mixin.py:188} INFO - [2026-03-27T19:10:46.216+0000] {dagbag.py:545} INFO - Filling up the DagBag from /opt/airflow/dags/redshift-airflow-ingestion-dag.py
[2026-03-27T19:10:46.250+0000] {processor.py:840} INFO - DAG(s) 's3_to_redshift_pipeline' retrieved from /opt/airflow/dags/redshift-airflow-ingestion-dag.py
[2026-03-27T19:10:46.280+0000] {logging_mixin.py:188} INFO - [2026-03-27T19:10:46.280+0000] {dag.py:3089} INFO - Sync 1 DAGs
[2026-03-27T19:10:46.306+0000] {logging_mixin.py:188} INFO - [2026-03-27T19:10:46.306+0000] {dag.py:3947} INFO - Setting next_dagrun for s3_to_redshift_pipeline to 2026-03-27 19:08:00+00:00, run_after=2026-03-27 19:10:00+00:00
[2026-03-27T19:10:46.330+0000] {processor.py:183} INFO - Processing /opt/airflow/dags/redshift-airflow-ingestion-dag.py took 0.127 seconds
[2026-03-27T19:11:16.786+0000] {processor.py:161} INFO - Started process (PID=27336) to work on /opt/airflow/dags/redshift-airflow-ingestion-dag.py
[2026-03-27T19:11:16.787+0000] {processor.py:830} INFO - Processing file /opt/airflow/dags/redshift-airflow-ingestion-dag.py for tasks to queue
[2026-03-27T19:11:16.789+0000] {logging_mixin.py:188} INFO - [2026-03-27T19:11:16.789+0000] {dagbag.py:545} INFO - Filling up the DagBag from /opt/airflow/dags/redshift-airflow-ingestion-dag.py
[2026-03-27T19:11:16.810+0000] {processor.py:840} INFO - DAG(s) 's3_to_redshift_pipeline' retrieved from /opt/airflow/dags/redshift-airflow-ingestion-dag.py
[2026-03-27T19:11:16.839+0000] {logging_mixin.py:188} INFO - [2026-03-27T19:11:16.839+0000] {dag.py:3089} INFO - Sync 1 DAGs
[2026-03-27T19:11:16.871+0000] {logging_mixin.py:188} INFO - [2026-03-27T19:11:16.871+0000] {dag.py:3947} INFO - Setting next_dagrun for s3_to_redshift_pipeline to 2026-03-27 19:08:00+00:00, run_after=2026-03-27 19:10:00+00:00
[2026-03-27T19:11:16.897+0000] {processor.py:183} INFO - Processing /opt/airflow/dags/redshift-airflow-ingestion-dag.py took 0.117 seconds
[2026-03-27T19:11:47.363+0000] {processor.py:161} INFO - Started process (PID=27921) to work on /opt/airflow/dags/redshift-airflow-ingestion-dag.py
[2026-03-27T19:11:47.364+0000] {processor.py:830} INFO - Processing file /opt/airflow/dags/redshift-airflow-ingestion-dag.py for tasks to queue
[2026-03-27T19:11:47.366+0000] {logging_mixin.py:188} INFO - [2026-03-27T19:11:47.365+0000] {dagbag.py:545} INFO - Filling up the DagBag from /opt/airflow/dags/redshift-airflow-ingestion-dag.py
[2026-03-27T19:11:47.389+0000] {processor.py:840} INFO - DAG(s) 's3_to_redshift_pipeline' retrieved from /opt/airflow/dags/redshift-airflow-ingestion-dag.py
[2026-03-27T19:11:47.417+0000] {logging_mixin.py:188} INFO - [2026-03-27T19:11:47.417+0000] {dag.py:3089} INFO - Sync 1 DAGs
[2026-03-27T19:11:47.444+0000] {logging_mixin.py:188} INFO - [2026-03-27T19:11:47.443+0000] {dag.py:3947} INFO - Setting next_dagrun for s3_to_redshift_pipeline to 2026-03-27 19:08:00+00:00, run_after=2026-03-27 19:10:00+00:00
[2026-03-27T19:11:47.467+0000] {processor.py:183} INFO - Processing /opt/airflow/dags/redshift-airflow-ingestion-dag.py took 0.110 seconds
[2026-03-27T19:12:18.153+0000] {processor.py:161} INFO - Started process (PID=27960) to work on /opt/airflow/dags/redshift-airflow-ingestion-dag.py
[2026-03-27T19:12:18.154+0000] {processor.py:830} INFO - Processing file /opt/airflow/dags/redshift-airflow-ingestion-dag.py for tasks to queue
[2026-03-27T19:12:18.156+0000] {logging_mixin.py:188} INFO - [2026-03-27T19:12:18.156+0000] {dagbag.py:545} INFO - Filling up the DagBag from /opt/airflow/dags/redshift-airflow-ingestion-dag.py
[2026-03-27T19:12:18.177+0000] {processor.py:840} INFO - DAG(s) 's3_to_redshift_pipeline' retrieved from /opt/airflow/dags/redshift-airflow-ingestion-dag.py
[2026-03-27T19:12:18.203+0000] {logging_mixin.py:188} INFO - [2026-03-27T19:12:18.203+0000] {dag.py:3089} INFO - Sync 1 DAGs
[2026-03-27T19:12:18.229+0000] {logging_mixin.py:188} INFO - [2026-03-27T19:12:18.228+0000] {dag.py:3947} INFO - Setting next_dagrun for s3_to_redshift_pipeline to 2026-03-27 19:10:00+00:00, run_after=2026-03-27 19:12:00+00:00
[2026-03-27T19:12:18.253+0000] {processor.py:183} INFO - Processing /opt/airflow/dags/redshift-airflow-ingestion-dag.py took 0.107 seconds
[2026-03-27T19:13:33.420+0000] {processor.py:161} INFO - Started process (PID=177) to work on /opt/airflow/dags/redshift-airflow-ingestion-dag.py
[2026-03-27T19:13:33.421+0000] {processor.py:830} INFO - Processing file /opt/airflow/dags/redshift-airflow-ingestion-dag.py for tasks to queue
[2026-03-27T19:13:33.423+0000] {logging_mixin.py:188} INFO - [2026-03-27T19:13:33.423+0000] {dagbag.py:545} INFO - Filling up the DagBag from /opt/airflow/dags/redshift-airflow-ingestion-dag.py
[2026-03-27T19:13:33.451+0000] {processor.py:840} INFO - DAG(s) 's3_to_redshift_pipeline' retrieved from /opt/airflow/dags/redshift-airflow-ingestion-dag.py
[2026-03-27T19:13:33.649+0000] {logging_mixin.py:188} INFO - [2026-03-27T19:13:33.648+0000] {override.py:1858} INFO - Created Permission View: can delete on DAG:s3_to_redshift_pipeline
[2026-03-27T19:13:33.664+0000] {logging_mixin.py:188} INFO - [2026-03-27T19:13:33.664+0000] {override.py:1858} INFO - Created Permission View: can read on DAG:s3_to_redshift_pipeline
[2026-03-27T19:13:33.674+0000] {logging_mixin.py:188} INFO - [2026-03-27T19:13:33.674+0000] {override.py:1858} INFO - Created Permission View: can edit on DAG:s3_to_redshift_pipeline
[2026-03-27T19:13:33.675+0000] {logging_mixin.py:188} INFO - [2026-03-27T19:13:33.675+0000] {dag.py:3089} INFO - Sync 1 DAGs
[2026-03-27T19:13:33.690+0000] {logging_mixin.py:188} INFO - [2026-03-27T19:13:33.690+0000] {dag.py:3111} INFO - Creating ORM DAG for s3_to_redshift_pipeline
[2026-03-27T19:13:33.709+0000] {logging_mixin.py:188} INFO - [2026-03-27T19:13:33.708+0000] {dag.py:3947} INFO - Setting next_dagrun for s3_to_redshift_pipeline to 2026-03-27 19:10:00+00:00, run_after=2026-03-27 19:12:00+00:00
[2026-03-27T19:13:33.737+0000] {processor.py:183} INFO - Processing /opt/airflow/dags/redshift-airflow-ingestion-dag.py took 0.326 seconds
[2026-03-27T19:14:04.474+0000] {processor.py:161} INFO - Started process (PID=202) to work on /opt/airflow/dags/redshift-airflow-ingestion-dag.py
[2026-03-27T19:14:04.475+0000] {processor.py:830} INFO - Processing file /opt/airflow/dags/redshift-airflow-ingestion-dag.py for tasks to queue
[2026-03-27T19:14:04.477+0000] {logging_mixin.py:188} INFO - [2026-03-27T19:14:04.477+0000] {dagbag.py:545} INFO - Filling up the DagBag from /opt/airflow/dags/redshift-airflow-ingestion-dag.py
[2026-03-27T19:14:04.499+0000] {processor.py:840} INFO - DAG(s) 's3_to_redshift_pipeline' retrieved from /opt/airflow/dags/redshift-airflow-ingestion-dag.py
[2026-03-27T19:14:04.537+0000] {logging_mixin.py:188} INFO - [2026-03-27T19:14:04.536+0000] {dag.py:3089} INFO - Sync 1 DAGs
[2026-03-27T19:14:04.561+0000] {logging_mixin.py:188} INFO - [2026-03-27T19:14:04.560+0000] {dag.py:3947} INFO - Setting next_dagrun for s3_to_redshift_pipeline to 2026-03-27 19:12:00+00:00, run_after=2026-03-27 19:14:00+00:00
[2026-03-27T19:14:04.580+0000] {processor.py:183} INFO - Processing /opt/airflow/dags/redshift-airflow-ingestion-dag.py took 0.115 seconds
[2026-03-27T19:14:35.463+0000] {processor.py:161} INFO - Started process (PID=322) to work on /opt/airflow/dags/redshift-airflow-ingestion-dag.py
[2026-03-27T19:14:35.467+0000] {processor.py:830} INFO - Processing file /opt/airflow/dags/redshift-airflow-ingestion-dag.py for tasks to queue
[2026-03-27T19:14:35.472+0000] {logging_mixin.py:188} INFO - [2026-03-27T19:14:35.471+0000] {dagbag.py:545} INFO - Filling up the DagBag from /opt/airflow/dags/redshift-airflow-ingestion-dag.py
[2026-03-27T19:14:35.508+0000] {processor.py:840} INFO - DAG(s) 's3_to_redshift_pipeline' retrieved from /opt/airflow/dags/redshift-airflow-ingestion-dag.py
[2026-03-27T19:14:35.570+0000] {logging_mixin.py:188} INFO - [2026-03-27T19:14:35.569+0000] {dag.py:3089} INFO - Sync 1 DAGs
[2026-03-27T19:14:35.622+0000] {logging_mixin.py:188} INFO - [2026-03-27T19:14:35.622+0000] {dag.py:3947} INFO - Setting next_dagrun for s3_to_redshift_pipeline to 2026-03-27 19:12:00+00:00, run_after=2026-03-27 19:14:00+00:00
[2026-03-27T19:14:35.661+0000] {processor.py:183} INFO - Processing /opt/airflow/dags/redshift-airflow-ingestion-dag.py took 0.207 seconds
[2026-03-27T19:15:06.404+0000] {processor.py:161} INFO - Started process (PID=445) to work on /opt/airflow/dags/redshift-airflow-ingestion-dag.py
[2026-03-27T19:15:06.407+0000] {processor.py:830} INFO - Processing file /opt/airflow/dags/redshift-airflow-ingestion-dag.py for tasks to queue
[2026-03-27T19:15:06.411+0000] {logging_mixin.py:188} INFO - [2026-03-27T19:15:06.410+0000] {dagbag.py:545} INFO - Filling up the DagBag from /opt/airflow/dags/redshift-airflow-ingestion-dag.py
[2026-03-27T19:15:06.447+0000] {processor.py:840} INFO - DAG(s) 's3_to_redshift_pipeline' retrieved from /opt/airflow/dags/redshift-airflow-ingestion-dag.py
[2026-03-27T19:15:06.531+0000] {logging_mixin.py:188} INFO - [2026-03-27T19:15:06.530+0000] {dag.py:3089} INFO - Sync 1 DAGs
[2026-03-27T19:15:06.602+0000] {logging_mixin.py:188} INFO - [2026-03-27T19:15:06.601+0000] {dag.py:3947} INFO - Setting next_dagrun for s3_to_redshift_pipeline to 2026-03-27 19:12:00+00:00, run_after=2026-03-27 19:14:00+00:00
[2026-03-27T19:15:06.648+0000] {processor.py:183} INFO - Processing /opt/airflow/dags/redshift-airflow-ingestion-dag.py took 0.256 seconds
[2026-03-27T19:15:37.683+0000] {processor.py:161} INFO - Started process (PID=1287) to work on /opt/airflow/dags/redshift-airflow-ingestion-dag.py
[2026-03-27T19:15:37.684+0000] {processor.py:830} INFO - Processing file /opt/airflow/dags/redshift-airflow-ingestion-dag.py for tasks to queue
[2026-03-27T19:15:37.686+0000] {logging_mixin.py:188} INFO - [2026-03-27T19:15:37.686+0000] {dagbag.py:545} INFO - Filling up the DagBag from /opt/airflow/dags/redshift-airflow-ingestion-dag.py
[2026-03-27T19:15:37.708+0000] {processor.py:840} INFO - DAG(s) 's3_to_redshift_pipeline' retrieved from /opt/airflow/dags/redshift-airflow-ingestion-dag.py
[2026-03-27T19:15:37.760+0000] {logging_mixin.py:188} INFO - [2026-03-27T19:15:37.759+0000] {dag.py:3089} INFO - Sync 1 DAGs
[2026-03-27T19:15:37.801+0000] {logging_mixin.py:188} INFO - [2026-03-27T19:15:37.800+0000] {dag.py:3947} INFO - Setting next_dagrun for s3_to_redshift_pipeline to 2026-03-27 19:12:00+00:00, run_after=2026-03-27 19:14:00+00:00
[2026-03-27T19:15:37.828+0000] {processor.py:183} INFO - Processing /opt/airflow/dags/redshift-airflow-ingestion-dag.py took 0.151 seconds
[2026-03-27T19:16:08.493+0000] {processor.py:161} INFO - Started process (PID=1330) to work on /opt/airflow/dags/redshift-airflow-ingestion-dag.py
[2026-03-27T19:16:08.494+0000] {processor.py:830} INFO - Processing file /opt/airflow/dags/redshift-airflow-ingestion-dag.py for tasks to queue
[2026-03-27T19:16:08.497+0000] {logging_mixin.py:188} INFO - [2026-03-27T19:16:08.496+0000] {dagbag.py:545} INFO - Filling up the DagBag from /opt/airflow/dags/redshift-airflow-ingestion-dag.py
[2026-03-27T19:16:08.517+0000] {processor.py:840} INFO - DAG(s) 's3_to_redshift_pipeline' retrieved from /opt/airflow/dags/redshift-airflow-ingestion-dag.py
[2026-03-27T19:16:08.549+0000] {logging_mixin.py:188} INFO - [2026-03-27T19:16:08.549+0000] {dag.py:3089} INFO - Sync 1 DAGs
[2026-03-27T19:16:08.573+0000] {logging_mixin.py:188} INFO - [2026-03-27T19:16:08.573+0000] {dag.py:3947} INFO - Setting next_dagrun for s3_to_redshift_pipeline to 2026-03-27 19:14:00+00:00, run_after=2026-03-27 19:16:00+00:00
[2026-03-27T19:16:08.594+0000] {processor.py:183} INFO - Processing /opt/airflow/dags/redshift-airflow-ingestion-dag.py took 0.108 seconds
[2026-03-27T19:16:39.285+0000] {processor.py:161} INFO - Started process (PID=1355) to work on /opt/airflow/dags/redshift-airflow-ingestion-dag.py
[2026-03-27T19:16:39.287+0000] {processor.py:830} INFO - Processing file /opt/airflow/dags/redshift-airflow-ingestion-dag.py for tasks to queue
[2026-03-27T19:16:39.289+0000] {logging_mixin.py:188} INFO - [2026-03-27T19:16:39.288+0000] {dagbag.py:545} INFO - Filling up the DagBag from /opt/airflow/dags/redshift-airflow-ingestion-dag.py
[2026-03-27T19:16:39.313+0000] {processor.py:840} INFO - DAG(s) 's3_to_redshift_pipeline' retrieved from /opt/airflow/dags/redshift-airflow-ingestion-dag.py
[2026-03-27T19:16:39.345+0000] {logging_mixin.py:188} INFO - [2026-03-27T19:16:39.345+0000] {dag.py:3089} INFO - Sync 1 DAGs
[2026-03-27T19:16:39.374+0000] {logging_mixin.py:188} INFO - [2026-03-27T19:16:39.374+0000] {dag.py:3947} INFO - Setting next_dagrun for s3_to_redshift_pipeline to 2026-03-27 19:14:00+00:00, run_after=2026-03-27 19:16:00+00:00
[2026-03-27T19:16:39.397+0000] {processor.py:183} INFO - Processing /opt/airflow/dags/redshift-airflow-ingestion-dag.py took 0.120 seconds
[2026-03-27T19:17:09.999+0000] {processor.py:161} INFO - Started process (PID=1380) to work on /opt/airflow/dags/redshift-airflow-ingestion-dag.py
[2026-03-27T19:17:10.000+0000] {processor.py:830} INFO - Processing file /opt/airflow/dags/redshift-airflow-ingestion-dag.py for tasks to queue
[2026-03-27T19:17:10.002+0000] {logging_mixin.py:188} INFO - [2026-03-27T19:17:10.002+0000] {dagbag.py:545} INFO - Filling up the DagBag from /opt/airflow/dags/redshift-airflow-ingestion-dag.py
[2026-03-27T19:17:10.024+0000] {processor.py:840} INFO - DAG(s) 's3_to_redshift_pipeline' retrieved from /opt/airflow/dags/redshift-airflow-ingestion-dag.py
[2026-03-27T19:17:10.064+0000] {logging_mixin.py:188} INFO - [2026-03-27T19:17:10.063+0000] {dag.py:3089} INFO - Sync 1 DAGs
[2026-03-27T19:17:10.093+0000] {logging_mixin.py:188} INFO - [2026-03-27T19:17:10.093+0000] {dag.py:3947} INFO - Setting next_dagrun for s3_to_redshift_pipeline to 2026-03-27 19:14:00+00:00, run_after=2026-03-27 19:16:00+00:00
[2026-03-27T19:17:10.117+0000] {processor.py:183} INFO - Processing /opt/airflow/dags/redshift-airflow-ingestion-dag.py took 0.123 seconds
[2026-03-27T19:17:40.828+0000] {processor.py:161} INFO - Started process (PID=1405) to work on /opt/airflow/dags/redshift-airflow-ingestion-dag.py
[2026-03-27T19:17:40.829+0000] {processor.py:830} INFO - Processing file /opt/airflow/dags/redshift-airflow-ingestion-dag.py for tasks to queue
[2026-03-27T19:17:40.831+0000] {logging_mixin.py:188} INFO - [2026-03-27T19:17:40.831+0000] {dagbag.py:545} INFO - Filling up the DagBag from /opt/airflow/dags/redshift-airflow-ingestion-dag.py
[2026-03-27T19:17:40.850+0000] {processor.py:840} INFO - DAG(s) 's3_to_redshift_pipeline' retrieved from /opt/airflow/dags/redshift-airflow-ingestion-dag.py
[2026-03-27T19:17:40.888+0000] {logging_mixin.py:188} INFO - [2026-03-27T19:17:40.888+0000] {dag.py:3089} INFO - Sync 1 DAGs
[2026-03-27T19:17:40.917+0000] {logging_mixin.py:188} INFO - [2026-03-27T19:17:40.917+0000] {dag.py:3947} INFO - Setting next_dagrun for s3_to_redshift_pipeline to 2026-03-27 19:14:00+00:00, run_after=2026-03-27 19:16:00+00:00
[2026-03-27T19:17:40.942+0000] {processor.py:183} INFO - Processing /opt/airflow/dags/redshift-airflow-ingestion-dag.py took 0.119 seconds
[2026-03-27T19:18:11.719+0000] {processor.py:161} INFO - Started process (PID=1430) to work on /opt/airflow/dags/redshift-airflow-ingestion-dag.py
[2026-03-27T19:18:11.720+0000] {processor.py:830} INFO - Processing file /opt/airflow/dags/redshift-airflow-ingestion-dag.py for tasks to queue
[2026-03-27T19:18:11.722+0000] {logging_mixin.py:188} INFO - [2026-03-27T19:18:11.722+0000] {dagbag.py:545} INFO - Filling up the DagBag from /opt/airflow/dags/redshift-airflow-ingestion-dag.py
[2026-03-27T19:18:11.740+0000] {processor.py:840} INFO - DAG(s) 's3_to_redshift_pipeline' retrieved from /opt/airflow/dags/redshift-airflow-ingestion-dag.py
[2026-03-27T19:18:11.774+0000] {logging_mixin.py:188} INFO - [2026-03-27T19:18:11.774+0000] {dag.py:3089} INFO - Sync 1 DAGs
[2026-03-27T19:18:11.797+0000] {logging_mixin.py:188} INFO - [2026-03-27T19:18:11.797+0000] {dag.py:3947} INFO - Setting next_dagrun for s3_to_redshift_pipeline to 2026-03-27 19:16:00+00:00, run_after=2026-03-27 19:18:00+00:00
[2026-03-27T19:18:11.819+0000] {processor.py:183} INFO - Processing /opt/airflow/dags/redshift-airflow-ingestion-dag.py took 0.104 seconds
[2026-03-27T19:18:42.598+0000] {processor.py:161} INFO - Started process (PID=1455) to work on /opt/airflow/dags/redshift-airflow-ingestion-dag.py
[2026-03-27T19:18:42.599+0000] {processor.py:830} INFO - Processing file /opt/airflow/dags/redshift-airflow-ingestion-dag.py for tasks to queue
[2026-03-27T19:18:42.602+0000] {logging_mixin.py:188} INFO - [2026-03-27T19:18:42.601+0000] {dagbag.py:545} INFO - Filling up the DagBag from /opt/airflow/dags/redshift-airflow-ingestion-dag.py
[2026-03-27T19:18:42.621+0000] {processor.py:840} INFO - DAG(s) 's3_to_redshift_pipeline' retrieved from /opt/airflow/dags/redshift-airflow-ingestion-dag.py
[2026-03-27T19:18:42.654+0000] {logging_mixin.py:188} INFO - [2026-03-27T19:18:42.654+0000] {dag.py:3089} INFO - Sync 1 DAGs
[2026-03-27T19:18:42.679+0000] {logging_mixin.py:188} INFO - [2026-03-27T19:18:42.679+0000] {dag.py:3947} INFO - Setting next_dagrun for s3_to_redshift_pipeline to 2026-03-27 19:16:00+00:00, run_after=2026-03-27 19:18:00+00:00
[2026-03-27T19:18:42.703+0000] {processor.py:183} INFO - Processing /opt/airflow/dags/redshift-airflow-ingestion-dag.py took 0.111 seconds
[2026-03-27T19:19:13.241+0000] {processor.py:161} INFO - Started process (PID=1494) to work on /opt/airflow/dags/redshift-airflow-ingestion-dag.py
[2026-03-27T19:19:13.242+0000] {processor.py:830} INFO - Processing file /opt/airflow/dags/redshift-airflow-ingestion-dag.py for tasks to queue
[2026-03-27T19:19:13.244+0000] {logging_mixin.py:188} INFO - [2026-03-27T19:19:13.243+0000] {dagbag.py:545} INFO - Filling up the DagBag from /opt/airflow/dags/redshift-airflow-ingestion-dag.py
[2026-03-27T19:19:13.263+0000] {processor.py:840} INFO - DAG(s) 's3_to_redshift_pipeline' retrieved from /opt/airflow/dags/redshift-airflow-ingestion-dag.py
[2026-03-27T19:19:13.298+0000] {logging_mixin.py:188} INFO - [2026-03-27T19:19:13.298+0000] {dag.py:3089} INFO - Sync 1 DAGs
[2026-03-27T19:19:13.324+0000] {logging_mixin.py:188} INFO - [2026-03-27T19:19:13.323+0000] {dag.py:3947} INFO - Setting next_dagrun for s3_to_redshift_pipeline to 2026-03-27 19:16:00+00:00, run_after=2026-03-27 19:18:00+00:00
[2026-03-27T19:19:13.346+0000] {processor.py:183} INFO - Processing /opt/airflow/dags/redshift-airflow-ingestion-dag.py took 0.111 seconds
[2026-03-27T19:19:43.917+0000] {processor.py:161} INFO - Started process (PID=1523) to work on /opt/airflow/dags/redshift-airflow-ingestion-dag.py
[2026-03-27T19:19:43.918+0000] {processor.py:830} INFO - Processing file /opt/airflow/dags/redshift-airflow-ingestion-dag.py for tasks to queue
[2026-03-27T19:19:43.920+0000] {logging_mixin.py:188} INFO - [2026-03-27T19:19:43.919+0000] {dagbag.py:545} INFO - Filling up the DagBag from /opt/airflow/dags/redshift-airflow-ingestion-dag.py
[2026-03-27T19:19:43.939+0000] {processor.py:840} INFO - DAG(s) 's3_to_redshift_pipeline' retrieved from /opt/airflow/dags/redshift-airflow-ingestion-dag.py
[2026-03-27T19:19:43.972+0000] {logging_mixin.py:188} INFO - [2026-03-27T19:19:43.972+0000] {dag.py:3089} INFO - Sync 1 DAGs
[2026-03-27T19:19:43.997+0000] {logging_mixin.py:188} INFO - [2026-03-27T19:19:43.996+0000] {dag.py:3947} INFO - Setting next_dagrun for s3_to_redshift_pipeline to 2026-03-27 19:16:00+00:00, run_after=2026-03-27 19:18:00+00:00
[2026-03-27T19:19:44.019+0000] {processor.py:183} INFO - Processing /opt/airflow/dags/redshift-airflow-ingestion-dag.py took 0.108 seconds
[2026-03-27T19:32:21.842+0000] {processor.py:161} INFO - Started process (PID=177) to work on /opt/airflow/dags/redshift-airflow-ingestion-dag.py
[2026-03-27T19:32:21.844+0000] {processor.py:830} INFO - Processing file /opt/airflow/dags/redshift-airflow-ingestion-dag.py for tasks to queue
[2026-03-27T19:32:21.847+0000] {logging_mixin.py:188} INFO - [2026-03-27T19:32:21.847+0000] {dagbag.py:545} INFO - Filling up the DagBag from /opt/airflow/dags/redshift-airflow-ingestion-dag.py
[2026-03-27T19:32:21.883+0000] {processor.py:840} INFO - DAG(s) 's3_to_redshift_pipeline' retrieved from /opt/airflow/dags/redshift-airflow-ingestion-dag.py
[2026-03-27T19:32:22.074+0000] {logging_mixin.py:188} INFO - [2026-03-27T19:32:22.073+0000] {override.py:1858} INFO - Created Permission View: can edit on DAG:s3_to_redshift_pipeline
[2026-03-27T19:32:22.089+0000] {logging_mixin.py:188} INFO - [2026-03-27T19:32:22.089+0000] {override.py:1858} INFO - Created Permission View: can read on DAG:s3_to_redshift_pipeline
[2026-03-27T19:32:22.100+0000] {logging_mixin.py:188} INFO - [2026-03-27T19:32:22.099+0000] {override.py:1858} INFO - Created Permission View: can delete on DAG:s3_to_redshift_pipeline
[2026-03-27T19:32:22.101+0000] {logging_mixin.py:188} INFO - [2026-03-27T19:32:22.101+0000] {dag.py:3089} INFO - Sync 1 DAGs
[2026-03-27T19:32:22.117+0000] {logging_mixin.py:188} INFO - [2026-03-27T19:32:22.116+0000] {dag.py:3111} INFO - Creating ORM DAG for s3_to_redshift_pipeline
[2026-03-27T19:32:22.134+0000] {logging_mixin.py:188} INFO - [2026-03-27T19:32:22.133+0000] {dag.py:3947} INFO - Setting next_dagrun for s3_to_redshift_pipeline to 2026-03-27 19:30:00+00:00, run_after=2026-03-27 19:32:00+00:00
[2026-03-27T19:32:22.160+0000] {processor.py:183} INFO - Processing /opt/airflow/dags/redshift-airflow-ingestion-dag.py took 0.328 seconds
[2026-03-27T19:32:52.773+0000] {processor.py:161} INFO - Started process (PID=202) to work on /opt/airflow/dags/redshift-airflow-ingestion-dag.py
[2026-03-27T19:32:52.775+0000] {processor.py:830} INFO - Processing file /opt/airflow/dags/redshift-airflow-ingestion-dag.py for tasks to queue
[2026-03-27T19:32:52.782+0000] {logging_mixin.py:188} INFO - [2026-03-27T19:32:52.781+0000] {dagbag.py:545} INFO - Filling up the DagBag from /opt/airflow/dags/redshift-airflow-ingestion-dag.py
[2026-03-27T19:32:52.812+0000] {processor.py:840} INFO - DAG(s) 's3_to_redshift_pipeline' retrieved from /opt/airflow/dags/redshift-airflow-ingestion-dag.py
[2026-03-27T19:32:52.839+0000] {logging_mixin.py:188} INFO - [2026-03-27T19:32:52.839+0000] {dag.py:3089} INFO - Sync 1 DAGs
[2026-03-27T19:32:52.866+0000] {logging_mixin.py:188} INFO - [2026-03-27T19:32:52.866+0000] {dag.py:3947} INFO - Setting next_dagrun for s3_to_redshift_pipeline to 2026-03-27 19:30:00+00:00, run_after=2026-03-27 19:32:00+00:00
[2026-03-27T19:32:52.889+0000] {processor.py:183} INFO - Processing /opt/airflow/dags/redshift-airflow-ingestion-dag.py took 0.135 seconds
[2026-03-27T19:33:23.080+0000] {processor.py:161} INFO - Started process (PID=229) to work on /opt/airflow/dags/redshift-airflow-ingestion-dag.py
[2026-03-27T19:33:23.081+0000] {processor.py:830} INFO - Processing file /opt/airflow/dags/redshift-airflow-ingestion-dag.py for tasks to queue
[2026-03-27T19:33:23.083+0000] {logging_mixin.py:188} INFO - [2026-03-27T19:33:23.083+0000] {dagbag.py:545} INFO - Filling up the DagBag from /opt/airflow/dags/redshift-airflow-ingestion-dag.py
[2026-03-27T19:33:23.107+0000] {processor.py:840} INFO - DAG(s) 's3_to_redshift_pipeline' retrieved from /opt/airflow/dags/redshift-airflow-ingestion-dag.py
[2026-03-27T19:33:23.132+0000] {logging_mixin.py:188} INFO - [2026-03-27T19:33:23.131+0000] {dag.py:3089} INFO - Sync 1 DAGs
[2026-03-27T19:33:23.158+0000] {logging_mixin.py:188} INFO - [2026-03-27T19:33:23.158+0000] {dag.py:3947} INFO - Setting next_dagrun for s3_to_redshift_pipeline to 2026-03-27 19:30:00+00:00, run_after=2026-03-27 19:32:00+00:00
[2026-03-27T19:33:23.180+0000] {processor.py:183} INFO - Processing /opt/airflow/dags/redshift-airflow-ingestion-dag.py took 0.106 seconds
[2026-03-27T19:33:53.238+0000] {processor.py:161} INFO - Started process (PID=254) to work on /opt/airflow/dags/redshift-airflow-ingestion-dag.py
[2026-03-27T19:33:53.239+0000] {processor.py:830} INFO - Processing file /opt/airflow/dags/redshift-airflow-ingestion-dag.py for tasks to queue
[2026-03-27T19:33:53.241+0000] {logging_mixin.py:188} INFO - [2026-03-27T19:33:53.241+0000] {dagbag.py:545} INFO - Filling up the DagBag from /opt/airflow/dags/redshift-airflow-ingestion-dag.py
[2026-03-27T19:33:53.262+0000] {processor.py:840} INFO - DAG(s) 's3_to_redshift_pipeline' retrieved from /opt/airflow/dags/redshift-airflow-ingestion-dag.py
[2026-03-27T19:33:53.287+0000] {logging_mixin.py:188} INFO - [2026-03-27T19:33:53.286+0000] {dag.py:3089} INFO - Sync 1 DAGs
[2026-03-27T19:33:53.311+0000] {logging_mixin.py:188} INFO - [2026-03-27T19:33:53.311+0000] {dag.py:3947} INFO - Setting next_dagrun for s3_to_redshift_pipeline to 2026-03-27 19:30:00+00:00, run_after=2026-03-27 19:32:00+00:00
[2026-03-27T19:33:53.333+0000] {processor.py:183} INFO - Processing /opt/airflow/dags/redshift-airflow-ingestion-dag.py took 0.101 seconds
[2026-03-27T19:34:24.551+0000] {processor.py:161} INFO - Started process (PID=370) to work on /opt/airflow/dags/redshift-airflow-ingestion-dag.py
[2026-03-27T19:34:24.554+0000] {processor.py:830} INFO - Processing file /opt/airflow/dags/redshift-airflow-ingestion-dag.py for tasks to queue
[2026-03-27T19:34:24.558+0000] {logging_mixin.py:188} INFO - [2026-03-27T19:34:24.558+0000] {dagbag.py:545} INFO - Filling up the DagBag from /opt/airflow/dags/redshift-airflow-ingestion-dag.py
[2026-03-27T19:34:24.620+0000] {processor.py:840} INFO - DAG(s) 's3_to_redshift_pipeline' retrieved from /opt/airflow/dags/redshift-airflow-ingestion-dag.py
[2026-03-27T19:34:24.683+0000] {logging_mixin.py:188} INFO - [2026-03-27T19:34:24.682+0000] {dag.py:3089} INFO - Sync 1 DAGs
[2026-03-27T19:34:24.779+0000] {logging_mixin.py:188} INFO - [2026-03-27T19:34:24.778+0000] {dag.py:3947} INFO - Setting next_dagrun for s3_to_redshift_pipeline to 2026-03-27 19:32:00+00:00, run_after=2026-03-27 19:34:00+00:00
[2026-03-27T19:34:24.848+0000] {processor.py:183} INFO - Processing /opt/airflow/dags/redshift-airflow-ingestion-dag.py took 0.319 seconds
[2026-03-27T19:34:55.605+0000] {processor.py:161} INFO - Started process (PID=581) to work on /opt/airflow/dags/redshift-airflow-ingestion-dag.py
[2026-03-27T19:34:55.607+0000] {processor.py:830} INFO - Processing file /opt/airflow/dags/redshift-airflow-ingestion-dag.py for tasks to queue
[2026-03-27T19:34:55.610+0000] {logging_mixin.py:188} INFO - [2026-03-27T19:34:55.610+0000] {dagbag.py:545} INFO - Filling up the DagBag from /opt/airflow/dags/redshift-airflow-ingestion-dag.py
[2026-03-27T19:34:55.652+0000] {processor.py:840} INFO - DAG(s) 's3_to_redshift_pipeline' retrieved from /opt/airflow/dags/redshift-airflow-ingestion-dag.py
[2026-03-27T19:34:55.703+0000] {logging_mixin.py:188} INFO - [2026-03-27T19:34:55.703+0000] {dag.py:3089} INFO - Sync 1 DAGs
[2026-03-27T19:34:55.759+0000] {logging_mixin.py:188} INFO - [2026-03-27T19:34:55.759+0000] {dag.py:3947} INFO - Setting next_dagrun for s3_to_redshift_pipeline to 2026-03-27 19:32:00+00:00, run_after=2026-03-27 19:34:00+00:00
[2026-03-27T19:34:56.396+0000] {processor.py:183} INFO - Processing /opt/airflow/dags/redshift-airflow-ingestion-dag.py took 0.805 seconds
[2026-03-27T19:35:27.005+0000] {processor.py:161} INFO - Started process (PID=1556) to work on /opt/airflow/dags/redshift-airflow-ingestion-dag.py
[2026-03-27T19:35:27.006+0000] {processor.py:830} INFO - Processing file /opt/airflow/dags/redshift-airflow-ingestion-dag.py for tasks to queue
[2026-03-27T19:35:27.008+0000] {logging_mixin.py:188} INFO - [2026-03-27T19:35:27.008+0000] {dagbag.py:545} INFO - Filling up the DagBag from /opt/airflow/dags/redshift-airflow-ingestion-dag.py
[2026-03-27T19:35:27.033+0000] {processor.py:840} INFO - DAG(s) 's3_to_redshift_pipeline' retrieved from /opt/airflow/dags/redshift-airflow-ingestion-dag.py
[2026-03-27T19:35:27.060+0000] {logging_mixin.py:188} INFO - [2026-03-27T19:35:27.060+0000] {dag.py:3089} INFO - Sync 1 DAGs
[2026-03-27T19:35:27.087+0000] {logging_mixin.py:188} INFO - [2026-03-27T19:35:27.086+0000] {dag.py:3947} INFO - Setting next_dagrun for s3_to_redshift_pipeline to 2026-03-27 19:32:00+00:00, run_after=2026-03-27 19:34:00+00:00
[2026-03-27T19:35:27.109+0000] {processor.py:183} INFO - Processing /opt/airflow/dags/redshift-airflow-ingestion-dag.py took 0.109 seconds
[2026-03-27T19:35:57.771+0000] {processor.py:161} INFO - Started process (PID=1618) to work on /opt/airflow/dags/redshift-airflow-ingestion-dag.py
[2026-03-27T19:35:57.773+0000] {processor.py:830} INFO - Processing file /opt/airflow/dags/redshift-airflow-ingestion-dag.py for tasks to queue
[2026-03-27T19:35:57.775+0000] {logging_mixin.py:188} INFO - [2026-03-27T19:35:57.774+0000] {dagbag.py:545} INFO - Filling up the DagBag from /opt/airflow/dags/redshift-airflow-ingestion-dag.py
[2026-03-27T19:35:57.805+0000] {processor.py:840} INFO - DAG(s) 's3_to_redshift_pipeline' retrieved from /opt/airflow/dags/redshift-airflow-ingestion-dag.py
[2026-03-27T19:35:57.833+0000] {logging_mixin.py:188} INFO - [2026-03-27T19:35:57.833+0000] {dag.py:3089} INFO - Sync 1 DAGs
[2026-03-27T19:35:57.865+0000] {logging_mixin.py:188} INFO - [2026-03-27T19:35:57.864+0000] {dag.py:3947} INFO - Setting next_dagrun for s3_to_redshift_pipeline to 2026-03-27 19:32:00+00:00, run_after=2026-03-27 19:34:00+00:00
[2026-03-27T19:35:57.888+0000] {processor.py:183} INFO - Processing /opt/airflow/dags/redshift-airflow-ingestion-dag.py took 0.122 seconds
[2026-03-27T19:36:28.600+0000] {processor.py:161} INFO - Started process (PID=1643) to work on /opt/airflow/dags/redshift-airflow-ingestion-dag.py
[2026-03-27T19:36:28.601+0000] {processor.py:830} INFO - Processing file /opt/airflow/dags/redshift-airflow-ingestion-dag.py for tasks to queue
[2026-03-27T19:36:28.603+0000] {logging_mixin.py:188} INFO - [2026-03-27T19:36:28.602+0000] {dagbag.py:545} INFO - Filling up the DagBag from /opt/airflow/dags/redshift-airflow-ingestion-dag.py
[2026-03-27T19:36:28.627+0000] {processor.py:840} INFO - DAG(s) 's3_to_redshift_pipeline' retrieved from /opt/airflow/dags/redshift-airflow-ingestion-dag.py
[2026-03-27T19:36:28.656+0000] {logging_mixin.py:188} INFO - [2026-03-27T19:36:28.656+0000] {dag.py:3089} INFO - Sync 1 DAGs
[2026-03-27T19:36:28.684+0000] {logging_mixin.py:188} INFO - [2026-03-27T19:36:28.684+0000] {dag.py:3947} INFO - Setting next_dagrun for s3_to_redshift_pipeline to 2026-03-27 19:34:00+00:00, run_after=2026-03-27 19:36:00+00:00
[2026-03-27T19:36:28.707+0000] {processor.py:183} INFO - Processing /opt/airflow/dags/redshift-airflow-ingestion-dag.py took 0.113 seconds
[2026-03-27T19:36:59.480+0000] {processor.py:161} INFO - Started process (PID=1668) to work on /opt/airflow/dags/redshift-airflow-ingestion-dag.py
[2026-03-27T19:36:59.481+0000] {processor.py:830} INFO - Processing file /opt/airflow/dags/redshift-airflow-ingestion-dag.py for tasks to queue
[2026-03-27T19:36:59.483+0000] {logging_mixin.py:188} INFO - [2026-03-27T19:36:59.482+0000] {dagbag.py:545} INFO - Filling up the DagBag from /opt/airflow/dags/redshift-airflow-ingestion-dag.py
[2026-03-27T19:36:59.504+0000] {processor.py:840} INFO - DAG(s) 's3_to_redshift_pipeline' retrieved from /opt/airflow/dags/redshift-airflow-ingestion-dag.py
[2026-03-27T19:36:59.531+0000] {logging_mixin.py:188} INFO - [2026-03-27T19:36:59.531+0000] {dag.py:3089} INFO - Sync 1 DAGs
[2026-03-27T19:36:59.562+0000] {logging_mixin.py:188} INFO - [2026-03-27T19:36:59.562+0000] {dag.py:3947} INFO - Setting next_dagrun for s3_to_redshift_pipeline to 2026-03-27 19:34:00+00:00, run_after=2026-03-27 19:36:00+00:00
[2026-03-27T19:36:59.585+0000] {processor.py:183} INFO - Processing /opt/airflow/dags/redshift-airflow-ingestion-dag.py took 0.111 seconds
[2026-03-27T19:37:30.338+0000] {processor.py:161} INFO - Started process (PID=1693) to work on /opt/airflow/dags/redshift-airflow-ingestion-dag.py
[2026-03-27T19:37:30.339+0000] {processor.py:830} INFO - Processing file /opt/airflow/dags/redshift-airflow-ingestion-dag.py for tasks to queue
[2026-03-27T19:37:30.341+0000] {logging_mixin.py:188} INFO - [2026-03-27T19:37:30.341+0000] {dagbag.py:545} INFO - Filling up the DagBag from /opt/airflow/dags/redshift-airflow-ingestion-dag.py
[2026-03-27T19:37:30.367+0000] {processor.py:840} INFO - DAG(s) 's3_to_redshift_pipeline' retrieved from /opt/airflow/dags/redshift-airflow-ingestion-dag.py
[2026-03-27T19:37:30.393+0000] {logging_mixin.py:188} INFO - [2026-03-27T19:37:30.392+0000] {dag.py:3089} INFO - Sync 1 DAGs
[2026-03-27T19:37:30.422+0000] {logging_mixin.py:188} INFO - [2026-03-27T19:37:30.422+0000] {dag.py:3947} INFO - Setting next_dagrun for s3_to_redshift_pipeline to 2026-03-27 19:34:00+00:00, run_after=2026-03-27 19:36:00+00:00
[2026-03-27T19:37:30.446+0000] {processor.py:183} INFO - Processing /opt/airflow/dags/redshift-airflow-ingestion-dag.py took 0.114 seconds
[2026-03-27T19:38:01.128+0000] {processor.py:161} INFO - Started process (PID=1718) to work on /opt/airflow/dags/redshift-airflow-ingestion-dag.py
[2026-03-27T19:38:01.129+0000] {processor.py:830} INFO - Processing file /opt/airflow/dags/redshift-airflow-ingestion-dag.py for tasks to queue
[2026-03-27T19:38:01.131+0000] {logging_mixin.py:188} INFO - [2026-03-27T19:38:01.130+0000] {dagbag.py:545} INFO - Filling up the DagBag from /opt/airflow/dags/redshift-airflow-ingestion-dag.py
[2026-03-27T19:38:01.150+0000] {processor.py:840} INFO - DAG(s) 's3_to_redshift_pipeline' retrieved from /opt/airflow/dags/redshift-airflow-ingestion-dag.py
[2026-03-27T19:38:01.178+0000] {logging_mixin.py:188} INFO - [2026-03-27T19:38:01.178+0000] {dag.py:3089} INFO - Sync 1 DAGs
[2026-03-27T19:38:01.211+0000] {logging_mixin.py:188} INFO - [2026-03-27T19:38:01.211+0000] {dag.py:3947} INFO - Setting next_dagrun for s3_to_redshift_pipeline to 2026-03-27 19:36:00+00:00, run_after=2026-03-27 19:38:00+00:00
[2026-03-27T19:38:01.236+0000] {processor.py:183} INFO - Processing /opt/airflow/dags/redshift-airflow-ingestion-dag.py took 0.114 seconds
[2026-03-27T19:38:31.943+0000] {processor.py:161} INFO - Started process (PID=1743) to work on /opt/airflow/dags/redshift-airflow-ingestion-dag.py
[2026-03-27T19:38:31.944+0000] {processor.py:830} INFO - Processing file /opt/airflow/dags/redshift-airflow-ingestion-dag.py for tasks to queue
[2026-03-27T19:38:31.946+0000] {logging_mixin.py:188} INFO - [2026-03-27T19:38:31.946+0000] {dagbag.py:545} INFO - Filling up the DagBag from /opt/airflow/dags/redshift-airflow-ingestion-dag.py
[2026-03-27T19:38:31.969+0000] {processor.py:840} INFO - DAG(s) 's3_to_redshift_pipeline' retrieved from /opt/airflow/dags/redshift-airflow-ingestion-dag.py
[2026-03-27T19:38:31.999+0000] {logging_mixin.py:188} INFO - [2026-03-27T19:38:31.999+0000] {dag.py:3089} INFO - Sync 1 DAGs
[2026-03-27T19:38:32.027+0000] {logging_mixin.py:188} INFO - [2026-03-27T19:38:32.027+0000] {dag.py:3947} INFO - Setting next_dagrun for s3_to_redshift_pipeline to 2026-03-27 19:36:00+00:00, run_after=2026-03-27 19:38:00+00:00
[2026-03-27T19:38:32.050+0000] {processor.py:183} INFO - Processing /opt/airflow/dags/redshift-airflow-ingestion-dag.py took 0.112 seconds
[2026-03-27T19:39:02.690+0000] {processor.py:161} INFO - Started process (PID=1768) to work on /opt/airflow/dags/redshift-airflow-ingestion-dag.py
[2026-03-27T19:39:02.691+0000] {processor.py:830} INFO - Processing file /opt/airflow/dags/redshift-airflow-ingestion-dag.py for tasks to queue
[2026-03-27T19:39:02.693+0000] {logging_mixin.py:188} INFO - [2026-03-27T19:39:02.693+0000] {dagbag.py:545} INFO - Filling up the DagBag from /opt/airflow/dags/redshift-airflow-ingestion-dag.py
[2026-03-27T19:39:02.715+0000] {processor.py:840} INFO - DAG(s) 's3_to_redshift_pipeline' retrieved from /opt/airflow/dags/redshift-airflow-ingestion-dag.py
[2026-03-27T19:39:02.743+0000] {logging_mixin.py:188} INFO - [2026-03-27T19:39:02.743+0000] {dag.py:3089} INFO - Sync 1 DAGs
[2026-03-27T19:39:02.771+0000] {logging_mixin.py:188} INFO - [2026-03-27T19:39:02.771+0000] {dag.py:3947} INFO - Setting next_dagrun for s3_to_redshift_pipeline to 2026-03-27 19:36:00+00:00, run_after=2026-03-27 19:38:00+00:00
[2026-03-27T19:39:02.794+0000] {processor.py:183} INFO - Processing /opt/airflow/dags/redshift-airflow-ingestion-dag.py took 0.111 seconds
[2026-03-27T19:39:33.574+0000] {processor.py:161} INFO - Started process (PID=1799) to work on /opt/airflow/dags/redshift-airflow-ingestion-dag.py
[2026-03-27T19:39:33.575+0000] {processor.py:830} INFO - Processing file /opt/airflow/dags/redshift-airflow-ingestion-dag.py for tasks to queue
[2026-03-27T19:39:33.577+0000] {logging_mixin.py:188} INFO - [2026-03-27T19:39:33.577+0000] {dagbag.py:545} INFO - Filling up the DagBag from /opt/airflow/dags/redshift-airflow-ingestion-dag.py
[2026-03-27T19:39:33.598+0000] {processor.py:840} INFO - DAG(s) 's3_to_redshift_pipeline' retrieved from /opt/airflow/dags/redshift-airflow-ingestion-dag.py
[2026-03-27T19:39:33.625+0000] {logging_mixin.py:188} INFO - [2026-03-27T19:39:33.625+0000] {dag.py:3089} INFO - Sync 1 DAGs
[2026-03-27T19:39:33.651+0000] {logging_mixin.py:188} INFO - [2026-03-27T19:39:33.651+0000] {dag.py:3947} INFO - Setting next_dagrun for s3_to_redshift_pipeline to 2026-03-27 19:36:00+00:00, run_after=2026-03-27 19:38:00+00:00
[2026-03-27T19:39:33.675+0000] {processor.py:183} INFO - Processing /opt/airflow/dags/redshift-airflow-ingestion-dag.py took 0.107 seconds
[2026-03-27T19:40:04.337+0000] {processor.py:161} INFO - Started process (PID=1831) to work on /opt/airflow/dags/redshift-airflow-ingestion-dag.py
[2026-03-27T19:40:04.338+0000] {processor.py:830} INFO - Processing file /opt/airflow/dags/redshift-airflow-ingestion-dag.py for tasks to queue
[2026-03-27T19:40:04.340+0000] {logging_mixin.py:188} INFO - [2026-03-27T19:40:04.340+0000] {dagbag.py:545} INFO - Filling up the DagBag from /opt/airflow/dags/redshift-airflow-ingestion-dag.py
[2026-03-27T19:40:04.365+0000] {processor.py:840} INFO - DAG(s) 's3_to_redshift_pipeline' retrieved from /opt/airflow/dags/redshift-airflow-ingestion-dag.py
[2026-03-27T19:40:04.394+0000] {logging_mixin.py:188} INFO - [2026-03-27T19:40:04.394+0000] {dag.py:3089} INFO - Sync 1 DAGs
[2026-03-27T19:40:04.422+0000] {logging_mixin.py:188} INFO - [2026-03-27T19:40:04.422+0000] {dag.py:3947} INFO - Setting next_dagrun for s3_to_redshift_pipeline to 2026-03-27 19:38:00+00:00, run_after=2026-03-27 19:40:00+00:00
[2026-03-27T19:40:04.445+0000] {processor.py:183} INFO - Processing /opt/airflow/dags/redshift-airflow-ingestion-dag.py took 0.114 seconds
[2026-03-27T19:40:35.260+0000] {processor.py:161} INFO - Started process (PID=1856) to work on /opt/airflow/dags/redshift-airflow-ingestion-dag.py
[2026-03-27T19:40:35.261+0000] {processor.py:830} INFO - Processing file /opt/airflow/dags/redshift-airflow-ingestion-dag.py for tasks to queue
[2026-03-27T19:40:35.264+0000] {logging_mixin.py:188} INFO - [2026-03-27T19:40:35.263+0000] {dagbag.py:545} INFO - Filling up the DagBag from /opt/airflow/dags/redshift-airflow-ingestion-dag.py
[2026-03-27T19:40:35.293+0000] {processor.py:840} INFO - DAG(s) 's3_to_redshift_pipeline' retrieved from /opt/airflow/dags/redshift-airflow-ingestion-dag.py
[2026-03-27T19:40:35.322+0000] {logging_mixin.py:188} INFO - [2026-03-27T19:40:35.322+0000] {dag.py:3089} INFO - Sync 1 DAGs
[2026-03-27T19:40:35.350+0000] {logging_mixin.py:188} INFO - [2026-03-27T19:40:35.350+0000] {dag.py:3947} INFO - Setting next_dagrun for s3_to_redshift_pipeline to 2026-03-27 19:38:00+00:00, run_after=2026-03-27 19:40:00+00:00
[2026-03-27T19:40:35.375+0000] {processor.py:183} INFO - Processing /opt/airflow/dags/redshift-airflow-ingestion-dag.py took 0.121 seconds
[2026-03-27T19:41:06.127+0000] {processor.py:161} INFO - Started process (PID=1881) to work on /opt/airflow/dags/redshift-airflow-ingestion-dag.py
[2026-03-27T19:41:06.128+0000] {processor.py:830} INFO - Processing file /opt/airflow/dags/redshift-airflow-ingestion-dag.py for tasks to queue
[2026-03-27T19:41:06.130+0000] {logging_mixin.py:188} INFO - [2026-03-27T19:41:06.129+0000] {dagbag.py:545} INFO - Filling up the DagBag from /opt/airflow/dags/redshift-airflow-ingestion-dag.py
[2026-03-27T19:41:06.154+0000] {processor.py:840} INFO - DAG(s) 's3_to_redshift_pipeline' retrieved from /opt/airflow/dags/redshift-airflow-ingestion-dag.py
[2026-03-27T19:41:06.181+0000] {logging_mixin.py:188} INFO - [2026-03-27T19:41:06.181+0000] {dag.py:3089} INFO - Sync 1 DAGs
[2026-03-27T19:41:06.210+0000] {logging_mixin.py:188} INFO - [2026-03-27T19:41:06.209+0000] {dag.py:3947} INFO - Setting next_dagrun for s3_to_redshift_pipeline to 2026-03-27 19:38:00+00:00, run_after=2026-03-27 19:40:00+00:00
[2026-03-27T19:41:06.233+0000] {processor.py:183} INFO - Processing /opt/airflow/dags/redshift-airflow-ingestion-dag.py took 0.112 seconds
[2026-03-27T19:41:36.925+0000] {processor.py:161} INFO - Started process (PID=3270) to work on /opt/airflow/dags/redshift-airflow-ingestion-dag.py
[2026-03-27T19:41:36.927+0000] {processor.py:830} INFO - Processing file /opt/airflow/dags/redshift-airflow-ingestion-dag.py for tasks to queue
[2026-03-27T19:41:36.929+0000] {logging_mixin.py:188} INFO - [2026-03-27T19:41:36.929+0000] {dagbag.py:545} INFO - Filling up the DagBag from /opt/airflow/dags/redshift-airflow-ingestion-dag.py
[2026-03-27T19:41:36.957+0000] {processor.py:840} INFO - DAG(s) 's3_to_redshift_pipeline' retrieved from /opt/airflow/dags/redshift-airflow-ingestion-dag.py
[2026-03-27T19:41:36.988+0000] {logging_mixin.py:188} INFO - [2026-03-27T19:41:36.987+0000] {dag.py:3089} INFO - Sync 1 DAGs
[2026-03-27T19:41:37.028+0000] {logging_mixin.py:188} INFO - [2026-03-27T19:41:37.027+0000] {dag.py:3947} INFO - Setting next_dagrun for s3_to_redshift_pipeline to 2026-03-27 19:38:00+00:00, run_after=2026-03-27 19:40:00+00:00
[2026-03-27T19:41:37.057+0000] {processor.py:183} INFO - Processing /opt/airflow/dags/redshift-airflow-ingestion-dag.py took 0.138 seconds
[2026-03-27T19:42:07.658+0000] {processor.py:161} INFO - Started process (PID=4003) to work on /opt/airflow/dags/redshift-airflow-ingestion-dag.py
[2026-03-27T19:42:07.659+0000] {processor.py:830} INFO - Processing file /opt/airflow/dags/redshift-airflow-ingestion-dag.py for tasks to queue
[2026-03-27T19:42:07.661+0000] {logging_mixin.py:188} INFO - [2026-03-27T19:42:07.660+0000] {dagbag.py:545} INFO - Filling up the DagBag from /opt/airflow/dags/redshift-airflow-ingestion-dag.py
[2026-03-27T19:42:07.684+0000] {processor.py:840} INFO - DAG(s) 's3_to_redshift_pipeline' retrieved from /opt/airflow/dags/redshift-airflow-ingestion-dag.py
[2026-03-27T19:42:07.713+0000] {logging_mixin.py:188} INFO - [2026-03-27T19:42:07.713+0000] {dag.py:3089} INFO - Sync 1 DAGs
[2026-03-27T19:42:07.739+0000] {logging_mixin.py:188} INFO - [2026-03-27T19:42:07.739+0000] {dag.py:3947} INFO - Setting next_dagrun for s3_to_redshift_pipeline to 2026-03-27 19:40:00+00:00, run_after=2026-03-27 19:42:00+00:00
[2026-03-27T19:42:07.761+0000] {processor.py:183} INFO - Processing /opt/airflow/dags/redshift-airflow-ingestion-dag.py took 0.110 seconds
[2026-03-27T19:42:38.461+0000] {processor.py:161} INFO - Started process (PID=4028) to work on /opt/airflow/dags/redshift-airflow-ingestion-dag.py
[2026-03-27T19:42:38.462+0000] {processor.py:830} INFO - Processing file /opt/airflow/dags/redshift-airflow-ingestion-dag.py for tasks to queue
[2026-03-27T19:42:38.464+0000] {logging_mixin.py:188} INFO - [2026-03-27T19:42:38.463+0000] {dagbag.py:545} INFO - Filling up the DagBag from /opt/airflow/dags/redshift-airflow-ingestion-dag.py
[2026-03-27T19:42:38.485+0000] {processor.py:840} INFO - DAG(s) 's3_to_redshift_pipeline' retrieved from /opt/airflow/dags/redshift-airflow-ingestion-dag.py
[2026-03-27T19:42:38.513+0000] {logging_mixin.py:188} INFO - [2026-03-27T19:42:38.513+0000] {dag.py:3089} INFO - Sync 1 DAGs
[2026-03-27T19:42:38.540+0000] {logging_mixin.py:188} INFO - [2026-03-27T19:42:38.540+0000] {dag.py:3947} INFO - Setting next_dagrun for s3_to_redshift_pipeline to 2026-03-27 19:40:00+00:00, run_after=2026-03-27 19:42:00+00:00
[2026-03-27T19:42:38.562+0000] {processor.py:183} INFO - Processing /opt/airflow/dags/redshift-airflow-ingestion-dag.py took 0.108 seconds
[2026-03-27T19:43:09.342+0000] {processor.py:161} INFO - Started process (PID=4053) to work on /opt/airflow/dags/redshift-airflow-ingestion-dag.py
[2026-03-27T19:43:09.344+0000] {processor.py:830} INFO - Processing file /opt/airflow/dags/redshift-airflow-ingestion-dag.py for tasks to queue
[2026-03-27T19:43:09.346+0000] {logging_mixin.py:188} INFO - [2026-03-27T19:43:09.345+0000] {dagbag.py:545} INFO - Filling up the DagBag from /opt/airflow/dags/redshift-airflow-ingestion-dag.py
[2026-03-27T19:43:09.370+0000] {processor.py:840} INFO - DAG(s) 's3_to_redshift_pipeline' retrieved from /opt/airflow/dags/redshift-airflow-ingestion-dag.py
[2026-03-27T19:43:09.399+0000] {logging_mixin.py:188} INFO - [2026-03-27T19:43:09.398+0000] {dag.py:3089} INFO - Sync 1 DAGs
[2026-03-27T19:43:09.432+0000] {logging_mixin.py:188} INFO - [2026-03-27T19:43:09.432+0000] {dag.py:3947} INFO - Setting next_dagrun for s3_to_redshift_pipeline to 2026-03-27 19:40:00+00:00, run_after=2026-03-27 19:42:00+00:00
[2026-03-27T19:43:09.461+0000] {processor.py:183} INFO - Processing /opt/airflow/dags/redshift-airflow-ingestion-dag.py took 0.126 seconds
[2026-03-27T19:43:40.095+0000] {processor.py:161} INFO - Started process (PID=4078) to work on /opt/airflow/dags/redshift-airflow-ingestion-dag.py
[2026-03-27T19:43:40.096+0000] {processor.py:830} INFO - Processing file /opt/airflow/dags/redshift-airflow-ingestion-dag.py for tasks to queue
[2026-03-27T19:43:40.098+0000] {logging_mixin.py:188} INFO - [2026-03-27T19:43:40.098+0000] {dagbag.py:545} INFO - Filling up the DagBag from /opt/airflow/dags/redshift-airflow-ingestion-dag.py
[2026-03-27T19:43:40.121+0000] {processor.py:840} INFO - DAG(s) 's3_to_redshift_pipeline' retrieved from /opt/airflow/dags/redshift-airflow-ingestion-dag.py
[2026-03-27T19:43:40.151+0000] {logging_mixin.py:188} INFO - [2026-03-27T19:43:40.151+0000] {dag.py:3089} INFO - Sync 1 DAGs
[2026-03-27T19:43:40.184+0000] {logging_mixin.py:188} INFO - [2026-03-27T19:43:40.184+0000] {dag.py:3947} INFO - Setting next_dagrun for s3_to_redshift_pipeline to 2026-03-27 19:40:00+00:00, run_after=2026-03-27 19:42:00+00:00
[2026-03-27T19:43:40.210+0000] {processor.py:183} INFO - Processing /opt/airflow/dags/redshift-airflow-ingestion-dag.py took 0.122 seconds
[2026-03-27T19:44:10.910+0000] {processor.py:161} INFO - Started process (PID=4103) to work on /opt/airflow/dags/redshift-airflow-ingestion-dag.py
[2026-03-27T19:44:10.911+0000] {processor.py:830} INFO - Processing file /opt/airflow/dags/redshift-airflow-ingestion-dag.py for tasks to queue
[2026-03-27T19:44:10.914+0000] {logging_mixin.py:188} INFO - [2026-03-27T19:44:10.913+0000] {dagbag.py:545} INFO - Filling up the DagBag from /opt/airflow/dags/redshift-airflow-ingestion-dag.py
[2026-03-27T19:44:10.940+0000] {processor.py:840} INFO - DAG(s) 's3_to_redshift_pipeline' retrieved from /opt/airflow/dags/redshift-airflow-ingestion-dag.py
[2026-03-27T19:44:10.968+0000] {logging_mixin.py:188} INFO - [2026-03-27T19:44:10.968+0000] {dag.py:3089} INFO - Sync 1 DAGs
[2026-03-27T19:44:10.996+0000] {logging_mixin.py:188} INFO - [2026-03-27T19:44:10.996+0000] {dag.py:3947} INFO - Setting next_dagrun for s3_to_redshift_pipeline to 2026-03-27 19:42:00+00:00, run_after=2026-03-27 19:44:00+00:00
[2026-03-27T19:44:11.020+0000] {processor.py:183} INFO - Processing /opt/airflow/dags/redshift-airflow-ingestion-dag.py took 0.116 seconds
[2026-03-27T19:44:41.752+0000] {processor.py:161} INFO - Started process (PID=4131) to work on /opt/airflow/dags/redshift-airflow-ingestion-dag.py
[2026-03-27T19:44:41.753+0000] {processor.py:830} INFO - Processing file /opt/airflow/dags/redshift-airflow-ingestion-dag.py for tasks to queue
[2026-03-27T19:44:41.755+0000] {logging_mixin.py:188} INFO - [2026-03-27T19:44:41.754+0000] {dagbag.py:545} INFO - Filling up the DagBag from /opt/airflow/dags/redshift-airflow-ingestion-dag.py
[2026-03-27T19:44:41.784+0000] {processor.py:840} INFO - DAG(s) 's3_to_redshift_pipeline' retrieved from /opt/airflow/dags/redshift-airflow-ingestion-dag.py
[2026-03-27T19:44:41.812+0000] {logging_mixin.py:188} INFO - [2026-03-27T19:44:41.811+0000] {dag.py:3089} INFO - Sync 1 DAGs
[2026-03-27T19:44:41.840+0000] {logging_mixin.py:188} INFO - [2026-03-27T19:44:41.839+0000] {dag.py:3947} INFO - Setting next_dagrun for s3_to_redshift_pipeline to 2026-03-27 19:42:00+00:00, run_after=2026-03-27 19:44:00+00:00
[2026-03-27T19:44:41.861+0000] {processor.py:183} INFO - Processing /opt/airflow/dags/redshift-airflow-ingestion-dag.py took 0.117 seconds
[2026-03-27T19:45:12.558+0000] {processor.py:161} INFO - Started process (PID=4626) to work on /opt/airflow/dags/redshift-airflow-ingestion-dag.py
[2026-03-27T19:45:12.559+0000] {processor.py:830} INFO - Processing file /opt/airflow/dags/redshift-airflow-ingestion-dag.py for tasks to queue
[2026-03-27T19:45:12.561+0000] {logging_mixin.py:188} INFO - [2026-03-27T19:45:12.561+0000] {dagbag.py:545} INFO - Filling up the DagBag from /opt/airflow/dags/redshift-airflow-ingestion-dag.py
[2026-03-27T19:45:12.585+0000] {processor.py:840} INFO - DAG(s) 's3_to_redshift_pipeline' retrieved from /opt/airflow/dags/redshift-airflow-ingestion-dag.py
[2026-03-27T19:45:12.613+0000] {logging_mixin.py:188} INFO - [2026-03-27T19:45:12.613+0000] {dag.py:3089} INFO - Sync 1 DAGs
[2026-03-27T19:45:12.641+0000] {logging_mixin.py:188} INFO - [2026-03-27T19:45:12.641+0000] {dag.py:3947} INFO - Setting next_dagrun for s3_to_redshift_pipeline to 2026-03-27 19:42:00+00:00, run_after=2026-03-27 19:44:00+00:00
[2026-03-27T19:45:12.663+0000] {processor.py:183} INFO - Processing /opt/airflow/dags/redshift-airflow-ingestion-dag.py took 0.110 seconds
[2026-03-27T19:45:43.377+0000] {processor.py:161} INFO - Started process (PID=5701) to work on /opt/airflow/dags/redshift-airflow-ingestion-dag.py
[2026-03-27T19:45:43.379+0000] {processor.py:830} INFO - Processing file /opt/airflow/dags/redshift-airflow-ingestion-dag.py for tasks to queue
[2026-03-27T19:45:43.382+0000] {logging_mixin.py:188} INFO - [2026-03-27T19:45:43.381+0000] {dagbag.py:545} INFO - Filling up the DagBag from /opt/airflow/dags/redshift-airflow-ingestion-dag.py
[2026-03-27T19:45:43.408+0000] {processor.py:840} INFO - DAG(s) 's3_to_redshift_pipeline' retrieved from /opt/airflow/dags/redshift-airflow-ingestion-dag.py
[2026-03-27T19:45:43.436+0000] {logging_mixin.py:188} INFO - [2026-03-27T19:45:43.436+0000] {dag.py:3089} INFO - Sync 1 DAGs
[2026-03-27T19:45:43.464+0000] {logging_mixin.py:188} INFO - [2026-03-27T19:45:43.463+0000] {dag.py:3947} INFO - Setting next_dagrun for s3_to_redshift_pipeline to 2026-03-27 19:42:00+00:00, run_after=2026-03-27 19:44:00+00:00
[2026-03-27T19:45:43.485+0000] {processor.py:183} INFO - Processing /opt/airflow/dags/redshift-airflow-ingestion-dag.py took 0.116 seconds
[2026-03-27T19:46:14.139+0000] {processor.py:161} INFO - Started process (PID=5748) to work on /opt/airflow/dags/redshift-airflow-ingestion-dag.py
[2026-03-27T19:46:14.141+0000] {processor.py:830} INFO - Processing file /opt/airflow/dags/redshift-airflow-ingestion-dag.py for tasks to queue
[2026-03-27T19:46:14.143+0000] {logging_mixin.py:188} INFO - [2026-03-27T19:46:14.143+0000] {dagbag.py:545} INFO - Filling up the DagBag from /opt/airflow/dags/redshift-airflow-ingestion-dag.py
[2026-03-27T19:46:14.166+0000] {processor.py:840} INFO - DAG(s) 's3_to_redshift_pipeline' retrieved from /opt/airflow/dags/redshift-airflow-ingestion-dag.py
[2026-03-27T19:46:14.198+0000] {logging_mixin.py:188} INFO - [2026-03-27T19:46:14.197+0000] {dag.py:3089} INFO - Sync 1 DAGs
[2026-03-27T19:46:14.229+0000] {logging_mixin.py:188} INFO - [2026-03-27T19:46:14.228+0000] {dag.py:3947} INFO - Setting next_dagrun for s3_to_redshift_pipeline to 2026-03-27 19:44:00+00:00, run_after=2026-03-27 19:46:00+00:00
[2026-03-27T19:46:14.255+0000] {processor.py:183} INFO - Processing /opt/airflow/dags/redshift-airflow-ingestion-dag.py took 0.125 seconds
[2026-03-27T19:46:44.820+0000] {processor.py:161} INFO - Started process (PID=5773) to work on /opt/airflow/dags/redshift-airflow-ingestion-dag.py
[2026-03-27T19:46:44.820+0000] {processor.py:830} INFO - Processing file /opt/airflow/dags/redshift-airflow-ingestion-dag.py for tasks to queue
[2026-03-27T19:46:44.822+0000] {logging_mixin.py:188} INFO - [2026-03-27T19:46:44.822+0000] {dagbag.py:545} INFO - Filling up the DagBag from /opt/airflow/dags/redshift-airflow-ingestion-dag.py
[2026-03-27T19:46:44.847+0000] {processor.py:840} INFO - DAG(s) 's3_to_redshift_pipeline' retrieved from /opt/airflow/dags/redshift-airflow-ingestion-dag.py
[2026-03-27T19:46:44.872+0000] {logging_mixin.py:188} INFO - [2026-03-27T19:46:44.872+0000] {dag.py:3089} INFO - Sync 1 DAGs
[2026-03-27T19:46:44.906+0000] {logging_mixin.py:188} INFO - [2026-03-27T19:46:44.906+0000] {dag.py:3947} INFO - Setting next_dagrun for s3_to_redshift_pipeline to 2026-03-27 19:44:00+00:00, run_after=2026-03-27 19:46:00+00:00
[2026-03-27T19:46:44.927+0000] {processor.py:183} INFO - Processing /opt/airflow/dags/redshift-airflow-ingestion-dag.py took 0.115 seconds
[2026-03-27T19:47:15.559+0000] {processor.py:161} INFO - Started process (PID=5798) to work on /opt/airflow/dags/redshift-airflow-ingestion-dag.py
[2026-03-27T19:47:15.561+0000] {processor.py:830} INFO - Processing file /opt/airflow/dags/redshift-airflow-ingestion-dag.py for tasks to queue
[2026-03-27T19:47:15.563+0000] {logging_mixin.py:188} INFO - [2026-03-27T19:47:15.563+0000] {dagbag.py:545} INFO - Filling up the DagBag from /opt/airflow/dags/redshift-airflow-ingestion-dag.py
[2026-03-27T19:47:15.587+0000] {processor.py:840} INFO - DAG(s) 's3_to_redshift_pipeline' retrieved from /opt/airflow/dags/redshift-airflow-ingestion-dag.py
[2026-03-27T19:47:15.616+0000] {logging_mixin.py:188} INFO - [2026-03-27T19:47:15.616+0000] {dag.py:3089} INFO - Sync 1 DAGs
[2026-03-27T19:47:15.643+0000] {logging_mixin.py:188} INFO - [2026-03-27T19:47:15.642+0000] {dag.py:3947} INFO - Setting next_dagrun for s3_to_redshift_pipeline to 2026-03-27 19:44:00+00:00, run_after=2026-03-27 19:46:00+00:00
[2026-03-27T19:47:15.665+0000] {processor.py:183} INFO - Processing /opt/airflow/dags/redshift-airflow-ingestion-dag.py took 0.113 seconds
[2026-03-27T19:47:46.334+0000] {processor.py:161} INFO - Started process (PID=5823) to work on /opt/airflow/dags/redshift-airflow-ingestion-dag.py
[2026-03-27T19:47:46.335+0000] {processor.py:830} INFO - Processing file /opt/airflow/dags/redshift-airflow-ingestion-dag.py for tasks to queue
[2026-03-27T19:47:46.337+0000] {logging_mixin.py:188} INFO - [2026-03-27T19:47:46.336+0000] {dagbag.py:545} INFO - Filling up the DagBag from /opt/airflow/dags/redshift-airflow-ingestion-dag.py
[2026-03-27T19:47:46.358+0000] {processor.py:840} INFO - DAG(s) 's3_to_redshift_pipeline' retrieved from /opt/airflow/dags/redshift-airflow-ingestion-dag.py
[2026-03-27T19:47:46.386+0000] {logging_mixin.py:188} INFO - [2026-03-27T19:47:46.386+0000] {dag.py:3089} INFO - Sync 1 DAGs
[2026-03-27T19:47:46.415+0000] {logging_mixin.py:188} INFO - [2026-03-27T19:47:46.414+0000] {dag.py:3947} INFO - Setting next_dagrun for s3_to_redshift_pipeline to 2026-03-27 19:44:00+00:00, run_after=2026-03-27 19:46:00+00:00
[2026-03-27T19:47:46.437+0000] {processor.py:183} INFO - Processing /opt/airflow/dags/redshift-airflow-ingestion-dag.py took 0.109 seconds
[2026-03-27T19:48:17.155+0000] {processor.py:161} INFO - Started process (PID=5848) to work on /opt/airflow/dags/redshift-airflow-ingestion-dag.py
[2026-03-27T19:48:17.156+0000] {processor.py:830} INFO - Processing file /opt/airflow/dags/redshift-airflow-ingestion-dag.py for tasks to queue
[2026-03-27T19:48:17.158+0000] {logging_mixin.py:188} INFO - [2026-03-27T19:48:17.158+0000] {dagbag.py:545} INFO - Filling up the DagBag from /opt/airflow/dags/redshift-airflow-ingestion-dag.py
[2026-03-27T19:48:17.187+0000] {processor.py:840} INFO - DAG(s) 's3_to_redshift_pipeline' retrieved from /opt/airflow/dags/redshift-airflow-ingestion-dag.py
[2026-03-27T19:48:17.213+0000] {logging_mixin.py:188} INFO - [2026-03-27T19:48:17.213+0000] {dag.py:3089} INFO - Sync 1 DAGs
[2026-03-27T19:48:17.248+0000] {logging_mixin.py:188} INFO - [2026-03-27T19:48:17.247+0000] {dag.py:3947} INFO - Setting next_dagrun for s3_to_redshift_pipeline to 2026-03-27 19:46:00+00:00, run_after=2026-03-27 19:48:00+00:00
[2026-03-27T19:48:17.274+0000] {processor.py:183} INFO - Processing /opt/airflow/dags/redshift-airflow-ingestion-dag.py took 0.126 seconds
[2026-03-27T19:48:47.924+0000] {processor.py:161} INFO - Started process (PID=5929) to work on /opt/airflow/dags/redshift-airflow-ingestion-dag.py
[2026-03-27T19:48:47.926+0000] {processor.py:830} INFO - Processing file /opt/airflow/dags/redshift-airflow-ingestion-dag.py for tasks to queue
[2026-03-27T19:48:47.928+0000] {logging_mixin.py:188} INFO - [2026-03-27T19:48:47.927+0000] {dagbag.py:545} INFO - Filling up the DagBag from /opt/airflow/dags/redshift-airflow-ingestion-dag.py
[2026-03-27T19:48:47.960+0000] {processor.py:840} INFO - DAG(s) 's3_to_redshift_pipeline' retrieved from /opt/airflow/dags/redshift-airflow-ingestion-dag.py
[2026-03-27T19:48:47.993+0000] {logging_mixin.py:188} INFO - [2026-03-27T19:48:47.992+0000] {dag.py:3089} INFO - Sync 1 DAGs
[2026-03-27T19:48:48.038+0000] {logging_mixin.py:188} INFO - [2026-03-27T19:48:48.037+0000] {dag.py:3947} INFO - Setting next_dagrun for s3_to_redshift_pipeline to 2026-03-27 19:46:00+00:00, run_after=2026-03-27 19:48:00+00:00
[2026-03-27T19:48:48.081+0000] {processor.py:183} INFO - Processing /opt/airflow/dags/redshift-airflow-ingestion-dag.py took 0.165 seconds
[2026-03-27T19:49:18.700+0000] {processor.py:161} INFO - Started process (PID=7771) to work on /opt/airflow/dags/redshift-airflow-ingestion-dag.py
[2026-03-27T19:49:18.701+0000] {processor.py:830} INFO - Processing file /opt/airflow/dags/redshift-airflow-ingestion-dag.py for tasks to queue
[2026-03-27T19:49:18.703+0000] {logging_mixin.py:188} INFO - [2026-03-27T19:49:18.703+0000] {dagbag.py:545} INFO - Filling up the DagBag from /opt/airflow/dags/redshift-airflow-ingestion-dag.py
[2026-03-27T19:49:18.726+0000] {processor.py:840} INFO - DAG(s) 's3_to_redshift_pipeline' retrieved from /opt/airflow/dags/redshift-airflow-ingestion-dag.py
[2026-03-27T19:49:18.750+0000] {logging_mixin.py:188} INFO - [2026-03-27T19:49:18.750+0000] {dag.py:3089} INFO - Sync 1 DAGs
[2026-03-27T19:49:18.776+0000] {logging_mixin.py:188} INFO - [2026-03-27T19:49:18.776+0000] {dag.py:3947} INFO - Setting next_dagrun for s3_to_redshift_pipeline to 2026-03-27 19:46:00+00:00, run_after=2026-03-27 19:48:00+00:00
[2026-03-27T19:49:18.798+0000] {processor.py:183} INFO - Processing /opt/airflow/dags/redshift-airflow-ingestion-dag.py took 0.104 seconds
[2026-03-27T19:49:49.522+0000] {processor.py:161} INFO - Started process (PID=7978) to work on /opt/airflow/dags/redshift-airflow-ingestion-dag.py
[2026-03-27T19:49:49.523+0000] {processor.py:830} INFO - Processing file /opt/airflow/dags/redshift-airflow-ingestion-dag.py for tasks to queue
[2026-03-27T19:49:49.525+0000] {logging_mixin.py:188} INFO - [2026-03-27T19:49:49.525+0000] {dagbag.py:545} INFO - Filling up the DagBag from /opt/airflow/dags/redshift-airflow-ingestion-dag.py
[2026-03-27T19:49:49.549+0000] {processor.py:840} INFO - DAG(s) 's3_to_redshift_pipeline' retrieved from /opt/airflow/dags/redshift-airflow-ingestion-dag.py
[2026-03-27T19:49:49.574+0000] {logging_mixin.py:188} INFO - [2026-03-27T19:49:49.573+0000] {dag.py:3089} INFO - Sync 1 DAGs
[2026-03-27T19:49:49.601+0000] {logging_mixin.py:188} INFO - [2026-03-27T19:49:49.601+0000] {dag.py:3947} INFO - Setting next_dagrun for s3_to_redshift_pipeline to 2026-03-27 19:46:00+00:00, run_after=2026-03-27 19:48:00+00:00
[2026-03-27T19:49:49.623+0000] {processor.py:183} INFO - Processing /opt/airflow/dags/redshift-airflow-ingestion-dag.py took 0.108 seconds
[2026-03-27T19:50:20.365+0000] {processor.py:161} INFO - Started process (PID=8003) to work on /opt/airflow/dags/redshift-airflow-ingestion-dag.py
[2026-03-27T19:50:20.366+0000] {processor.py:830} INFO - Processing file /opt/airflow/dags/redshift-airflow-ingestion-dag.py for tasks to queue
[2026-03-27T19:50:20.368+0000] {logging_mixin.py:188} INFO - [2026-03-27T19:50:20.368+0000] {dagbag.py:545} INFO - Filling up the DagBag from /opt/airflow/dags/redshift-airflow-ingestion-dag.py
[2026-03-27T19:50:20.390+0000] {processor.py:840} INFO - DAG(s) 's3_to_redshift_pipeline' retrieved from /opt/airflow/dags/redshift-airflow-ingestion-dag.py
[2026-03-27T19:50:20.415+0000] {logging_mixin.py:188} INFO - [2026-03-27T19:50:20.415+0000] {dag.py:3089} INFO - Sync 1 DAGs
[2026-03-27T19:50:20.439+0000] {logging_mixin.py:188} INFO - [2026-03-27T19:50:20.439+0000] {dag.py:3947} INFO - Setting next_dagrun for s3_to_redshift_pipeline to 2026-03-27 19:48:00+00:00, run_after=2026-03-27 19:50:00+00:00
[2026-03-27T19:50:20.461+0000] {processor.py:183} INFO - Processing /opt/airflow/dags/redshift-airflow-ingestion-dag.py took 0.101 seconds
[2026-03-27T19:50:51.229+0000] {processor.py:161} INFO - Started process (PID=8028) to work on /opt/airflow/dags/redshift-airflow-ingestion-dag.py
[2026-03-27T19:50:51.230+0000] {processor.py:830} INFO - Processing file /opt/airflow/dags/redshift-airflow-ingestion-dag.py for tasks to queue
[2026-03-27T19:50:51.232+0000] {logging_mixin.py:188} INFO - [2026-03-27T19:50:51.231+0000] {dagbag.py:545} INFO - Filling up the DagBag from /opt/airflow/dags/redshift-airflow-ingestion-dag.py
[2026-03-27T19:50:51.255+0000] {processor.py:840} INFO - DAG(s) 's3_to_redshift_pipeline' retrieved from /opt/airflow/dags/redshift-airflow-ingestion-dag.py
[2026-03-27T19:50:51.281+0000] {logging_mixin.py:188} INFO - [2026-03-27T19:50:51.281+0000] {dag.py:3089} INFO - Sync 1 DAGs
[2026-03-27T19:50:51.306+0000] {logging_mixin.py:188} INFO - [2026-03-27T19:50:51.306+0000] {dag.py:3947} INFO - Setting next_dagrun for s3_to_redshift_pipeline to 2026-03-27 19:48:00+00:00, run_after=2026-03-27 19:50:00+00:00
[2026-03-27T19:50:51.328+0000] {processor.py:183} INFO - Processing /opt/airflow/dags/redshift-airflow-ingestion-dag.py took 0.105 seconds
[2026-03-27T19:51:22.044+0000] {processor.py:161} INFO - Started process (PID=8053) to work on /opt/airflow/dags/redshift-airflow-ingestion-dag.py
[2026-03-27T19:51:22.045+0000] {processor.py:830} INFO - Processing file /opt/airflow/dags/redshift-airflow-ingestion-dag.py for tasks to queue
[2026-03-27T19:51:22.047+0000] {logging_mixin.py:188} INFO - [2026-03-27T19:51:22.047+0000] {dagbag.py:545} INFO - Filling up the DagBag from /opt/airflow/dags/redshift-airflow-ingestion-dag.py
[2026-03-27T19:51:22.070+0000] {processor.py:840} INFO - DAG(s) 's3_to_redshift_pipeline' retrieved from /opt/airflow/dags/redshift-airflow-ingestion-dag.py
[2026-03-27T19:51:22.095+0000] {logging_mixin.py:188} INFO - [2026-03-27T19:51:22.095+0000] {dag.py:3089} INFO - Sync 1 DAGs
[2026-03-27T19:51:22.119+0000] {logging_mixin.py:188} INFO - [2026-03-27T19:51:22.119+0000] {dag.py:3947} INFO - Setting next_dagrun for s3_to_redshift_pipeline to 2026-03-27 19:48:00+00:00, run_after=2026-03-27 19:50:00+00:00
[2026-03-27T19:51:22.141+0000] {processor.py:183} INFO - Processing /opt/airflow/dags/redshift-airflow-ingestion-dag.py took 0.103 seconds
[2026-03-27T19:51:52.825+0000] {processor.py:161} INFO - Started process (PID=8078) to work on /opt/airflow/dags/redshift-airflow-ingestion-dag.py
[2026-03-27T19:51:52.826+0000] {processor.py:830} INFO - Processing file /opt/airflow/dags/redshift-airflow-ingestion-dag.py for tasks to queue
[2026-03-27T19:51:52.828+0000] {logging_mixin.py:188} INFO - [2026-03-27T19:51:52.828+0000] {dagbag.py:545} INFO - Filling up the DagBag from /opt/airflow/dags/redshift-airflow-ingestion-dag.py
[2026-03-27T19:51:52.850+0000] {processor.py:840} INFO - DAG(s) 's3_to_redshift_pipeline' retrieved from /opt/airflow/dags/redshift-airflow-ingestion-dag.py
[2026-03-27T19:51:52.875+0000] {logging_mixin.py:188} INFO - [2026-03-27T19:51:52.875+0000] {dag.py:3089} INFO - Sync 1 DAGs
[2026-03-27T19:51:52.904+0000] {logging_mixin.py:188} INFO - [2026-03-27T19:51:52.904+0000] {dag.py:3947} INFO - Setting next_dagrun for s3_to_redshift_pipeline to 2026-03-27 19:48:00+00:00, run_after=2026-03-27 19:50:00+00:00
[2026-03-27T19:51:52.926+0000] {processor.py:183} INFO - Processing /opt/airflow/dags/redshift-airflow-ingestion-dag.py took 0.108 seconds
