[2026-03-27T15:44:29.467+0000] {processor.py:161} INFO - Started process (PID=354) to work on /opt/airflow/dags/snowflake_pipeline_dag.py
[2026-03-27T15:44:29.468+0000] {processor.py:830} INFO - Processing file /opt/airflow/dags/snowflake_pipeline_dag.py for tasks to queue
[2026-03-27T15:44:29.470+0000] {logging_mixin.py:188} INFO - [2026-03-27T15:44:29.470+0000] {dagbag.py:545} INFO - Filling up the DagBag from /opt/airflow/dags/snowflake_pipeline_dag.py
[2026-03-27T15:44:29.494+0000] {processor.py:840} INFO - DAG(s) 'snowflake_realtime_pipeline' retrieved from /opt/airflow/dags/snowflake_pipeline_dag.py
[2026-03-27T15:44:29.531+0000] {logging_mixin.py:188} INFO - [2026-03-27T15:44:29.531+0000] {dag.py:3089} INFO - Sync 1 DAGs
[2026-03-27T15:44:29.559+0000] {logging_mixin.py:188} INFO - [2026-03-27T15:44:29.559+0000] {dag.py:3947} INFO - Setting next_dagrun for snowflake_realtime_pipeline to 2026-03-27 15:35:00+00:00, run_after=2026-03-27 15:40:00+00:00
[2026-03-27T15:44:29.582+0000] {processor.py:183} INFO - Processing /opt/airflow/dags/snowflake_pipeline_dag.py took 0.120 seconds
[2026-03-27T15:45:00.252+0000] {processor.py:161} INFO - Started process (PID=377) to work on /opt/airflow/dags/snowflake_pipeline_dag.py
[2026-03-27T15:45:00.255+0000] {processor.py:830} INFO - Processing file /opt/airflow/dags/snowflake_pipeline_dag.py for tasks to queue
[2026-03-27T15:45:00.261+0000] {logging_mixin.py:188} INFO - [2026-03-27T15:45:00.260+0000] {dagbag.py:545} INFO - Filling up the DagBag from /opt/airflow/dags/snowflake_pipeline_dag.py
[2026-03-27T15:45:00.339+0000] {processor.py:840} INFO - DAG(s) 'snowflake_realtime_pipeline' retrieved from /opt/airflow/dags/snowflake_pipeline_dag.py
[2026-03-27T15:45:00.470+0000] {logging_mixin.py:188} INFO - [2026-03-27T15:45:00.469+0000] {dag.py:3089} INFO - Sync 1 DAGs
[2026-03-27T15:45:00.571+0000] {logging_mixin.py:188} INFO - [2026-03-27T15:45:00.570+0000] {dag.py:3947} INFO - Setting next_dagrun for snowflake_realtime_pipeline to 2026-03-27 15:40:00+00:00, run_after=2026-03-27 15:45:00+00:00
[2026-03-27T15:45:00.650+0000] {processor.py:183} INFO - Processing /opt/airflow/dags/snowflake_pipeline_dag.py took 0.417 seconds
[2026-03-27T15:45:31.523+0000] {processor.py:161} INFO - Started process (PID=542) to work on /opt/airflow/dags/snowflake_pipeline_dag.py
[2026-03-27T15:45:31.525+0000] {processor.py:830} INFO - Processing file /opt/airflow/dags/snowflake_pipeline_dag.py for tasks to queue
[2026-03-27T15:45:31.529+0000] {logging_mixin.py:188} INFO - [2026-03-27T15:45:31.529+0000] {dagbag.py:545} INFO - Filling up the DagBag from /opt/airflow/dags/snowflake_pipeline_dag.py
[2026-03-27T15:45:31.589+0000] {processor.py:840} INFO - DAG(s) 'snowflake_realtime_pipeline' retrieved from /opt/airflow/dags/snowflake_pipeline_dag.py
[2026-03-27T15:45:31.658+0000] {logging_mixin.py:188} INFO - [2026-03-27T15:45:31.657+0000] {dag.py:3089} INFO - Sync 1 DAGs
[2026-03-27T15:45:31.709+0000] {logging_mixin.py:188} INFO - [2026-03-27T15:45:31.709+0000] {dag.py:3947} INFO - Setting next_dagrun for snowflake_realtime_pipeline to 2026-03-27 15:40:00+00:00, run_after=2026-03-27 15:45:00+00:00
[2026-03-27T15:45:31.747+0000] {processor.py:183} INFO - Processing /opt/airflow/dags/snowflake_pipeline_dag.py took 0.238 seconds
[2026-03-27T15:46:02.527+0000] {processor.py:161} INFO - Started process (PID=588) to work on /opt/airflow/dags/snowflake_pipeline_dag.py
[2026-03-27T15:46:02.529+0000] {processor.py:830} INFO - Processing file /opt/airflow/dags/snowflake_pipeline_dag.py for tasks to queue
[2026-03-27T15:46:02.532+0000] {logging_mixin.py:188} INFO - [2026-03-27T15:46:02.532+0000] {dagbag.py:545} INFO - Filling up the DagBag from /opt/airflow/dags/snowflake_pipeline_dag.py
[2026-03-27T15:46:02.576+0000] {processor.py:840} INFO - DAG(s) 'snowflake_realtime_pipeline' retrieved from /opt/airflow/dags/snowflake_pipeline_dag.py
[2026-03-27T15:46:02.623+0000] {logging_mixin.py:188} INFO - [2026-03-27T15:46:02.622+0000] {dag.py:3089} INFO - Sync 1 DAGs
[2026-03-27T15:46:02.650+0000] {logging_mixin.py:188} INFO - [2026-03-27T15:46:02.650+0000] {dag.py:3947} INFO - Setting next_dagrun for snowflake_realtime_pipeline to 2026-03-27 15:40:00+00:00, run_after=2026-03-27 15:45:00+00:00
[2026-03-27T15:46:02.672+0000] {processor.py:183} INFO - Processing /opt/airflow/dags/snowflake_pipeline_dag.py took 0.155 seconds
[2026-03-27T15:46:33.449+0000] {processor.py:161} INFO - Started process (PID=624) to work on /opt/airflow/dags/snowflake_pipeline_dag.py
[2026-03-27T15:46:33.450+0000] {processor.py:830} INFO - Processing file /opt/airflow/dags/snowflake_pipeline_dag.py for tasks to queue
[2026-03-27T15:46:33.453+0000] {logging_mixin.py:188} INFO - [2026-03-27T15:46:33.452+0000] {dagbag.py:545} INFO - Filling up the DagBag from /opt/airflow/dags/snowflake_pipeline_dag.py
[2026-03-27T15:46:33.476+0000] {processor.py:840} INFO - DAG(s) 'snowflake_realtime_pipeline' retrieved from /opt/airflow/dags/snowflake_pipeline_dag.py
[2026-03-27T15:46:33.514+0000] {logging_mixin.py:188} INFO - [2026-03-27T15:46:33.514+0000] {dag.py:3089} INFO - Sync 1 DAGs
[2026-03-27T15:46:33.543+0000] {logging_mixin.py:188} INFO - [2026-03-27T15:46:33.543+0000] {dag.py:3947} INFO - Setting next_dagrun for snowflake_realtime_pipeline to 2026-03-27 15:40:00+00:00, run_after=2026-03-27 15:45:00+00:00
[2026-03-27T15:46:33.569+0000] {processor.py:183} INFO - Processing /opt/airflow/dags/snowflake_pipeline_dag.py took 0.127 seconds
[2026-03-27T15:47:04.349+0000] {processor.py:161} INFO - Started process (PID=696) to work on /opt/airflow/dags/snowflake_pipeline_dag.py
[2026-03-27T15:47:04.350+0000] {processor.py:830} INFO - Processing file /opt/airflow/dags/snowflake_pipeline_dag.py for tasks to queue
[2026-03-27T15:47:04.352+0000] {logging_mixin.py:188} INFO - [2026-03-27T15:47:04.352+0000] {dagbag.py:545} INFO - Filling up the DagBag from /opt/airflow/dags/snowflake_pipeline_dag.py
[2026-03-27T15:47:04.373+0000] {processor.py:840} INFO - DAG(s) 'snowflake_realtime_pipeline' retrieved from /opt/airflow/dags/snowflake_pipeline_dag.py
[2026-03-27T15:47:04.407+0000] {logging_mixin.py:188} INFO - [2026-03-27T15:47:04.406+0000] {dag.py:3089} INFO - Sync 1 DAGs
[2026-03-27T15:47:04.432+0000] {logging_mixin.py:188} INFO - [2026-03-27T15:47:04.432+0000] {dag.py:3947} INFO - Setting next_dagrun for snowflake_realtime_pipeline to 2026-03-27 15:40:00+00:00, run_after=2026-03-27 15:45:00+00:00
[2026-03-27T15:47:04.454+0000] {processor.py:183} INFO - Processing /opt/airflow/dags/snowflake_pipeline_dag.py took 0.112 seconds
[2026-03-27T15:47:35.097+0000] {processor.py:161} INFO - Started process (PID=716) to work on /opt/airflow/dags/snowflake_pipeline_dag.py
[2026-03-27T15:47:35.098+0000] {processor.py:830} INFO - Processing file /opt/airflow/dags/snowflake_pipeline_dag.py for tasks to queue
[2026-03-27T15:47:35.100+0000] {logging_mixin.py:188} INFO - [2026-03-27T15:47:35.100+0000] {dagbag.py:545} INFO - Filling up the DagBag from /opt/airflow/dags/snowflake_pipeline_dag.py
[2026-03-27T15:47:35.119+0000] {processor.py:840} INFO - DAG(s) 'snowflake_realtime_pipeline' retrieved from /opt/airflow/dags/snowflake_pipeline_dag.py
[2026-03-27T15:47:35.153+0000] {logging_mixin.py:188} INFO - [2026-03-27T15:47:35.153+0000] {dag.py:3089} INFO - Sync 1 DAGs
[2026-03-27T15:47:35.178+0000] {logging_mixin.py:188} INFO - [2026-03-27T15:47:35.178+0000] {dag.py:3947} INFO - Setting next_dagrun for snowflake_realtime_pipeline to 2026-03-27 15:40:00+00:00, run_after=2026-03-27 15:45:00+00:00
[2026-03-27T15:47:35.200+0000] {processor.py:183} INFO - Processing /opt/airflow/dags/snowflake_pipeline_dag.py took 0.108 seconds
[2026-03-27T15:48:06.026+0000] {processor.py:161} INFO - Started process (PID=736) to work on /opt/airflow/dags/snowflake_pipeline_dag.py
[2026-03-27T15:48:06.027+0000] {processor.py:830} INFO - Processing file /opt/airflow/dags/snowflake_pipeline_dag.py for tasks to queue
[2026-03-27T15:48:06.029+0000] {logging_mixin.py:188} INFO - [2026-03-27T15:48:06.029+0000] {dagbag.py:545} INFO - Filling up the DagBag from /opt/airflow/dags/snowflake_pipeline_dag.py
[2026-03-27T15:48:06.051+0000] {processor.py:840} INFO - DAG(s) 'snowflake_realtime_pipeline' retrieved from /opt/airflow/dags/snowflake_pipeline_dag.py
[2026-03-27T15:48:06.083+0000] {logging_mixin.py:188} INFO - [2026-03-27T15:48:06.083+0000] {dag.py:3089} INFO - Sync 1 DAGs
[2026-03-27T15:48:06.107+0000] {logging_mixin.py:188} INFO - [2026-03-27T15:48:06.106+0000] {dag.py:3947} INFO - Setting next_dagrun for snowflake_realtime_pipeline to 2026-03-27 15:40:00+00:00, run_after=2026-03-27 15:45:00+00:00
[2026-03-27T15:48:06.129+0000] {processor.py:183} INFO - Processing /opt/airflow/dags/snowflake_pipeline_dag.py took 0.109 seconds
[2026-03-27T15:48:36.848+0000] {processor.py:161} INFO - Started process (PID=756) to work on /opt/airflow/dags/snowflake_pipeline_dag.py
[2026-03-27T15:48:36.849+0000] {processor.py:830} INFO - Processing file /opt/airflow/dags/snowflake_pipeline_dag.py for tasks to queue
[2026-03-27T15:48:36.851+0000] {logging_mixin.py:188} INFO - [2026-03-27T15:48:36.851+0000] {dagbag.py:545} INFO - Filling up the DagBag from /opt/airflow/dags/snowflake_pipeline_dag.py
[2026-03-27T15:48:36.878+0000] {processor.py:840} INFO - DAG(s) 'snowflake_realtime_pipeline' retrieved from /opt/airflow/dags/snowflake_pipeline_dag.py
[2026-03-27T15:48:36.913+0000] {logging_mixin.py:188} INFO - [2026-03-27T15:48:36.912+0000] {dag.py:3089} INFO - Sync 1 DAGs
[2026-03-27T15:48:36.939+0000] {logging_mixin.py:188} INFO - [2026-03-27T15:48:36.939+0000] {dag.py:3947} INFO - Setting next_dagrun for snowflake_realtime_pipeline to 2026-03-27 15:40:00+00:00, run_after=2026-03-27 15:45:00+00:00
[2026-03-27T15:48:36.962+0000] {processor.py:183} INFO - Processing /opt/airflow/dags/snowflake_pipeline_dag.py took 0.120 seconds
[2026-03-27T15:49:07.683+0000] {processor.py:161} INFO - Started process (PID=776) to work on /opt/airflow/dags/snowflake_pipeline_dag.py
[2026-03-27T15:49:07.684+0000] {processor.py:830} INFO - Processing file /opt/airflow/dags/snowflake_pipeline_dag.py for tasks to queue
[2026-03-27T15:49:07.686+0000] {logging_mixin.py:188} INFO - [2026-03-27T15:49:07.686+0000] {dagbag.py:545} INFO - Filling up the DagBag from /opt/airflow/dags/snowflake_pipeline_dag.py
[2026-03-27T15:49:07.714+0000] {processor.py:840} INFO - DAG(s) 'snowflake_realtime_pipeline' retrieved from /opt/airflow/dags/snowflake_pipeline_dag.py
[2026-03-27T15:49:07.748+0000] {logging_mixin.py:188} INFO - [2026-03-27T15:49:07.748+0000] {dag.py:3089} INFO - Sync 1 DAGs
[2026-03-27T15:49:07.773+0000] {logging_mixin.py:188} INFO - [2026-03-27T15:49:07.772+0000] {dag.py:3947} INFO - Setting next_dagrun for snowflake_realtime_pipeline to 2026-03-27 15:40:00+00:00, run_after=2026-03-27 15:45:00+00:00
[2026-03-27T15:49:07.794+0000] {processor.py:183} INFO - Processing /opt/airflow/dags/snowflake_pipeline_dag.py took 0.118 seconds
[2026-03-27T15:49:38.543+0000] {processor.py:161} INFO - Started process (PID=796) to work on /opt/airflow/dags/snowflake_pipeline_dag.py
[2026-03-27T15:49:38.544+0000] {processor.py:830} INFO - Processing file /opt/airflow/dags/snowflake_pipeline_dag.py for tasks to queue
[2026-03-27T15:49:38.546+0000] {logging_mixin.py:188} INFO - [2026-03-27T15:49:38.546+0000] {dagbag.py:545} INFO - Filling up the DagBag from /opt/airflow/dags/snowflake_pipeline_dag.py
[2026-03-27T15:49:38.566+0000] {processor.py:840} INFO - DAG(s) 'snowflake_realtime_pipeline' retrieved from /opt/airflow/dags/snowflake_pipeline_dag.py
[2026-03-27T15:49:38.599+0000] {logging_mixin.py:188} INFO - [2026-03-27T15:49:38.599+0000] {dag.py:3089} INFO - Sync 1 DAGs
[2026-03-27T15:49:38.622+0000] {logging_mixin.py:188} INFO - [2026-03-27T15:49:38.622+0000] {dag.py:3947} INFO - Setting next_dagrun for snowflake_realtime_pipeline to 2026-03-27 15:40:00+00:00, run_after=2026-03-27 15:45:00+00:00
[2026-03-27T15:49:38.644+0000] {processor.py:183} INFO - Processing /opt/airflow/dags/snowflake_pipeline_dag.py took 0.106 seconds
[2026-03-27T15:50:09.445+0000] {processor.py:161} INFO - Started process (PID=967) to work on /opt/airflow/dags/snowflake_pipeline_dag.py
[2026-03-27T15:50:09.447+0000] {processor.py:830} INFO - Processing file /opt/airflow/dags/snowflake_pipeline_dag.py for tasks to queue
[2026-03-27T15:50:09.453+0000] {logging_mixin.py:188} INFO - [2026-03-27T15:50:09.452+0000] {dagbag.py:545} INFO - Filling up the DagBag from /opt/airflow/dags/snowflake_pipeline_dag.py
[2026-03-27T15:50:09.496+0000] {processor.py:840} INFO - DAG(s) 'snowflake_realtime_pipeline' retrieved from /opt/airflow/dags/snowflake_pipeline_dag.py
[2026-03-27T15:50:09.560+0000] {logging_mixin.py:188} INFO - [2026-03-27T15:50:09.559+0000] {dag.py:3089} INFO - Sync 1 DAGs
[2026-03-27T15:50:09.606+0000] {logging_mixin.py:188} INFO - [2026-03-27T15:50:09.605+0000] {dag.py:3947} INFO - Setting next_dagrun for snowflake_realtime_pipeline to 2026-03-27 15:45:00+00:00, run_after=2026-03-27 15:50:00+00:00
[2026-03-27T15:50:09.637+0000] {processor.py:183} INFO - Processing /opt/airflow/dags/snowflake_pipeline_dag.py took 0.209 seconds
[2026-03-27T15:50:40.278+0000] {processor.py:161} INFO - Started process (PID=2068) to work on /opt/airflow/dags/snowflake_pipeline_dag.py
[2026-03-27T15:50:40.279+0000] {processor.py:830} INFO - Processing file /opt/airflow/dags/snowflake_pipeline_dag.py for tasks to queue
[2026-03-27T15:50:40.281+0000] {logging_mixin.py:188} INFO - [2026-03-27T15:50:40.281+0000] {dagbag.py:545} INFO - Filling up the DagBag from /opt/airflow/dags/snowflake_pipeline_dag.py
[2026-03-27T15:50:40.303+0000] {processor.py:840} INFO - DAG(s) 'snowflake_realtime_pipeline' retrieved from /opt/airflow/dags/snowflake_pipeline_dag.py
[2026-03-27T15:50:40.342+0000] {logging_mixin.py:188} INFO - [2026-03-27T15:50:40.341+0000] {dag.py:3089} INFO - Sync 1 DAGs
[2026-03-27T15:50:40.369+0000] {logging_mixin.py:188} INFO - [2026-03-27T15:50:40.369+0000] {dag.py:3947} INFO - Setting next_dagrun for snowflake_realtime_pipeline to 2026-03-27 15:45:00+00:00, run_after=2026-03-27 15:50:00+00:00
[2026-03-27T15:50:40.393+0000] {processor.py:183} INFO - Processing /opt/airflow/dags/snowflake_pipeline_dag.py took 0.121 seconds
[2026-03-27T15:51:11.044+0000] {processor.py:161} INFO - Started process (PID=3335) to work on /opt/airflow/dags/snowflake_pipeline_dag.py
[2026-03-27T15:51:11.045+0000] {processor.py:830} INFO - Processing file /opt/airflow/dags/snowflake_pipeline_dag.py for tasks to queue
[2026-03-27T15:51:11.047+0000] {logging_mixin.py:188} INFO - [2026-03-27T15:51:11.047+0000] {dagbag.py:545} INFO - Filling up the DagBag from /opt/airflow/dags/snowflake_pipeline_dag.py
[2026-03-27T15:51:11.072+0000] {processor.py:840} INFO - DAG(s) 'snowflake_realtime_pipeline' retrieved from /opt/airflow/dags/snowflake_pipeline_dag.py
[2026-03-27T15:51:11.109+0000] {logging_mixin.py:188} INFO - [2026-03-27T15:51:11.109+0000] {dag.py:3089} INFO - Sync 1 DAGs
[2026-03-27T15:51:11.137+0000] {logging_mixin.py:188} INFO - [2026-03-27T15:51:11.136+0000] {dag.py:3947} INFO - Setting next_dagrun for snowflake_realtime_pipeline to 2026-03-27 15:45:00+00:00, run_after=2026-03-27 15:50:00+00:00
[2026-03-27T15:51:11.159+0000] {processor.py:183} INFO - Processing /opt/airflow/dags/snowflake_pipeline_dag.py took 0.123 seconds
[2026-03-27T15:51:41.807+0000] {processor.py:161} INFO - Started process (PID=4220) to work on /opt/airflow/dags/snowflake_pipeline_dag.py
[2026-03-27T15:51:41.808+0000] {processor.py:830} INFO - Processing file /opt/airflow/dags/snowflake_pipeline_dag.py for tasks to queue
[2026-03-27T15:51:41.811+0000] {logging_mixin.py:188} INFO - [2026-03-27T15:51:41.810+0000] {dagbag.py:545} INFO - Filling up the DagBag from /opt/airflow/dags/snowflake_pipeline_dag.py
[2026-03-27T15:51:41.835+0000] {processor.py:840} INFO - DAG(s) 'snowflake_realtime_pipeline' retrieved from /opt/airflow/dags/snowflake_pipeline_dag.py
[2026-03-27T15:51:41.872+0000] {logging_mixin.py:188} INFO - [2026-03-27T15:51:41.872+0000] {dag.py:3089} INFO - Sync 1 DAGs
[2026-03-27T15:51:41.901+0000] {logging_mixin.py:188} INFO - [2026-03-27T15:51:41.900+0000] {dag.py:3947} INFO - Setting next_dagrun for snowflake_realtime_pipeline to 2026-03-27 15:45:00+00:00, run_after=2026-03-27 15:50:00+00:00
[2026-03-27T15:51:41.925+0000] {processor.py:183} INFO - Processing /opt/airflow/dags/snowflake_pipeline_dag.py took 0.125 seconds
[2026-03-27T15:52:12.805+0000] {processor.py:161} INFO - Started process (PID=4244) to work on /opt/airflow/dags/snowflake_pipeline_dag.py
[2026-03-27T15:52:12.808+0000] {processor.py:830} INFO - Processing file /opt/airflow/dags/snowflake_pipeline_dag.py for tasks to queue
[2026-03-27T15:52:12.812+0000] {logging_mixin.py:188} INFO - [2026-03-27T15:52:12.811+0000] {dagbag.py:545} INFO - Filling up the DagBag from /opt/airflow/dags/snowflake_pipeline_dag.py
[2026-03-27T15:52:12.844+0000] {processor.py:840} INFO - DAG(s) 'snowflake_realtime_pipeline' retrieved from /opt/airflow/dags/snowflake_pipeline_dag.py
[2026-03-27T15:52:12.882+0000] {logging_mixin.py:188} INFO - [2026-03-27T15:52:12.881+0000] {dag.py:3089} INFO - Sync 1 DAGs
[2026-03-27T15:52:12.908+0000] {logging_mixin.py:188} INFO - [2026-03-27T15:52:12.908+0000] {dag.py:3947} INFO - Setting next_dagrun for snowflake_realtime_pipeline to 2026-03-27 15:45:00+00:00, run_after=2026-03-27 15:50:00+00:00
[2026-03-27T15:52:12.930+0000] {processor.py:183} INFO - Processing /opt/airflow/dags/snowflake_pipeline_dag.py took 0.133 seconds
[2026-03-27T15:52:43.629+0000] {processor.py:161} INFO - Started process (PID=4264) to work on /opt/airflow/dags/snowflake_pipeline_dag.py
[2026-03-27T15:52:43.631+0000] {processor.py:830} INFO - Processing file /opt/airflow/dags/snowflake_pipeline_dag.py for tasks to queue
[2026-03-27T15:52:43.633+0000] {logging_mixin.py:188} INFO - [2026-03-27T15:52:43.633+0000] {dagbag.py:545} INFO - Filling up the DagBag from /opt/airflow/dags/snowflake_pipeline_dag.py
[2026-03-27T15:52:43.655+0000] {processor.py:840} INFO - DAG(s) 'snowflake_realtime_pipeline' retrieved from /opt/airflow/dags/snowflake_pipeline_dag.py
[2026-03-27T15:52:43.692+0000] {logging_mixin.py:188} INFO - [2026-03-27T15:52:43.692+0000] {dag.py:3089} INFO - Sync 1 DAGs
[2026-03-27T15:52:43.724+0000] {logging_mixin.py:188} INFO - [2026-03-27T15:52:43.723+0000] {dag.py:3947} INFO - Setting next_dagrun for snowflake_realtime_pipeline to 2026-03-27 15:45:00+00:00, run_after=2026-03-27 15:50:00+00:00
[2026-03-27T15:52:43.746+0000] {processor.py:183} INFO - Processing /opt/airflow/dags/snowflake_pipeline_dag.py took 0.124 seconds
[2026-03-27T15:53:14.460+0000] {processor.py:161} INFO - Started process (PID=4288) to work on /opt/airflow/dags/snowflake_pipeline_dag.py
[2026-03-27T15:53:14.461+0000] {processor.py:830} INFO - Processing file /opt/airflow/dags/snowflake_pipeline_dag.py for tasks to queue
[2026-03-27T15:53:14.463+0000] {logging_mixin.py:188} INFO - [2026-03-27T15:53:14.462+0000] {dagbag.py:545} INFO - Filling up the DagBag from /opt/airflow/dags/snowflake_pipeline_dag.py
[2026-03-27T15:53:14.504+0000] {processor.py:840} INFO - DAG(s) 'snowflake_realtime_pipeline' retrieved from /opt/airflow/dags/snowflake_pipeline_dag.py
[2026-03-27T15:53:14.540+0000] {logging_mixin.py:188} INFO - [2026-03-27T15:53:14.540+0000] {dag.py:3089} INFO - Sync 1 DAGs
[2026-03-27T15:53:14.565+0000] {logging_mixin.py:188} INFO - [2026-03-27T15:53:14.565+0000] {dag.py:3947} INFO - Setting next_dagrun for snowflake_realtime_pipeline to 2026-03-27 15:45:00+00:00, run_after=2026-03-27 15:50:00+00:00
[2026-03-27T15:53:14.585+0000] {processor.py:183} INFO - Processing /opt/airflow/dags/snowflake_pipeline_dag.py took 0.130 seconds
[2026-03-27T15:53:45.262+0000] {processor.py:161} INFO - Started process (PID=4308) to work on /opt/airflow/dags/snowflake_pipeline_dag.py
[2026-03-27T15:53:45.264+0000] {processor.py:830} INFO - Processing file /opt/airflow/dags/snowflake_pipeline_dag.py for tasks to queue
[2026-03-27T15:53:45.267+0000] {logging_mixin.py:188} INFO - [2026-03-27T15:53:45.266+0000] {dagbag.py:545} INFO - Filling up the DagBag from /opt/airflow/dags/snowflake_pipeline_dag.py
[2026-03-27T15:53:45.288+0000] {processor.py:840} INFO - DAG(s) 'snowflake_realtime_pipeline' retrieved from /opt/airflow/dags/snowflake_pipeline_dag.py
[2026-03-27T15:53:45.326+0000] {logging_mixin.py:188} INFO - [2026-03-27T15:53:45.325+0000] {dag.py:3089} INFO - Sync 1 DAGs
[2026-03-27T15:53:45.353+0000] {logging_mixin.py:188} INFO - [2026-03-27T15:53:45.353+0000] {dag.py:3947} INFO - Setting next_dagrun for snowflake_realtime_pipeline to 2026-03-27 15:45:00+00:00, run_after=2026-03-27 15:50:00+00:00
[2026-03-27T15:53:45.376+0000] {processor.py:183} INFO - Processing /opt/airflow/dags/snowflake_pipeline_dag.py took 0.119 seconds
[2026-03-27T15:54:16.107+0000] {processor.py:161} INFO - Started process (PID=4328) to work on /opt/airflow/dags/snowflake_pipeline_dag.py
[2026-03-27T15:54:16.108+0000] {processor.py:830} INFO - Processing file /opt/airflow/dags/snowflake_pipeline_dag.py for tasks to queue
[2026-03-27T15:54:16.111+0000] {logging_mixin.py:188} INFO - [2026-03-27T15:54:16.110+0000] {dagbag.py:545} INFO - Filling up the DagBag from /opt/airflow/dags/snowflake_pipeline_dag.py
[2026-03-27T15:54:16.135+0000] {processor.py:840} INFO - DAG(s) 'snowflake_realtime_pipeline' retrieved from /opt/airflow/dags/snowflake_pipeline_dag.py
[2026-03-27T15:54:16.172+0000] {logging_mixin.py:188} INFO - [2026-03-27T15:54:16.172+0000] {dag.py:3089} INFO - Sync 1 DAGs
[2026-03-27T15:54:16.199+0000] {logging_mixin.py:188} INFO - [2026-03-27T15:54:16.199+0000] {dag.py:3947} INFO - Setting next_dagrun for snowflake_realtime_pipeline to 2026-03-27 15:45:00+00:00, run_after=2026-03-27 15:50:00+00:00
[2026-03-27T15:54:16.222+0000] {processor.py:183} INFO - Processing /opt/airflow/dags/snowflake_pipeline_dag.py took 0.121 seconds
[2026-03-27T15:54:47.044+0000] {processor.py:161} INFO - Started process (PID=4348) to work on /opt/airflow/dags/snowflake_pipeline_dag.py
[2026-03-27T15:54:47.046+0000] {processor.py:830} INFO - Processing file /opt/airflow/dags/snowflake_pipeline_dag.py for tasks to queue
[2026-03-27T15:54:47.048+0000] {logging_mixin.py:188} INFO - [2026-03-27T15:54:47.048+0000] {dagbag.py:545} INFO - Filling up the DagBag from /opt/airflow/dags/snowflake_pipeline_dag.py
[2026-03-27T15:54:47.069+0000] {processor.py:840} INFO - DAG(s) 'snowflake_realtime_pipeline' retrieved from /opt/airflow/dags/snowflake_pipeline_dag.py
[2026-03-27T15:54:47.105+0000] {logging_mixin.py:188} INFO - [2026-03-27T15:54:47.105+0000] {dag.py:3089} INFO - Sync 1 DAGs
[2026-03-27T15:54:47.137+0000] {logging_mixin.py:188} INFO - [2026-03-27T15:54:47.136+0000] {dag.py:3947} INFO - Setting next_dagrun for snowflake_realtime_pipeline to 2026-03-27 15:45:00+00:00, run_after=2026-03-27 15:50:00+00:00
[2026-03-27T15:54:47.159+0000] {processor.py:183} INFO - Processing /opt/airflow/dags/snowflake_pipeline_dag.py took 0.121 seconds
[2026-03-27T15:55:17.997+0000] {processor.py:161} INFO - Started process (PID=4368) to work on /opt/airflow/dags/snowflake_pipeline_dag.py
[2026-03-27T15:55:17.998+0000] {processor.py:830} INFO - Processing file /opt/airflow/dags/snowflake_pipeline_dag.py for tasks to queue
[2026-03-27T15:55:18.000+0000] {logging_mixin.py:188} INFO - [2026-03-27T15:55:17.999+0000] {dagbag.py:545} INFO - Filling up the DagBag from /opt/airflow/dags/snowflake_pipeline_dag.py
[2026-03-27T15:55:18.019+0000] {processor.py:840} INFO - DAG(s) 'snowflake_realtime_pipeline' retrieved from /opt/airflow/dags/snowflake_pipeline_dag.py
[2026-03-27T15:55:18.054+0000] {logging_mixin.py:188} INFO - [2026-03-27T15:55:18.054+0000] {dag.py:3089} INFO - Sync 1 DAGs
[2026-03-27T15:55:18.081+0000] {logging_mixin.py:188} INFO - [2026-03-27T15:55:18.081+0000] {dag.py:3947} INFO - Setting next_dagrun for snowflake_realtime_pipeline to 2026-03-27 15:50:00+00:00, run_after=2026-03-27 15:55:00+00:00
[2026-03-27T15:55:18.103+0000] {processor.py:183} INFO - Processing /opt/airflow/dags/snowflake_pipeline_dag.py took 0.112 seconds
[2026-03-27T15:55:48.776+0000] {processor.py:161} INFO - Started process (PID=4388) to work on /opt/airflow/dags/snowflake_pipeline_dag.py
[2026-03-27T15:55:48.777+0000] {processor.py:830} INFO - Processing file /opt/airflow/dags/snowflake_pipeline_dag.py for tasks to queue
[2026-03-27T15:55:48.779+0000] {logging_mixin.py:188} INFO - [2026-03-27T15:55:48.778+0000] {dagbag.py:545} INFO - Filling up the DagBag from /opt/airflow/dags/snowflake_pipeline_dag.py
[2026-03-27T15:55:48.801+0000] {processor.py:840} INFO - DAG(s) 'snowflake_realtime_pipeline' retrieved from /opt/airflow/dags/snowflake_pipeline_dag.py
[2026-03-27T15:55:48.840+0000] {logging_mixin.py:188} INFO - [2026-03-27T15:55:48.839+0000] {dag.py:3089} INFO - Sync 1 DAGs
[2026-03-27T15:55:48.865+0000] {logging_mixin.py:188} INFO - [2026-03-27T15:55:48.865+0000] {dag.py:3947} INFO - Setting next_dagrun for snowflake_realtime_pipeline to 2026-03-27 15:50:00+00:00, run_after=2026-03-27 15:55:00+00:00
[2026-03-27T15:55:48.887+0000] {processor.py:183} INFO - Processing /opt/airflow/dags/snowflake_pipeline_dag.py took 0.117 seconds
[2026-03-27T15:56:19.784+0000] {processor.py:161} INFO - Started process (PID=4408) to work on /opt/airflow/dags/snowflake_pipeline_dag.py
[2026-03-27T15:56:19.785+0000] {processor.py:830} INFO - Processing file /opt/airflow/dags/snowflake_pipeline_dag.py for tasks to queue
[2026-03-27T15:56:19.787+0000] {logging_mixin.py:188} INFO - [2026-03-27T15:56:19.786+0000] {dagbag.py:545} INFO - Filling up the DagBag from /opt/airflow/dags/snowflake_pipeline_dag.py
[2026-03-27T15:56:19.806+0000] {processor.py:840} INFO - DAG(s) 'snowflake_realtime_pipeline' retrieved from /opt/airflow/dags/snowflake_pipeline_dag.py
[2026-03-27T15:56:19.840+0000] {logging_mixin.py:188} INFO - [2026-03-27T15:56:19.839+0000] {dag.py:3089} INFO - Sync 1 DAGs
[2026-03-27T15:56:19.865+0000] {logging_mixin.py:188} INFO - [2026-03-27T15:56:19.865+0000] {dag.py:3947} INFO - Setting next_dagrun for snowflake_realtime_pipeline to 2026-03-27 15:50:00+00:00, run_after=2026-03-27 15:55:00+00:00
[2026-03-27T15:56:19.886+0000] {processor.py:183} INFO - Processing /opt/airflow/dags/snowflake_pipeline_dag.py took 0.108 seconds
[2026-03-27T15:56:50.684+0000] {processor.py:161} INFO - Started process (PID=4428) to work on /opt/airflow/dags/snowflake_pipeline_dag.py
[2026-03-27T15:56:50.686+0000] {processor.py:830} INFO - Processing file /opt/airflow/dags/snowflake_pipeline_dag.py for tasks to queue
[2026-03-27T15:56:50.688+0000] {logging_mixin.py:188} INFO - [2026-03-27T15:56:50.687+0000] {dagbag.py:545} INFO - Filling up the DagBag from /opt/airflow/dags/snowflake_pipeline_dag.py
[2026-03-27T15:56:50.707+0000] {processor.py:840} INFO - DAG(s) 'snowflake_realtime_pipeline' retrieved from /opt/airflow/dags/snowflake_pipeline_dag.py
[2026-03-27T15:56:50.739+0000] {logging_mixin.py:188} INFO - [2026-03-27T15:56:50.739+0000] {dag.py:3089} INFO - Sync 1 DAGs
[2026-03-27T15:56:50.764+0000] {logging_mixin.py:188} INFO - [2026-03-27T15:56:50.764+0000] {dag.py:3947} INFO - Setting next_dagrun for snowflake_realtime_pipeline to 2026-03-27 15:50:00+00:00, run_after=2026-03-27 15:55:00+00:00
[2026-03-27T15:56:50.788+0000] {processor.py:183} INFO - Processing /opt/airflow/dags/snowflake_pipeline_dag.py took 0.111 seconds
[2026-03-27T15:57:21.750+0000] {processor.py:161} INFO - Started process (PID=4448) to work on /opt/airflow/dags/snowflake_pipeline_dag.py
[2026-03-27T15:57:21.751+0000] {processor.py:830} INFO - Processing file /opt/airflow/dags/snowflake_pipeline_dag.py for tasks to queue
[2026-03-27T15:57:21.753+0000] {logging_mixin.py:188} INFO - [2026-03-27T15:57:21.753+0000] {dagbag.py:545} INFO - Filling up the DagBag from /opt/airflow/dags/snowflake_pipeline_dag.py
[2026-03-27T15:57:21.773+0000] {processor.py:840} INFO - DAG(s) 'snowflake_realtime_pipeline' retrieved from /opt/airflow/dags/snowflake_pipeline_dag.py
[2026-03-27T15:57:21.807+0000] {logging_mixin.py:188} INFO - [2026-03-27T15:57:21.807+0000] {dag.py:3089} INFO - Sync 1 DAGs
[2026-03-27T15:57:21.834+0000] {logging_mixin.py:188} INFO - [2026-03-27T15:57:21.834+0000] {dag.py:3947} INFO - Setting next_dagrun for snowflake_realtime_pipeline to 2026-03-27 15:50:00+00:00, run_after=2026-03-27 15:55:00+00:00
[2026-03-27T15:57:21.857+0000] {processor.py:183} INFO - Processing /opt/airflow/dags/snowflake_pipeline_dag.py took 0.113 seconds
[2026-03-27T15:57:52.616+0000] {processor.py:161} INFO - Started process (PID=4468) to work on /opt/airflow/dags/snowflake_pipeline_dag.py
[2026-03-27T15:57:52.617+0000] {processor.py:830} INFO - Processing file /opt/airflow/dags/snowflake_pipeline_dag.py for tasks to queue
[2026-03-27T15:57:52.619+0000] {logging_mixin.py:188} INFO - [2026-03-27T15:57:52.619+0000] {dagbag.py:545} INFO - Filling up the DagBag from /opt/airflow/dags/snowflake_pipeline_dag.py
[2026-03-27T15:57:52.638+0000] {processor.py:840} INFO - DAG(s) 'snowflake_realtime_pipeline' retrieved from /opt/airflow/dags/snowflake_pipeline_dag.py
[2026-03-27T15:57:52.671+0000] {logging_mixin.py:188} INFO - [2026-03-27T15:57:52.671+0000] {dag.py:3089} INFO - Sync 1 DAGs
[2026-03-27T15:57:52.695+0000] {logging_mixin.py:188} INFO - [2026-03-27T15:57:52.695+0000] {dag.py:3947} INFO - Setting next_dagrun for snowflake_realtime_pipeline to 2026-03-27 15:50:00+00:00, run_after=2026-03-27 15:55:00+00:00
[2026-03-27T15:57:52.727+0000] {processor.py:183} INFO - Processing /opt/airflow/dags/snowflake_pipeline_dag.py took 0.117 seconds
[2026-03-27T15:58:23.462+0000] {processor.py:161} INFO - Started process (PID=4488) to work on /opt/airflow/dags/snowflake_pipeline_dag.py
[2026-03-27T15:58:23.463+0000] {processor.py:830} INFO - Processing file /opt/airflow/dags/snowflake_pipeline_dag.py for tasks to queue
[2026-03-27T15:58:23.465+0000] {logging_mixin.py:188} INFO - [2026-03-27T15:58:23.465+0000] {dagbag.py:545} INFO - Filling up the DagBag from /opt/airflow/dags/snowflake_pipeline_dag.py
[2026-03-27T15:58:23.485+0000] {processor.py:840} INFO - DAG(s) 'snowflake_realtime_pipeline' retrieved from /opt/airflow/dags/snowflake_pipeline_dag.py
[2026-03-27T15:58:23.519+0000] {logging_mixin.py:188} INFO - [2026-03-27T15:58:23.519+0000] {dag.py:3089} INFO - Sync 1 DAGs
[2026-03-27T15:58:23.546+0000] {logging_mixin.py:188} INFO - [2026-03-27T15:58:23.545+0000] {dag.py:3947} INFO - Setting next_dagrun for snowflake_realtime_pipeline to 2026-03-27 15:50:00+00:00, run_after=2026-03-27 15:55:00+00:00
[2026-03-27T15:58:23.569+0000] {processor.py:183} INFO - Processing /opt/airflow/dags/snowflake_pipeline_dag.py took 0.114 seconds
[2026-03-27T15:58:54.369+0000] {processor.py:161} INFO - Started process (PID=4508) to work on /opt/airflow/dags/snowflake_pipeline_dag.py
[2026-03-27T15:58:54.370+0000] {processor.py:830} INFO - Processing file /opt/airflow/dags/snowflake_pipeline_dag.py for tasks to queue
[2026-03-27T15:58:54.372+0000] {logging_mixin.py:188} INFO - [2026-03-27T15:58:54.372+0000] {dagbag.py:545} INFO - Filling up the DagBag from /opt/airflow/dags/snowflake_pipeline_dag.py
[2026-03-27T15:58:54.396+0000] {processor.py:840} INFO - DAG(s) 'snowflake_realtime_pipeline' retrieved from /opt/airflow/dags/snowflake_pipeline_dag.py
[2026-03-27T15:58:54.428+0000] {logging_mixin.py:188} INFO - [2026-03-27T15:58:54.428+0000] {dag.py:3089} INFO - Sync 1 DAGs
[2026-03-27T15:58:54.454+0000] {logging_mixin.py:188} INFO - [2026-03-27T15:58:54.453+0000] {dag.py:3947} INFO - Setting next_dagrun for snowflake_realtime_pipeline to 2026-03-27 15:50:00+00:00, run_after=2026-03-27 15:55:00+00:00
[2026-03-27T15:58:54.476+0000] {processor.py:183} INFO - Processing /opt/airflow/dags/snowflake_pipeline_dag.py took 0.113 seconds
[2026-03-27T15:59:25.266+0000] {processor.py:161} INFO - Started process (PID=4528) to work on /opt/airflow/dags/snowflake_pipeline_dag.py
[2026-03-27T15:59:25.267+0000] {processor.py:830} INFO - Processing file /opt/airflow/dags/snowflake_pipeline_dag.py for tasks to queue
[2026-03-27T15:59:25.269+0000] {logging_mixin.py:188} INFO - [2026-03-27T15:59:25.268+0000] {dagbag.py:545} INFO - Filling up the DagBag from /opt/airflow/dags/snowflake_pipeline_dag.py
[2026-03-27T15:59:25.291+0000] {processor.py:840} INFO - DAG(s) 'snowflake_realtime_pipeline' retrieved from /opt/airflow/dags/snowflake_pipeline_dag.py
[2026-03-27T15:59:25.329+0000] {logging_mixin.py:188} INFO - [2026-03-27T15:59:25.329+0000] {dag.py:3089} INFO - Sync 1 DAGs
[2026-03-27T15:59:25.357+0000] {logging_mixin.py:188} INFO - [2026-03-27T15:59:25.357+0000] {dag.py:3947} INFO - Setting next_dagrun for snowflake_realtime_pipeline to 2026-03-27 15:50:00+00:00, run_after=2026-03-27 15:55:00+00:00
[2026-03-27T15:59:25.380+0000] {processor.py:183} INFO - Processing /opt/airflow/dags/snowflake_pipeline_dag.py took 0.120 seconds
[2026-03-27T15:59:56.127+0000] {processor.py:161} INFO - Started process (PID=4548) to work on /opt/airflow/dags/snowflake_pipeline_dag.py
[2026-03-27T15:59:56.129+0000] {processor.py:830} INFO - Processing file /opt/airflow/dags/snowflake_pipeline_dag.py for tasks to queue
[2026-03-27T15:59:56.131+0000] {logging_mixin.py:188} INFO - [2026-03-27T15:59:56.130+0000] {dagbag.py:545} INFO - Filling up the DagBag from /opt/airflow/dags/snowflake_pipeline_dag.py
[2026-03-27T15:59:56.155+0000] {processor.py:840} INFO - DAG(s) 'snowflake_realtime_pipeline' retrieved from /opt/airflow/dags/snowflake_pipeline_dag.py
[2026-03-27T15:59:56.195+0000] {logging_mixin.py:188} INFO - [2026-03-27T15:59:56.194+0000] {dag.py:3089} INFO - Sync 1 DAGs
[2026-03-27T15:59:56.226+0000] {logging_mixin.py:188} INFO - [2026-03-27T15:59:56.226+0000] {dag.py:3947} INFO - Setting next_dagrun for snowflake_realtime_pipeline to 2026-03-27 15:50:00+00:00, run_after=2026-03-27 15:55:00+00:00
[2026-03-27T15:59:56.250+0000] {processor.py:183} INFO - Processing /opt/airflow/dags/snowflake_pipeline_dag.py took 0.130 seconds
[2026-03-27T16:00:26.750+0000] {processor.py:161} INFO - Started process (PID=4568) to work on /opt/airflow/dags/snowflake_pipeline_dag.py
[2026-03-27T16:00:26.752+0000] {processor.py:830} INFO - Processing file /opt/airflow/dags/snowflake_pipeline_dag.py for tasks to queue
[2026-03-27T16:00:26.755+0000] {logging_mixin.py:188} INFO - [2026-03-27T16:00:26.755+0000] {dagbag.py:545} INFO - Filling up the DagBag from /opt/airflow/dags/snowflake_pipeline_dag.py
[2026-03-27T16:00:26.787+0000] {processor.py:840} INFO - DAG(s) 'snowflake_realtime_pipeline' retrieved from /opt/airflow/dags/snowflake_pipeline_dag.py
[2026-03-27T16:00:26.845+0000] {logging_mixin.py:188} INFO - [2026-03-27T16:00:26.844+0000] {dag.py:3089} INFO - Sync 1 DAGs
[2026-03-27T16:00:26.888+0000] {logging_mixin.py:188} INFO - [2026-03-27T16:00:26.887+0000] {dag.py:3947} INFO - Setting next_dagrun for snowflake_realtime_pipeline to 2026-03-27 15:55:00+00:00, run_after=2026-03-27 16:00:00+00:00
[2026-03-27T16:00:26.919+0000] {processor.py:183} INFO - Processing /opt/airflow/dags/snowflake_pipeline_dag.py took 0.181 seconds
[2026-03-27T16:00:57.509+0000] {processor.py:161} INFO - Started process (PID=4588) to work on /opt/airflow/dags/snowflake_pipeline_dag.py
[2026-03-27T16:00:57.511+0000] {processor.py:830} INFO - Processing file /opt/airflow/dags/snowflake_pipeline_dag.py for tasks to queue
[2026-03-27T16:00:57.513+0000] {logging_mixin.py:188} INFO - [2026-03-27T16:00:57.513+0000] {dagbag.py:545} INFO - Filling up the DagBag from /opt/airflow/dags/snowflake_pipeline_dag.py
[2026-03-27T16:00:57.537+0000] {processor.py:840} INFO - DAG(s) 'snowflake_realtime_pipeline' retrieved from /opt/airflow/dags/snowflake_pipeline_dag.py
[2026-03-27T16:00:57.576+0000] {logging_mixin.py:188} INFO - [2026-03-27T16:00:57.576+0000] {dag.py:3089} INFO - Sync 1 DAGs
[2026-03-27T16:00:57.609+0000] {logging_mixin.py:188} INFO - [2026-03-27T16:00:57.609+0000] {dag.py:3947} INFO - Setting next_dagrun for snowflake_realtime_pipeline to 2026-03-27 15:55:00+00:00, run_after=2026-03-27 16:00:00+00:00
[2026-03-27T16:00:57.633+0000] {processor.py:183} INFO - Processing /opt/airflow/dags/snowflake_pipeline_dag.py took 0.130 seconds
[2026-03-27T16:01:28.128+0000] {processor.py:161} INFO - Started process (PID=4608) to work on /opt/airflow/dags/snowflake_pipeline_dag.py
[2026-03-27T16:01:28.129+0000] {processor.py:830} INFO - Processing file /opt/airflow/dags/snowflake_pipeline_dag.py for tasks to queue
[2026-03-27T16:01:28.131+0000] {logging_mixin.py:188} INFO - [2026-03-27T16:01:28.131+0000] {dagbag.py:545} INFO - Filling up the DagBag from /opt/airflow/dags/snowflake_pipeline_dag.py
[2026-03-27T16:01:28.156+0000] {processor.py:840} INFO - DAG(s) 'snowflake_realtime_pipeline' retrieved from /opt/airflow/dags/snowflake_pipeline_dag.py
[2026-03-27T16:01:28.197+0000] {logging_mixin.py:188} INFO - [2026-03-27T16:01:28.196+0000] {dag.py:3089} INFO - Sync 1 DAGs
[2026-03-27T16:01:28.231+0000] {logging_mixin.py:188} INFO - [2026-03-27T16:01:28.231+0000] {dag.py:3947} INFO - Setting next_dagrun for snowflake_realtime_pipeline to 2026-03-27 15:55:00+00:00, run_after=2026-03-27 16:00:00+00:00
[2026-03-27T16:01:28.255+0000] {processor.py:183} INFO - Processing /opt/airflow/dags/snowflake_pipeline_dag.py took 0.134 seconds
[2026-03-27T16:01:58.825+0000] {processor.py:161} INFO - Started process (PID=4628) to work on /opt/airflow/dags/snowflake_pipeline_dag.py
[2026-03-27T16:01:58.826+0000] {processor.py:830} INFO - Processing file /opt/airflow/dags/snowflake_pipeline_dag.py for tasks to queue
[2026-03-27T16:01:58.828+0000] {logging_mixin.py:188} INFO - [2026-03-27T16:01:58.828+0000] {dagbag.py:545} INFO - Filling up the DagBag from /opt/airflow/dags/snowflake_pipeline_dag.py
[2026-03-27T16:01:58.854+0000] {processor.py:840} INFO - DAG(s) 'snowflake_realtime_pipeline' retrieved from /opt/airflow/dags/snowflake_pipeline_dag.py
[2026-03-27T16:01:58.895+0000] {logging_mixin.py:188} INFO - [2026-03-27T16:01:58.895+0000] {dag.py:3089} INFO - Sync 1 DAGs
[2026-03-27T16:01:58.929+0000] {logging_mixin.py:188} INFO - [2026-03-27T16:01:58.929+0000] {dag.py:3947} INFO - Setting next_dagrun for snowflake_realtime_pipeline to 2026-03-27 15:55:00+00:00, run_after=2026-03-27 16:00:00+00:00
[2026-03-27T16:01:58.958+0000] {processor.py:183} INFO - Processing /opt/airflow/dags/snowflake_pipeline_dag.py took 0.141 seconds
[2026-03-27T16:02:29.530+0000] {processor.py:161} INFO - Started process (PID=4648) to work on /opt/airflow/dags/snowflake_pipeline_dag.py
[2026-03-27T16:02:29.531+0000] {processor.py:830} INFO - Processing file /opt/airflow/dags/snowflake_pipeline_dag.py for tasks to queue
[2026-03-27T16:02:29.534+0000] {logging_mixin.py:188} INFO - [2026-03-27T16:02:29.533+0000] {dagbag.py:545} INFO - Filling up the DagBag from /opt/airflow/dags/snowflake_pipeline_dag.py
[2026-03-27T16:02:29.573+0000] {processor.py:840} INFO - DAG(s) 'snowflake_realtime_pipeline' retrieved from /opt/airflow/dags/snowflake_pipeline_dag.py
[2026-03-27T16:02:29.627+0000] {logging_mixin.py:188} INFO - [2026-03-27T16:02:29.626+0000] {dag.py:3089} INFO - Sync 1 DAGs
[2026-03-27T16:02:29.660+0000] {logging_mixin.py:188} INFO - [2026-03-27T16:02:29.660+0000] {dag.py:3947} INFO - Setting next_dagrun for snowflake_realtime_pipeline to 2026-03-27 15:55:00+00:00, run_after=2026-03-27 16:00:00+00:00
[2026-03-27T16:02:29.688+0000] {processor.py:183} INFO - Processing /opt/airflow/dags/snowflake_pipeline_dag.py took 0.169 seconds
[2026-03-27T16:03:00.220+0000] {processor.py:161} INFO - Started process (PID=4710) to work on /opt/airflow/dags/snowflake_pipeline_dag.py
[2026-03-27T16:03:00.222+0000] {processor.py:830} INFO - Processing file /opt/airflow/dags/snowflake_pipeline_dag.py for tasks to queue
[2026-03-27T16:03:00.224+0000] {logging_mixin.py:188} INFO - [2026-03-27T16:03:00.224+0000] {dagbag.py:545} INFO - Filling up the DagBag from /opt/airflow/dags/snowflake_pipeline_dag.py
[2026-03-27T16:03:00.249+0000] {processor.py:840} INFO - DAG(s) 'snowflake_realtime_pipeline' retrieved from /opt/airflow/dags/snowflake_pipeline_dag.py
[2026-03-27T16:03:00.289+0000] {logging_mixin.py:188} INFO - [2026-03-27T16:03:00.289+0000] {dag.py:3089} INFO - Sync 1 DAGs
[2026-03-27T16:03:00.320+0000] {logging_mixin.py:188} INFO - [2026-03-27T16:03:00.320+0000] {dag.py:3947} INFO - Setting next_dagrun for snowflake_realtime_pipeline to 2026-03-27 15:55:00+00:00, run_after=2026-03-27 16:00:00+00:00
[2026-03-27T16:03:00.349+0000] {processor.py:183} INFO - Processing /opt/airflow/dags/snowflake_pipeline_dag.py took 0.136 seconds
[2026-03-27T16:03:30.912+0000] {processor.py:161} INFO - Started process (PID=6246) to work on /opt/airflow/dags/snowflake_pipeline_dag.py
[2026-03-27T16:03:30.914+0000] {processor.py:830} INFO - Processing file /opt/airflow/dags/snowflake_pipeline_dag.py for tasks to queue
[2026-03-27T16:03:30.919+0000] {logging_mixin.py:188} INFO - [2026-03-27T16:03:30.918+0000] {dagbag.py:545} INFO - Filling up the DagBag from /opt/airflow/dags/snowflake_pipeline_dag.py
[2026-03-27T16:03:30.958+0000] {processor.py:840} INFO - DAG(s) 'snowflake_realtime_pipeline' retrieved from /opt/airflow/dags/snowflake_pipeline_dag.py
[2026-03-27T16:03:31.014+0000] {logging_mixin.py:188} INFO - [2026-03-27T16:03:31.013+0000] {dag.py:3089} INFO - Sync 1 DAGs
[2026-03-27T16:03:31.054+0000] {logging_mixin.py:188} INFO - [2026-03-27T16:03:31.054+0000] {dag.py:3947} INFO - Setting next_dagrun for snowflake_realtime_pipeline to 2026-03-27 15:55:00+00:00, run_after=2026-03-27 16:00:00+00:00
[2026-03-27T16:03:31.089+0000] {processor.py:183} INFO - Processing /opt/airflow/dags/snowflake_pipeline_dag.py took 0.193 seconds
[2026-03-27T16:04:01.749+0000] {processor.py:161} INFO - Started process (PID=7492) to work on /opt/airflow/dags/snowflake_pipeline_dag.py
[2026-03-27T16:04:01.751+0000] {processor.py:830} INFO - Processing file /opt/airflow/dags/snowflake_pipeline_dag.py for tasks to queue
[2026-03-27T16:04:01.755+0000] {logging_mixin.py:188} INFO - [2026-03-27T16:04:01.755+0000] {dagbag.py:545} INFO - Filling up the DagBag from /opt/airflow/dags/snowflake_pipeline_dag.py
[2026-03-27T16:04:01.790+0000] {processor.py:840} INFO - DAG(s) 'snowflake_realtime_pipeline' retrieved from /opt/airflow/dags/snowflake_pipeline_dag.py
[2026-03-27T16:04:01.843+0000] {logging_mixin.py:188} INFO - [2026-03-27T16:04:01.843+0000] {dag.py:3089} INFO - Sync 1 DAGs
[2026-03-27T16:04:01.882+0000] {logging_mixin.py:188} INFO - [2026-03-27T16:04:01.881+0000] {dag.py:3947} INFO - Setting next_dagrun for snowflake_realtime_pipeline to 2026-03-27 15:55:00+00:00, run_after=2026-03-27 16:00:00+00:00
[2026-03-27T16:04:01.913+0000] {processor.py:183} INFO - Processing /opt/airflow/dags/snowflake_pipeline_dag.py took 0.176 seconds
[2026-03-27T16:04:32.482+0000] {processor.py:161} INFO - Started process (PID=7535) to work on /opt/airflow/dags/snowflake_pipeline_dag.py
[2026-03-27T16:04:32.483+0000] {processor.py:830} INFO - Processing file /opt/airflow/dags/snowflake_pipeline_dag.py for tasks to queue
[2026-03-27T16:04:32.486+0000] {logging_mixin.py:188} INFO - [2026-03-27T16:04:32.486+0000] {dagbag.py:545} INFO - Filling up the DagBag from /opt/airflow/dags/snowflake_pipeline_dag.py
[2026-03-27T16:04:32.518+0000] {processor.py:840} INFO - DAG(s) 'snowflake_realtime_pipeline' retrieved from /opt/airflow/dags/snowflake_pipeline_dag.py
[2026-03-27T16:04:32.566+0000] {logging_mixin.py:188} INFO - [2026-03-27T16:04:32.566+0000] {dag.py:3089} INFO - Sync 1 DAGs
[2026-03-27T16:04:32.600+0000] {logging_mixin.py:188} INFO - [2026-03-27T16:04:32.600+0000] {dag.py:3947} INFO - Setting next_dagrun for snowflake_realtime_pipeline to 2026-03-27 15:55:00+00:00, run_after=2026-03-27 16:00:00+00:00
[2026-03-27T16:04:32.628+0000] {processor.py:183} INFO - Processing /opt/airflow/dags/snowflake_pipeline_dag.py took 0.154 seconds
[2026-03-27T16:05:03.467+0000] {processor.py:161} INFO - Started process (PID=7555) to work on /opt/airflow/dags/snowflake_pipeline_dag.py
[2026-03-27T16:05:03.469+0000] {processor.py:830} INFO - Processing file /opt/airflow/dags/snowflake_pipeline_dag.py for tasks to queue
[2026-03-27T16:05:03.473+0000] {logging_mixin.py:188} INFO - [2026-03-27T16:05:03.472+0000] {dagbag.py:545} INFO - Filling up the DagBag from /opt/airflow/dags/snowflake_pipeline_dag.py
[2026-03-27T16:05:03.520+0000] {processor.py:840} INFO - DAG(s) 'snowflake_realtime_pipeline' retrieved from /opt/airflow/dags/snowflake_pipeline_dag.py
[2026-03-27T16:05:03.588+0000] {logging_mixin.py:188} INFO - [2026-03-27T16:05:03.588+0000] {dag.py:3089} INFO - Sync 1 DAGs
[2026-03-27T16:05:03.663+0000] {logging_mixin.py:188} INFO - [2026-03-27T16:05:03.663+0000] {dag.py:3947} INFO - Setting next_dagrun for snowflake_realtime_pipeline to 2026-03-27 16:00:00+00:00, run_after=2026-03-27 16:05:00+00:00
[2026-03-27T16:05:03.728+0000] {processor.py:183} INFO - Processing /opt/airflow/dags/snowflake_pipeline_dag.py took 0.273 seconds
[2026-03-27T16:05:33.950+0000] {processor.py:161} INFO - Started process (PID=7572) to work on /opt/airflow/dags/snowflake_pipeline_dag.py
[2026-03-27T16:05:33.954+0000] {processor.py:830} INFO - Processing file /opt/airflow/dags/snowflake_pipeline_dag.py for tasks to queue
[2026-03-27T16:05:33.962+0000] {logging_mixin.py:188} INFO - [2026-03-27T16:05:33.960+0000] {dagbag.py:545} INFO - Filling up the DagBag from /opt/airflow/dags/snowflake_pipeline_dag.py
[2026-03-27T16:05:34.062+0000] {processor.py:840} INFO - DAG(s) 'snowflake_realtime_pipeline' retrieved from /opt/airflow/dags/snowflake_pipeline_dag.py
[2026-03-27T16:05:34.163+0000] {logging_mixin.py:188} INFO - [2026-03-27T16:05:34.163+0000] {dag.py:3089} INFO - Sync 1 DAGs
[2026-03-27T16:05:34.213+0000] {logging_mixin.py:188} INFO - [2026-03-27T16:05:34.212+0000] {dag.py:3947} INFO - Setting next_dagrun for snowflake_realtime_pipeline to 2026-03-27 16:00:00+00:00, run_after=2026-03-27 16:05:00+00:00
[2026-03-27T16:05:34.252+0000] {processor.py:183} INFO - Processing /opt/airflow/dags/snowflake_pipeline_dag.py took 0.328 seconds
[2026-03-27T16:06:04.436+0000] {processor.py:161} INFO - Started process (PID=7592) to work on /opt/airflow/dags/snowflake_pipeline_dag.py
[2026-03-27T16:06:04.438+0000] {processor.py:830} INFO - Processing file /opt/airflow/dags/snowflake_pipeline_dag.py for tasks to queue
[2026-03-27T16:06:04.442+0000] {logging_mixin.py:188} INFO - [2026-03-27T16:06:04.441+0000] {dagbag.py:545} INFO - Filling up the DagBag from /opt/airflow/dags/snowflake_pipeline_dag.py
[2026-03-27T16:06:04.495+0000] {processor.py:840} INFO - DAG(s) 'snowflake_realtime_pipeline' retrieved from /opt/airflow/dags/snowflake_pipeline_dag.py
[2026-03-27T16:06:04.555+0000] {logging_mixin.py:188} INFO - [2026-03-27T16:06:04.555+0000] {dag.py:3089} INFO - Sync 1 DAGs
[2026-03-27T16:06:04.604+0000] {logging_mixin.py:188} INFO - [2026-03-27T16:06:04.604+0000] {dag.py:3947} INFO - Setting next_dagrun for snowflake_realtime_pipeline to 2026-03-27 16:00:00+00:00, run_after=2026-03-27 16:05:00+00:00
[2026-03-27T16:06:04.675+0000] {processor.py:183} INFO - Processing /opt/airflow/dags/snowflake_pipeline_dag.py took 0.253 seconds
[2026-03-27T16:06:34.994+0000] {processor.py:161} INFO - Started process (PID=7612) to work on /opt/airflow/dags/snowflake_pipeline_dag.py
[2026-03-27T16:06:34.997+0000] {processor.py:830} INFO - Processing file /opt/airflow/dags/snowflake_pipeline_dag.py for tasks to queue
[2026-03-27T16:06:35.001+0000] {logging_mixin.py:188} INFO - [2026-03-27T16:06:35.001+0000] {dagbag.py:545} INFO - Filling up the DagBag from /opt/airflow/dags/snowflake_pipeline_dag.py
[2026-03-27T16:06:35.045+0000] {processor.py:840} INFO - DAG(s) 'snowflake_realtime_pipeline' retrieved from /opt/airflow/dags/snowflake_pipeline_dag.py
[2026-03-27T16:06:35.114+0000] {logging_mixin.py:188} INFO - [2026-03-27T16:06:35.114+0000] {dag.py:3089} INFO - Sync 1 DAGs
[2026-03-27T16:06:35.177+0000] {logging_mixin.py:188} INFO - [2026-03-27T16:06:35.176+0000] {dag.py:3947} INFO - Setting next_dagrun for snowflake_realtime_pipeline to 2026-03-27 16:00:00+00:00, run_after=2026-03-27 16:05:00+00:00
[2026-03-27T16:06:35.234+0000] {processor.py:183} INFO - Processing /opt/airflow/dags/snowflake_pipeline_dag.py took 0.257 seconds
[2026-03-27T16:07:05.721+0000] {processor.py:161} INFO - Started process (PID=7632) to work on /opt/airflow/dags/snowflake_pipeline_dag.py
[2026-03-27T16:07:05.723+0000] {processor.py:830} INFO - Processing file /opt/airflow/dags/snowflake_pipeline_dag.py for tasks to queue
[2026-03-27T16:07:05.727+0000] {logging_mixin.py:188} INFO - [2026-03-27T16:07:05.726+0000] {dagbag.py:545} INFO - Filling up the DagBag from /opt/airflow/dags/snowflake_pipeline_dag.py
[2026-03-27T16:07:05.777+0000] {processor.py:840} INFO - DAG(s) 'snowflake_realtime_pipeline' retrieved from /opt/airflow/dags/snowflake_pipeline_dag.py
[2026-03-27T16:07:05.846+0000] {logging_mixin.py:188} INFO - [2026-03-27T16:07:05.846+0000] {dag.py:3089} INFO - Sync 1 DAGs
[2026-03-27T16:07:05.898+0000] {logging_mixin.py:188} INFO - [2026-03-27T16:07:05.897+0000] {dag.py:3947} INFO - Setting next_dagrun for snowflake_realtime_pipeline to 2026-03-27 16:00:00+00:00, run_after=2026-03-27 16:05:00+00:00
[2026-03-27T16:07:05.947+0000] {processor.py:183} INFO - Processing /opt/airflow/dags/snowflake_pipeline_dag.py took 0.239 seconds
[2026-03-27T16:07:36.272+0000] {processor.py:161} INFO - Started process (PID=7652) to work on /opt/airflow/dags/snowflake_pipeline_dag.py
[2026-03-27T16:07:36.275+0000] {processor.py:830} INFO - Processing file /opt/airflow/dags/snowflake_pipeline_dag.py for tasks to queue
[2026-03-27T16:07:36.280+0000] {logging_mixin.py:188} INFO - [2026-03-27T16:07:36.279+0000] {dagbag.py:545} INFO - Filling up the DagBag from /opt/airflow/dags/snowflake_pipeline_dag.py
[2026-03-27T16:07:36.348+0000] {processor.py:840} INFO - DAG(s) 'snowflake_realtime_pipeline' retrieved from /opt/airflow/dags/snowflake_pipeline_dag.py
[2026-03-27T16:07:36.457+0000] {logging_mixin.py:188} INFO - [2026-03-27T16:07:36.457+0000] {dag.py:3089} INFO - Sync 1 DAGs
[2026-03-27T16:07:36.517+0000] {logging_mixin.py:188} INFO - [2026-03-27T16:07:36.516+0000] {dag.py:3947} INFO - Setting next_dagrun for snowflake_realtime_pipeline to 2026-03-27 16:00:00+00:00, run_after=2026-03-27 16:05:00+00:00
[2026-03-27T16:07:36.559+0000] {processor.py:183} INFO - Processing /opt/airflow/dags/snowflake_pipeline_dag.py took 0.306 seconds
[2026-03-27T16:08:06.876+0000] {processor.py:161} INFO - Started process (PID=7720) to work on /opt/airflow/dags/snowflake_pipeline_dag.py
[2026-03-27T16:08:06.879+0000] {processor.py:830} INFO - Processing file /opt/airflow/dags/snowflake_pipeline_dag.py for tasks to queue
[2026-03-27T16:08:06.885+0000] {logging_mixin.py:188} INFO - [2026-03-27T16:08:06.884+0000] {dagbag.py:545} INFO - Filling up the DagBag from /opt/airflow/dags/snowflake_pipeline_dag.py
[2026-03-27T16:08:06.957+0000] {processor.py:840} INFO - DAG(s) 'snowflake_realtime_pipeline' retrieved from /opt/airflow/dags/snowflake_pipeline_dag.py
[2026-03-27T16:08:07.027+0000] {logging_mixin.py:188} INFO - [2026-03-27T16:08:07.027+0000] {dag.py:3089} INFO - Sync 1 DAGs
[2026-03-27T16:08:07.072+0000] {logging_mixin.py:188} INFO - [2026-03-27T16:08:07.072+0000] {dag.py:3947} INFO - Setting next_dagrun for snowflake_realtime_pipeline to 2026-03-27 16:00:00+00:00, run_after=2026-03-27 16:05:00+00:00
[2026-03-27T16:08:07.115+0000] {processor.py:183} INFO - Processing /opt/airflow/dags/snowflake_pipeline_dag.py took 0.256 seconds
[2026-03-27T16:08:37.384+0000] {processor.py:161} INFO - Started process (PID=9462) to work on /opt/airflow/dags/snowflake_pipeline_dag.py
[2026-03-27T16:08:37.386+0000] {processor.py:830} INFO - Processing file /opt/airflow/dags/snowflake_pipeline_dag.py for tasks to queue
[2026-03-27T16:08:37.390+0000] {logging_mixin.py:188} INFO - [2026-03-27T16:08:37.389+0000] {dagbag.py:545} INFO - Filling up the DagBag from /opt/airflow/dags/snowflake_pipeline_dag.py
[2026-03-27T16:08:37.445+0000] {processor.py:840} INFO - DAG(s) 'snowflake_realtime_pipeline' retrieved from /opt/airflow/dags/snowflake_pipeline_dag.py
[2026-03-27T16:08:37.517+0000] {logging_mixin.py:188} INFO - [2026-03-27T16:08:37.517+0000] {dag.py:3089} INFO - Sync 1 DAGs
[2026-03-27T16:08:37.574+0000] {logging_mixin.py:188} INFO - [2026-03-27T16:08:37.573+0000] {dag.py:3947} INFO - Setting next_dagrun for snowflake_realtime_pipeline to 2026-03-27 16:00:00+00:00, run_after=2026-03-27 16:05:00+00:00
[2026-03-27T16:08:37.643+0000] {processor.py:183} INFO - Processing /opt/airflow/dags/snowflake_pipeline_dag.py took 0.276 seconds
[2026-03-27T16:09:07.973+0000] {processor.py:161} INFO - Started process (PID=9879) to work on /opt/airflow/dags/snowflake_pipeline_dag.py
[2026-03-27T16:09:07.975+0000] {processor.py:830} INFO - Processing file /opt/airflow/dags/snowflake_pipeline_dag.py for tasks to queue
[2026-03-27T16:09:07.980+0000] {logging_mixin.py:188} INFO - [2026-03-27T16:09:07.979+0000] {dagbag.py:545} INFO - Filling up the DagBag from /opt/airflow/dags/snowflake_pipeline_dag.py
[2026-03-27T16:09:08.035+0000] {processor.py:840} INFO - DAG(s) 'snowflake_realtime_pipeline' retrieved from /opt/airflow/dags/snowflake_pipeline_dag.py
[2026-03-27T16:09:08.109+0000] {logging_mixin.py:188} INFO - [2026-03-27T16:09:08.109+0000] {dag.py:3089} INFO - Sync 1 DAGs
[2026-03-27T16:09:08.158+0000] {logging_mixin.py:188} INFO - [2026-03-27T16:09:08.158+0000] {dag.py:3947} INFO - Setting next_dagrun for snowflake_realtime_pipeline to 2026-03-27 16:00:00+00:00, run_after=2026-03-27 16:05:00+00:00
[2026-03-27T16:09:08.200+0000] {processor.py:183} INFO - Processing /opt/airflow/dags/snowflake_pipeline_dag.py took 0.243 seconds
[2026-03-27T16:09:38.453+0000] {processor.py:161} INFO - Started process (PID=9930) to work on /opt/airflow/dags/snowflake_pipeline_dag.py
[2026-03-27T16:09:38.455+0000] {processor.py:830} INFO - Processing file /opt/airflow/dags/snowflake_pipeline_dag.py for tasks to queue
[2026-03-27T16:09:38.458+0000] {logging_mixin.py:188} INFO - [2026-03-27T16:09:38.458+0000] {dagbag.py:545} INFO - Filling up the DagBag from /opt/airflow/dags/snowflake_pipeline_dag.py
[2026-03-27T16:09:38.517+0000] {processor.py:840} INFO - DAG(s) 'snowflake_realtime_pipeline' retrieved from /opt/airflow/dags/snowflake_pipeline_dag.py
[2026-03-27T16:09:38.585+0000] {logging_mixin.py:188} INFO - [2026-03-27T16:09:38.585+0000] {dag.py:3089} INFO - Sync 1 DAGs
[2026-03-27T16:09:38.631+0000] {logging_mixin.py:188} INFO - [2026-03-27T16:09:38.631+0000] {dag.py:3947} INFO - Setting next_dagrun for snowflake_realtime_pipeline to 2026-03-27 16:00:00+00:00, run_after=2026-03-27 16:05:00+00:00
[2026-03-27T16:09:38.692+0000] {processor.py:183} INFO - Processing /opt/airflow/dags/snowflake_pipeline_dag.py took 0.252 seconds
[2026-03-27T16:10:08.943+0000] {processor.py:161} INFO - Started process (PID=9950) to work on /opt/airflow/dags/snowflake_pipeline_dag.py
[2026-03-27T16:10:08.945+0000] {processor.py:830} INFO - Processing file /opt/airflow/dags/snowflake_pipeline_dag.py for tasks to queue
[2026-03-27T16:10:08.950+0000] {logging_mixin.py:188} INFO - [2026-03-27T16:10:08.949+0000] {dagbag.py:545} INFO - Filling up the DagBag from /opt/airflow/dags/snowflake_pipeline_dag.py
[2026-03-27T16:10:08.999+0000] {processor.py:840} INFO - DAG(s) 'snowflake_realtime_pipeline' retrieved from /opt/airflow/dags/snowflake_pipeline_dag.py
[2026-03-27T16:10:09.077+0000] {logging_mixin.py:188} INFO - [2026-03-27T16:10:09.076+0000] {dag.py:3089} INFO - Sync 1 DAGs
[2026-03-27T16:10:09.135+0000] {logging_mixin.py:188} INFO - [2026-03-27T16:10:09.135+0000] {dag.py:3947} INFO - Setting next_dagrun for snowflake_realtime_pipeline to 2026-03-27 16:05:00+00:00, run_after=2026-03-27 16:10:00+00:00
[2026-03-27T16:10:09.177+0000] {processor.py:183} INFO - Processing /opt/airflow/dags/snowflake_pipeline_dag.py took 0.250 seconds
[2026-03-27T16:10:39.380+0000] {processor.py:161} INFO - Started process (PID=9970) to work on /opt/airflow/dags/snowflake_pipeline_dag.py
[2026-03-27T16:10:39.382+0000] {processor.py:830} INFO - Processing file /opt/airflow/dags/snowflake_pipeline_dag.py for tasks to queue
[2026-03-27T16:10:39.386+0000] {logging_mixin.py:188} INFO - [2026-03-27T16:10:39.386+0000] {dagbag.py:545} INFO - Filling up the DagBag from /opt/airflow/dags/snowflake_pipeline_dag.py
[2026-03-27T16:10:39.437+0000] {processor.py:840} INFO - DAG(s) 'snowflake_realtime_pipeline' retrieved from /opt/airflow/dags/snowflake_pipeline_dag.py
[2026-03-27T16:10:39.501+0000] {logging_mixin.py:188} INFO - [2026-03-27T16:10:39.500+0000] {dag.py:3089} INFO - Sync 1 DAGs
[2026-03-27T16:10:39.556+0000] {logging_mixin.py:188} INFO - [2026-03-27T16:10:39.556+0000] {dag.py:3947} INFO - Setting next_dagrun for snowflake_realtime_pipeline to 2026-03-27 16:05:00+00:00, run_after=2026-03-27 16:10:00+00:00
[2026-03-27T16:10:39.615+0000] {processor.py:183} INFO - Processing /opt/airflow/dags/snowflake_pipeline_dag.py took 0.249 seconds
[2026-03-27T16:11:09.908+0000] {processor.py:161} INFO - Started process (PID=9990) to work on /opt/airflow/dags/snowflake_pipeline_dag.py
[2026-03-27T16:11:09.910+0000] {processor.py:830} INFO - Processing file /opt/airflow/dags/snowflake_pipeline_dag.py for tasks to queue
[2026-03-27T16:11:09.914+0000] {logging_mixin.py:188} INFO - [2026-03-27T16:11:09.913+0000] {dagbag.py:545} INFO - Filling up the DagBag from /opt/airflow/dags/snowflake_pipeline_dag.py
[2026-03-27T16:11:09.964+0000] {processor.py:840} INFO - DAG(s) 'snowflake_realtime_pipeline' retrieved from /opt/airflow/dags/snowflake_pipeline_dag.py
[2026-03-27T16:11:10.024+0000] {logging_mixin.py:188} INFO - [2026-03-27T16:11:10.023+0000] {dag.py:3089} INFO - Sync 1 DAGs
[2026-03-27T16:11:10.073+0000] {logging_mixin.py:188} INFO - [2026-03-27T16:11:10.073+0000] {dag.py:3947} INFO - Setting next_dagrun for snowflake_realtime_pipeline to 2026-03-27 16:05:00+00:00, run_after=2026-03-27 16:10:00+00:00
[2026-03-27T16:11:10.141+0000] {processor.py:183} INFO - Processing /opt/airflow/dags/snowflake_pipeline_dag.py took 0.247 seconds
[2026-03-27T16:11:40.467+0000] {processor.py:161} INFO - Started process (PID=10010) to work on /opt/airflow/dags/snowflake_pipeline_dag.py
[2026-03-27T16:11:40.469+0000] {processor.py:830} INFO - Processing file /opt/airflow/dags/snowflake_pipeline_dag.py for tasks to queue
[2026-03-27T16:11:40.473+0000] {logging_mixin.py:188} INFO - [2026-03-27T16:11:40.472+0000] {dagbag.py:545} INFO - Filling up the DagBag from /opt/airflow/dags/snowflake_pipeline_dag.py
[2026-03-27T16:11:40.531+0000] {processor.py:840} INFO - DAG(s) 'snowflake_realtime_pipeline' retrieved from /opt/airflow/dags/snowflake_pipeline_dag.py
[2026-03-27T16:11:40.592+0000] {logging_mixin.py:188} INFO - [2026-03-27T16:11:40.591+0000] {dag.py:3089} INFO - Sync 1 DAGs
[2026-03-27T16:11:40.634+0000] {logging_mixin.py:188} INFO - [2026-03-27T16:11:40.634+0000] {dag.py:3947} INFO - Setting next_dagrun for snowflake_realtime_pipeline to 2026-03-27 16:05:00+00:00, run_after=2026-03-27 16:10:00+00:00
[2026-03-27T16:11:40.674+0000] {processor.py:183} INFO - Processing /opt/airflow/dags/snowflake_pipeline_dag.py took 0.219 seconds
[2026-03-27T16:12:11.136+0000] {processor.py:161} INFO - Started process (PID=10030) to work on /opt/airflow/dags/snowflake_pipeline_dag.py
[2026-03-27T16:12:11.139+0000] {processor.py:830} INFO - Processing file /opt/airflow/dags/snowflake_pipeline_dag.py for tasks to queue
[2026-03-27T16:12:11.142+0000] {logging_mixin.py:188} INFO - [2026-03-27T16:12:11.142+0000] {dagbag.py:545} INFO - Filling up the DagBag from /opt/airflow/dags/snowflake_pipeline_dag.py
[2026-03-27T16:12:11.193+0000] {processor.py:840} INFO - DAG(s) 'snowflake_realtime_pipeline' retrieved from /opt/airflow/dags/snowflake_pipeline_dag.py
[2026-03-27T16:12:11.252+0000] {logging_mixin.py:188} INFO - [2026-03-27T16:12:11.252+0000] {dag.py:3089} INFO - Sync 1 DAGs
[2026-03-27T16:12:11.300+0000] {logging_mixin.py:188} INFO - [2026-03-27T16:12:11.299+0000] {dag.py:3947} INFO - Setting next_dagrun for snowflake_realtime_pipeline to 2026-03-27 16:05:00+00:00, run_after=2026-03-27 16:10:00+00:00
[2026-03-27T16:12:11.363+0000] {processor.py:183} INFO - Processing /opt/airflow/dags/snowflake_pipeline_dag.py took 0.242 seconds
[2026-03-27T16:12:41.713+0000] {processor.py:161} INFO - Started process (PID=10050) to work on /opt/airflow/dags/snowflake_pipeline_dag.py
[2026-03-27T16:12:41.717+0000] {processor.py:830} INFO - Processing file /opt/airflow/dags/snowflake_pipeline_dag.py for tasks to queue
[2026-03-27T16:12:41.723+0000] {logging_mixin.py:188} INFO - [2026-03-27T16:12:41.722+0000] {dagbag.py:545} INFO - Filling up the DagBag from /opt/airflow/dags/snowflake_pipeline_dag.py
[2026-03-27T16:12:41.786+0000] {processor.py:840} INFO - DAG(s) 'snowflake_realtime_pipeline' retrieved from /opt/airflow/dags/snowflake_pipeline_dag.py
[2026-03-27T16:12:41.881+0000] {logging_mixin.py:188} INFO - [2026-03-27T16:12:41.880+0000] {dag.py:3089} INFO - Sync 1 DAGs
[2026-03-27T16:12:41.947+0000] {logging_mixin.py:188} INFO - [2026-03-27T16:12:41.947+0000] {dag.py:3947} INFO - Setting next_dagrun for snowflake_realtime_pipeline to 2026-03-27 16:05:00+00:00, run_after=2026-03-27 16:10:00+00:00
[2026-03-27T16:12:41.998+0000] {processor.py:183} INFO - Processing /opt/airflow/dags/snowflake_pipeline_dag.py took 0.299 seconds
[2026-03-27T16:13:12.443+0000] {processor.py:161} INFO - Started process (PID=10070) to work on /opt/airflow/dags/snowflake_pipeline_dag.py
[2026-03-27T16:13:12.445+0000] {processor.py:830} INFO - Processing file /opt/airflow/dags/snowflake_pipeline_dag.py for tasks to queue
[2026-03-27T16:13:12.451+0000] {logging_mixin.py:188} INFO - [2026-03-27T16:13:12.450+0000] {dagbag.py:545} INFO - Filling up the DagBag from /opt/airflow/dags/snowflake_pipeline_dag.py
[2026-03-27T16:13:12.503+0000] {processor.py:840} INFO - DAG(s) 'snowflake_realtime_pipeline' retrieved from /opt/airflow/dags/snowflake_pipeline_dag.py
[2026-03-27T16:13:12.579+0000] {logging_mixin.py:188} INFO - [2026-03-27T16:13:12.579+0000] {dag.py:3089} INFO - Sync 1 DAGs
[2026-03-27T16:13:12.631+0000] {logging_mixin.py:188} INFO - [2026-03-27T16:13:12.631+0000] {dag.py:3947} INFO - Setting next_dagrun for snowflake_realtime_pipeline to 2026-03-27 16:05:00+00:00, run_after=2026-03-27 16:10:00+00:00
[2026-03-27T16:13:12.698+0000] {processor.py:183} INFO - Processing /opt/airflow/dags/snowflake_pipeline_dag.py took 0.272 seconds
[2026-03-27T16:13:42.964+0000] {processor.py:161} INFO - Started process (PID=11713) to work on /opt/airflow/dags/snowflake_pipeline_dag.py
[2026-03-27T16:13:42.966+0000] {processor.py:830} INFO - Processing file /opt/airflow/dags/snowflake_pipeline_dag.py for tasks to queue
[2026-03-27T16:13:42.969+0000] {logging_mixin.py:188} INFO - [2026-03-27T16:13:42.969+0000] {dagbag.py:545} INFO - Filling up the DagBag from /opt/airflow/dags/snowflake_pipeline_dag.py
[2026-03-27T16:13:43.020+0000] {processor.py:840} INFO - DAG(s) 'snowflake_realtime_pipeline' retrieved from /opt/airflow/dags/snowflake_pipeline_dag.py
[2026-03-27T16:13:43.091+0000] {logging_mixin.py:188} INFO - [2026-03-27T16:13:43.090+0000] {dag.py:3089} INFO - Sync 1 DAGs
[2026-03-27T16:13:43.151+0000] {logging_mixin.py:188} INFO - [2026-03-27T16:13:43.151+0000] {dag.py:3947} INFO - Setting next_dagrun for snowflake_realtime_pipeline to 2026-03-27 16:05:00+00:00, run_after=2026-03-27 16:10:00+00:00
[2026-03-27T16:13:43.197+0000] {processor.py:183} INFO - Processing /opt/airflow/dags/snowflake_pipeline_dag.py took 0.246 seconds
[2026-03-27T16:14:13.523+0000] {processor.py:161} INFO - Started process (PID=13156) to work on /opt/airflow/dags/snowflake_pipeline_dag.py
[2026-03-27T16:14:13.531+0000] {processor.py:830} INFO - Processing file /opt/airflow/dags/snowflake_pipeline_dag.py for tasks to queue
[2026-03-27T16:14:13.543+0000] {logging_mixin.py:188} INFO - [2026-03-27T16:14:13.541+0000] {dagbag.py:545} INFO - Filling up the DagBag from /opt/airflow/dags/snowflake_pipeline_dag.py
[2026-03-27T16:14:13.612+0000] {processor.py:840} INFO - DAG(s) 'snowflake_realtime_pipeline' retrieved from /opt/airflow/dags/snowflake_pipeline_dag.py
[2026-03-27T16:14:13.692+0000] {logging_mixin.py:188} INFO - [2026-03-27T16:14:13.692+0000] {dag.py:3089} INFO - Sync 1 DAGs
[2026-03-27T16:14:13.746+0000] {logging_mixin.py:188} INFO - [2026-03-27T16:14:13.746+0000] {dag.py:3947} INFO - Setting next_dagrun for snowflake_realtime_pipeline to 2026-03-27 16:05:00+00:00, run_after=2026-03-27 16:10:00+00:00
[2026-03-27T16:14:13.812+0000] {processor.py:183} INFO - Processing /opt/airflow/dags/snowflake_pipeline_dag.py took 0.328 seconds
[2026-03-27T16:14:44.244+0000] {processor.py:161} INFO - Started process (PID=13193) to work on /opt/airflow/dags/snowflake_pipeline_dag.py
[2026-03-27T16:14:44.247+0000] {processor.py:830} INFO - Processing file /opt/airflow/dags/snowflake_pipeline_dag.py for tasks to queue
[2026-03-27T16:14:44.254+0000] {logging_mixin.py:188} INFO - [2026-03-27T16:14:44.252+0000] {dagbag.py:545} INFO - Filling up the DagBag from /opt/airflow/dags/snowflake_pipeline_dag.py
[2026-03-27T16:14:44.320+0000] {processor.py:840} INFO - DAG(s) 'snowflake_realtime_pipeline' retrieved from /opt/airflow/dags/snowflake_pipeline_dag.py
[2026-03-27T16:14:44.418+0000] {logging_mixin.py:188} INFO - [2026-03-27T16:14:44.418+0000] {dag.py:3089} INFO - Sync 1 DAGs
[2026-03-27T16:14:44.471+0000] {logging_mixin.py:188} INFO - [2026-03-27T16:14:44.471+0000] {dag.py:3947} INFO - Setting next_dagrun for snowflake_realtime_pipeline to 2026-03-27 16:05:00+00:00, run_after=2026-03-27 16:10:00+00:00
[2026-03-27T16:14:44.513+0000] {processor.py:183} INFO - Processing /opt/airflow/dags/snowflake_pipeline_dag.py took 0.287 seconds
[2026-03-27T16:15:14.858+0000] {processor.py:161} INFO - Started process (PID=13213) to work on /opt/airflow/dags/snowflake_pipeline_dag.py
[2026-03-27T16:15:14.861+0000] {processor.py:830} INFO - Processing file /opt/airflow/dags/snowflake_pipeline_dag.py for tasks to queue
[2026-03-27T16:15:14.865+0000] {logging_mixin.py:188} INFO - [2026-03-27T16:15:14.865+0000] {dagbag.py:545} INFO - Filling up the DagBag from /opt/airflow/dags/snowflake_pipeline_dag.py
[2026-03-27T16:15:14.926+0000] {processor.py:840} INFO - DAG(s) 'snowflake_realtime_pipeline' retrieved from /opt/airflow/dags/snowflake_pipeline_dag.py
[2026-03-27T16:15:15.011+0000] {logging_mixin.py:188} INFO - [2026-03-27T16:15:15.010+0000] {dag.py:3089} INFO - Sync 1 DAGs
[2026-03-27T16:15:15.071+0000] {logging_mixin.py:188} INFO - [2026-03-27T16:15:15.070+0000] {dag.py:3947} INFO - Setting next_dagrun for snowflake_realtime_pipeline to 2026-03-27 16:10:00+00:00, run_after=2026-03-27 16:15:00+00:00
[2026-03-27T16:15:15.125+0000] {processor.py:183} INFO - Processing /opt/airflow/dags/snowflake_pipeline_dag.py took 0.281 seconds
[2026-03-27T16:15:45.554+0000] {processor.py:161} INFO - Started process (PID=13233) to work on /opt/airflow/dags/snowflake_pipeline_dag.py
[2026-03-27T16:15:45.557+0000] {processor.py:830} INFO - Processing file /opt/airflow/dags/snowflake_pipeline_dag.py for tasks to queue
[2026-03-27T16:15:45.563+0000] {logging_mixin.py:188} INFO - [2026-03-27T16:15:45.562+0000] {dagbag.py:545} INFO - Filling up the DagBag from /opt/airflow/dags/snowflake_pipeline_dag.py
[2026-03-27T16:15:45.617+0000] {processor.py:840} INFO - DAG(s) 'snowflake_realtime_pipeline' retrieved from /opt/airflow/dags/snowflake_pipeline_dag.py
[2026-03-27T16:15:45.691+0000] {logging_mixin.py:188} INFO - [2026-03-27T16:15:45.691+0000] {dag.py:3089} INFO - Sync 1 DAGs
[2026-03-27T16:15:45.757+0000] {logging_mixin.py:188} INFO - [2026-03-27T16:15:45.757+0000] {dag.py:3947} INFO - Setting next_dagrun for snowflake_realtime_pipeline to 2026-03-27 16:10:00+00:00, run_after=2026-03-27 16:15:00+00:00
[2026-03-27T16:15:45.804+0000] {processor.py:183} INFO - Processing /opt/airflow/dags/snowflake_pipeline_dag.py took 0.278 seconds
[2026-03-27T16:16:16.219+0000] {processor.py:161} INFO - Started process (PID=13253) to work on /opt/airflow/dags/snowflake_pipeline_dag.py
[2026-03-27T16:16:16.221+0000] {processor.py:830} INFO - Processing file /opt/airflow/dags/snowflake_pipeline_dag.py for tasks to queue
[2026-03-27T16:16:16.225+0000] {logging_mixin.py:188} INFO - [2026-03-27T16:16:16.224+0000] {dagbag.py:545} INFO - Filling up the DagBag from /opt/airflow/dags/snowflake_pipeline_dag.py
[2026-03-27T16:16:16.274+0000] {processor.py:840} INFO - DAG(s) 'snowflake_realtime_pipeline' retrieved from /opt/airflow/dags/snowflake_pipeline_dag.py
[2026-03-27T16:16:16.348+0000] {logging_mixin.py:188} INFO - [2026-03-27T16:16:16.348+0000] {dag.py:3089} INFO - Sync 1 DAGs
[2026-03-27T16:16:16.406+0000] {logging_mixin.py:188} INFO - [2026-03-27T16:16:16.406+0000] {dag.py:3947} INFO - Setting next_dagrun for snowflake_realtime_pipeline to 2026-03-27 16:10:00+00:00, run_after=2026-03-27 16:15:00+00:00
[2026-03-27T16:16:16.453+0000] {processor.py:183} INFO - Processing /opt/airflow/dags/snowflake_pipeline_dag.py took 0.249 seconds
[2026-03-27T16:20:39.284+0000] {processor.py:161} INFO - Started process (PID=167) to work on /opt/airflow/dags/snowflake_pipeline_dag.py
[2026-03-27T16:20:39.286+0000] {processor.py:830} INFO - Processing file /opt/airflow/dags/snowflake_pipeline_dag.py for tasks to queue
[2026-03-27T16:20:39.290+0000] {logging_mixin.py:188} INFO - [2026-03-27T16:20:39.289+0000] {dagbag.py:545} INFO - Filling up the DagBag from /opt/airflow/dags/snowflake_pipeline_dag.py
[2026-03-27T16:20:39.352+0000] {processor.py:840} INFO - DAG(s) 'snowflake_realtime_pipeline' retrieved from /opt/airflow/dags/snowflake_pipeline_dag.py
[2026-03-27T16:20:39.776+0000] {logging_mixin.py:188} INFO - [2026-03-27T16:20:39.775+0000] {override.py:1858} INFO - Created Permission View: can read on DAG:snowflake_realtime_pipeline
[2026-03-27T16:20:39.797+0000] {logging_mixin.py:188} INFO - [2026-03-27T16:20:39.797+0000] {override.py:1858} INFO - Created Permission View: can delete on DAG:snowflake_realtime_pipeline
[2026-03-27T16:20:39.811+0000] {logging_mixin.py:188} INFO - [2026-03-27T16:20:39.810+0000] {override.py:1858} INFO - Created Permission View: can edit on DAG:snowflake_realtime_pipeline
[2026-03-27T16:20:39.812+0000] {logging_mixin.py:188} INFO - [2026-03-27T16:20:39.812+0000] {dag.py:3089} INFO - Sync 1 DAGs
[2026-03-27T16:20:39.835+0000] {logging_mixin.py:188} INFO - [2026-03-27T16:20:39.834+0000] {dag.py:3111} INFO - Creating ORM DAG for snowflake_realtime_pipeline
[2026-03-27T16:20:39.858+0000] {logging_mixin.py:188} INFO - [2026-03-27T16:20:39.857+0000] {dag.py:3947} INFO - Setting next_dagrun for snowflake_realtime_pipeline to 2026-03-27 16:15:00+00:00, run_after=2026-03-27 16:20:00+00:00
[2026-03-27T16:20:39.894+0000] {processor.py:183} INFO - Processing /opt/airflow/dags/snowflake_pipeline_dag.py took 0.629 seconds
[2026-03-27T16:21:10.185+0000] {processor.py:161} INFO - Started process (PID=187) to work on /opt/airflow/dags/snowflake_pipeline_dag.py
[2026-03-27T16:21:10.188+0000] {processor.py:830} INFO - Processing file /opt/airflow/dags/snowflake_pipeline_dag.py for tasks to queue
[2026-03-27T16:21:10.194+0000] {logging_mixin.py:188} INFO - [2026-03-27T16:21:10.193+0000] {dagbag.py:545} INFO - Filling up the DagBag from /opt/airflow/dags/snowflake_pipeline_dag.py
[2026-03-27T16:21:10.250+0000] {processor.py:840} INFO - DAG(s) 'snowflake_realtime_pipeline' retrieved from /opt/airflow/dags/snowflake_pipeline_dag.py
[2026-03-27T16:21:10.339+0000] {logging_mixin.py:188} INFO - [2026-03-27T16:21:10.338+0000] {dag.py:3089} INFO - Sync 1 DAGs
[2026-03-27T16:21:10.412+0000] {logging_mixin.py:188} INFO - [2026-03-27T16:21:10.411+0000] {dag.py:3947} INFO - Setting next_dagrun for snowflake_realtime_pipeline to 2026-03-27 16:15:00+00:00, run_after=2026-03-27 16:20:00+00:00
[2026-03-27T16:21:10.459+0000] {processor.py:183} INFO - Processing /opt/airflow/dags/snowflake_pipeline_dag.py took 0.290 seconds
[2026-03-27T16:21:40.939+0000] {processor.py:161} INFO - Started process (PID=207) to work on /opt/airflow/dags/snowflake_pipeline_dag.py
[2026-03-27T16:21:40.942+0000] {processor.py:830} INFO - Processing file /opt/airflow/dags/snowflake_pipeline_dag.py for tasks to queue
[2026-03-27T16:21:40.948+0000] {logging_mixin.py:188} INFO - [2026-03-27T16:21:40.947+0000] {dagbag.py:545} INFO - Filling up the DagBag from /opt/airflow/dags/snowflake_pipeline_dag.py
[2026-03-27T16:21:40.997+0000] {processor.py:840} INFO - DAG(s) 'snowflake_realtime_pipeline' retrieved from /opt/airflow/dags/snowflake_pipeline_dag.py
[2026-03-27T16:21:41.057+0000] {logging_mixin.py:188} INFO - [2026-03-27T16:21:41.056+0000] {dag.py:3089} INFO - Sync 1 DAGs
[2026-03-27T16:21:41.105+0000] {logging_mixin.py:188} INFO - [2026-03-27T16:21:41.105+0000] {dag.py:3947} INFO - Setting next_dagrun for snowflake_realtime_pipeline to 2026-03-27 16:15:00+00:00, run_after=2026-03-27 16:20:00+00:00
[2026-03-27T16:21:41.145+0000] {processor.py:183} INFO - Processing /opt/airflow/dags/snowflake_pipeline_dag.py took 0.227 seconds
[2026-03-27T16:22:11.475+0000] {processor.py:161} INFO - Started process (PID=315) to work on /opt/airflow/dags/snowflake_pipeline_dag.py
[2026-03-27T16:22:11.481+0000] {processor.py:830} INFO - Processing file /opt/airflow/dags/snowflake_pipeline_dag.py for tasks to queue
[2026-03-27T16:22:11.488+0000] {logging_mixin.py:188} INFO - [2026-03-27T16:22:11.486+0000] {dagbag.py:545} INFO - Filling up the DagBag from /opt/airflow/dags/snowflake_pipeline_dag.py
[2026-03-27T16:22:11.579+0000] {processor.py:840} INFO - DAG(s) 'snowflake_realtime_pipeline' retrieved from /opt/airflow/dags/snowflake_pipeline_dag.py
[2026-03-27T16:22:11.719+0000] {logging_mixin.py:188} INFO - [2026-03-27T16:22:11.719+0000] {dag.py:3089} INFO - Sync 1 DAGs
[2026-03-27T16:22:11.841+0000] {logging_mixin.py:188} INFO - [2026-03-27T16:22:11.840+0000] {dag.py:3947} INFO - Setting next_dagrun for snowflake_realtime_pipeline to 2026-03-27 16:15:00+00:00, run_after=2026-03-27 16:20:00+00:00
[2026-03-27T16:22:11.921+0000] {processor.py:183} INFO - Processing /opt/airflow/dags/snowflake_pipeline_dag.py took 0.475 seconds
[2026-03-27T16:22:42.477+0000] {processor.py:161} INFO - Started process (PID=479) to work on /opt/airflow/dags/snowflake_pipeline_dag.py
[2026-03-27T16:22:42.488+0000] {processor.py:830} INFO - Processing file /opt/airflow/dags/snowflake_pipeline_dag.py for tasks to queue
[2026-03-27T16:22:42.494+0000] {logging_mixin.py:188} INFO - [2026-03-27T16:22:42.493+0000] {dagbag.py:545} INFO - Filling up the DagBag from /opt/airflow/dags/snowflake_pipeline_dag.py
[2026-03-27T16:22:42.571+0000] {processor.py:840} INFO - DAG(s) 'snowflake_realtime_pipeline' retrieved from /opt/airflow/dags/snowflake_pipeline_dag.py
[2026-03-27T16:22:42.662+0000] {logging_mixin.py:188} INFO - [2026-03-27T16:22:42.661+0000] {dag.py:3089} INFO - Sync 1 DAGs
[2026-03-27T16:22:42.751+0000] {logging_mixin.py:188} INFO - [2026-03-27T16:22:42.750+0000] {dag.py:3947} INFO - Setting next_dagrun for snowflake_realtime_pipeline to 2026-03-27 16:15:00+00:00, run_after=2026-03-27 16:20:00+00:00
[2026-03-27T16:22:42.834+0000] {processor.py:183} INFO - Processing /opt/airflow/dags/snowflake_pipeline_dag.py took 0.380 seconds
[2026-03-27T16:23:13.803+0000] {processor.py:161} INFO - Started process (PID=1490) to work on /opt/airflow/dags/snowflake_pipeline_dag.py
[2026-03-27T16:23:13.806+0000] {processor.py:830} INFO - Processing file /opt/airflow/dags/snowflake_pipeline_dag.py for tasks to queue
[2026-03-27T16:23:13.821+0000] {logging_mixin.py:188} INFO - [2026-03-27T16:23:13.821+0000] {dagbag.py:545} INFO - Filling up the DagBag from /opt/airflow/dags/snowflake_pipeline_dag.py
[2026-03-27T16:23:13.925+0000] {processor.py:840} INFO - DAG(s) 'snowflake_realtime_pipeline' retrieved from /opt/airflow/dags/snowflake_pipeline_dag.py
[2026-03-27T16:23:14.033+0000] {logging_mixin.py:188} INFO - [2026-03-27T16:23:14.033+0000] {dag.py:3089} INFO - Sync 1 DAGs
[2026-03-27T16:23:14.120+0000] {logging_mixin.py:188} INFO - [2026-03-27T16:23:14.119+0000] {dag.py:3947} INFO - Setting next_dagrun for snowflake_realtime_pipeline to 2026-03-27 16:15:00+00:00, run_after=2026-03-27 16:20:00+00:00
[2026-03-27T16:23:14.177+0000] {processor.py:183} INFO - Processing /opt/airflow/dags/snowflake_pipeline_dag.py took 0.404 seconds
[2026-03-27T16:23:44.562+0000] {processor.py:161} INFO - Started process (PID=1662) to work on /opt/airflow/dags/snowflake_pipeline_dag.py
[2026-03-27T16:23:44.565+0000] {processor.py:830} INFO - Processing file /opt/airflow/dags/snowflake_pipeline_dag.py for tasks to queue
[2026-03-27T16:23:44.572+0000] {logging_mixin.py:188} INFO - [2026-03-27T16:23:44.571+0000] {dagbag.py:545} INFO - Filling up the DagBag from /opt/airflow/dags/snowflake_pipeline_dag.py
[2026-03-27T16:23:44.629+0000] {processor.py:840} INFO - DAG(s) 'snowflake_realtime_pipeline' retrieved from /opt/airflow/dags/snowflake_pipeline_dag.py
[2026-03-27T16:23:44.707+0000] {logging_mixin.py:188} INFO - [2026-03-27T16:23:44.707+0000] {dag.py:3089} INFO - Sync 1 DAGs
[2026-03-27T16:23:44.781+0000] {logging_mixin.py:188} INFO - [2026-03-27T16:23:44.780+0000] {dag.py:3947} INFO - Setting next_dagrun for snowflake_realtime_pipeline to 2026-03-27 16:15:00+00:00, run_after=2026-03-27 16:20:00+00:00
[2026-03-27T16:23:44.857+0000] {processor.py:183} INFO - Processing /opt/airflow/dags/snowflake_pipeline_dag.py took 0.313 seconds
[2026-03-27T16:24:15.152+0000] {processor.py:161} INFO - Started process (PID=1682) to work on /opt/airflow/dags/snowflake_pipeline_dag.py
[2026-03-27T16:24:15.159+0000] {processor.py:830} INFO - Processing file /opt/airflow/dags/snowflake_pipeline_dag.py for tasks to queue
[2026-03-27T16:24:15.176+0000] {logging_mixin.py:188} INFO - [2026-03-27T16:24:15.173+0000] {dagbag.py:545} INFO - Filling up the DagBag from /opt/airflow/dags/snowflake_pipeline_dag.py
[2026-03-27T16:24:15.259+0000] {processor.py:840} INFO - DAG(s) 'snowflake_realtime_pipeline' retrieved from /opt/airflow/dags/snowflake_pipeline_dag.py
[2026-03-27T16:24:15.334+0000] {logging_mixin.py:188} INFO - [2026-03-27T16:24:15.334+0000] {dag.py:3089} INFO - Sync 1 DAGs
[2026-03-27T16:24:15.399+0000] {logging_mixin.py:188} INFO - [2026-03-27T16:24:15.398+0000] {dag.py:3947} INFO - Setting next_dagrun for snowflake_realtime_pipeline to 2026-03-27 16:15:00+00:00, run_after=2026-03-27 16:20:00+00:00
[2026-03-27T16:24:15.462+0000] {processor.py:183} INFO - Processing /opt/airflow/dags/snowflake_pipeline_dag.py took 0.346 seconds
[2026-03-27T16:24:45.756+0000] {processor.py:161} INFO - Started process (PID=1702) to work on /opt/airflow/dags/snowflake_pipeline_dag.py
[2026-03-27T16:24:45.759+0000] {processor.py:830} INFO - Processing file /opt/airflow/dags/snowflake_pipeline_dag.py for tasks to queue
[2026-03-27T16:24:45.763+0000] {logging_mixin.py:188} INFO - [2026-03-27T16:24:45.762+0000] {dagbag.py:545} INFO - Filling up the DagBag from /opt/airflow/dags/snowflake_pipeline_dag.py
[2026-03-27T16:24:45.813+0000] {processor.py:840} INFO - DAG(s) 'snowflake_realtime_pipeline' retrieved from /opt/airflow/dags/snowflake_pipeline_dag.py
[2026-03-27T16:24:45.877+0000] {logging_mixin.py:188} INFO - [2026-03-27T16:24:45.877+0000] {dag.py:3089} INFO - Sync 1 DAGs
[2026-03-27T16:24:45.934+0000] {logging_mixin.py:188} INFO - [2026-03-27T16:24:45.934+0000] {dag.py:3947} INFO - Setting next_dagrun for snowflake_realtime_pipeline to 2026-03-27 16:15:00+00:00, run_after=2026-03-27 16:20:00+00:00
[2026-03-27T16:24:45.979+0000] {processor.py:183} INFO - Processing /opt/airflow/dags/snowflake_pipeline_dag.py took 0.236 seconds
[2026-03-27T16:25:16.279+0000] {processor.py:161} INFO - Started process (PID=1787) to work on /opt/airflow/dags/snowflake_pipeline_dag.py
[2026-03-27T16:25:16.281+0000] {processor.py:830} INFO - Processing file /opt/airflow/dags/snowflake_pipeline_dag.py for tasks to queue
[2026-03-27T16:25:16.285+0000] {logging_mixin.py:188} INFO - [2026-03-27T16:25:16.284+0000] {dagbag.py:545} INFO - Filling up the DagBag from /opt/airflow/dags/snowflake_pipeline_dag.py
[2026-03-27T16:25:16.440+0000] {processor.py:840} INFO - DAG(s) 'snowflake_realtime_pipeline' retrieved from /opt/airflow/dags/snowflake_pipeline_dag.py
[2026-03-27T16:25:16.497+0000] {logging_mixin.py:188} INFO - [2026-03-27T16:25:16.496+0000] {dag.py:3089} INFO - Sync 1 DAGs
[2026-03-27T16:25:16.559+0000] {logging_mixin.py:188} INFO - [2026-03-27T16:25:16.558+0000] {dag.py:3947} INFO - Setting next_dagrun for snowflake_realtime_pipeline to 2026-03-27 16:20:00+00:00, run_after=2026-03-27 16:25:00+00:00
[2026-03-27T16:25:16.631+0000] {processor.py:183} INFO - Processing /opt/airflow/dags/snowflake_pipeline_dag.py took 0.367 seconds
[2026-03-27T17:29:16.933+0000] {processor.py:161} INFO - Started process (PID=175) to work on /opt/airflow/dags/snowflake_pipeline_dag.py
[2026-03-27T17:29:16.935+0000] {processor.py:830} INFO - Processing file /opt/airflow/dags/snowflake_pipeline_dag.py for tasks to queue
[2026-03-27T17:29:16.942+0000] {logging_mixin.py:188} INFO - [2026-03-27T17:29:16.941+0000] {dagbag.py:545} INFO - Filling up the DagBag from /opt/airflow/dags/snowflake_pipeline_dag.py
[2026-03-27T17:29:16.986+0000] {processor.py:840} INFO - DAG(s) 'snowflake_realtime_pipeline' retrieved from /opt/airflow/dags/snowflake_pipeline_dag.py
[2026-03-27T17:29:17.205+0000] {logging_mixin.py:188} INFO - [2026-03-27T17:29:17.204+0000] {override.py:1858} INFO - Created Permission View: can edit on DAG:snowflake_realtime_pipeline
[2026-03-27T17:29:17.227+0000] {logging_mixin.py:188} INFO - [2026-03-27T17:29:17.226+0000] {override.py:1858} INFO - Created Permission View: can read on DAG:snowflake_realtime_pipeline
[2026-03-27T17:29:17.243+0000] {logging_mixin.py:188} INFO - [2026-03-27T17:29:17.242+0000] {override.py:1858} INFO - Created Permission View: can delete on DAG:snowflake_realtime_pipeline
[2026-03-27T17:29:17.244+0000] {logging_mixin.py:188} INFO - [2026-03-27T17:29:17.244+0000] {dag.py:3089} INFO - Sync 1 DAGs
[2026-03-27T17:29:17.271+0000] {logging_mixin.py:188} INFO - [2026-03-27T17:29:17.271+0000] {dag.py:3111} INFO - Creating ORM DAG for snowflake_realtime_pipeline
[2026-03-27T17:29:17.300+0000] {logging_mixin.py:188} INFO - [2026-03-27T17:29:17.300+0000] {dag.py:3947} INFO - Setting next_dagrun for snowflake_realtime_pipeline to 2026-03-27 17:20:00+00:00, run_after=2026-03-27 17:25:00+00:00
[2026-03-27T17:29:17.339+0000] {processor.py:183} INFO - Processing /opt/airflow/dags/snowflake_pipeline_dag.py took 0.418 seconds
[2026-03-27T17:29:47.522+0000] {processor.py:161} INFO - Started process (PID=202) to work on /opt/airflow/dags/snowflake_pipeline_dag.py
[2026-03-27T17:29:47.525+0000] {processor.py:830} INFO - Processing file /opt/airflow/dags/snowflake_pipeline_dag.py for tasks to queue
[2026-03-27T17:29:47.531+0000] {logging_mixin.py:188} INFO - [2026-03-27T17:29:47.530+0000] {dagbag.py:545} INFO - Filling up the DagBag from /opt/airflow/dags/snowflake_pipeline_dag.py
[2026-03-27T17:29:47.571+0000] {processor.py:840} INFO - DAG(s) 'snowflake_realtime_pipeline' retrieved from /opt/airflow/dags/snowflake_pipeline_dag.py
[2026-03-27T17:29:47.622+0000] {logging_mixin.py:188} INFO - [2026-03-27T17:29:47.621+0000] {dag.py:3089} INFO - Sync 1 DAGs
[2026-03-27T17:29:47.665+0000] {logging_mixin.py:188} INFO - [2026-03-27T17:29:47.665+0000] {dag.py:3947} INFO - Setting next_dagrun for snowflake_realtime_pipeline to 2026-03-27 17:20:00+00:00, run_after=2026-03-27 17:25:00+00:00
[2026-03-27T17:29:47.706+0000] {processor.py:183} INFO - Processing /opt/airflow/dags/snowflake_pipeline_dag.py took 0.198 seconds
[2026-03-27T17:30:18.252+0000] {processor.py:161} INFO - Started process (PID=236) to work on /opt/airflow/dags/snowflake_pipeline_dag.py
[2026-03-27T17:30:18.255+0000] {processor.py:830} INFO - Processing file /opt/airflow/dags/snowflake_pipeline_dag.py for tasks to queue
[2026-03-27T17:30:18.261+0000] {logging_mixin.py:188} INFO - [2026-03-27T17:30:18.261+0000] {dagbag.py:545} INFO - Filling up the DagBag from /opt/airflow/dags/snowflake_pipeline_dag.py
[2026-03-27T17:30:18.314+0000] {processor.py:840} INFO - DAG(s) 'snowflake_realtime_pipeline' retrieved from /opt/airflow/dags/snowflake_pipeline_dag.py
[2026-03-27T17:30:18.396+0000] {logging_mixin.py:188} INFO - [2026-03-27T17:30:18.396+0000] {dag.py:3089} INFO - Sync 1 DAGs
[2026-03-27T17:30:18.488+0000] {logging_mixin.py:188} INFO - [2026-03-27T17:30:18.488+0000] {dag.py:3947} INFO - Setting next_dagrun for snowflake_realtime_pipeline to 2026-03-27 17:25:00+00:00, run_after=2026-03-27 17:30:00+00:00
[2026-03-27T17:30:18.567+0000] {processor.py:183} INFO - Processing /opt/airflow/dags/snowflake_pipeline_dag.py took 0.334 seconds
[2026-03-27T17:30:48.749+0000] {processor.py:161} INFO - Started process (PID=267) to work on /opt/airflow/dags/snowflake_pipeline_dag.py
[2026-03-27T17:30:48.751+0000] {processor.py:830} INFO - Processing file /opt/airflow/dags/snowflake_pipeline_dag.py for tasks to queue
[2026-03-27T17:30:48.755+0000] {logging_mixin.py:188} INFO - [2026-03-27T17:30:48.754+0000] {dagbag.py:545} INFO - Filling up the DagBag from /opt/airflow/dags/snowflake_pipeline_dag.py
[2026-03-27T17:30:48.799+0000] {processor.py:840} INFO - DAG(s) 'snowflake_realtime_pipeline' retrieved from /opt/airflow/dags/snowflake_pipeline_dag.py
[2026-03-27T17:30:48.846+0000] {logging_mixin.py:188} INFO - [2026-03-27T17:30:48.846+0000] {dag.py:3089} INFO - Sync 1 DAGs
[2026-03-27T17:30:48.882+0000] {logging_mixin.py:188} INFO - [2026-03-27T17:30:48.882+0000] {dag.py:3947} INFO - Setting next_dagrun for snowflake_realtime_pipeline to 2026-03-27 17:25:00+00:00, run_after=2026-03-27 17:30:00+00:00
[2026-03-27T17:30:48.936+0000] {processor.py:183} INFO - Processing /opt/airflow/dags/snowflake_pipeline_dag.py took 0.196 seconds
[2026-03-27T17:31:19.455+0000] {processor.py:161} INFO - Started process (PID=292) to work on /opt/airflow/dags/snowflake_pipeline_dag.py
[2026-03-27T17:31:19.457+0000] {processor.py:830} INFO - Processing file /opt/airflow/dags/snowflake_pipeline_dag.py for tasks to queue
[2026-03-27T17:31:19.463+0000] {logging_mixin.py:188} INFO - [2026-03-27T17:31:19.462+0000] {dagbag.py:545} INFO - Filling up the DagBag from /opt/airflow/dags/snowflake_pipeline_dag.py
[2026-03-27T17:31:19.526+0000] {processor.py:840} INFO - DAG(s) 'snowflake_realtime_pipeline' retrieved from /opt/airflow/dags/snowflake_pipeline_dag.py
[2026-03-27T17:31:19.598+0000] {logging_mixin.py:188} INFO - [2026-03-27T17:31:19.598+0000] {dag.py:3089} INFO - Sync 1 DAGs
[2026-03-27T17:31:19.659+0000] {logging_mixin.py:188} INFO - [2026-03-27T17:31:19.659+0000] {dag.py:3947} INFO - Setting next_dagrun for snowflake_realtime_pipeline to 2026-03-27 17:25:00+00:00, run_after=2026-03-27 17:30:00+00:00
[2026-03-27T17:31:19.728+0000] {processor.py:183} INFO - Processing /opt/airflow/dags/snowflake_pipeline_dag.py took 0.289 seconds
[2026-03-27T17:31:50.006+0000] {processor.py:161} INFO - Started process (PID=315) to work on /opt/airflow/dags/snowflake_pipeline_dag.py
[2026-03-27T17:31:50.008+0000] {processor.py:830} INFO - Processing file /opt/airflow/dags/snowflake_pipeline_dag.py for tasks to queue
[2026-03-27T17:31:50.012+0000] {logging_mixin.py:188} INFO - [2026-03-27T17:31:50.012+0000] {dagbag.py:545} INFO - Filling up the DagBag from /opt/airflow/dags/snowflake_pipeline_dag.py
[2026-03-27T17:31:50.059+0000] {processor.py:840} INFO - DAG(s) 'snowflake_realtime_pipeline' retrieved from /opt/airflow/dags/snowflake_pipeline_dag.py
[2026-03-27T17:31:50.107+0000] {logging_mixin.py:188} INFO - [2026-03-27T17:31:50.106+0000] {dag.py:3089} INFO - Sync 1 DAGs
[2026-03-27T17:31:50.152+0000] {logging_mixin.py:188} INFO - [2026-03-27T17:31:50.151+0000] {dag.py:3947} INFO - Setting next_dagrun for snowflake_realtime_pipeline to 2026-03-27 17:25:00+00:00, run_after=2026-03-27 17:30:00+00:00
[2026-03-27T17:31:50.190+0000] {processor.py:183} INFO - Processing /opt/airflow/dags/snowflake_pipeline_dag.py took 0.195 seconds
[2026-03-27T17:32:20.452+0000] {processor.py:161} INFO - Started process (PID=340) to work on /opt/airflow/dags/snowflake_pipeline_dag.py
[2026-03-27T17:32:20.454+0000] {processor.py:830} INFO - Processing file /opt/airflow/dags/snowflake_pipeline_dag.py for tasks to queue
[2026-03-27T17:32:20.459+0000] {logging_mixin.py:188} INFO - [2026-03-27T17:32:20.458+0000] {dagbag.py:545} INFO - Filling up the DagBag from /opt/airflow/dags/snowflake_pipeline_dag.py
[2026-03-27T17:32:20.505+0000] {processor.py:840} INFO - DAG(s) 'snowflake_realtime_pipeline' retrieved from /opt/airflow/dags/snowflake_pipeline_dag.py
[2026-03-27T17:32:20.551+0000] {logging_mixin.py:188} INFO - [2026-03-27T17:32:20.551+0000] {dag.py:3089} INFO - Sync 1 DAGs
[2026-03-27T17:32:20.590+0000] {logging_mixin.py:188} INFO - [2026-03-27T17:32:20.590+0000] {dag.py:3947} INFO - Setting next_dagrun for snowflake_realtime_pipeline to 2026-03-27 17:25:00+00:00, run_after=2026-03-27 17:30:00+00:00
[2026-03-27T17:32:20.627+0000] {processor.py:183} INFO - Processing /opt/airflow/dags/snowflake_pipeline_dag.py took 0.186 seconds
[2026-03-27T17:33:31.550+0000] {processor.py:161} INFO - Started process (PID=172) to work on /opt/airflow/dags/snowflake_pipeline_dag.py
[2026-03-27T17:33:31.551+0000] {processor.py:830} INFO - Processing file /opt/airflow/dags/snowflake_pipeline_dag.py for tasks to queue
[2026-03-27T17:33:31.554+0000] {logging_mixin.py:188} INFO - [2026-03-27T17:33:31.554+0000] {dagbag.py:545} INFO - Filling up the DagBag from /opt/airflow/dags/snowflake_pipeline_dag.py
[2026-03-27T17:33:31.604+0000] {processor.py:840} INFO - DAG(s) 'snowflake_realtime_pipeline' retrieved from /opt/airflow/dags/snowflake_pipeline_dag.py
[2026-03-27T17:33:31.890+0000] {logging_mixin.py:188} INFO - [2026-03-27T17:33:31.889+0000] {override.py:1858} INFO - Created Permission View: can read on DAG:snowflake_realtime_pipeline
[2026-03-27T17:33:31.918+0000] {logging_mixin.py:188} INFO - [2026-03-27T17:33:31.917+0000] {override.py:1858} INFO - Created Permission View: can edit on DAG:snowflake_realtime_pipeline
[2026-03-27T17:33:31.932+0000] {logging_mixin.py:188} INFO - [2026-03-27T17:33:31.931+0000] {override.py:1858} INFO - Created Permission View: can delete on DAG:snowflake_realtime_pipeline
[2026-03-27T17:33:31.934+0000] {logging_mixin.py:188} INFO - [2026-03-27T17:33:31.933+0000] {dag.py:3089} INFO - Sync 1 DAGs
[2026-03-27T17:33:31.968+0000] {logging_mixin.py:188} INFO - [2026-03-27T17:33:31.968+0000] {dag.py:3111} INFO - Creating ORM DAG for snowflake_realtime_pipeline
[2026-03-27T17:33:31.999+0000] {logging_mixin.py:188} INFO - [2026-03-27T17:33:31.999+0000] {dag.py:3947} INFO - Setting next_dagrun for snowflake_realtime_pipeline to 2026-03-27 17:25:00+00:00, run_after=2026-03-27 17:30:00+00:00
[2026-03-27T17:33:32.044+0000] {processor.py:183} INFO - Processing /opt/airflow/dags/snowflake_pipeline_dag.py took 0.507 seconds
[2026-03-27T17:34:02.674+0000] {processor.py:161} INFO - Started process (PID=197) to work on /opt/airflow/dags/snowflake_pipeline_dag.py
[2026-03-27T17:34:02.677+0000] {processor.py:830} INFO - Processing file /opt/airflow/dags/snowflake_pipeline_dag.py for tasks to queue
[2026-03-27T17:34:02.685+0000] {logging_mixin.py:188} INFO - [2026-03-27T17:34:02.684+0000] {dagbag.py:545} INFO - Filling up the DagBag from /opt/airflow/dags/snowflake_pipeline_dag.py
[2026-03-27T17:34:02.736+0000] {processor.py:840} INFO - DAG(s) 'snowflake_realtime_pipeline' retrieved from /opt/airflow/dags/snowflake_pipeline_dag.py
[2026-03-27T17:34:02.801+0000] {logging_mixin.py:188} INFO - [2026-03-27T17:34:02.800+0000] {dag.py:3089} INFO - Sync 1 DAGs
[2026-03-27T17:34:02.865+0000] {logging_mixin.py:188} INFO - [2026-03-27T17:34:02.864+0000] {dag.py:3947} INFO - Setting next_dagrun for snowflake_realtime_pipeline to 2026-03-27 17:25:00+00:00, run_after=2026-03-27 17:30:00+00:00
[2026-03-27T17:34:02.911+0000] {processor.py:183} INFO - Processing /opt/airflow/dags/snowflake_pipeline_dag.py took 0.250 seconds
[2026-03-27T17:34:33.114+0000] {processor.py:161} INFO - Started process (PID=224) to work on /opt/airflow/dags/snowflake_pipeline_dag.py
[2026-03-27T17:34:33.116+0000] {processor.py:830} INFO - Processing file /opt/airflow/dags/snowflake_pipeline_dag.py for tasks to queue
[2026-03-27T17:34:33.120+0000] {logging_mixin.py:188} INFO - [2026-03-27T17:34:33.119+0000] {dagbag.py:545} INFO - Filling up the DagBag from /opt/airflow/dags/snowflake_pipeline_dag.py
[2026-03-27T17:34:33.168+0000] {processor.py:840} INFO - DAG(s) 'snowflake_realtime_pipeline' retrieved from /opt/airflow/dags/snowflake_pipeline_dag.py
[2026-03-27T17:34:33.234+0000] {logging_mixin.py:188} INFO - [2026-03-27T17:34:33.233+0000] {dag.py:3089} INFO - Sync 1 DAGs
[2026-03-27T17:34:33.307+0000] {logging_mixin.py:188} INFO - [2026-03-27T17:34:33.307+0000] {dag.py:3947} INFO - Setting next_dagrun for snowflake_realtime_pipeline to 2026-03-27 17:25:00+00:00, run_after=2026-03-27 17:30:00+00:00
[2026-03-27T17:34:33.352+0000] {processor.py:183} INFO - Processing /opt/airflow/dags/snowflake_pipeline_dag.py took 0.250 seconds
[2026-03-27T17:35:03.592+0000] {processor.py:161} INFO - Started process (PID=249) to work on /opt/airflow/dags/snowflake_pipeline_dag.py
[2026-03-27T17:35:03.594+0000] {processor.py:830} INFO - Processing file /opt/airflow/dags/snowflake_pipeline_dag.py for tasks to queue
[2026-03-27T17:35:03.598+0000] {logging_mixin.py:188} INFO - [2026-03-27T17:35:03.597+0000] {dagbag.py:545} INFO - Filling up the DagBag from /opt/airflow/dags/snowflake_pipeline_dag.py
[2026-03-27T17:35:03.641+0000] {processor.py:840} INFO - DAG(s) 'snowflake_realtime_pipeline' retrieved from /opt/airflow/dags/snowflake_pipeline_dag.py
[2026-03-27T17:35:03.687+0000] {logging_mixin.py:188} INFO - [2026-03-27T17:35:03.686+0000] {dag.py:3089} INFO - Sync 1 DAGs
[2026-03-27T17:35:03.734+0000] {logging_mixin.py:188} INFO - [2026-03-27T17:35:03.734+0000] {dag.py:3947} INFO - Setting next_dagrun for snowflake_realtime_pipeline to 2026-03-27 17:30:00+00:00, run_after=2026-03-27 17:35:00+00:00
[2026-03-27T17:35:03.779+0000] {processor.py:183} INFO - Processing /opt/airflow/dags/snowflake_pipeline_dag.py took 0.199 seconds
[2026-03-27T17:35:33.981+0000] {processor.py:161} INFO - Started process (PID=276) to work on /opt/airflow/dags/snowflake_pipeline_dag.py
[2026-03-27T17:35:33.984+0000] {processor.py:830} INFO - Processing file /opt/airflow/dags/snowflake_pipeline_dag.py for tasks to queue
[2026-03-27T17:35:33.989+0000] {logging_mixin.py:188} INFO - [2026-03-27T17:35:33.988+0000] {dagbag.py:545} INFO - Filling up the DagBag from /opt/airflow/dags/snowflake_pipeline_dag.py
[2026-03-27T17:35:34.045+0000] {processor.py:840} INFO - DAG(s) 'snowflake_realtime_pipeline' retrieved from /opt/airflow/dags/snowflake_pipeline_dag.py
[2026-03-27T17:35:34.118+0000] {logging_mixin.py:188} INFO - [2026-03-27T17:35:34.117+0000] {dag.py:3089} INFO - Sync 1 DAGs
[2026-03-27T17:35:34.188+0000] {logging_mixin.py:188} INFO - [2026-03-27T17:35:34.188+0000] {dag.py:3947} INFO - Setting next_dagrun for snowflake_realtime_pipeline to 2026-03-27 17:30:00+00:00, run_after=2026-03-27 17:35:00+00:00
[2026-03-27T17:35:34.248+0000] {processor.py:183} INFO - Processing /opt/airflow/dags/snowflake_pipeline_dag.py took 0.286 seconds
[2026-03-27T17:36:04.974+0000] {processor.py:161} INFO - Started process (PID=397) to work on /opt/airflow/dags/snowflake_pipeline_dag.py
[2026-03-27T17:36:04.978+0000] {processor.py:830} INFO - Processing file /opt/airflow/dags/snowflake_pipeline_dag.py for tasks to queue
[2026-03-27T17:36:04.983+0000] {logging_mixin.py:188} INFO - [2026-03-27T17:36:04.982+0000] {dagbag.py:545} INFO - Filling up the DagBag from /opt/airflow/dags/snowflake_pipeline_dag.py
[2026-03-27T17:36:05.055+0000] {processor.py:840} INFO - DAG(s) 'snowflake_realtime_pipeline' retrieved from /opt/airflow/dags/snowflake_pipeline_dag.py
[2026-03-27T17:36:05.152+0000] {logging_mixin.py:188} INFO - [2026-03-27T17:36:05.151+0000] {dag.py:3089} INFO - Sync 1 DAGs
[2026-03-27T17:36:05.266+0000] {logging_mixin.py:188} INFO - [2026-03-27T17:36:05.265+0000] {dag.py:3947} INFO - Setting next_dagrun for snowflake_realtime_pipeline to 2026-03-27 17:30:00+00:00, run_after=2026-03-27 17:35:00+00:00
[2026-03-27T17:36:05.363+0000] {processor.py:183} INFO - Processing /opt/airflow/dags/snowflake_pipeline_dag.py took 0.410 seconds
[2026-03-27T17:36:36.028+0000] {processor.py:161} INFO - Started process (PID=573) to work on /opt/airflow/dags/snowflake_pipeline_dag.py
[2026-03-27T17:36:36.031+0000] {processor.py:830} INFO - Processing file /opt/airflow/dags/snowflake_pipeline_dag.py for tasks to queue
[2026-03-27T17:36:36.037+0000] {logging_mixin.py:188} INFO - [2026-03-27T17:36:36.036+0000] {dagbag.py:545} INFO - Filling up the DagBag from /opt/airflow/dags/snowflake_pipeline_dag.py
[2026-03-27T17:36:36.088+0000] {processor.py:840} INFO - DAG(s) 'snowflake_realtime_pipeline' retrieved from /opt/airflow/dags/snowflake_pipeline_dag.py
[2026-03-27T17:36:36.162+0000] {logging_mixin.py:188} INFO - [2026-03-27T17:36:36.161+0000] {dag.py:3089} INFO - Sync 1 DAGs
[2026-03-27T17:36:36.261+0000] {logging_mixin.py:188} INFO - [2026-03-27T17:36:36.258+0000] {dag.py:3947} INFO - Setting next_dagrun for snowflake_realtime_pipeline to 2026-03-27 17:30:00+00:00, run_after=2026-03-27 17:35:00+00:00
[2026-03-27T17:36:36.335+0000] {processor.py:183} INFO - Processing /opt/airflow/dags/snowflake_pipeline_dag.py took 0.323 seconds
[2026-03-27T17:37:06.801+0000] {processor.py:161} INFO - Started process (PID=1184) to work on /opt/airflow/dags/snowflake_pipeline_dag.py
[2026-03-27T17:37:06.805+0000] {processor.py:830} INFO - Processing file /opt/airflow/dags/snowflake_pipeline_dag.py for tasks to queue
[2026-03-27T17:37:06.810+0000] {logging_mixin.py:188} INFO - [2026-03-27T17:37:06.809+0000] {dagbag.py:545} INFO - Filling up the DagBag from /opt/airflow/dags/snowflake_pipeline_dag.py
[2026-03-27T17:37:06.846+0000] {processor.py:840} INFO - DAG(s) 'snowflake_realtime_pipeline' retrieved from /opt/airflow/dags/snowflake_pipeline_dag.py
[2026-03-27T17:37:06.900+0000] {logging_mixin.py:188} INFO - [2026-03-27T17:37:06.900+0000] {dag.py:3089} INFO - Sync 1 DAGs
[2026-03-27T17:37:06.952+0000] {logging_mixin.py:188} INFO - [2026-03-27T17:37:06.952+0000] {dag.py:3947} INFO - Setting next_dagrun for snowflake_realtime_pipeline to 2026-03-27 17:30:00+00:00, run_after=2026-03-27 17:35:00+00:00
[2026-03-27T17:37:07.001+0000] {processor.py:183} INFO - Processing /opt/airflow/dags/snowflake_pipeline_dag.py took 0.216 seconds
[2026-03-27T17:37:37.555+0000] {processor.py:161} INFO - Started process (PID=1245) to work on /opt/airflow/dags/snowflake_pipeline_dag.py
[2026-03-27T17:37:37.558+0000] {processor.py:830} INFO - Processing file /opt/airflow/dags/snowflake_pipeline_dag.py for tasks to queue
[2026-03-27T17:37:37.565+0000] {logging_mixin.py:188} INFO - [2026-03-27T17:37:37.561+0000] {dagbag.py:545} INFO - Filling up the DagBag from /opt/airflow/dags/snowflake_pipeline_dag.py
[2026-03-27T17:37:37.608+0000] {processor.py:840} INFO - DAG(s) 'snowflake_realtime_pipeline' retrieved from /opt/airflow/dags/snowflake_pipeline_dag.py
[2026-03-27T17:37:37.656+0000] {logging_mixin.py:188} INFO - [2026-03-27T17:37:37.655+0000] {dag.py:3089} INFO - Sync 1 DAGs
[2026-03-27T17:37:37.706+0000] {logging_mixin.py:188} INFO - [2026-03-27T17:37:37.706+0000] {dag.py:3947} INFO - Setting next_dagrun for snowflake_realtime_pipeline to 2026-03-27 17:30:00+00:00, run_after=2026-03-27 17:35:00+00:00
[2026-03-27T17:37:37.775+0000] {processor.py:183} INFO - Processing /opt/airflow/dags/snowflake_pipeline_dag.py took 0.235 seconds
[2026-03-27T17:38:08.088+0000] {processor.py:161} INFO - Started process (PID=1270) to work on /opt/airflow/dags/snowflake_pipeline_dag.py
[2026-03-27T17:38:08.092+0000] {processor.py:830} INFO - Processing file /opt/airflow/dags/snowflake_pipeline_dag.py for tasks to queue
[2026-03-27T17:38:08.099+0000] {logging_mixin.py:188} INFO - [2026-03-27T17:38:08.098+0000] {dagbag.py:545} INFO - Filling up the DagBag from /opt/airflow/dags/snowflake_pipeline_dag.py
[2026-03-27T17:38:08.164+0000] {processor.py:840} INFO - DAG(s) 'snowflake_realtime_pipeline' retrieved from /opt/airflow/dags/snowflake_pipeline_dag.py
[2026-03-27T17:38:08.219+0000] {logging_mixin.py:188} INFO - [2026-03-27T17:38:08.218+0000] {dag.py:3089} INFO - Sync 1 DAGs
[2026-03-27T17:38:08.258+0000] {logging_mixin.py:188} INFO - [2026-03-27T17:38:08.258+0000] {dag.py:3947} INFO - Setting next_dagrun for snowflake_realtime_pipeline to 2026-03-27 17:30:00+00:00, run_after=2026-03-27 17:35:00+00:00
[2026-03-27T17:38:08.327+0000] {processor.py:183} INFO - Processing /opt/airflow/dags/snowflake_pipeline_dag.py took 0.268 seconds
[2026-03-27T17:38:38.598+0000] {processor.py:161} INFO - Started process (PID=1297) to work on /opt/airflow/dags/snowflake_pipeline_dag.py
[2026-03-27T17:38:38.600+0000] {processor.py:830} INFO - Processing file /opt/airflow/dags/snowflake_pipeline_dag.py for tasks to queue
[2026-03-27T17:38:38.607+0000] {logging_mixin.py:188} INFO - [2026-03-27T17:38:38.606+0000] {dagbag.py:545} INFO - Filling up the DagBag from /opt/airflow/dags/snowflake_pipeline_dag.py
[2026-03-27T17:38:38.675+0000] {processor.py:840} INFO - DAG(s) 'snowflake_realtime_pipeline' retrieved from /opt/airflow/dags/snowflake_pipeline_dag.py
[2026-03-27T17:38:38.761+0000] {logging_mixin.py:188} INFO - [2026-03-27T17:38:38.761+0000] {dag.py:3089} INFO - Sync 1 DAGs
[2026-03-27T17:38:38.824+0000] {logging_mixin.py:188} INFO - [2026-03-27T17:38:38.823+0000] {dag.py:3947} INFO - Setting next_dagrun for snowflake_realtime_pipeline to 2026-03-27 17:30:00+00:00, run_after=2026-03-27 17:35:00+00:00
[2026-03-27T17:38:38.864+0000] {processor.py:183} INFO - Processing /opt/airflow/dags/snowflake_pipeline_dag.py took 0.285 seconds
[2026-03-27T17:39:09.241+0000] {processor.py:161} INFO - Started process (PID=1322) to work on /opt/airflow/dags/snowflake_pipeline_dag.py
[2026-03-27T17:39:09.243+0000] {processor.py:830} INFO - Processing file /opt/airflow/dags/snowflake_pipeline_dag.py for tasks to queue
[2026-03-27T17:39:09.247+0000] {logging_mixin.py:188} INFO - [2026-03-27T17:39:09.247+0000] {dagbag.py:545} INFO - Filling up the DagBag from /opt/airflow/dags/snowflake_pipeline_dag.py
[2026-03-27T17:39:09.291+0000] {processor.py:840} INFO - DAG(s) 'snowflake_realtime_pipeline' retrieved from /opt/airflow/dags/snowflake_pipeline_dag.py
[2026-03-27T17:39:09.367+0000] {logging_mixin.py:188} INFO - [2026-03-27T17:39:09.366+0000] {dag.py:3089} INFO - Sync 1 DAGs
[2026-03-27T17:39:09.437+0000] {logging_mixin.py:188} INFO - [2026-03-27T17:39:09.437+0000] {dag.py:3947} INFO - Setting next_dagrun for snowflake_realtime_pipeline to 2026-03-27 17:30:00+00:00, run_after=2026-03-27 17:35:00+00:00
[2026-03-27T17:39:09.501+0000] {processor.py:183} INFO - Processing /opt/airflow/dags/snowflake_pipeline_dag.py took 0.272 seconds
[2026-03-27T17:39:40.358+0000] {processor.py:161} INFO - Started process (PID=1349) to work on /opt/airflow/dags/snowflake_pipeline_dag.py
[2026-03-27T17:39:40.360+0000] {processor.py:830} INFO - Processing file /opt/airflow/dags/snowflake_pipeline_dag.py for tasks to queue
[2026-03-27T17:39:40.364+0000] {logging_mixin.py:188} INFO - [2026-03-27T17:39:40.363+0000] {dagbag.py:545} INFO - Filling up the DagBag from /opt/airflow/dags/snowflake_pipeline_dag.py
[2026-03-27T17:39:40.417+0000] {processor.py:840} INFO - DAG(s) 'snowflake_realtime_pipeline' retrieved from /opt/airflow/dags/snowflake_pipeline_dag.py
[2026-03-27T17:39:40.467+0000] {logging_mixin.py:188} INFO - [2026-03-27T17:39:40.467+0000] {dag.py:3089} INFO - Sync 1 DAGs
[2026-03-27T17:39:40.526+0000] {logging_mixin.py:188} INFO - [2026-03-27T17:39:40.526+0000] {dag.py:3947} INFO - Setting next_dagrun for snowflake_realtime_pipeline to 2026-03-27 17:30:00+00:00, run_after=2026-03-27 17:35:00+00:00
[2026-03-27T17:39:40.594+0000] {processor.py:183} INFO - Processing /opt/airflow/dags/snowflake_pipeline_dag.py took 0.249 seconds
[2026-03-27T17:40:10.919+0000] {processor.py:161} INFO - Started process (PID=1374) to work on /opt/airflow/dags/snowflake_pipeline_dag.py
[2026-03-27T17:40:10.921+0000] {processor.py:830} INFO - Processing file /opt/airflow/dags/snowflake_pipeline_dag.py for tasks to queue
[2026-03-27T17:40:10.926+0000] {logging_mixin.py:188} INFO - [2026-03-27T17:40:10.925+0000] {dagbag.py:545} INFO - Filling up the DagBag from /opt/airflow/dags/snowflake_pipeline_dag.py
[2026-03-27T17:40:10.974+0000] {processor.py:840} INFO - DAG(s) 'snowflake_realtime_pipeline' retrieved from /opt/airflow/dags/snowflake_pipeline_dag.py
[2026-03-27T17:40:11.046+0000] {logging_mixin.py:188} INFO - [2026-03-27T17:40:11.046+0000] {dag.py:3089} INFO - Sync 1 DAGs
[2026-03-27T17:40:11.092+0000] {logging_mixin.py:188} INFO - [2026-03-27T17:40:11.091+0000] {dag.py:3947} INFO - Setting next_dagrun for snowflake_realtime_pipeline to 2026-03-27 17:35:00+00:00, run_after=2026-03-27 17:40:00+00:00
[2026-03-27T17:40:11.159+0000] {processor.py:183} INFO - Processing /opt/airflow/dags/snowflake_pipeline_dag.py took 0.257 seconds
[2026-03-27T17:40:41.779+0000] {processor.py:161} INFO - Started process (PID=1401) to work on /opt/airflow/dags/snowflake_pipeline_dag.py
[2026-03-27T17:40:41.781+0000] {processor.py:830} INFO - Processing file /opt/airflow/dags/snowflake_pipeline_dag.py for tasks to queue
[2026-03-27T17:40:41.785+0000] {logging_mixin.py:188} INFO - [2026-03-27T17:40:41.784+0000] {dagbag.py:545} INFO - Filling up the DagBag from /opt/airflow/dags/snowflake_pipeline_dag.py
[2026-03-27T17:40:41.832+0000] {processor.py:840} INFO - DAG(s) 'snowflake_realtime_pipeline' retrieved from /opt/airflow/dags/snowflake_pipeline_dag.py
[2026-03-27T17:40:41.879+0000] {logging_mixin.py:188} INFO - [2026-03-27T17:40:41.879+0000] {dag.py:3089} INFO - Sync 1 DAGs
[2026-03-27T17:40:41.931+0000] {logging_mixin.py:188} INFO - [2026-03-27T17:40:41.931+0000] {dag.py:3947} INFO - Setting next_dagrun for snowflake_realtime_pipeline to 2026-03-27 17:35:00+00:00, run_after=2026-03-27 17:40:00+00:00
[2026-03-27T17:40:41.973+0000] {processor.py:183} INFO - Processing /opt/airflow/dags/snowflake_pipeline_dag.py took 0.206 seconds
[2026-03-27T17:41:12.498+0000] {processor.py:161} INFO - Started process (PID=1427) to work on /opt/airflow/dags/snowflake_pipeline_dag.py
[2026-03-27T17:41:12.502+0000] {processor.py:830} INFO - Processing file /opt/airflow/dags/snowflake_pipeline_dag.py for tasks to queue
[2026-03-27T17:41:12.506+0000] {logging_mixin.py:188} INFO - [2026-03-27T17:41:12.505+0000] {dagbag.py:545} INFO - Filling up the DagBag from /opt/airflow/dags/snowflake_pipeline_dag.py
[2026-03-27T17:41:12.568+0000] {processor.py:840} INFO - DAG(s) 'snowflake_realtime_pipeline' retrieved from /opt/airflow/dags/snowflake_pipeline_dag.py
[2026-03-27T17:41:12.622+0000] {logging_mixin.py:188} INFO - [2026-03-27T17:41:12.622+0000] {dag.py:3089} INFO - Sync 1 DAGs
[2026-03-27T17:41:12.687+0000] {logging_mixin.py:188} INFO - [2026-03-27T17:41:12.687+0000] {dag.py:3947} INFO - Setting next_dagrun for snowflake_realtime_pipeline to 2026-03-27 17:35:00+00:00, run_after=2026-03-27 17:40:00+00:00
[2026-03-27T17:41:12.749+0000] {processor.py:183} INFO - Processing /opt/airflow/dags/snowflake_pipeline_dag.py took 0.268 seconds
[2026-03-27T17:41:43.301+0000] {processor.py:161} INFO - Started process (PID=1455) to work on /opt/airflow/dags/snowflake_pipeline_dag.py
[2026-03-27T17:41:43.303+0000] {processor.py:830} INFO - Processing file /opt/airflow/dags/snowflake_pipeline_dag.py for tasks to queue
[2026-03-27T17:41:43.308+0000] {logging_mixin.py:188} INFO - [2026-03-27T17:41:43.307+0000] {dagbag.py:545} INFO - Filling up the DagBag from /opt/airflow/dags/snowflake_pipeline_dag.py
[2026-03-27T17:41:43.367+0000] {processor.py:840} INFO - DAG(s) 'snowflake_realtime_pipeline' retrieved from /opt/airflow/dags/snowflake_pipeline_dag.py
[2026-03-27T17:41:43.427+0000] {logging_mixin.py:188} INFO - [2026-03-27T17:41:43.427+0000] {dag.py:3089} INFO - Sync 1 DAGs
[2026-03-27T17:41:43.482+0000] {logging_mixin.py:188} INFO - [2026-03-27T17:41:43.481+0000] {dag.py:3947} INFO - Setting next_dagrun for snowflake_realtime_pipeline to 2026-03-27 17:35:00+00:00, run_after=2026-03-27 17:40:00+00:00
[2026-03-27T17:41:43.543+0000] {processor.py:183} INFO - Processing /opt/airflow/dags/snowflake_pipeline_dag.py took 0.254 seconds
[2026-03-27T17:42:14.045+0000] {processor.py:161} INFO - Started process (PID=1784) to work on /opt/airflow/dags/snowflake_pipeline_dag.py
[2026-03-27T17:42:14.047+0000] {processor.py:830} INFO - Processing file /opt/airflow/dags/snowflake_pipeline_dag.py for tasks to queue
[2026-03-27T17:42:14.053+0000] {logging_mixin.py:188} INFO - [2026-03-27T17:42:14.052+0000] {dagbag.py:545} INFO - Filling up the DagBag from /opt/airflow/dags/snowflake_pipeline_dag.py
[2026-03-27T17:42:14.102+0000] {processor.py:840} INFO - DAG(s) 'snowflake_realtime_pipeline' retrieved from /opt/airflow/dags/snowflake_pipeline_dag.py
[2026-03-27T17:42:14.151+0000] {logging_mixin.py:188} INFO - [2026-03-27T17:42:14.151+0000] {dag.py:3089} INFO - Sync 1 DAGs
[2026-03-27T17:42:14.202+0000] {logging_mixin.py:188} INFO - [2026-03-27T17:42:14.200+0000] {dag.py:3947} INFO - Setting next_dagrun for snowflake_realtime_pipeline to 2026-03-27 17:35:00+00:00, run_after=2026-03-27 17:40:00+00:00
[2026-03-27T17:42:14.243+0000] {processor.py:183} INFO - Processing /opt/airflow/dags/snowflake_pipeline_dag.py took 0.212 seconds
[2026-03-27T17:42:44.768+0000] {processor.py:161} INFO - Started process (PID=3356) to work on /opt/airflow/dags/snowflake_pipeline_dag.py
[2026-03-27T17:42:44.771+0000] {processor.py:830} INFO - Processing file /opt/airflow/dags/snowflake_pipeline_dag.py for tasks to queue
[2026-03-27T17:42:44.777+0000] {logging_mixin.py:188} INFO - [2026-03-27T17:42:44.776+0000] {dagbag.py:545} INFO - Filling up the DagBag from /opt/airflow/dags/snowflake_pipeline_dag.py
[2026-03-27T17:42:44.850+0000] {processor.py:840} INFO - DAG(s) 'snowflake_realtime_pipeline' retrieved from /opt/airflow/dags/snowflake_pipeline_dag.py
[2026-03-27T17:42:44.966+0000] {logging_mixin.py:188} INFO - [2026-03-27T17:42:44.965+0000] {dag.py:3089} INFO - Sync 1 DAGs
[2026-03-27T17:42:45.066+0000] {logging_mixin.py:188} INFO - [2026-03-27T17:42:45.065+0000] {dag.py:3947} INFO - Setting next_dagrun for snowflake_realtime_pipeline to 2026-03-27 17:35:00+00:00, run_after=2026-03-27 17:40:00+00:00
[2026-03-27T17:42:45.132+0000] {processor.py:183} INFO - Processing /opt/airflow/dags/snowflake_pipeline_dag.py took 0.382 seconds
[2026-03-27T17:43:15.414+0000] {processor.py:161} INFO - Started process (PID=3584) to work on /opt/airflow/dags/snowflake_pipeline_dag.py
[2026-03-27T17:43:15.417+0000] {processor.py:830} INFO - Processing file /opt/airflow/dags/snowflake_pipeline_dag.py for tasks to queue
[2026-03-27T17:43:15.421+0000] {logging_mixin.py:188} INFO - [2026-03-27T17:43:15.420+0000] {dagbag.py:545} INFO - Filling up the DagBag from /opt/airflow/dags/snowflake_pipeline_dag.py
[2026-03-27T17:43:15.475+0000] {processor.py:840} INFO - DAG(s) 'snowflake_realtime_pipeline' retrieved from /opt/airflow/dags/snowflake_pipeline_dag.py
[2026-03-27T17:43:15.540+0000] {logging_mixin.py:188} INFO - [2026-03-27T17:43:15.540+0000] {dag.py:3089} INFO - Sync 1 DAGs
[2026-03-27T17:43:15.615+0000] {logging_mixin.py:188} INFO - [2026-03-27T17:43:15.615+0000] {dag.py:3947} INFO - Setting next_dagrun for snowflake_realtime_pipeline to 2026-03-27 17:35:00+00:00, run_after=2026-03-27 17:40:00+00:00
[2026-03-27T17:43:15.685+0000] {processor.py:183} INFO - Processing /opt/airflow/dags/snowflake_pipeline_dag.py took 0.284 seconds
[2026-03-27T17:43:46.164+0000] {processor.py:161} INFO - Started process (PID=3609) to work on /opt/airflow/dags/snowflake_pipeline_dag.py
[2026-03-27T17:43:46.167+0000] {processor.py:830} INFO - Processing file /opt/airflow/dags/snowflake_pipeline_dag.py for tasks to queue
[2026-03-27T17:43:46.172+0000] {logging_mixin.py:188} INFO - [2026-03-27T17:43:46.171+0000] {dagbag.py:545} INFO - Filling up the DagBag from /opt/airflow/dags/snowflake_pipeline_dag.py
[2026-03-27T17:43:46.239+0000] {processor.py:840} INFO - DAG(s) 'snowflake_realtime_pipeline' retrieved from /opt/airflow/dags/snowflake_pipeline_dag.py
[2026-03-27T17:43:46.315+0000] {logging_mixin.py:188} INFO - [2026-03-27T17:43:46.314+0000] {dag.py:3089} INFO - Sync 1 DAGs
[2026-03-27T17:43:46.384+0000] {logging_mixin.py:188} INFO - [2026-03-27T17:43:46.384+0000] {dag.py:3947} INFO - Setting next_dagrun for snowflake_realtime_pipeline to 2026-03-27 17:35:00+00:00, run_after=2026-03-27 17:40:00+00:00
[2026-03-27T17:43:46.461+0000] {processor.py:183} INFO - Processing /opt/airflow/dags/snowflake_pipeline_dag.py took 0.313 seconds
[2026-03-27T17:44:16.740+0000] {processor.py:161} INFO - Started process (PID=3634) to work on /opt/airflow/dags/snowflake_pipeline_dag.py
[2026-03-27T17:44:16.742+0000] {processor.py:830} INFO - Processing file /opt/airflow/dags/snowflake_pipeline_dag.py for tasks to queue
[2026-03-27T17:44:16.747+0000] {logging_mixin.py:188} INFO - [2026-03-27T17:44:16.746+0000] {dagbag.py:545} INFO - Filling up the DagBag from /opt/airflow/dags/snowflake_pipeline_dag.py
[2026-03-27T17:44:16.807+0000] {processor.py:840} INFO - DAG(s) 'snowflake_realtime_pipeline' retrieved from /opt/airflow/dags/snowflake_pipeline_dag.py
[2026-03-27T17:44:16.877+0000] {logging_mixin.py:188} INFO - [2026-03-27T17:44:16.877+0000] {dag.py:3089} INFO - Sync 1 DAGs
[2026-03-27T17:44:16.938+0000] {logging_mixin.py:188} INFO - [2026-03-27T17:44:16.937+0000] {dag.py:3947} INFO - Setting next_dagrun for snowflake_realtime_pipeline to 2026-03-27 17:35:00+00:00, run_after=2026-03-27 17:40:00+00:00
[2026-03-27T17:44:16.989+0000] {processor.py:183} INFO - Processing /opt/airflow/dags/snowflake_pipeline_dag.py took 0.264 seconds
[2026-03-27T17:44:47.119+0000] {processor.py:161} INFO - Started process (PID=3659) to work on /opt/airflow/dags/snowflake_pipeline_dag.py
[2026-03-27T17:44:47.121+0000] {processor.py:830} INFO - Processing file /opt/airflow/dags/snowflake_pipeline_dag.py for tasks to queue
[2026-03-27T17:44:47.126+0000] {logging_mixin.py:188} INFO - [2026-03-27T17:44:47.125+0000] {dagbag.py:545} INFO - Filling up the DagBag from /opt/airflow/dags/snowflake_pipeline_dag.py
[2026-03-27T17:44:47.180+0000] {processor.py:840} INFO - DAG(s) 'snowflake_realtime_pipeline' retrieved from /opt/airflow/dags/snowflake_pipeline_dag.py
[2026-03-27T17:44:47.247+0000] {logging_mixin.py:188} INFO - [2026-03-27T17:44:47.247+0000] {dag.py:3089} INFO - Sync 1 DAGs
[2026-03-27T17:44:47.299+0000] {logging_mixin.py:188} INFO - [2026-03-27T17:44:47.298+0000] {dag.py:3947} INFO - Setting next_dagrun for snowflake_realtime_pipeline to 2026-03-27 17:35:00+00:00, run_after=2026-03-27 17:40:00+00:00
[2026-03-27T17:44:47.342+0000] {processor.py:183} INFO - Processing /opt/airflow/dags/snowflake_pipeline_dag.py took 0.234 seconds
[2026-03-27T17:45:17.539+0000] {processor.py:161} INFO - Started process (PID=3684) to work on /opt/airflow/dags/snowflake_pipeline_dag.py
[2026-03-27T17:45:17.541+0000] {processor.py:830} INFO - Processing file /opt/airflow/dags/snowflake_pipeline_dag.py for tasks to queue
[2026-03-27T17:45:17.546+0000] {logging_mixin.py:188} INFO - [2026-03-27T17:45:17.546+0000] {dagbag.py:545} INFO - Filling up the DagBag from /opt/airflow/dags/snowflake_pipeline_dag.py
[2026-03-27T17:45:17.602+0000] {processor.py:840} INFO - DAG(s) 'snowflake_realtime_pipeline' retrieved from /opt/airflow/dags/snowflake_pipeline_dag.py
[2026-03-27T17:45:17.658+0000] {logging_mixin.py:188} INFO - [2026-03-27T17:45:17.658+0000] {dag.py:3089} INFO - Sync 1 DAGs
[2026-03-27T17:45:17.715+0000] {logging_mixin.py:188} INFO - [2026-03-27T17:45:17.714+0000] {dag.py:3947} INFO - Setting next_dagrun for snowflake_realtime_pipeline to 2026-03-27 17:40:00+00:00, run_after=2026-03-27 17:45:00+00:00
[2026-03-27T17:45:17.752+0000] {processor.py:183} INFO - Processing /opt/airflow/dags/snowflake_pipeline_dag.py took 0.226 seconds
[2026-03-27T17:45:48.403+0000] {processor.py:161} INFO - Started process (PID=3709) to work on /opt/airflow/dags/snowflake_pipeline_dag.py
[2026-03-27T17:45:48.405+0000] {processor.py:830} INFO - Processing file /opt/airflow/dags/snowflake_pipeline_dag.py for tasks to queue
[2026-03-27T17:45:48.411+0000] {logging_mixin.py:188} INFO - [2026-03-27T17:45:48.410+0000] {dagbag.py:545} INFO - Filling up the DagBag from /opt/airflow/dags/snowflake_pipeline_dag.py
[2026-03-27T17:45:48.485+0000] {processor.py:840} INFO - DAG(s) 'snowflake_realtime_pipeline' retrieved from /opt/airflow/dags/snowflake_pipeline_dag.py
[2026-03-27T17:45:48.550+0000] {logging_mixin.py:188} INFO - [2026-03-27T17:45:48.549+0000] {dag.py:3089} INFO - Sync 1 DAGs
[2026-03-27T17:45:48.617+0000] {logging_mixin.py:188} INFO - [2026-03-27T17:45:48.617+0000] {dag.py:3947} INFO - Setting next_dagrun for snowflake_realtime_pipeline to 2026-03-27 17:40:00+00:00, run_after=2026-03-27 17:45:00+00:00
[2026-03-27T17:45:48.689+0000] {processor.py:183} INFO - Processing /opt/airflow/dags/snowflake_pipeline_dag.py took 0.305 seconds
[2026-03-27T17:46:18.912+0000] {processor.py:161} INFO - Started process (PID=4565) to work on /opt/airflow/dags/snowflake_pipeline_dag.py
[2026-03-27T17:46:18.914+0000] {processor.py:830} INFO - Processing file /opt/airflow/dags/snowflake_pipeline_dag.py for tasks to queue
[2026-03-27T17:46:18.919+0000] {logging_mixin.py:188} INFO - [2026-03-27T17:46:18.918+0000] {dagbag.py:545} INFO - Filling up the DagBag from /opt/airflow/dags/snowflake_pipeline_dag.py
[2026-03-27T17:46:18.966+0000] {processor.py:840} INFO - DAG(s) 'snowflake_realtime_pipeline' retrieved from /opt/airflow/dags/snowflake_pipeline_dag.py
[2026-03-27T17:46:19.015+0000] {logging_mixin.py:188} INFO - [2026-03-27T17:46:19.015+0000] {dag.py:3089} INFO - Sync 1 DAGs
[2026-03-27T17:46:19.070+0000] {logging_mixin.py:188} INFO - [2026-03-27T17:46:19.070+0000] {dag.py:3947} INFO - Setting next_dagrun for snowflake_realtime_pipeline to 2026-03-27 17:40:00+00:00, run_after=2026-03-27 17:45:00+00:00
[2026-03-27T17:46:19.142+0000] {processor.py:183} INFO - Processing /opt/airflow/dags/snowflake_pipeline_dag.py took 0.243 seconds
[2026-03-27T17:46:49.343+0000] {processor.py:161} INFO - Started process (PID=5568) to work on /opt/airflow/dags/snowflake_pipeline_dag.py
[2026-03-27T17:46:49.345+0000] {processor.py:830} INFO - Processing file /opt/airflow/dags/snowflake_pipeline_dag.py for tasks to queue
[2026-03-27T17:46:49.349+0000] {logging_mixin.py:188} INFO - [2026-03-27T17:46:49.348+0000] {dagbag.py:545} INFO - Filling up the DagBag from /opt/airflow/dags/snowflake_pipeline_dag.py
[2026-03-27T17:46:49.397+0000] {processor.py:840} INFO - DAG(s) 'snowflake_realtime_pipeline' retrieved from /opt/airflow/dags/snowflake_pipeline_dag.py
[2026-03-27T17:46:49.447+0000] {logging_mixin.py:188} INFO - [2026-03-27T17:46:49.447+0000] {dag.py:3089} INFO - Sync 1 DAGs
[2026-03-27T17:46:49.502+0000] {logging_mixin.py:188} INFO - [2026-03-27T17:46:49.502+0000] {dag.py:3947} INFO - Setting next_dagrun for snowflake_realtime_pipeline to 2026-03-27 17:40:00+00:00, run_after=2026-03-27 17:45:00+00:00
[2026-03-27T17:46:49.541+0000] {processor.py:183} INFO - Processing /opt/airflow/dags/snowflake_pipeline_dag.py took 0.210 seconds
[2026-03-27T17:47:19.922+0000] {processor.py:161} INFO - Started process (PID=5604) to work on /opt/airflow/dags/snowflake_pipeline_dag.py
[2026-03-27T17:47:19.924+0000] {processor.py:830} INFO - Processing file /opt/airflow/dags/snowflake_pipeline_dag.py for tasks to queue
[2026-03-27T17:47:19.928+0000] {logging_mixin.py:188} INFO - [2026-03-27T17:47:19.927+0000] {dagbag.py:545} INFO - Filling up the DagBag from /opt/airflow/dags/snowflake_pipeline_dag.py
[2026-03-27T17:47:19.966+0000] {processor.py:840} INFO - DAG(s) 'snowflake_realtime_pipeline' retrieved from /opt/airflow/dags/snowflake_pipeline_dag.py
[2026-03-27T17:47:20.015+0000] {logging_mixin.py:188} INFO - [2026-03-27T17:47:20.015+0000] {dag.py:3089} INFO - Sync 1 DAGs
[2026-03-27T17:47:20.067+0000] {logging_mixin.py:188} INFO - [2026-03-27T17:47:20.066+0000] {dag.py:3947} INFO - Setting next_dagrun for snowflake_realtime_pipeline to 2026-03-27 17:40:00+00:00, run_after=2026-03-27 17:45:00+00:00
[2026-03-27T17:47:20.114+0000] {processor.py:183} INFO - Processing /opt/airflow/dags/snowflake_pipeline_dag.py took 0.206 seconds
[2026-03-27T17:47:50.532+0000] {processor.py:161} INFO - Started process (PID=5629) to work on /opt/airflow/dags/snowflake_pipeline_dag.py
[2026-03-27T17:47:50.534+0000] {processor.py:830} INFO - Processing file /opt/airflow/dags/snowflake_pipeline_dag.py for tasks to queue
[2026-03-27T17:47:50.538+0000] {logging_mixin.py:188} INFO - [2026-03-27T17:47:50.537+0000] {dagbag.py:545} INFO - Filling up the DagBag from /opt/airflow/dags/snowflake_pipeline_dag.py
[2026-03-27T17:47:50.610+0000] {processor.py:840} INFO - DAG(s) 'snowflake_realtime_pipeline' retrieved from /opt/airflow/dags/snowflake_pipeline_dag.py
[2026-03-27T17:47:50.677+0000] {logging_mixin.py:188} INFO - [2026-03-27T17:47:50.677+0000] {dag.py:3089} INFO - Sync 1 DAGs
[2026-03-27T17:47:50.734+0000] {logging_mixin.py:188} INFO - [2026-03-27T17:47:50.733+0000] {dag.py:3947} INFO - Setting next_dagrun for snowflake_realtime_pipeline to 2026-03-27 17:40:00+00:00, run_after=2026-03-27 17:45:00+00:00
[2026-03-27T17:47:50.795+0000] {processor.py:183} INFO - Processing /opt/airflow/dags/snowflake_pipeline_dag.py took 0.276 seconds
[2026-03-27T17:48:21.138+0000] {processor.py:161} INFO - Started process (PID=5661) to work on /opt/airflow/dags/snowflake_pipeline_dag.py
[2026-03-27T17:48:21.141+0000] {processor.py:830} INFO - Processing file /opt/airflow/dags/snowflake_pipeline_dag.py for tasks to queue
[2026-03-27T17:48:21.145+0000] {logging_mixin.py:188} INFO - [2026-03-27T17:48:21.144+0000] {dagbag.py:545} INFO - Filling up the DagBag from /opt/airflow/dags/snowflake_pipeline_dag.py
[2026-03-27T17:48:21.192+0000] {processor.py:840} INFO - DAG(s) 'snowflake_realtime_pipeline' retrieved from /opt/airflow/dags/snowflake_pipeline_dag.py
[2026-03-27T17:48:21.269+0000] {logging_mixin.py:188} INFO - [2026-03-27T17:48:21.268+0000] {dag.py:3089} INFO - Sync 1 DAGs
[2026-03-27T17:48:21.341+0000] {logging_mixin.py:188} INFO - [2026-03-27T17:48:21.340+0000] {dag.py:3947} INFO - Setting next_dagrun for snowflake_realtime_pipeline to 2026-03-27 17:40:00+00:00, run_after=2026-03-27 17:45:00+00:00
[2026-03-27T17:48:21.392+0000] {processor.py:183} INFO - Processing /opt/airflow/dags/snowflake_pipeline_dag.py took 0.266 seconds
[2026-03-27T17:48:51.918+0000] {processor.py:161} INFO - Started process (PID=5686) to work on /opt/airflow/dags/snowflake_pipeline_dag.py
[2026-03-27T17:48:51.920+0000] {processor.py:830} INFO - Processing file /opt/airflow/dags/snowflake_pipeline_dag.py for tasks to queue
[2026-03-27T17:48:51.924+0000] {logging_mixin.py:188} INFO - [2026-03-27T17:48:51.923+0000] {dagbag.py:545} INFO - Filling up the DagBag from /opt/airflow/dags/snowflake_pipeline_dag.py
[2026-03-27T17:48:51.973+0000] {processor.py:840} INFO - DAG(s) 'snowflake_realtime_pipeline' retrieved from /opt/airflow/dags/snowflake_pipeline_dag.py
[2026-03-27T17:48:52.035+0000] {logging_mixin.py:188} INFO - [2026-03-27T17:48:52.034+0000] {dag.py:3089} INFO - Sync 1 DAGs
[2026-03-27T17:48:52.104+0000] {logging_mixin.py:188} INFO - [2026-03-27T17:48:52.103+0000] {dag.py:3947} INFO - Setting next_dagrun for snowflake_realtime_pipeline to 2026-03-27 17:40:00+00:00, run_after=2026-03-27 17:45:00+00:00
[2026-03-27T17:48:52.164+0000] {processor.py:183} INFO - Processing /opt/airflow/dags/snowflake_pipeline_dag.py took 0.258 seconds
[2026-03-27T17:49:22.313+0000] {processor.py:161} INFO - Started process (PID=5711) to work on /opt/airflow/dags/snowflake_pipeline_dag.py
[2026-03-27T17:49:22.316+0000] {processor.py:830} INFO - Processing file /opt/airflow/dags/snowflake_pipeline_dag.py for tasks to queue
[2026-03-27T17:49:22.321+0000] {logging_mixin.py:188} INFO - [2026-03-27T17:49:22.321+0000] {dagbag.py:545} INFO - Filling up the DagBag from /opt/airflow/dags/snowflake_pipeline_dag.py
[2026-03-27T17:49:22.371+0000] {processor.py:840} INFO - DAG(s) 'snowflake_realtime_pipeline' retrieved from /opt/airflow/dags/snowflake_pipeline_dag.py
[2026-03-27T17:49:22.420+0000] {logging_mixin.py:188} INFO - [2026-03-27T17:49:22.420+0000] {dag.py:3089} INFO - Sync 1 DAGs
[2026-03-27T17:49:22.470+0000] {logging_mixin.py:188} INFO - [2026-03-27T17:49:22.470+0000] {dag.py:3947} INFO - Setting next_dagrun for snowflake_realtime_pipeline to 2026-03-27 17:40:00+00:00, run_after=2026-03-27 17:45:00+00:00
[2026-03-27T17:49:22.518+0000] {processor.py:183} INFO - Processing /opt/airflow/dags/snowflake_pipeline_dag.py took 0.215 seconds
[2026-03-27T17:49:53.048+0000] {processor.py:161} INFO - Started process (PID=5791) to work on /opt/airflow/dags/snowflake_pipeline_dag.py
[2026-03-27T17:49:53.050+0000] {processor.py:830} INFO - Processing file /opt/airflow/dags/snowflake_pipeline_dag.py for tasks to queue
[2026-03-27T17:49:53.055+0000] {logging_mixin.py:188} INFO - [2026-03-27T17:49:53.054+0000] {dagbag.py:545} INFO - Filling up the DagBag from /opt/airflow/dags/snowflake_pipeline_dag.py
[2026-03-27T17:49:53.105+0000] {processor.py:840} INFO - DAG(s) 'snowflake_realtime_pipeline' retrieved from /opt/airflow/dags/snowflake_pipeline_dag.py
[2026-03-27T17:49:53.168+0000] {logging_mixin.py:188} INFO - [2026-03-27T17:49:53.167+0000] {dag.py:3089} INFO - Sync 1 DAGs
[2026-03-27T17:49:53.252+0000] {logging_mixin.py:188} INFO - [2026-03-27T17:49:53.251+0000] {dag.py:3947} INFO - Setting next_dagrun for snowflake_realtime_pipeline to 2026-03-27 17:40:00+00:00, run_after=2026-03-27 17:45:00+00:00
[2026-03-27T17:49:53.309+0000] {processor.py:183} INFO - Processing /opt/airflow/dags/snowflake_pipeline_dag.py took 0.275 seconds
[2026-03-27T17:50:24.101+0000] {processor.py:161} INFO - Started process (PID=7361) to work on /opt/airflow/dags/snowflake_pipeline_dag.py
[2026-03-27T17:50:24.103+0000] {processor.py:830} INFO - Processing file /opt/airflow/dags/snowflake_pipeline_dag.py for tasks to queue
[2026-03-27T17:50:24.107+0000] {logging_mixin.py:188} INFO - [2026-03-27T17:50:24.107+0000] {dagbag.py:545} INFO - Filling up the DagBag from /opt/airflow/dags/snowflake_pipeline_dag.py
[2026-03-27T17:50:24.157+0000] {processor.py:840} INFO - DAG(s) 'snowflake_realtime_pipeline' retrieved from /opt/airflow/dags/snowflake_pipeline_dag.py
[2026-03-27T17:50:24.210+0000] {logging_mixin.py:188} INFO - [2026-03-27T17:50:24.209+0000] {dag.py:3089} INFO - Sync 1 DAGs
[2026-03-27T17:50:24.259+0000] {logging_mixin.py:188} INFO - [2026-03-27T17:50:24.258+0000] {dag.py:3947} INFO - Setting next_dagrun for snowflake_realtime_pipeline to 2026-03-27 17:45:00+00:00, run_after=2026-03-27 17:50:00+00:00
[2026-03-27T17:50:24.310+0000] {processor.py:183} INFO - Processing /opt/airflow/dags/snowflake_pipeline_dag.py took 0.222 seconds
[2026-03-27T17:50:54.867+0000] {processor.py:161} INFO - Started process (PID=7406) to work on /opt/airflow/dags/snowflake_pipeline_dag.py
[2026-03-27T17:50:54.870+0000] {processor.py:830} INFO - Processing file /opt/airflow/dags/snowflake_pipeline_dag.py for tasks to queue
[2026-03-27T17:50:54.873+0000] {logging_mixin.py:188} INFO - [2026-03-27T17:50:54.873+0000] {dagbag.py:545} INFO - Filling up the DagBag from /opt/airflow/dags/snowflake_pipeline_dag.py
[2026-03-27T17:50:54.932+0000] {processor.py:840} INFO - DAG(s) 'snowflake_realtime_pipeline' retrieved from /opt/airflow/dags/snowflake_pipeline_dag.py
[2026-03-27T17:50:55.001+0000] {logging_mixin.py:188} INFO - [2026-03-27T17:50:55.000+0000] {dag.py:3089} INFO - Sync 1 DAGs
[2026-03-27T17:50:55.055+0000] {logging_mixin.py:188} INFO - [2026-03-27T17:50:55.055+0000] {dag.py:3947} INFO - Setting next_dagrun for snowflake_realtime_pipeline to 2026-03-27 17:45:00+00:00, run_after=2026-03-27 17:50:00+00:00
[2026-03-27T17:50:55.113+0000] {processor.py:183} INFO - Processing /opt/airflow/dags/snowflake_pipeline_dag.py took 0.257 seconds
[2026-03-27T17:51:25.726+0000] {processor.py:161} INFO - Started process (PID=7429) to work on /opt/airflow/dags/snowflake_pipeline_dag.py
[2026-03-27T17:51:25.728+0000] {processor.py:830} INFO - Processing file /opt/airflow/dags/snowflake_pipeline_dag.py for tasks to queue
[2026-03-27T17:51:25.733+0000] {logging_mixin.py:188} INFO - [2026-03-27T17:51:25.732+0000] {dagbag.py:545} INFO - Filling up the DagBag from /opt/airflow/dags/snowflake_pipeline_dag.py
[2026-03-27T17:51:25.797+0000] {processor.py:840} INFO - DAG(s) 'snowflake_realtime_pipeline' retrieved from /opt/airflow/dags/snowflake_pipeline_dag.py
[2026-03-27T17:51:25.874+0000] {logging_mixin.py:188} INFO - [2026-03-27T17:51:25.873+0000] {dag.py:3089} INFO - Sync 1 DAGs
[2026-03-27T17:51:25.946+0000] {logging_mixin.py:188} INFO - [2026-03-27T17:51:25.945+0000] {dag.py:3947} INFO - Setting next_dagrun for snowflake_realtime_pipeline to 2026-03-27 17:45:00+00:00, run_after=2026-03-27 17:50:00+00:00
[2026-03-27T17:51:26.001+0000] {processor.py:183} INFO - Processing /opt/airflow/dags/snowflake_pipeline_dag.py took 0.292 seconds
[2026-03-27T17:51:56.291+0000] {processor.py:161} INFO - Started process (PID=7454) to work on /opt/airflow/dags/snowflake_pipeline_dag.py
[2026-03-27T17:51:56.295+0000] {processor.py:830} INFO - Processing file /opt/airflow/dags/snowflake_pipeline_dag.py for tasks to queue
[2026-03-27T17:51:56.302+0000] {logging_mixin.py:188} INFO - [2026-03-27T17:51:56.300+0000] {dagbag.py:545} INFO - Filling up the DagBag from /opt/airflow/dags/snowflake_pipeline_dag.py
[2026-03-27T17:51:56.359+0000] {processor.py:840} INFO - DAG(s) 'snowflake_realtime_pipeline' retrieved from /opt/airflow/dags/snowflake_pipeline_dag.py
[2026-03-27T17:51:56.430+0000] {logging_mixin.py:188} INFO - [2026-03-27T17:51:56.430+0000] {dag.py:3089} INFO - Sync 1 DAGs
[2026-03-27T17:51:56.507+0000] {logging_mixin.py:188} INFO - [2026-03-27T17:51:56.505+0000] {dag.py:3947} INFO - Setting next_dagrun for snowflake_realtime_pipeline to 2026-03-27 17:45:00+00:00, run_after=2026-03-27 17:50:00+00:00
[2026-03-27T17:51:56.564+0000] {processor.py:183} INFO - Processing /opt/airflow/dags/snowflake_pipeline_dag.py took 0.297 seconds
[2026-03-27T17:52:26.814+0000] {processor.py:161} INFO - Started process (PID=7479) to work on /opt/airflow/dags/snowflake_pipeline_dag.py
[2026-03-27T17:52:26.816+0000] {processor.py:830} INFO - Processing file /opt/airflow/dags/snowflake_pipeline_dag.py for tasks to queue
[2026-03-27T17:52:26.820+0000] {logging_mixin.py:188} INFO - [2026-03-27T17:52:26.820+0000] {dagbag.py:545} INFO - Filling up the DagBag from /opt/airflow/dags/snowflake_pipeline_dag.py
[2026-03-27T17:52:26.868+0000] {processor.py:840} INFO - DAG(s) 'snowflake_realtime_pipeline' retrieved from /opt/airflow/dags/snowflake_pipeline_dag.py
[2026-03-27T17:52:26.916+0000] {logging_mixin.py:188} INFO - [2026-03-27T17:52:26.915+0000] {dag.py:3089} INFO - Sync 1 DAGs
[2026-03-27T17:52:26.971+0000] {logging_mixin.py:188} INFO - [2026-03-27T17:52:26.970+0000] {dag.py:3947} INFO - Setting next_dagrun for snowflake_realtime_pipeline to 2026-03-27 17:45:00+00:00, run_after=2026-03-27 17:50:00+00:00
[2026-03-27T17:52:27.025+0000] {processor.py:183} INFO - Processing /opt/airflow/dags/snowflake_pipeline_dag.py took 0.223 seconds
[2026-03-27T17:52:57.319+0000] {processor.py:161} INFO - Started process (PID=7504) to work on /opt/airflow/dags/snowflake_pipeline_dag.py
[2026-03-27T17:52:57.321+0000] {processor.py:830} INFO - Processing file /opt/airflow/dags/snowflake_pipeline_dag.py for tasks to queue
[2026-03-27T17:52:57.329+0000] {logging_mixin.py:188} INFO - [2026-03-27T17:52:57.328+0000] {dagbag.py:545} INFO - Filling up the DagBag from /opt/airflow/dags/snowflake_pipeline_dag.py
[2026-03-27T17:52:57.405+0000] {processor.py:840} INFO - DAG(s) 'snowflake_realtime_pipeline' retrieved from /opt/airflow/dags/snowflake_pipeline_dag.py
[2026-03-27T17:52:57.474+0000] {logging_mixin.py:188} INFO - [2026-03-27T17:52:57.474+0000] {dag.py:3089} INFO - Sync 1 DAGs
[2026-03-27T17:52:57.544+0000] {logging_mixin.py:188} INFO - [2026-03-27T17:52:57.543+0000] {dag.py:3947} INFO - Setting next_dagrun for snowflake_realtime_pipeline to 2026-03-27 17:45:00+00:00, run_after=2026-03-27 17:50:00+00:00
[2026-03-27T17:52:57.591+0000] {processor.py:183} INFO - Processing /opt/airflow/dags/snowflake_pipeline_dag.py took 0.288 seconds
[2026-03-27T17:53:28.684+0000] {processor.py:161} INFO - Started process (PID=7536) to work on /opt/airflow/dags/snowflake_pipeline_dag.py
[2026-03-27T17:53:28.687+0000] {processor.py:830} INFO - Processing file /opt/airflow/dags/snowflake_pipeline_dag.py for tasks to queue
[2026-03-27T17:53:28.693+0000] {logging_mixin.py:188} INFO - [2026-03-27T17:53:28.692+0000] {dagbag.py:545} INFO - Filling up the DagBag from /opt/airflow/dags/snowflake_pipeline_dag.py
[2026-03-27T17:53:28.740+0000] {processor.py:840} INFO - DAG(s) 'snowflake_realtime_pipeline' retrieved from /opt/airflow/dags/snowflake_pipeline_dag.py
[2026-03-27T17:53:28.788+0000] {logging_mixin.py:188} INFO - [2026-03-27T17:53:28.787+0000] {dag.py:3089} INFO - Sync 1 DAGs
[2026-03-27T17:53:28.842+0000] {logging_mixin.py:188} INFO - [2026-03-27T17:53:28.841+0000] {dag.py:3947} INFO - Setting next_dagrun for snowflake_realtime_pipeline to 2026-03-27 17:45:00+00:00, run_after=2026-03-27 17:50:00+00:00
[2026-03-27T17:53:28.884+0000] {processor.py:183} INFO - Processing /opt/airflow/dags/snowflake_pipeline_dag.py took 0.220 seconds
[2026-03-27T17:54:57.026+0000] {processor.py:161} INFO - Started process (PID=174) to work on /opt/airflow/dags/snowflake_pipeline_dag.py
[2026-03-27T17:54:57.028+0000] {processor.py:830} INFO - Processing file /opt/airflow/dags/snowflake_pipeline_dag.py for tasks to queue
[2026-03-27T17:54:57.032+0000] {logging_mixin.py:188} INFO - [2026-03-27T17:54:57.031+0000] {dagbag.py:545} INFO - Filling up the DagBag from /opt/airflow/dags/snowflake_pipeline_dag.py
[2026-03-27T17:54:57.078+0000] {processor.py:840} INFO - DAG(s) 'snowflake_realtime_pipeline' retrieved from /opt/airflow/dags/snowflake_pipeline_dag.py
[2026-03-27T17:54:57.305+0000] {logging_mixin.py:188} INFO - [2026-03-27T17:54:57.304+0000] {override.py:1858} INFO - Created Permission View: can edit on DAG:snowflake_realtime_pipeline
[2026-03-27T17:54:57.322+0000] {logging_mixin.py:188} INFO - [2026-03-27T17:54:57.321+0000] {override.py:1858} INFO - Created Permission View: can read on DAG:snowflake_realtime_pipeline
[2026-03-27T17:54:57.334+0000] {logging_mixin.py:188} INFO - [2026-03-27T17:54:57.333+0000] {override.py:1858} INFO - Created Permission View: can delete on DAG:snowflake_realtime_pipeline
[2026-03-27T17:54:57.335+0000] {logging_mixin.py:188} INFO - [2026-03-27T17:54:57.335+0000] {dag.py:3089} INFO - Sync 1 DAGs
[2026-03-27T17:54:57.353+0000] {logging_mixin.py:188} INFO - [2026-03-27T17:54:57.352+0000] {dag.py:3111} INFO - Creating ORM DAG for snowflake_realtime_pipeline
[2026-03-27T17:54:57.377+0000] {logging_mixin.py:188} INFO - [2026-03-27T17:54:57.377+0000] {dag.py:3947} INFO - Setting next_dagrun for snowflake_realtime_pipeline to 2026-03-27 17:45:00+00:00, run_after=2026-03-27 17:50:00+00:00
[2026-03-27T17:54:57.411+0000] {processor.py:183} INFO - Processing /opt/airflow/dags/snowflake_pipeline_dag.py took 0.395 seconds
[2026-03-27T17:55:27.918+0000] {processor.py:161} INFO - Started process (PID=199) to work on /opt/airflow/dags/snowflake_pipeline_dag.py
[2026-03-27T17:55:27.920+0000] {processor.py:830} INFO - Processing file /opt/airflow/dags/snowflake_pipeline_dag.py for tasks to queue
[2026-03-27T17:55:27.923+0000] {logging_mixin.py:188} INFO - [2026-03-27T17:55:27.923+0000] {dagbag.py:545} INFO - Filling up the DagBag from /opt/airflow/dags/snowflake_pipeline_dag.py
[2026-03-27T17:55:27.970+0000] {processor.py:840} INFO - DAG(s) 'snowflake_realtime_pipeline' retrieved from /opt/airflow/dags/snowflake_pipeline_dag.py
[2026-03-27T17:55:28.029+0000] {logging_mixin.py:188} INFO - [2026-03-27T17:55:28.029+0000] {dag.py:3089} INFO - Sync 1 DAGs
[2026-03-27T17:55:28.069+0000] {logging_mixin.py:188} INFO - [2026-03-27T17:55:28.069+0000] {dag.py:3947} INFO - Setting next_dagrun for snowflake_realtime_pipeline to 2026-03-27 17:50:00+00:00, run_after=2026-03-27 17:55:00+00:00
[2026-03-27T17:55:28.107+0000] {processor.py:183} INFO - Processing /opt/airflow/dags/snowflake_pipeline_dag.py took 0.201 seconds
[2026-03-27T17:55:58.662+0000] {processor.py:161} INFO - Started process (PID=224) to work on /opt/airflow/dags/snowflake_pipeline_dag.py
[2026-03-27T17:55:58.664+0000] {processor.py:830} INFO - Processing file /opt/airflow/dags/snowflake_pipeline_dag.py for tasks to queue
[2026-03-27T17:55:58.669+0000] {logging_mixin.py:188} INFO - [2026-03-27T17:55:58.668+0000] {dagbag.py:545} INFO - Filling up the DagBag from /opt/airflow/dags/snowflake_pipeline_dag.py
[2026-03-27T17:55:58.729+0000] {processor.py:840} INFO - DAG(s) 'snowflake_realtime_pipeline' retrieved from /opt/airflow/dags/snowflake_pipeline_dag.py
[2026-03-27T17:55:58.806+0000] {logging_mixin.py:188} INFO - [2026-03-27T17:55:58.805+0000] {dag.py:3089} INFO - Sync 1 DAGs
[2026-03-27T17:55:58.860+0000] {logging_mixin.py:188} INFO - [2026-03-27T17:55:58.860+0000] {dag.py:3947} INFO - Setting next_dagrun for snowflake_realtime_pipeline to 2026-03-27 17:50:00+00:00, run_after=2026-03-27 17:55:00+00:00
[2026-03-27T17:55:58.926+0000] {processor.py:183} INFO - Processing /opt/airflow/dags/snowflake_pipeline_dag.py took 0.278 seconds
[2026-03-27T17:56:30.033+0000] {processor.py:161} INFO - Started process (PID=350) to work on /opt/airflow/dags/snowflake_pipeline_dag.py
[2026-03-27T17:56:30.036+0000] {processor.py:830} INFO - Processing file /opt/airflow/dags/snowflake_pipeline_dag.py for tasks to queue
[2026-03-27T17:56:30.044+0000] {logging_mixin.py:188} INFO - [2026-03-27T17:56:30.042+0000] {dagbag.py:545} INFO - Filling up the DagBag from /opt/airflow/dags/snowflake_pipeline_dag.py
[2026-03-27T17:56:30.135+0000] {processor.py:840} INFO - DAG(s) 'snowflake_realtime_pipeline' retrieved from /opt/airflow/dags/snowflake_pipeline_dag.py
[2026-03-27T17:56:30.254+0000] {logging_mixin.py:188} INFO - [2026-03-27T17:56:30.254+0000] {dag.py:3089} INFO - Sync 1 DAGs
[2026-03-27T17:56:30.358+0000] {logging_mixin.py:188} INFO - [2026-03-27T17:56:30.357+0000] {dag.py:3947} INFO - Setting next_dagrun for snowflake_realtime_pipeline to 2026-03-27 17:50:00+00:00, run_after=2026-03-27 17:55:00+00:00
[2026-03-27T17:56:30.437+0000] {processor.py:183} INFO - Processing /opt/airflow/dags/snowflake_pipeline_dag.py took 0.425 seconds
[2026-03-27T17:57:01.043+0000] {processor.py:161} INFO - Started process (PID=481) to work on /opt/airflow/dags/snowflake_pipeline_dag.py
[2026-03-27T17:57:01.046+0000] {processor.py:830} INFO - Processing file /opt/airflow/dags/snowflake_pipeline_dag.py for tasks to queue
[2026-03-27T17:57:01.050+0000] {logging_mixin.py:188} INFO - [2026-03-27T17:57:01.049+0000] {dagbag.py:545} INFO - Filling up the DagBag from /opt/airflow/dags/snowflake_pipeline_dag.py
[2026-03-27T17:57:01.096+0000] {processor.py:840} INFO - DAG(s) 'snowflake_realtime_pipeline' retrieved from /opt/airflow/dags/snowflake_pipeline_dag.py
[2026-03-27T17:57:01.171+0000] {logging_mixin.py:188} INFO - [2026-03-27T17:57:01.170+0000] {dag.py:3089} INFO - Sync 1 DAGs
[2026-03-27T17:57:01.249+0000] {logging_mixin.py:188} INFO - [2026-03-27T17:57:01.248+0000] {dag.py:3947} INFO - Setting next_dagrun for snowflake_realtime_pipeline to 2026-03-27 17:50:00+00:00, run_after=2026-03-27 17:55:00+00:00
[2026-03-27T17:57:01.303+0000] {processor.py:183} INFO - Processing /opt/airflow/dags/snowflake_pipeline_dag.py took 0.276 seconds
[2026-03-27T17:57:32.393+0000] {processor.py:161} INFO - Started process (PID=1278) to work on /opt/airflow/dags/snowflake_pipeline_dag.py
[2026-03-27T17:57:32.396+0000] {processor.py:830} INFO - Processing file /opt/airflow/dags/snowflake_pipeline_dag.py for tasks to queue
[2026-03-27T17:57:32.401+0000] {logging_mixin.py:188} INFO - [2026-03-27T17:57:32.400+0000] {dagbag.py:545} INFO - Filling up the DagBag from /opt/airflow/dags/snowflake_pipeline_dag.py
[2026-03-27T17:57:32.456+0000] {processor.py:840} INFO - DAG(s) 'snowflake_realtime_pipeline' retrieved from /opt/airflow/dags/snowflake_pipeline_dag.py
[2026-03-27T17:57:32.554+0000] {logging_mixin.py:188} INFO - [2026-03-27T17:57:32.554+0000] {dag.py:3089} INFO - Sync 1 DAGs
[2026-03-27T17:57:32.622+0000] {logging_mixin.py:188} INFO - [2026-03-27T17:57:32.621+0000] {dag.py:3947} INFO - Setting next_dagrun for snowflake_realtime_pipeline to 2026-03-27 17:50:00+00:00, run_after=2026-03-27 17:55:00+00:00
[2026-03-27T17:57:32.665+0000] {processor.py:183} INFO - Processing /opt/airflow/dags/snowflake_pipeline_dag.py took 0.289 seconds
[2026-03-27T17:58:03.259+0000] {processor.py:161} INFO - Started process (PID=1323) to work on /opt/airflow/dags/snowflake_pipeline_dag.py
[2026-03-27T17:58:03.261+0000] {processor.py:830} INFO - Processing file /opt/airflow/dags/snowflake_pipeline_dag.py for tasks to queue
[2026-03-27T17:58:03.265+0000] {logging_mixin.py:188} INFO - [2026-03-27T17:58:03.264+0000] {dagbag.py:545} INFO - Filling up the DagBag from /opt/airflow/dags/snowflake_pipeline_dag.py
[2026-03-27T17:58:03.335+0000] {processor.py:840} INFO - DAG(s) 'snowflake_realtime_pipeline' retrieved from /opt/airflow/dags/snowflake_pipeline_dag.py
[2026-03-27T17:58:03.439+0000] {logging_mixin.py:188} INFO - [2026-03-27T17:58:03.438+0000] {dag.py:3089} INFO - Sync 1 DAGs
[2026-03-27T17:58:03.513+0000] {logging_mixin.py:188} INFO - [2026-03-27T17:58:03.513+0000] {dag.py:3947} INFO - Setting next_dagrun for snowflake_realtime_pipeline to 2026-03-27 17:50:00+00:00, run_after=2026-03-27 17:55:00+00:00
[2026-03-27T17:58:03.585+0000] {processor.py:183} INFO - Processing /opt/airflow/dags/snowflake_pipeline_dag.py took 0.338 seconds
[2026-03-27T17:58:34.058+0000] {processor.py:161} INFO - Started process (PID=1348) to work on /opt/airflow/dags/snowflake_pipeline_dag.py
[2026-03-27T17:58:34.060+0000] {processor.py:830} INFO - Processing file /opt/airflow/dags/snowflake_pipeline_dag.py for tasks to queue
[2026-03-27T17:58:34.065+0000] {logging_mixin.py:188} INFO - [2026-03-27T17:58:34.064+0000] {dagbag.py:545} INFO - Filling up the DagBag from /opt/airflow/dags/snowflake_pipeline_dag.py
[2026-03-27T17:58:34.114+0000] {processor.py:840} INFO - DAG(s) 'snowflake_realtime_pipeline' retrieved from /opt/airflow/dags/snowflake_pipeline_dag.py
[2026-03-27T17:58:34.179+0000] {logging_mixin.py:188} INFO - [2026-03-27T17:58:34.178+0000] {dag.py:3089} INFO - Sync 1 DAGs
[2026-03-27T17:58:34.242+0000] {logging_mixin.py:188} INFO - [2026-03-27T17:58:34.241+0000] {dag.py:3947} INFO - Setting next_dagrun for snowflake_realtime_pipeline to 2026-03-27 17:50:00+00:00, run_after=2026-03-27 17:55:00+00:00
[2026-03-27T17:58:34.300+0000] {processor.py:183} INFO - Processing /opt/airflow/dags/snowflake_pipeline_dag.py took 0.258 seconds
[2026-03-27T17:59:04.792+0000] {processor.py:161} INFO - Started process (PID=1371) to work on /opt/airflow/dags/snowflake_pipeline_dag.py
[2026-03-27T17:59:04.794+0000] {processor.py:830} INFO - Processing file /opt/airflow/dags/snowflake_pipeline_dag.py for tasks to queue
[2026-03-27T17:59:04.798+0000] {logging_mixin.py:188} INFO - [2026-03-27T17:59:04.798+0000] {dagbag.py:545} INFO - Filling up the DagBag from /opt/airflow/dags/snowflake_pipeline_dag.py
[2026-03-27T17:59:04.854+0000] {processor.py:840} INFO - DAG(s) 'snowflake_realtime_pipeline' retrieved from /opt/airflow/dags/snowflake_pipeline_dag.py
[2026-03-27T17:59:04.955+0000] {logging_mixin.py:188} INFO - [2026-03-27T17:59:04.954+0000] {dag.py:3089} INFO - Sync 1 DAGs
[2026-03-27T17:59:05.011+0000] {logging_mixin.py:188} INFO - [2026-03-27T17:59:05.011+0000] {dag.py:3947} INFO - Setting next_dagrun for snowflake_realtime_pipeline to 2026-03-27 17:50:00+00:00, run_after=2026-03-27 17:55:00+00:00
[2026-03-27T17:59:05.078+0000] {processor.py:183} INFO - Processing /opt/airflow/dags/snowflake_pipeline_dag.py took 0.301 seconds
[2026-03-27T17:59:35.625+0000] {processor.py:161} INFO - Started process (PID=1405) to work on /opt/airflow/dags/snowflake_pipeline_dag.py
[2026-03-27T17:59:35.629+0000] {processor.py:830} INFO - Processing file /opt/airflow/dags/snowflake_pipeline_dag.py for tasks to queue
[2026-03-27T17:59:35.636+0000] {logging_mixin.py:188} INFO - [2026-03-27T17:59:35.635+0000] {dagbag.py:545} INFO - Filling up the DagBag from /opt/airflow/dags/snowflake_pipeline_dag.py
[2026-03-27T17:59:35.684+0000] {processor.py:840} INFO - DAG(s) 'snowflake_realtime_pipeline' retrieved from /opt/airflow/dags/snowflake_pipeline_dag.py
[2026-03-27T17:59:35.779+0000] {logging_mixin.py:188} INFO - [2026-03-27T17:59:35.778+0000] {dag.py:3089} INFO - Sync 1 DAGs
[2026-03-27T17:59:35.857+0000] {logging_mixin.py:188} INFO - [2026-03-27T17:59:35.857+0000] {dag.py:3947} INFO - Setting next_dagrun for snowflake_realtime_pipeline to 2026-03-27 17:50:00+00:00, run_after=2026-03-27 17:55:00+00:00
[2026-03-27T17:59:35.917+0000] {processor.py:183} INFO - Processing /opt/airflow/dags/snowflake_pipeline_dag.py took 0.308 seconds
[2026-03-27T18:00:06.389+0000] {processor.py:161} INFO - Started process (PID=1430) to work on /opt/airflow/dags/snowflake_pipeline_dag.py
[2026-03-27T18:00:06.392+0000] {processor.py:830} INFO - Processing file /opt/airflow/dags/snowflake_pipeline_dag.py for tasks to queue
[2026-03-27T18:00:06.396+0000] {logging_mixin.py:188} INFO - [2026-03-27T18:00:06.395+0000] {dagbag.py:545} INFO - Filling up the DagBag from /opt/airflow/dags/snowflake_pipeline_dag.py
[2026-03-27T18:00:06.453+0000] {processor.py:840} INFO - DAG(s) 'snowflake_realtime_pipeline' retrieved from /opt/airflow/dags/snowflake_pipeline_dag.py
[2026-03-27T18:00:06.533+0000] {logging_mixin.py:188} INFO - [2026-03-27T18:00:06.532+0000] {dag.py:3089} INFO - Sync 1 DAGs
[2026-03-27T18:00:06.590+0000] {logging_mixin.py:188} INFO - [2026-03-27T18:00:06.590+0000] {dag.py:3947} INFO - Setting next_dagrun for snowflake_realtime_pipeline to 2026-03-27 17:55:00+00:00, run_after=2026-03-27 18:00:00+00:00
[2026-03-27T18:00:06.636+0000] {processor.py:183} INFO - Processing /opt/airflow/dags/snowflake_pipeline_dag.py took 0.259 seconds
[2026-03-27T18:00:37.495+0000] {processor.py:161} INFO - Started process (PID=1455) to work on /opt/airflow/dags/snowflake_pipeline_dag.py
[2026-03-27T18:00:37.497+0000] {processor.py:830} INFO - Processing file /opt/airflow/dags/snowflake_pipeline_dag.py for tasks to queue
[2026-03-27T18:00:37.501+0000] {logging_mixin.py:188} INFO - [2026-03-27T18:00:37.501+0000] {dagbag.py:545} INFO - Filling up the DagBag from /opt/airflow/dags/snowflake_pipeline_dag.py
[2026-03-27T18:00:37.567+0000] {processor.py:840} INFO - DAG(s) 'snowflake_realtime_pipeline' retrieved from /opt/airflow/dags/snowflake_pipeline_dag.py
[2026-03-27T18:00:37.664+0000] {logging_mixin.py:188} INFO - [2026-03-27T18:00:37.663+0000] {dag.py:3089} INFO - Sync 1 DAGs
[2026-03-27T18:00:37.738+0000] {logging_mixin.py:188} INFO - [2026-03-27T18:00:37.737+0000] {dag.py:3947} INFO - Setting next_dagrun for snowflake_realtime_pipeline to 2026-03-27 17:55:00+00:00, run_after=2026-03-27 18:00:00+00:00
[2026-03-27T18:00:37.796+0000] {processor.py:183} INFO - Processing /opt/airflow/dags/snowflake_pipeline_dag.py took 0.311 seconds
[2026-03-27T18:01:08.466+0000] {processor.py:161} INFO - Started process (PID=1480) to work on /opt/airflow/dags/snowflake_pipeline_dag.py
[2026-03-27T18:01:08.469+0000] {processor.py:830} INFO - Processing file /opt/airflow/dags/snowflake_pipeline_dag.py for tasks to queue
[2026-03-27T18:01:08.474+0000] {logging_mixin.py:188} INFO - [2026-03-27T18:01:08.473+0000] {dagbag.py:545} INFO - Filling up the DagBag from /opt/airflow/dags/snowflake_pipeline_dag.py
[2026-03-27T18:01:08.535+0000] {processor.py:840} INFO - DAG(s) 'snowflake_realtime_pipeline' retrieved from /opt/airflow/dags/snowflake_pipeline_dag.py
[2026-03-27T18:01:08.625+0000] {logging_mixin.py:188} INFO - [2026-03-27T18:01:08.625+0000] {dag.py:3089} INFO - Sync 1 DAGs
[2026-03-27T18:01:08.697+0000] {logging_mixin.py:188} INFO - [2026-03-27T18:01:08.696+0000] {dag.py:3947} INFO - Setting next_dagrun for snowflake_realtime_pipeline to 2026-03-27 17:55:00+00:00, run_after=2026-03-27 18:00:00+00:00
[2026-03-27T18:01:08.772+0000] {processor.py:183} INFO - Processing /opt/airflow/dags/snowflake_pipeline_dag.py took 0.321 seconds
[2026-03-27T18:01:39.296+0000] {processor.py:161} INFO - Started process (PID=1511) to work on /opt/airflow/dags/snowflake_pipeline_dag.py
[2026-03-27T18:01:39.298+0000] {processor.py:830} INFO - Processing file /opt/airflow/dags/snowflake_pipeline_dag.py for tasks to queue
[2026-03-27T18:01:39.308+0000] {logging_mixin.py:188} INFO - [2026-03-27T18:01:39.307+0000] {dagbag.py:545} INFO - Filling up the DagBag from /opt/airflow/dags/snowflake_pipeline_dag.py
[2026-03-27T18:01:39.368+0000] {processor.py:840} INFO - DAG(s) 'snowflake_realtime_pipeline' retrieved from /opt/airflow/dags/snowflake_pipeline_dag.py
[2026-03-27T18:01:39.433+0000] {logging_mixin.py:188} INFO - [2026-03-27T18:01:39.433+0000] {dag.py:3089} INFO - Sync 1 DAGs
[2026-03-27T18:01:39.500+0000] {logging_mixin.py:188} INFO - [2026-03-27T18:01:39.499+0000] {dag.py:3947} INFO - Setting next_dagrun for snowflake_realtime_pipeline to 2026-03-27 17:55:00+00:00, run_after=2026-03-27 18:00:00+00:00
[2026-03-27T18:01:39.549+0000] {processor.py:183} INFO - Processing /opt/airflow/dags/snowflake_pipeline_dag.py took 0.272 seconds
[2026-03-27T18:02:10.391+0000] {processor.py:161} INFO - Started process (PID=1540) to work on /opt/airflow/dags/snowflake_pipeline_dag.py
[2026-03-27T18:02:10.395+0000] {processor.py:830} INFO - Processing file /opt/airflow/dags/snowflake_pipeline_dag.py for tasks to queue
[2026-03-27T18:02:10.402+0000] {logging_mixin.py:188} INFO - [2026-03-27T18:02:10.400+0000] {dagbag.py:545} INFO - Filling up the DagBag from /opt/airflow/dags/snowflake_pipeline_dag.py
[2026-03-27T18:02:10.472+0000] {processor.py:840} INFO - DAG(s) 'snowflake_realtime_pipeline' retrieved from /opt/airflow/dags/snowflake_pipeline_dag.py
[2026-03-27T18:02:10.569+0000] {logging_mixin.py:188} INFO - [2026-03-27T18:02:10.568+0000] {dag.py:3089} INFO - Sync 1 DAGs
[2026-03-27T18:02:10.653+0000] {logging_mixin.py:188} INFO - [2026-03-27T18:02:10.650+0000] {dag.py:3947} INFO - Setting next_dagrun for snowflake_realtime_pipeline to 2026-03-27 17:55:00+00:00, run_after=2026-03-27 18:00:00+00:00
[2026-03-27T18:02:10.725+0000] {processor.py:183} INFO - Processing /opt/airflow/dags/snowflake_pipeline_dag.py took 0.351 seconds
[2026-03-27T18:02:41.347+0000] {processor.py:161} INFO - Started process (PID=1565) to work on /opt/airflow/dags/snowflake_pipeline_dag.py
[2026-03-27T18:02:41.349+0000] {processor.py:830} INFO - Processing file /opt/airflow/dags/snowflake_pipeline_dag.py for tasks to queue
[2026-03-27T18:02:41.352+0000] {logging_mixin.py:188} INFO - [2026-03-27T18:02:41.351+0000] {dagbag.py:545} INFO - Filling up the DagBag from /opt/airflow/dags/snowflake_pipeline_dag.py
[2026-03-27T18:02:41.396+0000] {processor.py:840} INFO - DAG(s) 'snowflake_realtime_pipeline' retrieved from /opt/airflow/dags/snowflake_pipeline_dag.py
[2026-03-27T18:02:41.463+0000] {logging_mixin.py:188} INFO - [2026-03-27T18:02:41.463+0000] {dag.py:3089} INFO - Sync 1 DAGs
[2026-03-27T18:02:41.537+0000] {logging_mixin.py:188} INFO - [2026-03-27T18:02:41.536+0000] {dag.py:3947} INFO - Setting next_dagrun for snowflake_realtime_pipeline to 2026-03-27 17:55:00+00:00, run_after=2026-03-27 18:00:00+00:00
[2026-03-27T18:02:41.602+0000] {processor.py:183} INFO - Processing /opt/airflow/dags/snowflake_pipeline_dag.py took 0.268 seconds
[2026-03-27T18:03:12.225+0000] {processor.py:161} INFO - Started process (PID=1590) to work on /opt/airflow/dags/snowflake_pipeline_dag.py
[2026-03-27T18:03:12.227+0000] {processor.py:830} INFO - Processing file /opt/airflow/dags/snowflake_pipeline_dag.py for tasks to queue
[2026-03-27T18:03:12.233+0000] {logging_mixin.py:188} INFO - [2026-03-27T18:03:12.232+0000] {dagbag.py:545} INFO - Filling up the DagBag from /opt/airflow/dags/snowflake_pipeline_dag.py
[2026-03-27T18:03:12.291+0000] {processor.py:840} INFO - DAG(s) 'snowflake_realtime_pipeline' retrieved from /opt/airflow/dags/snowflake_pipeline_dag.py
[2026-03-27T18:03:12.358+0000] {logging_mixin.py:188} INFO - [2026-03-27T18:03:12.357+0000] {dag.py:3089} INFO - Sync 1 DAGs
[2026-03-27T18:03:12.405+0000] {logging_mixin.py:188} INFO - [2026-03-27T18:03:12.405+0000] {dag.py:3947} INFO - Setting next_dagrun for snowflake_realtime_pipeline to 2026-03-27 17:55:00+00:00, run_after=2026-03-27 18:00:00+00:00
[2026-03-27T18:03:12.449+0000] {processor.py:183} INFO - Processing /opt/airflow/dags/snowflake_pipeline_dag.py took 0.243 seconds
[2026-03-27T18:03:43.390+0000] {processor.py:161} INFO - Started process (PID=2517) to work on /opt/airflow/dags/snowflake_pipeline_dag.py
[2026-03-27T18:03:43.393+0000] {processor.py:830} INFO - Processing file /opt/airflow/dags/snowflake_pipeline_dag.py for tasks to queue
[2026-03-27T18:03:43.402+0000] {logging_mixin.py:188} INFO - [2026-03-27T18:03:43.401+0000] {dagbag.py:545} INFO - Filling up the DagBag from /opt/airflow/dags/snowflake_pipeline_dag.py
[2026-03-27T18:03:43.446+0000] {processor.py:840} INFO - DAG(s) 'snowflake_realtime_pipeline' retrieved from /opt/airflow/dags/snowflake_pipeline_dag.py
[2026-03-27T18:03:43.506+0000] {logging_mixin.py:188} INFO - [2026-03-27T18:03:43.506+0000] {dag.py:3089} INFO - Sync 1 DAGs
[2026-03-27T18:03:43.553+0000] {logging_mixin.py:188} INFO - [2026-03-27T18:03:43.553+0000] {dag.py:3947} INFO - Setting next_dagrun for snowflake_realtime_pipeline to 2026-03-27 17:55:00+00:00, run_after=2026-03-27 18:00:00+00:00
[2026-03-27T18:03:43.600+0000] {processor.py:183} INFO - Processing /opt/airflow/dags/snowflake_pipeline_dag.py took 0.227 seconds
[2026-03-27T18:04:14.409+0000] {processor.py:161} INFO - Started process (PID=3463) to work on /opt/airflow/dags/snowflake_pipeline_dag.py
[2026-03-27T18:04:14.411+0000] {processor.py:830} INFO - Processing file /opt/airflow/dags/snowflake_pipeline_dag.py for tasks to queue
[2026-03-27T18:04:14.415+0000] {logging_mixin.py:188} INFO - [2026-03-27T18:04:14.414+0000] {dagbag.py:545} INFO - Filling up the DagBag from /opt/airflow/dags/snowflake_pipeline_dag.py
[2026-03-27T18:04:14.466+0000] {processor.py:840} INFO - DAG(s) 'snowflake_realtime_pipeline' retrieved from /opt/airflow/dags/snowflake_pipeline_dag.py
[2026-03-27T18:04:14.532+0000] {logging_mixin.py:188} INFO - [2026-03-27T18:04:14.532+0000] {dag.py:3089} INFO - Sync 1 DAGs
[2026-03-27T18:04:14.596+0000] {logging_mixin.py:188} INFO - [2026-03-27T18:04:14.595+0000] {dag.py:3947} INFO - Setting next_dagrun for snowflake_realtime_pipeline to 2026-03-27 17:55:00+00:00, run_after=2026-03-27 18:00:00+00:00
[2026-03-27T18:04:14.666+0000] {processor.py:183} INFO - Processing /opt/airflow/dags/snowflake_pipeline_dag.py took 0.269 seconds
[2026-03-27T18:04:45.404+0000] {processor.py:161} INFO - Started process (PID=3498) to work on /opt/airflow/dags/snowflake_pipeline_dag.py
[2026-03-27T18:04:45.406+0000] {processor.py:830} INFO - Processing file /opt/airflow/dags/snowflake_pipeline_dag.py for tasks to queue
[2026-03-27T18:04:45.410+0000] {logging_mixin.py:188} INFO - [2026-03-27T18:04:45.410+0000] {dagbag.py:545} INFO - Filling up the DagBag from /opt/airflow/dags/snowflake_pipeline_dag.py
[2026-03-27T18:04:45.458+0000] {processor.py:840} INFO - DAG(s) 'snowflake_realtime_pipeline' retrieved from /opt/airflow/dags/snowflake_pipeline_dag.py
[2026-03-27T18:04:45.519+0000] {logging_mixin.py:188} INFO - [2026-03-27T18:04:45.519+0000] {dag.py:3089} INFO - Sync 1 DAGs
[2026-03-27T18:04:45.570+0000] {logging_mixin.py:188} INFO - [2026-03-27T18:04:45.569+0000] {dag.py:3947} INFO - Setting next_dagrun for snowflake_realtime_pipeline to 2026-03-27 17:55:00+00:00, run_after=2026-03-27 18:00:00+00:00
[2026-03-27T18:04:45.636+0000] {processor.py:183} INFO - Processing /opt/airflow/dags/snowflake_pipeline_dag.py took 0.244 seconds
[2026-03-27T18:05:16.551+0000] {processor.py:161} INFO - Started process (PID=3523) to work on /opt/airflow/dags/snowflake_pipeline_dag.py
[2026-03-27T18:05:16.553+0000] {processor.py:830} INFO - Processing file /opt/airflow/dags/snowflake_pipeline_dag.py for tasks to queue
[2026-03-27T18:05:16.557+0000] {logging_mixin.py:188} INFO - [2026-03-27T18:05:16.556+0000] {dagbag.py:545} INFO - Filling up the DagBag from /opt/airflow/dags/snowflake_pipeline_dag.py
[2026-03-27T18:05:16.605+0000] {processor.py:840} INFO - DAG(s) 'snowflake_realtime_pipeline' retrieved from /opt/airflow/dags/snowflake_pipeline_dag.py
[2026-03-27T18:05:16.682+0000] {logging_mixin.py:188} INFO - [2026-03-27T18:05:16.681+0000] {dag.py:3089} INFO - Sync 1 DAGs
[2026-03-27T18:05:16.739+0000] {logging_mixin.py:188} INFO - [2026-03-27T18:05:16.739+0000] {dag.py:3947} INFO - Setting next_dagrun for snowflake_realtime_pipeline to 2026-03-27 18:00:00+00:00, run_after=2026-03-27 18:05:00+00:00
[2026-03-27T18:05:16.797+0000] {processor.py:183} INFO - Processing /opt/airflow/dags/snowflake_pipeline_dag.py took 0.257 seconds
[2026-03-27T18:05:47.745+0000] {processor.py:161} INFO - Started process (PID=3548) to work on /opt/airflow/dags/snowflake_pipeline_dag.py
[2026-03-27T18:05:47.748+0000] {processor.py:830} INFO - Processing file /opt/airflow/dags/snowflake_pipeline_dag.py for tasks to queue
[2026-03-27T18:05:47.755+0000] {logging_mixin.py:188} INFO - [2026-03-27T18:05:47.754+0000] {dagbag.py:545} INFO - Filling up the DagBag from /opt/airflow/dags/snowflake_pipeline_dag.py
[2026-03-27T18:05:47.827+0000] {processor.py:840} INFO - DAG(s) 'snowflake_realtime_pipeline' retrieved from /opt/airflow/dags/snowflake_pipeline_dag.py
[2026-03-27T18:05:47.928+0000] {logging_mixin.py:188} INFO - [2026-03-27T18:05:47.928+0000] {dag.py:3089} INFO - Sync 1 DAGs
[2026-03-27T18:05:48.006+0000] {logging_mixin.py:188} INFO - [2026-03-27T18:05:48.005+0000] {dag.py:3947} INFO - Setting next_dagrun for snowflake_realtime_pipeline to 2026-03-27 18:00:00+00:00, run_after=2026-03-27 18:05:00+00:00
[2026-03-27T18:05:48.071+0000] {processor.py:183} INFO - Processing /opt/airflow/dags/snowflake_pipeline_dag.py took 0.352 seconds
[2026-03-27T18:14:50.819+0000] {processor.py:161} INFO - Started process (PID=173) to work on /opt/airflow/dags/snowflake_pipeline_dag.py
[2026-03-27T18:14:50.822+0000] {processor.py:830} INFO - Processing file /opt/airflow/dags/snowflake_pipeline_dag.py for tasks to queue
[2026-03-27T18:14:50.826+0000] {logging_mixin.py:188} INFO - [2026-03-27T18:14:50.826+0000] {dagbag.py:545} INFO - Filling up the DagBag from /opt/airflow/dags/snowflake_pipeline_dag.py
[2026-03-27T18:14:50.877+0000] {processor.py:840} INFO - DAG(s) 'snowflake_realtime_pipeline' retrieved from /opt/airflow/dags/snowflake_pipeline_dag.py
[2026-03-27T18:14:51.165+0000] {logging_mixin.py:188} INFO - [2026-03-27T18:14:51.164+0000] {override.py:1858} INFO - Created Permission View: can edit on DAG:snowflake_realtime_pipeline
[2026-03-27T18:14:51.193+0000] {logging_mixin.py:188} INFO - [2026-03-27T18:14:51.193+0000] {override.py:1858} INFO - Created Permission View: can delete on DAG:snowflake_realtime_pipeline
[2026-03-27T18:14:51.210+0000] {logging_mixin.py:188} INFO - [2026-03-27T18:14:51.209+0000] {override.py:1858} INFO - Created Permission View: can read on DAG:snowflake_realtime_pipeline
[2026-03-27T18:14:51.211+0000] {logging_mixin.py:188} INFO - [2026-03-27T18:14:51.211+0000] {dag.py:3089} INFO - Sync 1 DAGs
[2026-03-27T18:14:51.240+0000] {logging_mixin.py:188} INFO - [2026-03-27T18:14:51.240+0000] {dag.py:3111} INFO - Creating ORM DAG for snowflake_realtime_pipeline
[2026-03-27T18:14:51.262+0000] {logging_mixin.py:188} INFO - [2026-03-27T18:14:51.261+0000] {dag.py:3947} INFO - Setting next_dagrun for snowflake_realtime_pipeline to 2026-03-27 18:05:00+00:00, run_after=2026-03-27 18:10:00+00:00
[2026-03-27T18:14:51.302+0000] {processor.py:183} INFO - Processing /opt/airflow/dags/snowflake_pipeline_dag.py took 0.500 seconds
[2026-03-27T18:15:21.937+0000] {processor.py:161} INFO - Started process (PID=198) to work on /opt/airflow/dags/snowflake_pipeline_dag.py
[2026-03-27T18:15:21.939+0000] {processor.py:830} INFO - Processing file /opt/airflow/dags/snowflake_pipeline_dag.py for tasks to queue
[2026-03-27T18:15:21.943+0000] {logging_mixin.py:188} INFO - [2026-03-27T18:15:21.942+0000] {dagbag.py:545} INFO - Filling up the DagBag from /opt/airflow/dags/snowflake_pipeline_dag.py
[2026-03-27T18:15:21.996+0000] {processor.py:840} INFO - DAG(s) 'snowflake_realtime_pipeline' retrieved from /opt/airflow/dags/snowflake_pipeline_dag.py
[2026-03-27T18:15:22.060+0000] {logging_mixin.py:188} INFO - [2026-03-27T18:15:22.060+0000] {dag.py:3089} INFO - Sync 1 DAGs
[2026-03-27T18:15:22.122+0000] {logging_mixin.py:188} INFO - [2026-03-27T18:15:22.121+0000] {dag.py:3947} INFO - Setting next_dagrun for snowflake_realtime_pipeline to 2026-03-27 18:10:00+00:00, run_after=2026-03-27 18:15:00+00:00
[2026-03-27T18:15:22.193+0000] {processor.py:183} INFO - Processing /opt/airflow/dags/snowflake_pipeline_dag.py took 0.271 seconds
[2026-03-27T18:15:52.896+0000] {processor.py:161} INFO - Started process (PID=224) to work on /opt/airflow/dags/snowflake_pipeline_dag.py
[2026-03-27T18:15:52.921+0000] {processor.py:830} INFO - Processing file /opt/airflow/dags/snowflake_pipeline_dag.py for tasks to queue
[2026-03-27T18:15:52.927+0000] {logging_mixin.py:188} INFO - [2026-03-27T18:15:52.926+0000] {dagbag.py:545} INFO - Filling up the DagBag from /opt/airflow/dags/snowflake_pipeline_dag.py
[2026-03-27T18:15:53.051+0000] {processor.py:840} INFO - DAG(s) 'snowflake_realtime_pipeline' retrieved from /opt/airflow/dags/snowflake_pipeline_dag.py
[2026-03-27T18:15:53.143+0000] {logging_mixin.py:188} INFO - [2026-03-27T18:15:53.142+0000] {dag.py:3089} INFO - Sync 1 DAGs
[2026-03-27T18:15:53.252+0000] {logging_mixin.py:188} INFO - [2026-03-27T18:15:53.251+0000] {dag.py:3947} INFO - Setting next_dagrun for snowflake_realtime_pipeline to 2026-03-27 18:10:00+00:00, run_after=2026-03-27 18:15:00+00:00
[2026-03-27T18:15:53.313+0000] {processor.py:183} INFO - Processing /opt/airflow/dags/snowflake_pipeline_dag.py took 0.447 seconds
[2026-03-27T18:16:23.787+0000] {processor.py:161} INFO - Started process (PID=349) to work on /opt/airflow/dags/snowflake_pipeline_dag.py
[2026-03-27T18:16:23.794+0000] {processor.py:830} INFO - Processing file /opt/airflow/dags/snowflake_pipeline_dag.py for tasks to queue
[2026-03-27T18:16:23.806+0000] {logging_mixin.py:188} INFO - [2026-03-27T18:16:23.805+0000] {dagbag.py:545} INFO - Filling up the DagBag from /opt/airflow/dags/snowflake_pipeline_dag.py
[2026-03-27T18:16:23.886+0000] {processor.py:840} INFO - DAG(s) 'snowflake_realtime_pipeline' retrieved from /opt/airflow/dags/snowflake_pipeline_dag.py
[2026-03-27T18:16:24.017+0000] {logging_mixin.py:188} INFO - [2026-03-27T18:16:24.017+0000] {dag.py:3089} INFO - Sync 1 DAGs
[2026-03-27T18:16:24.147+0000] {logging_mixin.py:188} INFO - [2026-03-27T18:16:24.146+0000] {dag.py:3947} INFO - Setting next_dagrun for snowflake_realtime_pipeline to 2026-03-27 18:10:00+00:00, run_after=2026-03-27 18:15:00+00:00
[2026-03-27T18:16:24.232+0000] {processor.py:183} INFO - Processing /opt/airflow/dags/snowflake_pipeline_dag.py took 0.468 seconds
[2026-03-27T18:16:54.693+0000] {processor.py:161} INFO - Started process (PID=559) to work on /opt/airflow/dags/snowflake_pipeline_dag.py
[2026-03-27T18:16:54.699+0000] {processor.py:830} INFO - Processing file /opt/airflow/dags/snowflake_pipeline_dag.py for tasks to queue
[2026-03-27T18:16:54.712+0000] {logging_mixin.py:188} INFO - [2026-03-27T18:16:54.711+0000] {dagbag.py:545} INFO - Filling up the DagBag from /opt/airflow/dags/snowflake_pipeline_dag.py
[2026-03-27T18:16:54.769+0000] {processor.py:840} INFO - DAG(s) 'snowflake_realtime_pipeline' retrieved from /opt/airflow/dags/snowflake_pipeline_dag.py
[2026-03-27T18:16:54.854+0000] {logging_mixin.py:188} INFO - [2026-03-27T18:16:54.853+0000] {dag.py:3089} INFO - Sync 1 DAGs
[2026-03-27T18:16:54.936+0000] {logging_mixin.py:188} INFO - [2026-03-27T18:16:54.935+0000] {dag.py:3947} INFO - Setting next_dagrun for snowflake_realtime_pipeline to 2026-03-27 18:10:00+00:00, run_after=2026-03-27 18:15:00+00:00
[2026-03-27T18:16:54.990+0000] {processor.py:183} INFO - Processing /opt/airflow/dags/snowflake_pipeline_dag.py took 0.329 seconds
[2026-03-27T18:17:25.356+0000] {processor.py:161} INFO - Started process (PID=1197) to work on /opt/airflow/dags/snowflake_pipeline_dag.py
[2026-03-27T18:17:25.358+0000] {processor.py:830} INFO - Processing file /opt/airflow/dags/snowflake_pipeline_dag.py for tasks to queue
[2026-03-27T18:17:25.363+0000] {logging_mixin.py:188} INFO - [2026-03-27T18:17:25.362+0000] {dagbag.py:545} INFO - Filling up the DagBag from /opt/airflow/dags/snowflake_pipeline_dag.py
[2026-03-27T18:17:25.422+0000] {processor.py:840} INFO - DAG(s) 'snowflake_realtime_pipeline' retrieved from /opt/airflow/dags/snowflake_pipeline_dag.py
[2026-03-27T18:17:25.496+0000] {logging_mixin.py:188} INFO - [2026-03-27T18:17:25.495+0000] {dag.py:3089} INFO - Sync 1 DAGs
[2026-03-27T18:17:25.554+0000] {logging_mixin.py:188} INFO - [2026-03-27T18:17:25.553+0000] {dag.py:3947} INFO - Setting next_dagrun for snowflake_realtime_pipeline to 2026-03-27 18:10:00+00:00, run_after=2026-03-27 18:15:00+00:00
[2026-03-27T18:17:25.616+0000] {processor.py:183} INFO - Processing /opt/airflow/dags/snowflake_pipeline_dag.py took 0.273 seconds
[2026-03-27T18:17:55.829+0000] {processor.py:161} INFO - Started process (PID=1268) to work on /opt/airflow/dags/snowflake_pipeline_dag.py
[2026-03-27T18:17:55.832+0000] {processor.py:830} INFO - Processing file /opt/airflow/dags/snowflake_pipeline_dag.py for tasks to queue
[2026-03-27T18:17:55.836+0000] {logging_mixin.py:188} INFO - [2026-03-27T18:17:55.836+0000] {dagbag.py:545} INFO - Filling up the DagBag from /opt/airflow/dags/snowflake_pipeline_dag.py
[2026-03-27T18:17:55.882+0000] {processor.py:840} INFO - DAG(s) 'snowflake_realtime_pipeline' retrieved from /opt/airflow/dags/snowflake_pipeline_dag.py
[2026-03-27T18:17:55.939+0000] {logging_mixin.py:188} INFO - [2026-03-27T18:17:55.938+0000] {dag.py:3089} INFO - Sync 1 DAGs
[2026-03-27T18:17:55.985+0000] {logging_mixin.py:188} INFO - [2026-03-27T18:17:55.985+0000] {dag.py:3947} INFO - Setting next_dagrun for snowflake_realtime_pipeline to 2026-03-27 18:10:00+00:00, run_after=2026-03-27 18:15:00+00:00
[2026-03-27T18:17:56.029+0000] {processor.py:183} INFO - Processing /opt/airflow/dags/snowflake_pipeline_dag.py took 0.215 seconds
[2026-03-27T18:18:26.201+0000] {processor.py:161} INFO - Started process (PID=1293) to work on /opt/airflow/dags/snowflake_pipeline_dag.py
[2026-03-27T18:18:26.204+0000] {processor.py:830} INFO - Processing file /opt/airflow/dags/snowflake_pipeline_dag.py for tasks to queue
[2026-03-27T18:18:26.207+0000] {logging_mixin.py:188} INFO - [2026-03-27T18:18:26.207+0000] {dagbag.py:545} INFO - Filling up the DagBag from /opt/airflow/dags/snowflake_pipeline_dag.py
[2026-03-27T18:18:26.257+0000] {processor.py:840} INFO - DAG(s) 'snowflake_realtime_pipeline' retrieved from /opt/airflow/dags/snowflake_pipeline_dag.py
[2026-03-27T18:18:26.328+0000] {logging_mixin.py:188} INFO - [2026-03-27T18:18:26.327+0000] {dag.py:3089} INFO - Sync 1 DAGs
[2026-03-27T18:18:26.384+0000] {logging_mixin.py:188} INFO - [2026-03-27T18:18:26.383+0000] {dag.py:3947} INFO - Setting next_dagrun for snowflake_realtime_pipeline to 2026-03-27 18:10:00+00:00, run_after=2026-03-27 18:15:00+00:00
[2026-03-27T18:18:26.457+0000] {processor.py:183} INFO - Processing /opt/airflow/dags/snowflake_pipeline_dag.py took 0.274 seconds
[2026-03-27T18:18:56.852+0000] {processor.py:161} INFO - Started process (PID=1318) to work on /opt/airflow/dags/snowflake_pipeline_dag.py
[2026-03-27T18:18:56.855+0000] {processor.py:830} INFO - Processing file /opt/airflow/dags/snowflake_pipeline_dag.py for tasks to queue
[2026-03-27T18:18:56.862+0000] {logging_mixin.py:188} INFO - [2026-03-27T18:18:56.862+0000] {dagbag.py:545} INFO - Filling up the DagBag from /opt/airflow/dags/snowflake_pipeline_dag.py
[2026-03-27T18:18:56.911+0000] {processor.py:840} INFO - DAG(s) 'snowflake_realtime_pipeline' retrieved from /opt/airflow/dags/snowflake_pipeline_dag.py
[2026-03-27T18:18:56.994+0000] {logging_mixin.py:188} INFO - [2026-03-27T18:18:56.993+0000] {dag.py:3089} INFO - Sync 1 DAGs
[2026-03-27T18:18:57.058+0000] {logging_mixin.py:188} INFO - [2026-03-27T18:18:57.058+0000] {dag.py:3947} INFO - Setting next_dagrun for snowflake_realtime_pipeline to 2026-03-27 18:10:00+00:00, run_after=2026-03-27 18:15:00+00:00
[2026-03-27T18:18:57.118+0000] {processor.py:183} INFO - Processing /opt/airflow/dags/snowflake_pipeline_dag.py took 0.279 seconds
[2026-03-27T18:19:27.676+0000] {processor.py:161} INFO - Started process (PID=1343) to work on /opt/airflow/dags/snowflake_pipeline_dag.py
[2026-03-27T18:19:27.679+0000] {processor.py:830} INFO - Processing file /opt/airflow/dags/snowflake_pipeline_dag.py for tasks to queue
[2026-03-27T18:19:27.684+0000] {logging_mixin.py:188} INFO - [2026-03-27T18:19:27.683+0000] {dagbag.py:545} INFO - Filling up the DagBag from /opt/airflow/dags/snowflake_pipeline_dag.py
[2026-03-27T18:19:27.754+0000] {processor.py:840} INFO - DAG(s) 'snowflake_realtime_pipeline' retrieved from /opt/airflow/dags/snowflake_pipeline_dag.py
[2026-03-27T18:19:27.863+0000] {logging_mixin.py:188} INFO - [2026-03-27T18:19:27.862+0000] {dag.py:3089} INFO - Sync 1 DAGs
[2026-03-27T18:19:27.916+0000] {logging_mixin.py:188} INFO - [2026-03-27T18:19:27.916+0000] {dag.py:3947} INFO - Setting next_dagrun for snowflake_realtime_pipeline to 2026-03-27 18:10:00+00:00, run_after=2026-03-27 18:15:00+00:00
[2026-03-27T18:19:27.969+0000] {processor.py:183} INFO - Processing /opt/airflow/dags/snowflake_pipeline_dag.py took 0.311 seconds
[2026-03-27T18:19:58.650+0000] {processor.py:161} INFO - Started process (PID=1368) to work on /opt/airflow/dags/snowflake_pipeline_dag.py
[2026-03-27T18:19:58.654+0000] {processor.py:830} INFO - Processing file /opt/airflow/dags/snowflake_pipeline_dag.py for tasks to queue
[2026-03-27T18:19:58.660+0000] {logging_mixin.py:188} INFO - [2026-03-27T18:19:58.659+0000] {dagbag.py:545} INFO - Filling up the DagBag from /opt/airflow/dags/snowflake_pipeline_dag.py
[2026-03-27T18:19:58.724+0000] {processor.py:840} INFO - DAG(s) 'snowflake_realtime_pipeline' retrieved from /opt/airflow/dags/snowflake_pipeline_dag.py
[2026-03-27T18:19:58.793+0000] {logging_mixin.py:188} INFO - [2026-03-27T18:19:58.793+0000] {dag.py:3089} INFO - Sync 1 DAGs
[2026-03-27T18:19:58.868+0000] {logging_mixin.py:188} INFO - [2026-03-27T18:19:58.867+0000] {dag.py:3947} INFO - Setting next_dagrun for snowflake_realtime_pipeline to 2026-03-27 18:10:00+00:00, run_after=2026-03-27 18:15:00+00:00
[2026-03-27T18:19:58.948+0000] {processor.py:183} INFO - Processing /opt/airflow/dags/snowflake_pipeline_dag.py took 0.315 seconds
[2026-03-27T18:20:29.299+0000] {processor.py:161} INFO - Started process (PID=1393) to work on /opt/airflow/dags/snowflake_pipeline_dag.py
[2026-03-27T18:20:29.301+0000] {processor.py:830} INFO - Processing file /opt/airflow/dags/snowflake_pipeline_dag.py for tasks to queue
[2026-03-27T18:20:29.307+0000] {logging_mixin.py:188} INFO - [2026-03-27T18:20:29.306+0000] {dagbag.py:545} INFO - Filling up the DagBag from /opt/airflow/dags/snowflake_pipeline_dag.py
[2026-03-27T18:20:29.362+0000] {processor.py:840} INFO - DAG(s) 'snowflake_realtime_pipeline' retrieved from /opt/airflow/dags/snowflake_pipeline_dag.py
[2026-03-27T18:20:29.429+0000] {logging_mixin.py:188} INFO - [2026-03-27T18:20:29.428+0000] {dag.py:3089} INFO - Sync 1 DAGs
[2026-03-27T18:20:29.474+0000] {logging_mixin.py:188} INFO - [2026-03-27T18:20:29.474+0000] {dag.py:3947} INFO - Setting next_dagrun for snowflake_realtime_pipeline to 2026-03-27 18:15:00+00:00, run_after=2026-03-27 18:20:00+00:00
[2026-03-27T18:20:29.530+0000] {processor.py:183} INFO - Processing /opt/airflow/dags/snowflake_pipeline_dag.py took 0.246 seconds
[2026-03-27T18:20:59.753+0000] {processor.py:161} INFO - Started process (PID=1418) to work on /opt/airflow/dags/snowflake_pipeline_dag.py
[2026-03-27T18:20:59.755+0000] {processor.py:830} INFO - Processing file /opt/airflow/dags/snowflake_pipeline_dag.py for tasks to queue
[2026-03-27T18:20:59.760+0000] {logging_mixin.py:188} INFO - [2026-03-27T18:20:59.759+0000] {dagbag.py:545} INFO - Filling up the DagBag from /opt/airflow/dags/snowflake_pipeline_dag.py
[2026-03-27T18:20:59.830+0000] {processor.py:840} INFO - DAG(s) 'snowflake_realtime_pipeline' retrieved from /opt/airflow/dags/snowflake_pipeline_dag.py
[2026-03-27T18:20:59.904+0000] {logging_mixin.py:188} INFO - [2026-03-27T18:20:59.903+0000] {dag.py:3089} INFO - Sync 1 DAGs
[2026-03-27T18:21:00.027+0000] {logging_mixin.py:188} INFO - [2026-03-27T18:21:00.027+0000] {dag.py:3947} INFO - Setting next_dagrun for snowflake_realtime_pipeline to 2026-03-27 18:15:00+00:00, run_after=2026-03-27 18:20:00+00:00
[2026-03-27T18:21:00.114+0000] {processor.py:183} INFO - Processing /opt/airflow/dags/snowflake_pipeline_dag.py took 0.379 seconds
[2026-03-27T18:21:30.318+0000] {processor.py:161} INFO - Started process (PID=1453) to work on /opt/airflow/dags/snowflake_pipeline_dag.py
[2026-03-27T18:21:30.320+0000] {processor.py:830} INFO - Processing file /opt/airflow/dags/snowflake_pipeline_dag.py for tasks to queue
[2026-03-27T18:21:30.324+0000] {logging_mixin.py:188} INFO - [2026-03-27T18:21:30.324+0000] {dagbag.py:545} INFO - Filling up the DagBag from /opt/airflow/dags/snowflake_pipeline_dag.py
[2026-03-27T18:21:30.373+0000] {processor.py:840} INFO - DAG(s) 'snowflake_realtime_pipeline' retrieved from /opt/airflow/dags/snowflake_pipeline_dag.py
[2026-03-27T18:21:30.427+0000] {logging_mixin.py:188} INFO - [2026-03-27T18:21:30.427+0000] {dag.py:3089} INFO - Sync 1 DAGs
[2026-03-27T18:21:30.482+0000] {logging_mixin.py:188} INFO - [2026-03-27T18:21:30.481+0000] {dag.py:3947} INFO - Setting next_dagrun for snowflake_realtime_pipeline to 2026-03-27 18:15:00+00:00, run_after=2026-03-27 18:20:00+00:00
[2026-03-27T18:21:30.539+0000] {processor.py:183} INFO - Processing /opt/airflow/dags/snowflake_pipeline_dag.py took 0.233 seconds
[2026-03-27T18:22:01.338+0000] {processor.py:161} INFO - Started process (PID=1478) to work on /opt/airflow/dags/snowflake_pipeline_dag.py
[2026-03-27T18:22:01.341+0000] {processor.py:830} INFO - Processing file /opt/airflow/dags/snowflake_pipeline_dag.py for tasks to queue
[2026-03-27T18:22:01.346+0000] {logging_mixin.py:188} INFO - [2026-03-27T18:22:01.346+0000] {dagbag.py:545} INFO - Filling up the DagBag from /opt/airflow/dags/snowflake_pipeline_dag.py
[2026-03-27T18:22:01.410+0000] {processor.py:840} INFO - DAG(s) 'snowflake_realtime_pipeline' retrieved from /opt/airflow/dags/snowflake_pipeline_dag.py
[2026-03-27T18:22:01.491+0000] {logging_mixin.py:188} INFO - [2026-03-27T18:22:01.491+0000] {dag.py:3089} INFO - Sync 1 DAGs
[2026-03-27T18:22:01.562+0000] {logging_mixin.py:188} INFO - [2026-03-27T18:22:01.561+0000] {dag.py:3947} INFO - Setting next_dagrun for snowflake_realtime_pipeline to 2026-03-27 18:15:00+00:00, run_after=2026-03-27 18:20:00+00:00
[2026-03-27T18:22:01.635+0000] {processor.py:183} INFO - Processing /opt/airflow/dags/snowflake_pipeline_dag.py took 0.312 seconds
[2026-03-27T18:22:31.879+0000] {processor.py:161} INFO - Started process (PID=1503) to work on /opt/airflow/dags/snowflake_pipeline_dag.py
[2026-03-27T18:22:31.881+0000] {processor.py:830} INFO - Processing file /opt/airflow/dags/snowflake_pipeline_dag.py for tasks to queue
[2026-03-27T18:22:31.885+0000] {logging_mixin.py:188} INFO - [2026-03-27T18:22:31.885+0000] {dagbag.py:545} INFO - Filling up the DagBag from /opt/airflow/dags/snowflake_pipeline_dag.py
[2026-03-27T18:22:31.933+0000] {processor.py:840} INFO - DAG(s) 'snowflake_realtime_pipeline' retrieved from /opt/airflow/dags/snowflake_pipeline_dag.py
[2026-03-27T18:22:31.989+0000] {logging_mixin.py:188} INFO - [2026-03-27T18:22:31.988+0000] {dag.py:3089} INFO - Sync 1 DAGs
[2026-03-27T18:22:32.056+0000] {logging_mixin.py:188} INFO - [2026-03-27T18:22:32.055+0000] {dag.py:3947} INFO - Setting next_dagrun for snowflake_realtime_pipeline to 2026-03-27 18:15:00+00:00, run_after=2026-03-27 18:20:00+00:00
[2026-03-27T18:22:32.116+0000] {processor.py:183} INFO - Processing /opt/airflow/dags/snowflake_pipeline_dag.py took 0.250 seconds
[2026-03-27T18:23:02.599+0000] {processor.py:161} INFO - Started process (PID=1528) to work on /opt/airflow/dags/snowflake_pipeline_dag.py
[2026-03-27T18:23:02.603+0000] {processor.py:830} INFO - Processing file /opt/airflow/dags/snowflake_pipeline_dag.py for tasks to queue
[2026-03-27T18:23:02.613+0000] {logging_mixin.py:188} INFO - [2026-03-27T18:23:02.611+0000] {dagbag.py:545} INFO - Filling up the DagBag from /opt/airflow/dags/snowflake_pipeline_dag.py
[2026-03-27T18:23:02.666+0000] {processor.py:840} INFO - DAG(s) 'snowflake_realtime_pipeline' retrieved from /opt/airflow/dags/snowflake_pipeline_dag.py
[2026-03-27T18:23:02.751+0000] {logging_mixin.py:188} INFO - [2026-03-27T18:23:02.750+0000] {dag.py:3089} INFO - Sync 1 DAGs
[2026-03-27T18:23:02.815+0000] {logging_mixin.py:188} INFO - [2026-03-27T18:23:02.815+0000] {dag.py:3947} INFO - Setting next_dagrun for snowflake_realtime_pipeline to 2026-03-27 18:15:00+00:00, run_after=2026-03-27 18:20:00+00:00
[2026-03-27T18:23:02.865+0000] {processor.py:183} INFO - Processing /opt/airflow/dags/snowflake_pipeline_dag.py took 0.287 seconds
[2026-03-27T18:23:33.572+0000] {processor.py:161} INFO - Started process (PID=1809) to work on /opt/airflow/dags/snowflake_pipeline_dag.py
[2026-03-27T18:23:33.574+0000] {processor.py:830} INFO - Processing file /opt/airflow/dags/snowflake_pipeline_dag.py for tasks to queue
[2026-03-27T18:23:33.580+0000] {logging_mixin.py:188} INFO - [2026-03-27T18:23:33.579+0000] {dagbag.py:545} INFO - Filling up the DagBag from /opt/airflow/dags/snowflake_pipeline_dag.py
[2026-03-27T18:23:33.639+0000] {processor.py:840} INFO - DAG(s) 'snowflake_realtime_pipeline' retrieved from /opt/airflow/dags/snowflake_pipeline_dag.py
[2026-03-27T18:23:33.698+0000] {logging_mixin.py:188} INFO - [2026-03-27T18:23:33.697+0000] {dag.py:3089} INFO - Sync 1 DAGs
[2026-03-27T18:23:33.755+0000] {logging_mixin.py:188} INFO - [2026-03-27T18:23:33.754+0000] {dag.py:3947} INFO - Setting next_dagrun for snowflake_realtime_pipeline to 2026-03-27 18:15:00+00:00, run_after=2026-03-27 18:20:00+00:00
[2026-03-27T18:23:33.824+0000] {processor.py:183} INFO - Processing /opt/airflow/dags/snowflake_pipeline_dag.py took 0.265 seconds
[2026-03-27T18:24:04.021+0000] {processor.py:161} INFO - Started process (PID=3388) to work on /opt/airflow/dags/snowflake_pipeline_dag.py
[2026-03-27T18:24:04.023+0000] {processor.py:830} INFO - Processing file /opt/airflow/dags/snowflake_pipeline_dag.py for tasks to queue
[2026-03-27T18:24:04.028+0000] {logging_mixin.py:188} INFO - [2026-03-27T18:24:04.027+0000] {dagbag.py:545} INFO - Filling up the DagBag from /opt/airflow/dags/snowflake_pipeline_dag.py
[2026-03-27T18:24:04.106+0000] {processor.py:840} INFO - DAG(s) 'snowflake_realtime_pipeline' retrieved from /opt/airflow/dags/snowflake_pipeline_dag.py
[2026-03-27T18:24:04.172+0000] {logging_mixin.py:188} INFO - [2026-03-27T18:24:04.172+0000] {dag.py:3089} INFO - Sync 1 DAGs
[2026-03-27T18:24:04.229+0000] {logging_mixin.py:188} INFO - [2026-03-27T18:24:04.228+0000] {dag.py:3947} INFO - Setting next_dagrun for snowflake_realtime_pipeline to 2026-03-27 18:15:00+00:00, run_after=2026-03-27 18:20:00+00:00
[2026-03-27T18:24:04.289+0000] {processor.py:183} INFO - Processing /opt/airflow/dags/snowflake_pipeline_dag.py took 0.286 seconds
[2026-03-27T18:24:34.512+0000] {processor.py:161} INFO - Started process (PID=3416) to work on /opt/airflow/dags/snowflake_pipeline_dag.py
[2026-03-27T18:24:34.514+0000] {processor.py:830} INFO - Processing file /opt/airflow/dags/snowflake_pipeline_dag.py for tasks to queue
[2026-03-27T18:24:34.521+0000] {logging_mixin.py:188} INFO - [2026-03-27T18:24:34.520+0000] {dagbag.py:545} INFO - Filling up the DagBag from /opt/airflow/dags/snowflake_pipeline_dag.py
[2026-03-27T18:24:34.568+0000] {processor.py:840} INFO - DAG(s) 'snowflake_realtime_pipeline' retrieved from /opt/airflow/dags/snowflake_pipeline_dag.py
[2026-03-27T18:24:34.624+0000] {logging_mixin.py:188} INFO - [2026-03-27T18:24:34.623+0000] {dag.py:3089} INFO - Sync 1 DAGs
[2026-03-27T18:24:34.694+0000] {logging_mixin.py:188} INFO - [2026-03-27T18:24:34.694+0000] {dag.py:3947} INFO - Setting next_dagrun for snowflake_realtime_pipeline to 2026-03-27 18:15:00+00:00, run_after=2026-03-27 18:20:00+00:00
[2026-03-27T18:24:34.752+0000] {processor.py:183} INFO - Processing /opt/airflow/dags/snowflake_pipeline_dag.py took 0.257 seconds
[2026-03-27T18:25:05.152+0000] {processor.py:161} INFO - Started process (PID=3441) to work on /opt/airflow/dags/snowflake_pipeline_dag.py
[2026-03-27T18:25:05.154+0000] {processor.py:830} INFO - Processing file /opt/airflow/dags/snowflake_pipeline_dag.py for tasks to queue
[2026-03-27T18:25:05.160+0000] {logging_mixin.py:188} INFO - [2026-03-27T18:25:05.159+0000] {dagbag.py:545} INFO - Filling up the DagBag from /opt/airflow/dags/snowflake_pipeline_dag.py
[2026-03-27T18:25:05.223+0000] {processor.py:840} INFO - DAG(s) 'snowflake_realtime_pipeline' retrieved from /opt/airflow/dags/snowflake_pipeline_dag.py
[2026-03-27T18:25:05.299+0000] {logging_mixin.py:188} INFO - [2026-03-27T18:25:05.299+0000] {dag.py:3089} INFO - Sync 1 DAGs
[2026-03-27T18:25:05.383+0000] {logging_mixin.py:188} INFO - [2026-03-27T18:25:05.383+0000] {dag.py:3947} INFO - Setting next_dagrun for snowflake_realtime_pipeline to 2026-03-27 18:20:00+00:00, run_after=2026-03-27 18:25:00+00:00
[2026-03-27T18:25:05.436+0000] {processor.py:183} INFO - Processing /opt/airflow/dags/snowflake_pipeline_dag.py took 0.303 seconds
[2026-03-27T18:25:35.766+0000] {processor.py:161} INFO - Started process (PID=3466) to work on /opt/airflow/dags/snowflake_pipeline_dag.py
[2026-03-27T18:25:35.769+0000] {processor.py:830} INFO - Processing file /opt/airflow/dags/snowflake_pipeline_dag.py for tasks to queue
[2026-03-27T18:25:35.774+0000] {logging_mixin.py:188} INFO - [2026-03-27T18:25:35.773+0000] {dagbag.py:545} INFO - Filling up the DagBag from /opt/airflow/dags/snowflake_pipeline_dag.py
[2026-03-27T18:25:35.832+0000] {processor.py:840} INFO - DAG(s) 'snowflake_realtime_pipeline' retrieved from /opt/airflow/dags/snowflake_pipeline_dag.py
[2026-03-27T18:25:35.906+0000] {logging_mixin.py:188} INFO - [2026-03-27T18:25:35.905+0000] {dag.py:3089} INFO - Sync 1 DAGs
[2026-03-27T18:25:35.978+0000] {logging_mixin.py:188} INFO - [2026-03-27T18:25:35.978+0000] {dag.py:3947} INFO - Setting next_dagrun for snowflake_realtime_pipeline to 2026-03-27 18:20:00+00:00, run_after=2026-03-27 18:25:00+00:00
[2026-03-27T18:25:36.041+0000] {processor.py:183} INFO - Processing /opt/airflow/dags/snowflake_pipeline_dag.py took 0.290 seconds
[2026-03-27T18:26:06.547+0000] {processor.py:161} INFO - Started process (PID=3491) to work on /opt/airflow/dags/snowflake_pipeline_dag.py
[2026-03-27T18:26:06.550+0000] {processor.py:830} INFO - Processing file /opt/airflow/dags/snowflake_pipeline_dag.py for tasks to queue
[2026-03-27T18:26:06.554+0000] {logging_mixin.py:188} INFO - [2026-03-27T18:26:06.553+0000] {dagbag.py:545} INFO - Filling up the DagBag from /opt/airflow/dags/snowflake_pipeline_dag.py
[2026-03-27T18:26:06.600+0000] {processor.py:840} INFO - DAG(s) 'snowflake_realtime_pipeline' retrieved from /opt/airflow/dags/snowflake_pipeline_dag.py
[2026-03-27T18:26:06.668+0000] {logging_mixin.py:188} INFO - [2026-03-27T18:26:06.668+0000] {dag.py:3089} INFO - Sync 1 DAGs
[2026-03-27T18:26:06.711+0000] {logging_mixin.py:188} INFO - [2026-03-27T18:26:06.711+0000] {dag.py:3947} INFO - Setting next_dagrun for snowflake_realtime_pipeline to 2026-03-27 18:20:00+00:00, run_after=2026-03-27 18:25:00+00:00
[2026-03-27T18:26:06.773+0000] {processor.py:183} INFO - Processing /opt/airflow/dags/snowflake_pipeline_dag.py took 0.240 seconds
[2026-03-27T18:26:37.313+0000] {processor.py:161} INFO - Started process (PID=3526) to work on /opt/airflow/dags/snowflake_pipeline_dag.py
[2026-03-27T18:26:37.315+0000] {processor.py:830} INFO - Processing file /opt/airflow/dags/snowflake_pipeline_dag.py for tasks to queue
[2026-03-27T18:26:37.319+0000] {logging_mixin.py:188} INFO - [2026-03-27T18:26:37.318+0000] {dagbag.py:545} INFO - Filling up the DagBag from /opt/airflow/dags/snowflake_pipeline_dag.py
[2026-03-27T18:26:37.371+0000] {processor.py:840} INFO - DAG(s) 'snowflake_realtime_pipeline' retrieved from /opt/airflow/dags/snowflake_pipeline_dag.py
[2026-03-27T18:26:37.430+0000] {logging_mixin.py:188} INFO - [2026-03-27T18:26:37.430+0000] {dag.py:3089} INFO - Sync 1 DAGs
[2026-03-27T18:26:37.488+0000] {logging_mixin.py:188} INFO - [2026-03-27T18:26:37.487+0000] {dag.py:3947} INFO - Setting next_dagrun for snowflake_realtime_pipeline to 2026-03-27 18:20:00+00:00, run_after=2026-03-27 18:25:00+00:00
[2026-03-27T18:26:37.544+0000] {processor.py:183} INFO - Processing /opt/airflow/dags/snowflake_pipeline_dag.py took 0.245 seconds
[2026-03-27T18:27:08.384+0000] {processor.py:161} INFO - Started process (PID=3551) to work on /opt/airflow/dags/snowflake_pipeline_dag.py
[2026-03-27T18:27:08.386+0000] {processor.py:830} INFO - Processing file /opt/airflow/dags/snowflake_pipeline_dag.py for tasks to queue
[2026-03-27T18:27:08.390+0000] {logging_mixin.py:188} INFO - [2026-03-27T18:27:08.389+0000] {dagbag.py:545} INFO - Filling up the DagBag from /opt/airflow/dags/snowflake_pipeline_dag.py
[2026-03-27T18:27:08.443+0000] {processor.py:840} INFO - DAG(s) 'snowflake_realtime_pipeline' retrieved from /opt/airflow/dags/snowflake_pipeline_dag.py
[2026-03-27T18:27:08.518+0000] {logging_mixin.py:188} INFO - [2026-03-27T18:27:08.517+0000] {dag.py:3089} INFO - Sync 1 DAGs
[2026-03-27T18:27:08.582+0000] {logging_mixin.py:188} INFO - [2026-03-27T18:27:08.581+0000] {dag.py:3947} INFO - Setting next_dagrun for snowflake_realtime_pipeline to 2026-03-27 18:20:00+00:00, run_after=2026-03-27 18:25:00+00:00
[2026-03-27T18:27:08.632+0000] {processor.py:183} INFO - Processing /opt/airflow/dags/snowflake_pipeline_dag.py took 0.261 seconds
[2026-03-27T18:27:38.836+0000] {processor.py:161} INFO - Started process (PID=4794) to work on /opt/airflow/dags/snowflake_pipeline_dag.py
[2026-03-27T18:27:38.839+0000] {processor.py:830} INFO - Processing file /opt/airflow/dags/snowflake_pipeline_dag.py for tasks to queue
[2026-03-27T18:27:38.843+0000] {logging_mixin.py:188} INFO - [2026-03-27T18:27:38.842+0000] {dagbag.py:545} INFO - Filling up the DagBag from /opt/airflow/dags/snowflake_pipeline_dag.py
[2026-03-27T18:27:38.903+0000] {processor.py:840} INFO - DAG(s) 'snowflake_realtime_pipeline' retrieved from /opt/airflow/dags/snowflake_pipeline_dag.py
[2026-03-27T18:27:38.979+0000] {logging_mixin.py:188} INFO - [2026-03-27T18:27:38.979+0000] {dag.py:3089} INFO - Sync 1 DAGs
[2026-03-27T18:27:39.047+0000] {logging_mixin.py:188} INFO - [2026-03-27T18:27:39.046+0000] {dag.py:3947} INFO - Setting next_dagrun for snowflake_realtime_pipeline to 2026-03-27 18:20:00+00:00, run_after=2026-03-27 18:25:00+00:00
[2026-03-27T18:27:39.122+0000] {processor.py:183} INFO - Processing /opt/airflow/dags/snowflake_pipeline_dag.py took 0.298 seconds
[2026-03-27T18:28:09.275+0000] {processor.py:161} INFO - Started process (PID=5492) to work on /opt/airflow/dags/snowflake_pipeline_dag.py
[2026-03-27T18:28:09.277+0000] {processor.py:830} INFO - Processing file /opt/airflow/dags/snowflake_pipeline_dag.py for tasks to queue
[2026-03-27T18:28:09.281+0000] {logging_mixin.py:188} INFO - [2026-03-27T18:28:09.280+0000] {dagbag.py:545} INFO - Filling up the DagBag from /opt/airflow/dags/snowflake_pipeline_dag.py
[2026-03-27T18:28:09.329+0000] {processor.py:840} INFO - DAG(s) 'snowflake_realtime_pipeline' retrieved from /opt/airflow/dags/snowflake_pipeline_dag.py
[2026-03-27T18:28:09.379+0000] {logging_mixin.py:188} INFO - [2026-03-27T18:28:09.379+0000] {dag.py:3089} INFO - Sync 1 DAGs
[2026-03-27T18:28:09.428+0000] {logging_mixin.py:188} INFO - [2026-03-27T18:28:09.428+0000] {dag.py:3947} INFO - Setting next_dagrun for snowflake_realtime_pipeline to 2026-03-27 18:20:00+00:00, run_after=2026-03-27 18:25:00+00:00
[2026-03-27T18:28:09.472+0000] {processor.py:183} INFO - Processing /opt/airflow/dags/snowflake_pipeline_dag.py took 0.208 seconds
[2026-03-27T18:28:39.997+0000] {processor.py:161} INFO - Started process (PID=5527) to work on /opt/airflow/dags/snowflake_pipeline_dag.py
[2026-03-27T18:28:39.999+0000] {processor.py:830} INFO - Processing file /opt/airflow/dags/snowflake_pipeline_dag.py for tasks to queue
[2026-03-27T18:28:40.003+0000] {logging_mixin.py:188} INFO - [2026-03-27T18:28:40.003+0000] {dagbag.py:545} INFO - Filling up the DagBag from /opt/airflow/dags/snowflake_pipeline_dag.py
[2026-03-27T18:28:40.050+0000] {processor.py:840} INFO - DAG(s) 'snowflake_realtime_pipeline' retrieved from /opt/airflow/dags/snowflake_pipeline_dag.py
[2026-03-27T18:28:40.103+0000] {logging_mixin.py:188} INFO - [2026-03-27T18:28:40.102+0000] {dag.py:3089} INFO - Sync 1 DAGs
[2026-03-27T18:28:40.150+0000] {logging_mixin.py:188} INFO - [2026-03-27T18:28:40.150+0000] {dag.py:3947} INFO - Setting next_dagrun for snowflake_realtime_pipeline to 2026-03-27 18:20:00+00:00, run_after=2026-03-27 18:25:00+00:00
[2026-03-27T18:28:40.192+0000] {processor.py:183} INFO - Processing /opt/airflow/dags/snowflake_pipeline_dag.py took 0.207 seconds
[2026-03-27T18:29:10.570+0000] {processor.py:161} INFO - Started process (PID=5580) to work on /opt/airflow/dags/snowflake_pipeline_dag.py
[2026-03-27T18:29:10.572+0000] {processor.py:830} INFO - Processing file /opt/airflow/dags/snowflake_pipeline_dag.py for tasks to queue
[2026-03-27T18:29:10.576+0000] {logging_mixin.py:188} INFO - [2026-03-27T18:29:10.575+0000] {dagbag.py:545} INFO - Filling up the DagBag from /opt/airflow/dags/snowflake_pipeline_dag.py
[2026-03-27T18:29:10.630+0000] {processor.py:840} INFO - DAG(s) 'snowflake_realtime_pipeline' retrieved from /opt/airflow/dags/snowflake_pipeline_dag.py
[2026-03-27T18:29:10.692+0000] {logging_mixin.py:188} INFO - [2026-03-27T18:29:10.691+0000] {dag.py:3089} INFO - Sync 1 DAGs
[2026-03-27T18:29:10.739+0000] {logging_mixin.py:188} INFO - [2026-03-27T18:29:10.739+0000] {dag.py:3947} INFO - Setting next_dagrun for snowflake_realtime_pipeline to 2026-03-27 18:20:00+00:00, run_after=2026-03-27 18:25:00+00:00
[2026-03-27T18:29:10.777+0000] {processor.py:183} INFO - Processing /opt/airflow/dags/snowflake_pipeline_dag.py took 0.219 seconds
[2026-03-27T18:29:41.055+0000] {processor.py:161} INFO - Started process (PID=5605) to work on /opt/airflow/dags/snowflake_pipeline_dag.py
[2026-03-27T18:29:41.057+0000] {processor.py:830} INFO - Processing file /opt/airflow/dags/snowflake_pipeline_dag.py for tasks to queue
[2026-03-27T18:29:41.061+0000] {logging_mixin.py:188} INFO - [2026-03-27T18:29:41.061+0000] {dagbag.py:545} INFO - Filling up the DagBag from /opt/airflow/dags/snowflake_pipeline_dag.py
[2026-03-27T18:29:41.109+0000] {processor.py:840} INFO - DAG(s) 'snowflake_realtime_pipeline' retrieved from /opt/airflow/dags/snowflake_pipeline_dag.py
[2026-03-27T18:29:41.162+0000] {logging_mixin.py:188} INFO - [2026-03-27T18:29:41.162+0000] {dag.py:3089} INFO - Sync 1 DAGs
[2026-03-27T18:29:41.209+0000] {logging_mixin.py:188} INFO - [2026-03-27T18:29:41.208+0000] {dag.py:3947} INFO - Setting next_dagrun for snowflake_realtime_pipeline to 2026-03-27 18:20:00+00:00, run_after=2026-03-27 18:25:00+00:00
[2026-03-27T18:29:41.247+0000] {processor.py:183} INFO - Processing /opt/airflow/dags/snowflake_pipeline_dag.py took 0.204 seconds
[2026-03-27T18:30:11.770+0000] {processor.py:161} INFO - Started process (PID=5630) to work on /opt/airflow/dags/snowflake_pipeline_dag.py
[2026-03-27T18:30:11.772+0000] {processor.py:830} INFO - Processing file /opt/airflow/dags/snowflake_pipeline_dag.py for tasks to queue
[2026-03-27T18:30:11.778+0000] {logging_mixin.py:188} INFO - [2026-03-27T18:30:11.776+0000] {dagbag.py:545} INFO - Filling up the DagBag from /opt/airflow/dags/snowflake_pipeline_dag.py
[2026-03-27T18:30:11.830+0000] {processor.py:840} INFO - DAG(s) 'snowflake_realtime_pipeline' retrieved from /opt/airflow/dags/snowflake_pipeline_dag.py
[2026-03-27T18:30:11.885+0000] {logging_mixin.py:188} INFO - [2026-03-27T18:30:11.885+0000] {dag.py:3089} INFO - Sync 1 DAGs
[2026-03-27T18:30:11.939+0000] {logging_mixin.py:188} INFO - [2026-03-27T18:30:11.939+0000] {dag.py:3947} INFO - Setting next_dagrun for snowflake_realtime_pipeline to 2026-03-27 18:25:00+00:00, run_after=2026-03-27 18:30:00+00:00
[2026-03-27T18:30:12.009+0000] {processor.py:183} INFO - Processing /opt/airflow/dags/snowflake_pipeline_dag.py took 0.251 seconds
[2026-03-27T18:30:42.309+0000] {processor.py:161} INFO - Started process (PID=5655) to work on /opt/airflow/dags/snowflake_pipeline_dag.py
[2026-03-27T18:30:42.311+0000] {processor.py:830} INFO - Processing file /opt/airflow/dags/snowflake_pipeline_dag.py for tasks to queue
[2026-03-27T18:30:42.316+0000] {logging_mixin.py:188} INFO - [2026-03-27T18:30:42.315+0000] {dagbag.py:545} INFO - Filling up the DagBag from /opt/airflow/dags/snowflake_pipeline_dag.py
[2026-03-27T18:30:42.367+0000] {processor.py:840} INFO - DAG(s) 'snowflake_realtime_pipeline' retrieved from /opt/airflow/dags/snowflake_pipeline_dag.py
[2026-03-27T18:30:42.423+0000] {logging_mixin.py:188} INFO - [2026-03-27T18:30:42.422+0000] {dag.py:3089} INFO - Sync 1 DAGs
[2026-03-27T18:30:42.467+0000] {logging_mixin.py:188} INFO - [2026-03-27T18:30:42.467+0000] {dag.py:3947} INFO - Setting next_dagrun for snowflake_realtime_pipeline to 2026-03-27 18:25:00+00:00, run_after=2026-03-27 18:30:00+00:00
[2026-03-27T18:30:42.510+0000] {processor.py:183} INFO - Processing /opt/airflow/dags/snowflake_pipeline_dag.py took 0.213 seconds
[2026-03-27T18:31:12.974+0000] {processor.py:161} INFO - Started process (PID=5680) to work on /opt/airflow/dags/snowflake_pipeline_dag.py
[2026-03-27T18:31:12.976+0000] {processor.py:830} INFO - Processing file /opt/airflow/dags/snowflake_pipeline_dag.py for tasks to queue
[2026-03-27T18:31:12.981+0000] {logging_mixin.py:188} INFO - [2026-03-27T18:31:12.980+0000] {dagbag.py:545} INFO - Filling up the DagBag from /opt/airflow/dags/snowflake_pipeline_dag.py
[2026-03-27T18:31:13.045+0000] {processor.py:840} INFO - DAG(s) 'snowflake_realtime_pipeline' retrieved from /opt/airflow/dags/snowflake_pipeline_dag.py
[2026-03-27T18:31:13.120+0000] {logging_mixin.py:188} INFO - [2026-03-27T18:31:13.120+0000] {dag.py:3089} INFO - Sync 1 DAGs
[2026-03-27T18:31:13.170+0000] {logging_mixin.py:188} INFO - [2026-03-27T18:31:13.170+0000] {dag.py:3947} INFO - Setting next_dagrun for snowflake_realtime_pipeline to 2026-03-27 18:25:00+00:00, run_after=2026-03-27 18:30:00+00:00
[2026-03-27T18:31:13.209+0000] {processor.py:183} INFO - Processing /opt/airflow/dags/snowflake_pipeline_dag.py took 0.248 seconds
[2026-03-27T18:31:43.682+0000] {processor.py:161} INFO - Started process (PID=6957) to work on /opt/airflow/dags/snowflake_pipeline_dag.py
[2026-03-27T18:31:43.684+0000] {processor.py:830} INFO - Processing file /opt/airflow/dags/snowflake_pipeline_dag.py for tasks to queue
[2026-03-27T18:31:43.688+0000] {logging_mixin.py:188} INFO - [2026-03-27T18:31:43.687+0000] {dagbag.py:545} INFO - Filling up the DagBag from /opt/airflow/dags/snowflake_pipeline_dag.py
[2026-03-27T18:31:43.751+0000] {processor.py:840} INFO - DAG(s) 'snowflake_realtime_pipeline' retrieved from /opt/airflow/dags/snowflake_pipeline_dag.py
[2026-03-27T18:31:43.825+0000] {logging_mixin.py:188} INFO - [2026-03-27T18:31:43.825+0000] {dag.py:3089} INFO - Sync 1 DAGs
[2026-03-27T18:31:43.886+0000] {logging_mixin.py:188} INFO - [2026-03-27T18:31:43.886+0000] {dag.py:3947} INFO - Setting next_dagrun for snowflake_realtime_pipeline to 2026-03-27 18:25:00+00:00, run_after=2026-03-27 18:30:00+00:00
[2026-03-27T18:31:43.949+0000] {processor.py:183} INFO - Processing /opt/airflow/dags/snowflake_pipeline_dag.py took 0.278 seconds
[2026-03-27T18:32:14.424+0000] {processor.py:161} INFO - Started process (PID=8108) to work on /opt/airflow/dags/snowflake_pipeline_dag.py
[2026-03-27T18:32:14.427+0000] {processor.py:830} INFO - Processing file /opt/airflow/dags/snowflake_pipeline_dag.py for tasks to queue
[2026-03-27T18:32:14.432+0000] {logging_mixin.py:188} INFO - [2026-03-27T18:32:14.431+0000] {dagbag.py:545} INFO - Filling up the DagBag from /opt/airflow/dags/snowflake_pipeline_dag.py
[2026-03-27T18:32:14.498+0000] {processor.py:840} INFO - DAG(s) 'snowflake_realtime_pipeline' retrieved from /opt/airflow/dags/snowflake_pipeline_dag.py
[2026-03-27T18:32:14.580+0000] {logging_mixin.py:188} INFO - [2026-03-27T18:32:14.580+0000] {dag.py:3089} INFO - Sync 1 DAGs
[2026-03-27T18:32:14.671+0000] {logging_mixin.py:188} INFO - [2026-03-27T18:32:14.671+0000] {dag.py:3947} INFO - Setting next_dagrun for snowflake_realtime_pipeline to 2026-03-27 18:25:00+00:00, run_after=2026-03-27 18:30:00+00:00
[2026-03-27T18:32:14.744+0000] {processor.py:183} INFO - Processing /opt/airflow/dags/snowflake_pipeline_dag.py took 0.339 seconds
[2026-03-27T18:32:45.785+0000] {processor.py:161} INFO - Started process (PID=8139) to work on /opt/airflow/dags/snowflake_pipeline_dag.py
[2026-03-27T18:32:45.787+0000] {processor.py:830} INFO - Processing file /opt/airflow/dags/snowflake_pipeline_dag.py for tasks to queue
[2026-03-27T18:32:45.791+0000] {logging_mixin.py:188} INFO - [2026-03-27T18:32:45.790+0000] {dagbag.py:545} INFO - Filling up the DagBag from /opt/airflow/dags/snowflake_pipeline_dag.py
[2026-03-27T18:32:45.838+0000] {processor.py:840} INFO - DAG(s) 'snowflake_realtime_pipeline' retrieved from /opt/airflow/dags/snowflake_pipeline_dag.py
[2026-03-27T18:32:45.914+0000] {logging_mixin.py:188} INFO - [2026-03-27T18:32:45.913+0000] {dag.py:3089} INFO - Sync 1 DAGs
[2026-03-27T18:32:45.960+0000] {logging_mixin.py:188} INFO - [2026-03-27T18:32:45.960+0000] {dag.py:3947} INFO - Setting next_dagrun for snowflake_realtime_pipeline to 2026-03-27 18:25:00+00:00, run_after=2026-03-27 18:30:00+00:00
[2026-03-27T18:32:46.023+0000] {processor.py:183} INFO - Processing /opt/airflow/dags/snowflake_pipeline_dag.py took 0.252 seconds
[2026-03-27T18:33:16.405+0000] {processor.py:161} INFO - Started process (PID=8164) to work on /opt/airflow/dags/snowflake_pipeline_dag.py
[2026-03-27T18:33:16.408+0000] {processor.py:830} INFO - Processing file /opt/airflow/dags/snowflake_pipeline_dag.py for tasks to queue
[2026-03-27T18:33:16.413+0000] {logging_mixin.py:188} INFO - [2026-03-27T18:33:16.412+0000] {dagbag.py:545} INFO - Filling up the DagBag from /opt/airflow/dags/snowflake_pipeline_dag.py
[2026-03-27T18:33:16.485+0000] {processor.py:840} INFO - DAG(s) 'snowflake_realtime_pipeline' retrieved from /opt/airflow/dags/snowflake_pipeline_dag.py
[2026-03-27T18:33:16.560+0000] {logging_mixin.py:188} INFO - [2026-03-27T18:33:16.559+0000] {dag.py:3089} INFO - Sync 1 DAGs
[2026-03-27T18:33:16.623+0000] {logging_mixin.py:188} INFO - [2026-03-27T18:33:16.622+0000] {dag.py:3947} INFO - Setting next_dagrun for snowflake_realtime_pipeline to 2026-03-27 18:25:00+00:00, run_after=2026-03-27 18:30:00+00:00
[2026-03-27T18:33:16.671+0000] {processor.py:183} INFO - Processing /opt/airflow/dags/snowflake_pipeline_dag.py took 0.283 seconds
[2026-03-27T18:33:46.847+0000] {processor.py:161} INFO - Started process (PID=8189) to work on /opt/airflow/dags/snowflake_pipeline_dag.py
[2026-03-27T18:33:46.850+0000] {processor.py:830} INFO - Processing file /opt/airflow/dags/snowflake_pipeline_dag.py for tasks to queue
[2026-03-27T18:33:46.854+0000] {logging_mixin.py:188} INFO - [2026-03-27T18:33:46.853+0000] {dagbag.py:545} INFO - Filling up the DagBag from /opt/airflow/dags/snowflake_pipeline_dag.py
[2026-03-27T18:33:46.904+0000] {processor.py:840} INFO - DAG(s) 'snowflake_realtime_pipeline' retrieved from /opt/airflow/dags/snowflake_pipeline_dag.py
[2026-03-27T18:33:46.958+0000] {logging_mixin.py:188} INFO - [2026-03-27T18:33:46.958+0000] {dag.py:3089} INFO - Sync 1 DAGs
[2026-03-27T18:33:47.012+0000] {logging_mixin.py:188} INFO - [2026-03-27T18:33:47.012+0000] {dag.py:3947} INFO - Setting next_dagrun for snowflake_realtime_pipeline to 2026-03-27 18:25:00+00:00, run_after=2026-03-27 18:30:00+00:00
[2026-03-27T18:33:47.052+0000] {processor.py:183} INFO - Processing /opt/airflow/dags/snowflake_pipeline_dag.py took 0.221 seconds
[2026-03-27T18:34:18.049+0000] {processor.py:161} INFO - Started process (PID=8214) to work on /opt/airflow/dags/snowflake_pipeline_dag.py
[2026-03-27T18:34:18.051+0000] {processor.py:830} INFO - Processing file /opt/airflow/dags/snowflake_pipeline_dag.py for tasks to queue
[2026-03-27T18:34:18.055+0000] {logging_mixin.py:188} INFO - [2026-03-27T18:34:18.055+0000] {dagbag.py:545} INFO - Filling up the DagBag from /opt/airflow/dags/snowflake_pipeline_dag.py
[2026-03-27T18:34:18.114+0000] {processor.py:840} INFO - DAG(s) 'snowflake_realtime_pipeline' retrieved from /opt/airflow/dags/snowflake_pipeline_dag.py
[2026-03-27T18:34:18.180+0000] {logging_mixin.py:188} INFO - [2026-03-27T18:34:18.180+0000] {dag.py:3089} INFO - Sync 1 DAGs
[2026-03-27T18:34:18.226+0000] {logging_mixin.py:188} INFO - [2026-03-27T18:34:18.226+0000] {dag.py:3947} INFO - Setting next_dagrun for snowflake_realtime_pipeline to 2026-03-27 18:25:00+00:00, run_after=2026-03-27 18:30:00+00:00
[2026-03-27T18:34:18.270+0000] {processor.py:183} INFO - Processing /opt/airflow/dags/snowflake_pipeline_dag.py took 0.248 seconds
[2026-03-27T18:34:48.667+0000] {processor.py:161} INFO - Started process (PID=8239) to work on /opt/airflow/dags/snowflake_pipeline_dag.py
[2026-03-27T18:34:48.672+0000] {processor.py:830} INFO - Processing file /opt/airflow/dags/snowflake_pipeline_dag.py for tasks to queue
[2026-03-27T18:34:48.681+0000] {logging_mixin.py:188} INFO - [2026-03-27T18:34:48.680+0000] {dagbag.py:545} INFO - Filling up the DagBag from /opt/airflow/dags/snowflake_pipeline_dag.py
[2026-03-27T18:34:48.810+0000] {processor.py:840} INFO - DAG(s) 'snowflake_realtime_pipeline' retrieved from /opt/airflow/dags/snowflake_pipeline_dag.py
[2026-03-27T18:34:48.870+0000] {logging_mixin.py:188} INFO - [2026-03-27T18:34:48.870+0000] {dag.py:3089} INFO - Sync 1 DAGs
[2026-03-27T18:34:48.913+0000] {logging_mixin.py:188} INFO - [2026-03-27T18:34:48.913+0000] {dag.py:3947} INFO - Setting next_dagrun for snowflake_realtime_pipeline to 2026-03-27 18:25:00+00:00, run_after=2026-03-27 18:30:00+00:00
[2026-03-27T18:34:48.957+0000] {processor.py:183} INFO - Processing /opt/airflow/dags/snowflake_pipeline_dag.py took 0.322 seconds
[2026-03-27T18:35:19.215+0000] {processor.py:161} INFO - Started process (PID=8271) to work on /opt/airflow/dags/snowflake_pipeline_dag.py
[2026-03-27T18:35:19.217+0000] {processor.py:830} INFO - Processing file /opt/airflow/dags/snowflake_pipeline_dag.py for tasks to queue
[2026-03-27T18:35:19.220+0000] {logging_mixin.py:188} INFO - [2026-03-27T18:35:19.220+0000] {dagbag.py:545} INFO - Filling up the DagBag from /opt/airflow/dags/snowflake_pipeline_dag.py
[2026-03-27T18:35:19.270+0000] {processor.py:840} INFO - DAG(s) 'snowflake_realtime_pipeline' retrieved from /opt/airflow/dags/snowflake_pipeline_dag.py
[2026-03-27T18:35:19.330+0000] {logging_mixin.py:188} INFO - [2026-03-27T18:35:19.330+0000] {dag.py:3089} INFO - Sync 1 DAGs
[2026-03-27T18:35:19.377+0000] {logging_mixin.py:188} INFO - [2026-03-27T18:35:19.377+0000] {dag.py:3947} INFO - Setting next_dagrun for snowflake_realtime_pipeline to 2026-03-27 18:30:00+00:00, run_after=2026-03-27 18:35:00+00:00
[2026-03-27T18:35:19.443+0000] {processor.py:183} INFO - Processing /opt/airflow/dags/snowflake_pipeline_dag.py took 0.241 seconds
[2026-03-27T18:35:49.745+0000] {processor.py:161} INFO - Started process (PID=9675) to work on /opt/airflow/dags/snowflake_pipeline_dag.py
[2026-03-27T18:35:49.748+0000] {processor.py:830} INFO - Processing file /opt/airflow/dags/snowflake_pipeline_dag.py for tasks to queue
[2026-03-27T18:35:49.753+0000] {logging_mixin.py:188} INFO - [2026-03-27T18:35:49.752+0000] {dagbag.py:545} INFO - Filling up the DagBag from /opt/airflow/dags/snowflake_pipeline_dag.py
[2026-03-27T18:35:49.810+0000] {processor.py:840} INFO - DAG(s) 'snowflake_realtime_pipeline' retrieved from /opt/airflow/dags/snowflake_pipeline_dag.py
[2026-03-27T18:35:49.879+0000] {logging_mixin.py:188} INFO - [2026-03-27T18:35:49.879+0000] {dag.py:3089} INFO - Sync 1 DAGs
[2026-03-27T18:35:49.930+0000] {logging_mixin.py:188} INFO - [2026-03-27T18:35:49.929+0000] {dag.py:3947} INFO - Setting next_dagrun for snowflake_realtime_pipeline to 2026-03-27 18:30:00+00:00, run_after=2026-03-27 18:35:00+00:00
[2026-03-27T18:35:49.965+0000] {processor.py:183} INFO - Processing /opt/airflow/dags/snowflake_pipeline_dag.py took 0.237 seconds
[2026-03-27T18:36:20.323+0000] {processor.py:161} INFO - Started process (PID=10166) to work on /opt/airflow/dags/snowflake_pipeline_dag.py
[2026-03-27T18:36:20.328+0000] {processor.py:830} INFO - Processing file /opt/airflow/dags/snowflake_pipeline_dag.py for tasks to queue
[2026-03-27T18:36:20.337+0000] {logging_mixin.py:188} INFO - [2026-03-27T18:36:20.336+0000] {dagbag.py:545} INFO - Filling up the DagBag from /opt/airflow/dags/snowflake_pipeline_dag.py
[2026-03-27T18:36:20.419+0000] {processor.py:840} INFO - DAG(s) 'snowflake_realtime_pipeline' retrieved from /opt/airflow/dags/snowflake_pipeline_dag.py
[2026-03-27T18:36:20.510+0000] {logging_mixin.py:188} INFO - [2026-03-27T18:36:20.510+0000] {dag.py:3089} INFO - Sync 1 DAGs
[2026-03-27T18:36:20.573+0000] {logging_mixin.py:188} INFO - [2026-03-27T18:36:20.573+0000] {dag.py:3947} INFO - Setting next_dagrun for snowflake_realtime_pipeline to 2026-03-27 18:30:00+00:00, run_after=2026-03-27 18:35:00+00:00
[2026-03-27T18:36:20.617+0000] {processor.py:183} INFO - Processing /opt/airflow/dags/snowflake_pipeline_dag.py took 0.333 seconds
[2026-03-27T18:36:50.860+0000] {processor.py:161} INFO - Started process (PID=10208) to work on /opt/airflow/dags/snowflake_pipeline_dag.py
[2026-03-27T18:36:50.863+0000] {processor.py:830} INFO - Processing file /opt/airflow/dags/snowflake_pipeline_dag.py for tasks to queue
[2026-03-27T18:36:50.871+0000] {logging_mixin.py:188} INFO - [2026-03-27T18:36:50.869+0000] {dagbag.py:545} INFO - Filling up the DagBag from /opt/airflow/dags/snowflake_pipeline_dag.py
[2026-03-27T18:36:50.950+0000] {processor.py:840} INFO - DAG(s) 'snowflake_realtime_pipeline' retrieved from /opt/airflow/dags/snowflake_pipeline_dag.py
[2026-03-27T18:36:51.037+0000] {logging_mixin.py:188} INFO - [2026-03-27T18:36:51.037+0000] {dag.py:3089} INFO - Sync 1 DAGs
[2026-03-27T18:36:51.111+0000] {logging_mixin.py:188} INFO - [2026-03-27T18:36:51.111+0000] {dag.py:3947} INFO - Setting next_dagrun for snowflake_realtime_pipeline to 2026-03-27 18:30:00+00:00, run_after=2026-03-27 18:35:00+00:00
[2026-03-27T18:36:51.172+0000] {processor.py:183} INFO - Processing /opt/airflow/dags/snowflake_pipeline_dag.py took 0.337 seconds
[2026-03-27T18:37:21.535+0000] {processor.py:161} INFO - Started process (PID=10233) to work on /opt/airflow/dags/snowflake_pipeline_dag.py
[2026-03-27T18:37:21.537+0000] {processor.py:830} INFO - Processing file /opt/airflow/dags/snowflake_pipeline_dag.py for tasks to queue
[2026-03-27T18:37:21.541+0000] {logging_mixin.py:188} INFO - [2026-03-27T18:37:21.540+0000] {dagbag.py:545} INFO - Filling up the DagBag from /opt/airflow/dags/snowflake_pipeline_dag.py
[2026-03-27T18:37:21.588+0000] {processor.py:840} INFO - DAG(s) 'snowflake_realtime_pipeline' retrieved from /opt/airflow/dags/snowflake_pipeline_dag.py
[2026-03-27T18:37:21.640+0000] {logging_mixin.py:188} INFO - [2026-03-27T18:37:21.640+0000] {dag.py:3089} INFO - Sync 1 DAGs
[2026-03-27T18:37:21.688+0000] {logging_mixin.py:188} INFO - [2026-03-27T18:37:21.687+0000] {dag.py:3947} INFO - Setting next_dagrun for snowflake_realtime_pipeline to 2026-03-27 18:30:00+00:00, run_after=2026-03-27 18:35:00+00:00
[2026-03-27T18:37:21.745+0000] {processor.py:183} INFO - Processing /opt/airflow/dags/snowflake_pipeline_dag.py took 0.222 seconds
[2026-03-27T18:37:51.938+0000] {processor.py:161} INFO - Started process (PID=10258) to work on /opt/airflow/dags/snowflake_pipeline_dag.py
[2026-03-27T18:37:51.941+0000] {processor.py:830} INFO - Processing file /opt/airflow/dags/snowflake_pipeline_dag.py for tasks to queue
[2026-03-27T18:37:51.947+0000] {logging_mixin.py:188} INFO - [2026-03-27T18:37:51.946+0000] {dagbag.py:545} INFO - Filling up the DagBag from /opt/airflow/dags/snowflake_pipeline_dag.py
[2026-03-27T18:37:52.031+0000] {processor.py:840} INFO - DAG(s) 'snowflake_realtime_pipeline' retrieved from /opt/airflow/dags/snowflake_pipeline_dag.py
[2026-03-27T18:37:52.122+0000] {logging_mixin.py:188} INFO - [2026-03-27T18:37:52.121+0000] {dag.py:3089} INFO - Sync 1 DAGs
[2026-03-27T18:37:52.163+0000] {logging_mixin.py:188} INFO - [2026-03-27T18:37:52.162+0000] {dag.py:3947} INFO - Setting next_dagrun for snowflake_realtime_pipeline to 2026-03-27 18:30:00+00:00, run_after=2026-03-27 18:35:00+00:00
[2026-03-27T18:37:52.202+0000] {processor.py:183} INFO - Processing /opt/airflow/dags/snowflake_pipeline_dag.py took 0.284 seconds
[2026-03-27T18:38:22.520+0000] {processor.py:161} INFO - Started process (PID=10283) to work on /opt/airflow/dags/snowflake_pipeline_dag.py
[2026-03-27T18:38:22.522+0000] {processor.py:830} INFO - Processing file /opt/airflow/dags/snowflake_pipeline_dag.py for tasks to queue
[2026-03-27T18:38:22.526+0000] {logging_mixin.py:188} INFO - [2026-03-27T18:38:22.525+0000] {dagbag.py:545} INFO - Filling up the DagBag from /opt/airflow/dags/snowflake_pipeline_dag.py
[2026-03-27T18:38:22.574+0000] {processor.py:840} INFO - DAG(s) 'snowflake_realtime_pipeline' retrieved from /opt/airflow/dags/snowflake_pipeline_dag.py
[2026-03-27T18:38:22.629+0000] {logging_mixin.py:188} INFO - [2026-03-27T18:38:22.629+0000] {dag.py:3089} INFO - Sync 1 DAGs
[2026-03-27T18:38:22.677+0000] {logging_mixin.py:188} INFO - [2026-03-27T18:38:22.677+0000] {dag.py:3947} INFO - Setting next_dagrun for snowflake_realtime_pipeline to 2026-03-27 18:30:00+00:00, run_after=2026-03-27 18:35:00+00:00
[2026-03-27T18:38:22.734+0000] {processor.py:183} INFO - Processing /opt/airflow/dags/snowflake_pipeline_dag.py took 0.229 seconds
[2026-03-27T18:38:52.962+0000] {processor.py:161} INFO - Started process (PID=10308) to work on /opt/airflow/dags/snowflake_pipeline_dag.py
[2026-03-27T18:38:52.965+0000] {processor.py:830} INFO - Processing file /opt/airflow/dags/snowflake_pipeline_dag.py for tasks to queue
[2026-03-27T18:38:52.970+0000] {logging_mixin.py:188} INFO - [2026-03-27T18:38:52.969+0000] {dagbag.py:545} INFO - Filling up the DagBag from /opt/airflow/dags/snowflake_pipeline_dag.py
[2026-03-27T18:38:53.035+0000] {processor.py:840} INFO - DAG(s) 'snowflake_realtime_pipeline' retrieved from /opt/airflow/dags/snowflake_pipeline_dag.py
[2026-03-27T18:38:53.117+0000] {logging_mixin.py:188} INFO - [2026-03-27T18:38:53.117+0000] {dag.py:3089} INFO - Sync 1 DAGs
[2026-03-27T18:38:53.183+0000] {logging_mixin.py:188} INFO - [2026-03-27T18:38:53.183+0000] {dag.py:3947} INFO - Setting next_dagrun for snowflake_realtime_pipeline to 2026-03-27 18:30:00+00:00, run_after=2026-03-27 18:35:00+00:00
[2026-03-27T18:38:53.254+0000] {processor.py:183} INFO - Processing /opt/airflow/dags/snowflake_pipeline_dag.py took 0.308 seconds
[2026-03-27T18:39:23.517+0000] {processor.py:161} INFO - Started process (PID=10477) to work on /opt/airflow/dags/snowflake_pipeline_dag.py
[2026-03-27T18:39:23.520+0000] {processor.py:830} INFO - Processing file /opt/airflow/dags/snowflake_pipeline_dag.py for tasks to queue
[2026-03-27T18:39:23.525+0000] {logging_mixin.py:188} INFO - [2026-03-27T18:39:23.524+0000] {dagbag.py:545} INFO - Filling up the DagBag from /opt/airflow/dags/snowflake_pipeline_dag.py
[2026-03-27T18:39:23.576+0000] {processor.py:840} INFO - DAG(s) 'snowflake_realtime_pipeline' retrieved from /opt/airflow/dags/snowflake_pipeline_dag.py
[2026-03-27T18:39:23.630+0000] {logging_mixin.py:188} INFO - [2026-03-27T18:39:23.629+0000] {dag.py:3089} INFO - Sync 1 DAGs
[2026-03-27T18:39:23.676+0000] {logging_mixin.py:188} INFO - [2026-03-27T18:39:23.675+0000] {dag.py:3947} INFO - Setting next_dagrun for snowflake_realtime_pipeline to 2026-03-27 18:30:00+00:00, run_after=2026-03-27 18:35:00+00:00
[2026-03-27T18:39:23.734+0000] {processor.py:183} INFO - Processing /opt/airflow/dags/snowflake_pipeline_dag.py took 0.233 seconds
[2026-03-27T18:39:54.092+0000] {processor.py:161} INFO - Started process (PID=12192) to work on /opt/airflow/dags/snowflake_pipeline_dag.py
[2026-03-27T18:39:54.095+0000] {processor.py:830} INFO - Processing file /opt/airflow/dags/snowflake_pipeline_dag.py for tasks to queue
[2026-03-27T18:39:54.099+0000] {logging_mixin.py:188} INFO - [2026-03-27T18:39:54.098+0000] {dagbag.py:545} INFO - Filling up the DagBag from /opt/airflow/dags/snowflake_pipeline_dag.py
[2026-03-27T18:39:54.150+0000] {processor.py:840} INFO - DAG(s) 'snowflake_realtime_pipeline' retrieved from /opt/airflow/dags/snowflake_pipeline_dag.py
[2026-03-27T18:39:54.208+0000] {logging_mixin.py:188} INFO - [2026-03-27T18:39:54.208+0000] {dag.py:3089} INFO - Sync 1 DAGs
[2026-03-27T18:39:54.263+0000] {logging_mixin.py:188} INFO - [2026-03-27T18:39:54.262+0000] {dag.py:3947} INFO - Setting next_dagrun for snowflake_realtime_pipeline to 2026-03-27 18:30:00+00:00, run_after=2026-03-27 18:35:00+00:00
[2026-03-27T18:39:54.309+0000] {processor.py:183} INFO - Processing /opt/airflow/dags/snowflake_pipeline_dag.py took 0.232 seconds
[2026-03-27T18:40:24.563+0000] {processor.py:161} INFO - Started process (PID=12237) to work on /opt/airflow/dags/snowflake_pipeline_dag.py
[2026-03-27T18:40:24.567+0000] {processor.py:830} INFO - Processing file /opt/airflow/dags/snowflake_pipeline_dag.py for tasks to queue
[2026-03-27T18:40:24.573+0000] {logging_mixin.py:188} INFO - [2026-03-27T18:40:24.571+0000] {dagbag.py:545} INFO - Filling up the DagBag from /opt/airflow/dags/snowflake_pipeline_dag.py
[2026-03-27T18:40:24.624+0000] {processor.py:840} INFO - DAG(s) 'snowflake_realtime_pipeline' retrieved from /opt/airflow/dags/snowflake_pipeline_dag.py
[2026-03-27T18:40:24.684+0000] {logging_mixin.py:188} INFO - [2026-03-27T18:40:24.683+0000] {dag.py:3089} INFO - Sync 1 DAGs
[2026-03-27T18:40:24.731+0000] {logging_mixin.py:188} INFO - [2026-03-27T18:40:24.730+0000] {dag.py:3947} INFO - Setting next_dagrun for snowflake_realtime_pipeline to 2026-03-27 18:35:00+00:00, run_after=2026-03-27 18:40:00+00:00
[2026-03-27T18:40:24.818+0000] {processor.py:183} INFO - Processing /opt/airflow/dags/snowflake_pipeline_dag.py took 0.272 seconds
[2026-03-27T18:40:55.051+0000] {processor.py:161} INFO - Started process (PID=12262) to work on /opt/airflow/dags/snowflake_pipeline_dag.py
[2026-03-27T18:40:55.053+0000] {processor.py:830} INFO - Processing file /opt/airflow/dags/snowflake_pipeline_dag.py for tasks to queue
[2026-03-27T18:40:55.057+0000] {logging_mixin.py:188} INFO - [2026-03-27T18:40:55.057+0000] {dagbag.py:545} INFO - Filling up the DagBag from /opt/airflow/dags/snowflake_pipeline_dag.py
[2026-03-27T18:40:55.105+0000] {processor.py:840} INFO - DAG(s) 'snowflake_realtime_pipeline' retrieved from /opt/airflow/dags/snowflake_pipeline_dag.py
[2026-03-27T18:40:55.159+0000] {logging_mixin.py:188} INFO - [2026-03-27T18:40:55.159+0000] {dag.py:3089} INFO - Sync 1 DAGs
[2026-03-27T18:40:55.206+0000] {logging_mixin.py:188} INFO - [2026-03-27T18:40:55.205+0000] {dag.py:3947} INFO - Setting next_dagrun for snowflake_realtime_pipeline to 2026-03-27 18:35:00+00:00, run_after=2026-03-27 18:40:00+00:00
[2026-03-27T18:40:55.263+0000] {processor.py:183} INFO - Processing /opt/airflow/dags/snowflake_pipeline_dag.py took 0.224 seconds
[2026-03-27T18:41:25.473+0000] {processor.py:161} INFO - Started process (PID=12287) to work on /opt/airflow/dags/snowflake_pipeline_dag.py
[2026-03-27T18:41:25.476+0000] {processor.py:830} INFO - Processing file /opt/airflow/dags/snowflake_pipeline_dag.py for tasks to queue
[2026-03-27T18:41:25.480+0000] {logging_mixin.py:188} INFO - [2026-03-27T18:41:25.479+0000] {dagbag.py:545} INFO - Filling up the DagBag from /opt/airflow/dags/snowflake_pipeline_dag.py
[2026-03-27T18:41:25.526+0000] {processor.py:840} INFO - DAG(s) 'snowflake_realtime_pipeline' retrieved from /opt/airflow/dags/snowflake_pipeline_dag.py
[2026-03-27T18:41:25.581+0000] {logging_mixin.py:188} INFO - [2026-03-27T18:41:25.581+0000] {dag.py:3089} INFO - Sync 1 DAGs
[2026-03-27T18:41:25.628+0000] {logging_mixin.py:188} INFO - [2026-03-27T18:41:25.627+0000] {dag.py:3947} INFO - Setting next_dagrun for snowflake_realtime_pipeline to 2026-03-27 18:35:00+00:00, run_after=2026-03-27 18:40:00+00:00
[2026-03-27T18:41:25.668+0000] {processor.py:183} INFO - Processing /opt/airflow/dags/snowflake_pipeline_dag.py took 0.208 seconds
[2026-03-27T18:41:55.916+0000] {processor.py:161} INFO - Started process (PID=12312) to work on /opt/airflow/dags/snowflake_pipeline_dag.py
[2026-03-27T18:41:55.918+0000] {processor.py:830} INFO - Processing file /opt/airflow/dags/snowflake_pipeline_dag.py for tasks to queue
[2026-03-27T18:41:55.923+0000] {logging_mixin.py:188} INFO - [2026-03-27T18:41:55.922+0000] {dagbag.py:545} INFO - Filling up the DagBag from /opt/airflow/dags/snowflake_pipeline_dag.py
[2026-03-27T18:41:55.970+0000] {processor.py:840} INFO - DAG(s) 'snowflake_realtime_pipeline' retrieved from /opt/airflow/dags/snowflake_pipeline_dag.py
[2026-03-27T18:41:56.023+0000] {logging_mixin.py:188} INFO - [2026-03-27T18:41:56.022+0000] {dag.py:3089} INFO - Sync 1 DAGs
[2026-03-27T18:41:56.071+0000] {logging_mixin.py:188} INFO - [2026-03-27T18:41:56.070+0000] {dag.py:3947} INFO - Setting next_dagrun for snowflake_realtime_pipeline to 2026-03-27 18:35:00+00:00, run_after=2026-03-27 18:40:00+00:00
[2026-03-27T18:41:56.114+0000] {processor.py:183} INFO - Processing /opt/airflow/dags/snowflake_pipeline_dag.py took 0.213 seconds
[2026-03-27T18:42:26.369+0000] {processor.py:161} INFO - Started process (PID=12337) to work on /opt/airflow/dags/snowflake_pipeline_dag.py
[2026-03-27T18:42:26.371+0000] {processor.py:830} INFO - Processing file /opt/airflow/dags/snowflake_pipeline_dag.py for tasks to queue
[2026-03-27T18:42:26.374+0000] {logging_mixin.py:188} INFO - [2026-03-27T18:42:26.374+0000] {dagbag.py:545} INFO - Filling up the DagBag from /opt/airflow/dags/snowflake_pipeline_dag.py
[2026-03-27T18:42:26.426+0000] {processor.py:840} INFO - DAG(s) 'snowflake_realtime_pipeline' retrieved from /opt/airflow/dags/snowflake_pipeline_dag.py
[2026-03-27T18:42:26.501+0000] {logging_mixin.py:188} INFO - [2026-03-27T18:42:26.501+0000] {dag.py:3089} INFO - Sync 1 DAGs
[2026-03-27T18:42:26.560+0000] {logging_mixin.py:188} INFO - [2026-03-27T18:42:26.559+0000] {dag.py:3947} INFO - Setting next_dagrun for snowflake_realtime_pipeline to 2026-03-27 18:35:00+00:00, run_after=2026-03-27 18:40:00+00:00
[2026-03-27T18:42:26.631+0000] {processor.py:183} INFO - Processing /opt/airflow/dags/snowflake_pipeline_dag.py took 0.277 seconds
[2026-03-27T18:42:57.019+0000] {processor.py:161} INFO - Started process (PID=12362) to work on /opt/airflow/dags/snowflake_pipeline_dag.py
[2026-03-27T18:42:57.021+0000] {processor.py:830} INFO - Processing file /opt/airflow/dags/snowflake_pipeline_dag.py for tasks to queue
[2026-03-27T18:42:57.024+0000] {logging_mixin.py:188} INFO - [2026-03-27T18:42:57.024+0000] {dagbag.py:545} INFO - Filling up the DagBag from /opt/airflow/dags/snowflake_pipeline_dag.py
[2026-03-27T18:42:57.069+0000] {processor.py:840} INFO - DAG(s) 'snowflake_realtime_pipeline' retrieved from /opt/airflow/dags/snowflake_pipeline_dag.py
[2026-03-27T18:42:57.122+0000] {logging_mixin.py:188} INFO - [2026-03-27T18:42:57.121+0000] {dag.py:3089} INFO - Sync 1 DAGs
[2026-03-27T18:42:57.174+0000] {logging_mixin.py:188} INFO - [2026-03-27T18:42:57.173+0000] {dag.py:3947} INFO - Setting next_dagrun for snowflake_realtime_pipeline to 2026-03-27 18:35:00+00:00, run_after=2026-03-27 18:40:00+00:00
[2026-03-27T18:42:57.233+0000] {processor.py:183} INFO - Processing /opt/airflow/dags/snowflake_pipeline_dag.py took 0.227 seconds
[2026-03-27T18:43:27.420+0000] {processor.py:161} INFO - Started process (PID=13238) to work on /opt/airflow/dags/snowflake_pipeline_dag.py
[2026-03-27T18:43:27.423+0000] {processor.py:830} INFO - Processing file /opt/airflow/dags/snowflake_pipeline_dag.py for tasks to queue
[2026-03-27T18:43:27.428+0000] {logging_mixin.py:188} INFO - [2026-03-27T18:43:27.427+0000] {dagbag.py:545} INFO - Filling up the DagBag from /opt/airflow/dags/snowflake_pipeline_dag.py
[2026-03-27T18:43:27.477+0000] {processor.py:840} INFO - DAG(s) 'snowflake_realtime_pipeline' retrieved from /opt/airflow/dags/snowflake_pipeline_dag.py
[2026-03-27T18:43:27.536+0000] {logging_mixin.py:188} INFO - [2026-03-27T18:43:27.535+0000] {dag.py:3089} INFO - Sync 1 DAGs
[2026-03-27T18:43:27.589+0000] {logging_mixin.py:188} INFO - [2026-03-27T18:43:27.588+0000] {dag.py:3947} INFO - Setting next_dagrun for snowflake_realtime_pipeline to 2026-03-27 18:35:00+00:00, run_after=2026-03-27 18:40:00+00:00
[2026-03-27T18:43:27.633+0000] {processor.py:183} INFO - Processing /opt/airflow/dags/snowflake_pipeline_dag.py took 0.229 seconds
[2026-03-27T18:43:58.205+0000] {processor.py:161} INFO - Started process (PID=14207) to work on /opt/airflow/dags/snowflake_pipeline_dag.py
[2026-03-27T18:43:58.208+0000] {processor.py:830} INFO - Processing file /opt/airflow/dags/snowflake_pipeline_dag.py for tasks to queue
[2026-03-27T18:43:58.214+0000] {logging_mixin.py:188} INFO - [2026-03-27T18:43:58.213+0000] {dagbag.py:545} INFO - Filling up the DagBag from /opt/airflow/dags/snowflake_pipeline_dag.py
[2026-03-27T18:43:58.291+0000] {processor.py:840} INFO - DAG(s) 'snowflake_realtime_pipeline' retrieved from /opt/airflow/dags/snowflake_pipeline_dag.py
[2026-03-27T18:43:58.389+0000] {logging_mixin.py:188} INFO - [2026-03-27T18:43:58.388+0000] {dag.py:3089} INFO - Sync 1 DAGs
[2026-03-27T18:43:58.489+0000] {logging_mixin.py:188} INFO - [2026-03-27T18:43:58.488+0000] {dag.py:3947} INFO - Setting next_dagrun for snowflake_realtime_pipeline to 2026-03-27 18:35:00+00:00, run_after=2026-03-27 18:40:00+00:00
[2026-03-27T18:43:58.557+0000] {processor.py:183} INFO - Processing /opt/airflow/dags/snowflake_pipeline_dag.py took 0.375 seconds
[2026-03-27T18:44:29.351+0000] {processor.py:161} INFO - Started process (PID=14258) to work on /opt/airflow/dags/snowflake_pipeline_dag.py
[2026-03-27T18:44:29.356+0000] {processor.py:830} INFO - Processing file /opt/airflow/dags/snowflake_pipeline_dag.py for tasks to queue
[2026-03-27T18:44:29.365+0000] {logging_mixin.py:188} INFO - [2026-03-27T18:44:29.363+0000] {dagbag.py:545} INFO - Filling up the DagBag from /opt/airflow/dags/snowflake_pipeline_dag.py
[2026-03-27T18:44:29.467+0000] {processor.py:840} INFO - DAG(s) 'snowflake_realtime_pipeline' retrieved from /opt/airflow/dags/snowflake_pipeline_dag.py
[2026-03-27T18:44:29.596+0000] {logging_mixin.py:188} INFO - [2026-03-27T18:44:29.596+0000] {dag.py:3089} INFO - Sync 1 DAGs
[2026-03-27T18:44:29.710+0000] {logging_mixin.py:188} INFO - [2026-03-27T18:44:29.710+0000] {dag.py:3947} INFO - Setting next_dagrun for snowflake_realtime_pipeline to 2026-03-27 18:35:00+00:00, run_after=2026-03-27 18:40:00+00:00
[2026-03-27T18:44:29.794+0000] {processor.py:183} INFO - Processing /opt/airflow/dags/snowflake_pipeline_dag.py took 0.477 seconds
[2026-03-27T18:44:59.999+0000] {processor.py:161} INFO - Started process (PID=14283) to work on /opt/airflow/dags/snowflake_pipeline_dag.py
[2026-03-27T18:45:00.002+0000] {processor.py:830} INFO - Processing file /opt/airflow/dags/snowflake_pipeline_dag.py for tasks to queue
[2026-03-27T18:45:00.006+0000] {logging_mixin.py:188} INFO - [2026-03-27T18:45:00.006+0000] {dagbag.py:545} INFO - Filling up the DagBag from /opt/airflow/dags/snowflake_pipeline_dag.py
[2026-03-27T18:45:00.072+0000] {processor.py:840} INFO - DAG(s) 'snowflake_realtime_pipeline' retrieved from /opt/airflow/dags/snowflake_pipeline_dag.py
[2026-03-27T18:45:00.144+0000] {logging_mixin.py:188} INFO - [2026-03-27T18:45:00.143+0000] {dag.py:3089} INFO - Sync 1 DAGs
[2026-03-27T18:45:00.207+0000] {logging_mixin.py:188} INFO - [2026-03-27T18:45:00.207+0000] {dag.py:3947} INFO - Setting next_dagrun for snowflake_realtime_pipeline to 2026-03-27 18:40:00+00:00, run_after=2026-03-27 18:45:00+00:00
[2026-03-27T18:45:00.309+0000] {processor.py:183} INFO - Processing /opt/airflow/dags/snowflake_pipeline_dag.py took 0.324 seconds
[2026-03-27T18:45:30.609+0000] {processor.py:161} INFO - Started process (PID=14308) to work on /opt/airflow/dags/snowflake_pipeline_dag.py
[2026-03-27T18:45:30.613+0000] {processor.py:830} INFO - Processing file /opt/airflow/dags/snowflake_pipeline_dag.py for tasks to queue
[2026-03-27T18:45:30.620+0000] {logging_mixin.py:188} INFO - [2026-03-27T18:45:30.619+0000] {dagbag.py:545} INFO - Filling up the DagBag from /opt/airflow/dags/snowflake_pipeline_dag.py
[2026-03-27T18:45:30.718+0000] {processor.py:840} INFO - DAG(s) 'snowflake_realtime_pipeline' retrieved from /opt/airflow/dags/snowflake_pipeline_dag.py
[2026-03-27T18:45:30.838+0000] {logging_mixin.py:188} INFO - [2026-03-27T18:45:30.836+0000] {dag.py:3089} INFO - Sync 1 DAGs
[2026-03-27T18:45:30.963+0000] {logging_mixin.py:188} INFO - [2026-03-27T18:45:30.962+0000] {dag.py:3947} INFO - Setting next_dagrun for snowflake_realtime_pipeline to 2026-03-27 18:40:00+00:00, run_after=2026-03-27 18:45:00+00:00
[2026-03-27T18:45:31.056+0000] {processor.py:183} INFO - Processing /opt/airflow/dags/snowflake_pipeline_dag.py took 0.472 seconds
[2026-03-27T18:46:02.245+0000] {processor.py:161} INFO - Started process (PID=14333) to work on /opt/airflow/dags/snowflake_pipeline_dag.py
[2026-03-27T18:46:02.249+0000] {processor.py:830} INFO - Processing file /opt/airflow/dags/snowflake_pipeline_dag.py for tasks to queue
[2026-03-27T18:46:02.259+0000] {logging_mixin.py:188} INFO - [2026-03-27T18:46:02.257+0000] {dagbag.py:545} INFO - Filling up the DagBag from /opt/airflow/dags/snowflake_pipeline_dag.py
[2026-03-27T18:46:02.358+0000] {processor.py:840} INFO - DAG(s) 'snowflake_realtime_pipeline' retrieved from /opt/airflow/dags/snowflake_pipeline_dag.py
[2026-03-27T18:46:02.498+0000] {logging_mixin.py:188} INFO - [2026-03-27T18:46:02.497+0000] {dag.py:3089} INFO - Sync 1 DAGs
[2026-03-27T18:46:02.628+0000] {logging_mixin.py:188} INFO - [2026-03-27T18:46:02.627+0000] {dag.py:3947} INFO - Setting next_dagrun for snowflake_realtime_pipeline to 2026-03-27 18:40:00+00:00, run_after=2026-03-27 18:45:00+00:00
[2026-03-27T18:46:02.695+0000] {processor.py:183} INFO - Processing /opt/airflow/dags/snowflake_pipeline_dag.py took 0.482 seconds
[2026-03-27T18:46:33.429+0000] {processor.py:161} INFO - Started process (PID=14358) to work on /opt/airflow/dags/snowflake_pipeline_dag.py
[2026-03-27T18:46:33.435+0000] {processor.py:830} INFO - Processing file /opt/airflow/dags/snowflake_pipeline_dag.py for tasks to queue
[2026-03-27T18:46:33.448+0000] {logging_mixin.py:188} INFO - [2026-03-27T18:46:33.446+0000] {dagbag.py:545} INFO - Filling up the DagBag from /opt/airflow/dags/snowflake_pipeline_dag.py
[2026-03-27T18:46:33.517+0000] {processor.py:840} INFO - DAG(s) 'snowflake_realtime_pipeline' retrieved from /opt/airflow/dags/snowflake_pipeline_dag.py
[2026-03-27T18:46:33.590+0000] {logging_mixin.py:188} INFO - [2026-03-27T18:46:33.590+0000] {dag.py:3089} INFO - Sync 1 DAGs
[2026-03-27T18:46:33.651+0000] {logging_mixin.py:188} INFO - [2026-03-27T18:46:33.650+0000] {dag.py:3947} INFO - Setting next_dagrun for snowflake_realtime_pipeline to 2026-03-27 18:40:00+00:00, run_after=2026-03-27 18:45:00+00:00
[2026-03-27T18:46:33.701+0000] {processor.py:183} INFO - Processing /opt/airflow/dags/snowflake_pipeline_dag.py took 0.314 seconds
[2026-03-27T18:47:04.338+0000] {processor.py:161} INFO - Started process (PID=14383) to work on /opt/airflow/dags/snowflake_pipeline_dag.py
[2026-03-27T18:47:04.340+0000] {processor.py:830} INFO - Processing file /opt/airflow/dags/snowflake_pipeline_dag.py for tasks to queue
[2026-03-27T18:47:04.346+0000] {logging_mixin.py:188} INFO - [2026-03-27T18:47:04.345+0000] {dagbag.py:545} INFO - Filling up the DagBag from /opt/airflow/dags/snowflake_pipeline_dag.py
[2026-03-27T18:47:04.409+0000] {processor.py:840} INFO - DAG(s) 'snowflake_realtime_pipeline' retrieved from /opt/airflow/dags/snowflake_pipeline_dag.py
[2026-03-27T18:47:04.483+0000] {logging_mixin.py:188} INFO - [2026-03-27T18:47:04.482+0000] {dag.py:3089} INFO - Sync 1 DAGs
[2026-03-27T18:47:04.528+0000] {logging_mixin.py:188} INFO - [2026-03-27T18:47:04.528+0000] {dag.py:3947} INFO - Setting next_dagrun for snowflake_realtime_pipeline to 2026-03-27 18:40:00+00:00, run_after=2026-03-27 18:45:00+00:00
[2026-03-27T18:47:04.603+0000] {processor.py:183} INFO - Processing /opt/airflow/dags/snowflake_pipeline_dag.py took 0.282 seconds
[2026-03-27T18:47:35.314+0000] {processor.py:161} INFO - Started process (PID=15434) to work on /opt/airflow/dags/snowflake_pipeline_dag.py
[2026-03-27T18:47:35.319+0000] {processor.py:830} INFO - Processing file /opt/airflow/dags/snowflake_pipeline_dag.py for tasks to queue
[2026-03-27T18:47:35.332+0000] {logging_mixin.py:188} INFO - [2026-03-27T18:47:35.330+0000] {dagbag.py:545} INFO - Filling up the DagBag from /opt/airflow/dags/snowflake_pipeline_dag.py
[2026-03-27T18:47:35.408+0000] {processor.py:840} INFO - DAG(s) 'snowflake_realtime_pipeline' retrieved from /opt/airflow/dags/snowflake_pipeline_dag.py
[2026-03-27T18:47:35.486+0000] {logging_mixin.py:188} INFO - [2026-03-27T18:47:35.486+0000] {dag.py:3089} INFO - Sync 1 DAGs
[2026-03-27T18:47:35.566+0000] {logging_mixin.py:188} INFO - [2026-03-27T18:47:35.565+0000] {dag.py:3947} INFO - Setting next_dagrun for snowflake_realtime_pipeline to 2026-03-27 18:40:00+00:00, run_after=2026-03-27 18:45:00+00:00
[2026-03-27T18:47:35.652+0000] {processor.py:183} INFO - Processing /opt/airflow/dags/snowflake_pipeline_dag.py took 0.371 seconds
[2026-03-27T18:48:06.394+0000] {processor.py:161} INFO - Started process (PID=16003) to work on /opt/airflow/dags/snowflake_pipeline_dag.py
[2026-03-27T18:48:06.400+0000] {processor.py:830} INFO - Processing file /opt/airflow/dags/snowflake_pipeline_dag.py for tasks to queue
[2026-03-27T18:48:06.411+0000] {logging_mixin.py:188} INFO - [2026-03-27T18:48:06.409+0000] {dagbag.py:545} INFO - Filling up the DagBag from /opt/airflow/dags/snowflake_pipeline_dag.py
[2026-03-27T18:48:06.518+0000] {processor.py:840} INFO - DAG(s) 'snowflake_realtime_pipeline' retrieved from /opt/airflow/dags/snowflake_pipeline_dag.py
[2026-03-27T18:48:06.640+0000] {logging_mixin.py:188} INFO - [2026-03-27T18:48:06.639+0000] {dag.py:3089} INFO - Sync 1 DAGs
[2026-03-27T18:48:06.683+0000] {logging_mixin.py:188} INFO - [2026-03-27T18:48:06.683+0000] {dag.py:3947} INFO - Setting next_dagrun for snowflake_realtime_pipeline to 2026-03-27 18:40:00+00:00, run_after=2026-03-27 18:45:00+00:00
[2026-03-27T18:48:06.756+0000] {processor.py:183} INFO - Processing /opt/airflow/dags/snowflake_pipeline_dag.py took 0.399 seconds
[2026-03-27T18:48:37.493+0000] {processor.py:161} INFO - Started process (PID=16032) to work on /opt/airflow/dags/snowflake_pipeline_dag.py
[2026-03-27T18:48:37.499+0000] {processor.py:830} INFO - Processing file /opt/airflow/dags/snowflake_pipeline_dag.py for tasks to queue
[2026-03-27T18:48:37.515+0000] {logging_mixin.py:188} INFO - [2026-03-27T18:48:37.512+0000] {dagbag.py:545} INFO - Filling up the DagBag from /opt/airflow/dags/snowflake_pipeline_dag.py
[2026-03-27T18:48:37.624+0000] {processor.py:840} INFO - DAG(s) 'snowflake_realtime_pipeline' retrieved from /opt/airflow/dags/snowflake_pipeline_dag.py
[2026-03-27T18:48:37.697+0000] {logging_mixin.py:188} INFO - [2026-03-27T18:48:37.696+0000] {dag.py:3089} INFO - Sync 1 DAGs
[2026-03-27T18:48:37.757+0000] {logging_mixin.py:188} INFO - [2026-03-27T18:48:37.757+0000] {dag.py:3947} INFO - Setting next_dagrun for snowflake_realtime_pipeline to 2026-03-27 18:40:00+00:00, run_after=2026-03-27 18:45:00+00:00
[2026-03-27T18:48:37.824+0000] {processor.py:183} INFO - Processing /opt/airflow/dags/snowflake_pipeline_dag.py took 0.377 seconds
[2026-03-27T18:49:08.252+0000] {processor.py:161} INFO - Started process (PID=16057) to work on /opt/airflow/dags/snowflake_pipeline_dag.py
[2026-03-27T18:49:08.257+0000] {processor.py:830} INFO - Processing file /opt/airflow/dags/snowflake_pipeline_dag.py for tasks to queue
[2026-03-27T18:49:08.266+0000] {logging_mixin.py:188} INFO - [2026-03-27T18:49:08.265+0000] {dagbag.py:545} INFO - Filling up the DagBag from /opt/airflow/dags/snowflake_pipeline_dag.py
[2026-03-27T18:49:08.368+0000] {processor.py:840} INFO - DAG(s) 'snowflake_realtime_pipeline' retrieved from /opt/airflow/dags/snowflake_pipeline_dag.py
[2026-03-27T18:49:08.500+0000] {logging_mixin.py:188} INFO - [2026-03-27T18:49:08.498+0000] {dag.py:3089} INFO - Sync 1 DAGs
[2026-03-27T18:49:08.610+0000] {logging_mixin.py:188} INFO - [2026-03-27T18:49:08.610+0000] {dag.py:3947} INFO - Setting next_dagrun for snowflake_realtime_pipeline to 2026-03-27 18:40:00+00:00, run_after=2026-03-27 18:45:00+00:00
[2026-03-27T18:49:08.703+0000] {processor.py:183} INFO - Processing /opt/airflow/dags/snowflake_pipeline_dag.py took 0.493 seconds
[2026-03-27T18:49:38.998+0000] {processor.py:161} INFO - Started process (PID=16082) to work on /opt/airflow/dags/snowflake_pipeline_dag.py
[2026-03-27T18:49:39.002+0000] {processor.py:830} INFO - Processing file /opt/airflow/dags/snowflake_pipeline_dag.py for tasks to queue
[2026-03-27T18:49:39.010+0000] {logging_mixin.py:188} INFO - [2026-03-27T18:49:39.009+0000] {dagbag.py:545} INFO - Filling up the DagBag from /opt/airflow/dags/snowflake_pipeline_dag.py
[2026-03-27T18:49:39.097+0000] {processor.py:840} INFO - DAG(s) 'snowflake_realtime_pipeline' retrieved from /opt/airflow/dags/snowflake_pipeline_dag.py
[2026-03-27T18:49:39.223+0000] {logging_mixin.py:188} INFO - [2026-03-27T18:49:39.222+0000] {dag.py:3089} INFO - Sync 1 DAGs
[2026-03-27T18:49:39.312+0000] {logging_mixin.py:188} INFO - [2026-03-27T18:49:39.312+0000] {dag.py:3947} INFO - Setting next_dagrun for snowflake_realtime_pipeline to 2026-03-27 18:40:00+00:00, run_after=2026-03-27 18:45:00+00:00
[2026-03-27T18:49:39.406+0000] {processor.py:183} INFO - Processing /opt/airflow/dags/snowflake_pipeline_dag.py took 0.434 seconds
[2026-03-27T18:50:09.622+0000] {processor.py:161} INFO - Started process (PID=16107) to work on /opt/airflow/dags/snowflake_pipeline_dag.py
[2026-03-27T18:50:09.626+0000] {processor.py:830} INFO - Processing file /opt/airflow/dags/snowflake_pipeline_dag.py for tasks to queue
[2026-03-27T18:50:09.633+0000] {logging_mixin.py:188} INFO - [2026-03-27T18:50:09.632+0000] {dagbag.py:545} INFO - Filling up the DagBag from /opt/airflow/dags/snowflake_pipeline_dag.py
[2026-03-27T18:50:09.716+0000] {processor.py:840} INFO - DAG(s) 'snowflake_realtime_pipeline' retrieved from /opt/airflow/dags/snowflake_pipeline_dag.py
[2026-03-27T18:50:09.815+0000] {logging_mixin.py:188} INFO - [2026-03-27T18:50:09.814+0000] {dag.py:3089} INFO - Sync 1 DAGs
[2026-03-27T18:50:09.894+0000] {logging_mixin.py:188} INFO - [2026-03-27T18:50:09.894+0000] {dag.py:3947} INFO - Setting next_dagrun for snowflake_realtime_pipeline to 2026-03-27 18:45:00+00:00, run_after=2026-03-27 18:50:00+00:00
[2026-03-27T18:50:09.965+0000] {processor.py:183} INFO - Processing /opt/airflow/dags/snowflake_pipeline_dag.py took 0.366 seconds
[2026-03-27T18:50:41.127+0000] {processor.py:161} INFO - Started process (PID=16132) to work on /opt/airflow/dags/snowflake_pipeline_dag.py
[2026-03-27T18:50:41.133+0000] {processor.py:830} INFO - Processing file /opt/airflow/dags/snowflake_pipeline_dag.py for tasks to queue
[2026-03-27T18:50:41.145+0000] {logging_mixin.py:188} INFO - [2026-03-27T18:50:41.143+0000] {dagbag.py:545} INFO - Filling up the DagBag from /opt/airflow/dags/snowflake_pipeline_dag.py
[2026-03-27T18:50:41.260+0000] {processor.py:840} INFO - DAG(s) 'snowflake_realtime_pipeline' retrieved from /opt/airflow/dags/snowflake_pipeline_dag.py
[2026-03-27T18:50:41.390+0000] {logging_mixin.py:188} INFO - [2026-03-27T18:50:41.389+0000] {dag.py:3089} INFO - Sync 1 DAGs
[2026-03-27T18:50:41.513+0000] {logging_mixin.py:188} INFO - [2026-03-27T18:50:41.512+0000] {dag.py:3947} INFO - Setting next_dagrun for snowflake_realtime_pipeline to 2026-03-27 18:45:00+00:00, run_after=2026-03-27 18:50:00+00:00
[2026-03-27T18:50:41.597+0000] {processor.py:183} INFO - Processing /opt/airflow/dags/snowflake_pipeline_dag.py took 0.508 seconds
[2026-03-27T18:51:11.920+0000] {processor.py:161} INFO - Started process (PID=16284) to work on /opt/airflow/dags/snowflake_pipeline_dag.py
[2026-03-27T18:51:11.925+0000] {processor.py:830} INFO - Processing file /opt/airflow/dags/snowflake_pipeline_dag.py for tasks to queue
[2026-03-27T18:51:11.935+0000] {logging_mixin.py:188} INFO - [2026-03-27T18:51:11.934+0000] {dagbag.py:545} INFO - Filling up the DagBag from /opt/airflow/dags/snowflake_pipeline_dag.py
[2026-03-27T18:51:12.002+0000] {processor.py:840} INFO - DAG(s) 'snowflake_realtime_pipeline' retrieved from /opt/airflow/dags/snowflake_pipeline_dag.py
[2026-03-27T18:51:12.058+0000] {logging_mixin.py:188} INFO - [2026-03-27T18:51:12.058+0000] {dag.py:3089} INFO - Sync 1 DAGs
[2026-03-27T18:51:12.107+0000] {logging_mixin.py:188} INFO - [2026-03-27T18:51:12.106+0000] {dag.py:3947} INFO - Setting next_dagrun for snowflake_realtime_pipeline to 2026-03-27 18:45:00+00:00, run_after=2026-03-27 18:50:00+00:00
[2026-03-27T18:51:12.146+0000] {processor.py:183} INFO - Processing /opt/airflow/dags/snowflake_pipeline_dag.py took 0.258 seconds
[2026-03-27T18:51:42.785+0000] {processor.py:161} INFO - Started process (PID=17778) to work on /opt/airflow/dags/snowflake_pipeline_dag.py
[2026-03-27T18:51:42.789+0000] {processor.py:830} INFO - Processing file /opt/airflow/dags/snowflake_pipeline_dag.py for tasks to queue
[2026-03-27T18:51:42.795+0000] {logging_mixin.py:188} INFO - [2026-03-27T18:51:42.794+0000] {dagbag.py:545} INFO - Filling up the DagBag from /opt/airflow/dags/snowflake_pipeline_dag.py
[2026-03-27T18:51:42.875+0000] {processor.py:840} INFO - DAG(s) 'snowflake_realtime_pipeline' retrieved from /opt/airflow/dags/snowflake_pipeline_dag.py
[2026-03-27T18:51:42.944+0000] {logging_mixin.py:188} INFO - [2026-03-27T18:51:42.943+0000] {dag.py:3089} INFO - Sync 1 DAGs
[2026-03-27T18:51:43.005+0000] {logging_mixin.py:188} INFO - [2026-03-27T18:51:43.005+0000] {dag.py:3947} INFO - Setting next_dagrun for snowflake_realtime_pipeline to 2026-03-27 18:45:00+00:00, run_after=2026-03-27 18:50:00+00:00
[2026-03-27T18:51:43.064+0000] {processor.py:183} INFO - Processing /opt/airflow/dags/snowflake_pipeline_dag.py took 0.321 seconds
[2026-03-27T18:52:13.474+0000] {processor.py:161} INFO - Started process (PID=17903) to work on /opt/airflow/dags/snowflake_pipeline_dag.py
[2026-03-27T18:52:13.479+0000] {processor.py:830} INFO - Processing file /opt/airflow/dags/snowflake_pipeline_dag.py for tasks to queue
[2026-03-27T18:52:13.488+0000] {logging_mixin.py:188} INFO - [2026-03-27T18:52:13.487+0000] {dagbag.py:545} INFO - Filling up the DagBag from /opt/airflow/dags/snowflake_pipeline_dag.py
[2026-03-27T18:52:13.611+0000] {processor.py:840} INFO - DAG(s) 'snowflake_realtime_pipeline' retrieved from /opt/airflow/dags/snowflake_pipeline_dag.py
[2026-03-27T18:52:13.754+0000] {logging_mixin.py:188} INFO - [2026-03-27T18:52:13.753+0000] {dag.py:3089} INFO - Sync 1 DAGs
[2026-03-27T18:52:13.890+0000] {logging_mixin.py:188} INFO - [2026-03-27T18:52:13.889+0000] {dag.py:3947} INFO - Setting next_dagrun for snowflake_realtime_pipeline to 2026-03-27 18:45:00+00:00, run_after=2026-03-27 18:50:00+00:00
[2026-03-27T18:52:14.007+0000] {processor.py:183} INFO - Processing /opt/airflow/dags/snowflake_pipeline_dag.py took 0.563 seconds
[2026-03-27T18:52:44.761+0000] {processor.py:161} INFO - Started process (PID=17928) to work on /opt/airflow/dags/snowflake_pipeline_dag.py
[2026-03-27T18:52:44.763+0000] {processor.py:830} INFO - Processing file /opt/airflow/dags/snowflake_pipeline_dag.py for tasks to queue
[2026-03-27T18:52:44.767+0000] {logging_mixin.py:188} INFO - [2026-03-27T18:52:44.766+0000] {dagbag.py:545} INFO - Filling up the DagBag from /opt/airflow/dags/snowflake_pipeline_dag.py
[2026-03-27T18:52:44.818+0000] {processor.py:840} INFO - DAG(s) 'snowflake_realtime_pipeline' retrieved from /opt/airflow/dags/snowflake_pipeline_dag.py
[2026-03-27T18:52:44.920+0000] {logging_mixin.py:188} INFO - [2026-03-27T18:52:44.919+0000] {dag.py:3089} INFO - Sync 1 DAGs
[2026-03-27T18:52:45.024+0000] {logging_mixin.py:188} INFO - [2026-03-27T18:52:45.023+0000] {dag.py:3947} INFO - Setting next_dagrun for snowflake_realtime_pipeline to 2026-03-27 18:45:00+00:00, run_after=2026-03-27 18:50:00+00:00
[2026-03-27T18:52:45.103+0000] {processor.py:183} INFO - Processing /opt/airflow/dags/snowflake_pipeline_dag.py took 0.355 seconds
[2026-03-27T18:53:15.884+0000] {processor.py:161} INFO - Started process (PID=17953) to work on /opt/airflow/dags/snowflake_pipeline_dag.py
[2026-03-27T18:53:15.889+0000] {processor.py:830} INFO - Processing file /opt/airflow/dags/snowflake_pipeline_dag.py for tasks to queue
[2026-03-27T18:53:15.900+0000] {logging_mixin.py:188} INFO - [2026-03-27T18:53:15.898+0000] {dagbag.py:545} INFO - Filling up the DagBag from /opt/airflow/dags/snowflake_pipeline_dag.py
[2026-03-27T18:53:16.021+0000] {processor.py:840} INFO - DAG(s) 'snowflake_realtime_pipeline' retrieved from /opt/airflow/dags/snowflake_pipeline_dag.py
[2026-03-27T18:53:16.169+0000] {logging_mixin.py:188} INFO - [2026-03-27T18:53:16.168+0000] {dag.py:3089} INFO - Sync 1 DAGs
[2026-03-27T18:53:16.298+0000] {logging_mixin.py:188} INFO - [2026-03-27T18:53:16.297+0000] {dag.py:3947} INFO - Setting next_dagrun for snowflake_realtime_pipeline to 2026-03-27 18:45:00+00:00, run_after=2026-03-27 18:50:00+00:00
[2026-03-27T18:53:16.411+0000] {processor.py:183} INFO - Processing /opt/airflow/dags/snowflake_pipeline_dag.py took 0.561 seconds
[2026-03-27T18:53:47.307+0000] {processor.py:161} INFO - Started process (PID=17978) to work on /opt/airflow/dags/snowflake_pipeline_dag.py
[2026-03-27T18:53:47.310+0000] {processor.py:830} INFO - Processing file /opt/airflow/dags/snowflake_pipeline_dag.py for tasks to queue
[2026-03-27T18:53:47.317+0000] {logging_mixin.py:188} INFO - [2026-03-27T18:53:47.316+0000] {dagbag.py:545} INFO - Filling up the DagBag from /opt/airflow/dags/snowflake_pipeline_dag.py
[2026-03-27T18:53:47.384+0000] {processor.py:840} INFO - DAG(s) 'snowflake_realtime_pipeline' retrieved from /opt/airflow/dags/snowflake_pipeline_dag.py
[2026-03-27T18:53:47.452+0000] {logging_mixin.py:188} INFO - [2026-03-27T18:53:47.452+0000] {dag.py:3089} INFO - Sync 1 DAGs
[2026-03-27T18:53:47.517+0000] {logging_mixin.py:188} INFO - [2026-03-27T18:53:47.517+0000] {dag.py:3947} INFO - Setting next_dagrun for snowflake_realtime_pipeline to 2026-03-27 18:45:00+00:00, run_after=2026-03-27 18:50:00+00:00
[2026-03-27T18:53:47.561+0000] {processor.py:183} INFO - Processing /opt/airflow/dags/snowflake_pipeline_dag.py took 0.296 seconds
[2026-03-27T18:54:18.313+0000] {processor.py:161} INFO - Started process (PID=18003) to work on /opt/airflow/dags/snowflake_pipeline_dag.py
[2026-03-27T18:54:18.316+0000] {processor.py:830} INFO - Processing file /opt/airflow/dags/snowflake_pipeline_dag.py for tasks to queue
[2026-03-27T18:54:18.319+0000] {logging_mixin.py:188} INFO - [2026-03-27T18:54:18.319+0000] {dagbag.py:545} INFO - Filling up the DagBag from /opt/airflow/dags/snowflake_pipeline_dag.py
[2026-03-27T18:54:18.361+0000] {processor.py:840} INFO - DAG(s) 'snowflake_realtime_pipeline' retrieved from /opt/airflow/dags/snowflake_pipeline_dag.py
[2026-03-27T18:54:18.418+0000] {logging_mixin.py:188} INFO - [2026-03-27T18:54:18.417+0000] {dag.py:3089} INFO - Sync 1 DAGs
[2026-03-27T18:54:18.468+0000] {logging_mixin.py:188} INFO - [2026-03-27T18:54:18.468+0000] {dag.py:3947} INFO - Setting next_dagrun for snowflake_realtime_pipeline to 2026-03-27 18:45:00+00:00, run_after=2026-03-27 18:50:00+00:00
[2026-03-27T18:54:18.523+0000] {processor.py:183} INFO - Processing /opt/airflow/dags/snowflake_pipeline_dag.py took 0.226 seconds
[2026-03-27T18:54:48.773+0000] {processor.py:161} INFO - Started process (PID=18028) to work on /opt/airflow/dags/snowflake_pipeline_dag.py
[2026-03-27T18:54:48.779+0000] {processor.py:830} INFO - Processing file /opt/airflow/dags/snowflake_pipeline_dag.py for tasks to queue
[2026-03-27T18:54:48.788+0000] {logging_mixin.py:188} INFO - [2026-03-27T18:54:48.786+0000] {dagbag.py:545} INFO - Filling up the DagBag from /opt/airflow/dags/snowflake_pipeline_dag.py
[2026-03-27T18:54:48.921+0000] {processor.py:840} INFO - DAG(s) 'snowflake_realtime_pipeline' retrieved from /opt/airflow/dags/snowflake_pipeline_dag.py
[2026-03-27T18:54:49.044+0000] {logging_mixin.py:188} INFO - [2026-03-27T18:54:49.043+0000] {dag.py:3089} INFO - Sync 1 DAGs
[2026-03-27T18:54:49.102+0000] {logging_mixin.py:188} INFO - [2026-03-27T18:54:49.101+0000] {dag.py:3947} INFO - Setting next_dagrun for snowflake_realtime_pipeline to 2026-03-27 18:45:00+00:00, run_after=2026-03-27 18:50:00+00:00
[2026-03-27T18:54:49.138+0000] {processor.py:183} INFO - Processing /opt/airflow/dags/snowflake_pipeline_dag.py took 0.402 seconds
[2026-03-27T18:55:19.631+0000] {processor.py:161} INFO - Started process (PID=18737) to work on /opt/airflow/dags/snowflake_pipeline_dag.py
[2026-03-27T18:55:19.635+0000] {processor.py:830} INFO - Processing file /opt/airflow/dags/snowflake_pipeline_dag.py for tasks to queue
[2026-03-27T18:55:19.647+0000] {logging_mixin.py:188} INFO - [2026-03-27T18:55:19.645+0000] {dagbag.py:545} INFO - Filling up the DagBag from /opt/airflow/dags/snowflake_pipeline_dag.py
[2026-03-27T18:55:19.735+0000] {processor.py:840} INFO - DAG(s) 'snowflake_realtime_pipeline' retrieved from /opt/airflow/dags/snowflake_pipeline_dag.py
[2026-03-27T18:55:19.861+0000] {logging_mixin.py:188} INFO - [2026-03-27T18:55:19.861+0000] {dag.py:3089} INFO - Sync 1 DAGs
[2026-03-27T18:55:19.910+0000] {logging_mixin.py:188} INFO - [2026-03-27T18:55:19.910+0000] {dag.py:3947} INFO - Setting next_dagrun for snowflake_realtime_pipeline to 2026-03-27 18:50:00+00:00, run_after=2026-03-27 18:55:00+00:00
[2026-03-27T18:55:19.954+0000] {processor.py:183} INFO - Processing /opt/airflow/dags/snowflake_pipeline_dag.py took 0.366 seconds
[2026-03-27T18:55:50.440+0000] {processor.py:161} INFO - Started process (PID=19722) to work on /opt/airflow/dags/snowflake_pipeline_dag.py
[2026-03-27T18:55:50.449+0000] {processor.py:830} INFO - Processing file /opt/airflow/dags/snowflake_pipeline_dag.py for tasks to queue
[2026-03-27T18:55:50.461+0000] {logging_mixin.py:188} INFO - [2026-03-27T18:55:50.459+0000] {dagbag.py:545} INFO - Filling up the DagBag from /opt/airflow/dags/snowflake_pipeline_dag.py
[2026-03-27T18:55:50.578+0000] {processor.py:840} INFO - DAG(s) 'snowflake_realtime_pipeline' retrieved from /opt/airflow/dags/snowflake_pipeline_dag.py
[2026-03-27T18:55:50.657+0000] {logging_mixin.py:188} INFO - [2026-03-27T18:55:50.657+0000] {dag.py:3089} INFO - Sync 1 DAGs
[2026-03-27T18:55:50.713+0000] {logging_mixin.py:188} INFO - [2026-03-27T18:55:50.712+0000] {dag.py:3947} INFO - Setting next_dagrun for snowflake_realtime_pipeline to 2026-03-27 18:50:00+00:00, run_after=2026-03-27 18:55:00+00:00
[2026-03-27T18:55:50.754+0000] {processor.py:183} INFO - Processing /opt/airflow/dags/snowflake_pipeline_dag.py took 0.364 seconds
[2026-03-27T18:56:21.578+0000] {processor.py:161} INFO - Started process (PID=19759) to work on /opt/airflow/dags/snowflake_pipeline_dag.py
[2026-03-27T18:56:21.583+0000] {processor.py:830} INFO - Processing file /opt/airflow/dags/snowflake_pipeline_dag.py for tasks to queue
[2026-03-27T18:56:21.593+0000] {logging_mixin.py:188} INFO - [2026-03-27T18:56:21.591+0000] {dagbag.py:545} INFO - Filling up the DagBag from /opt/airflow/dags/snowflake_pipeline_dag.py
[2026-03-27T18:56:21.693+0000] {processor.py:840} INFO - DAG(s) 'snowflake_realtime_pipeline' retrieved from /opt/airflow/dags/snowflake_pipeline_dag.py
[2026-03-27T18:56:21.815+0000] {logging_mixin.py:188} INFO - [2026-03-27T18:56:21.813+0000] {dag.py:3089} INFO - Sync 1 DAGs
[2026-03-27T18:56:21.906+0000] {logging_mixin.py:188} INFO - [2026-03-27T18:56:21.906+0000] {dag.py:3947} INFO - Setting next_dagrun for snowflake_realtime_pipeline to 2026-03-27 18:50:00+00:00, run_after=2026-03-27 18:55:00+00:00
[2026-03-27T18:56:21.969+0000] {processor.py:183} INFO - Processing /opt/airflow/dags/snowflake_pipeline_dag.py took 0.422 seconds
[2026-03-27T18:56:52.828+0000] {processor.py:161} INFO - Started process (PID=19784) to work on /opt/airflow/dags/snowflake_pipeline_dag.py
[2026-03-27T18:56:52.831+0000] {processor.py:830} INFO - Processing file /opt/airflow/dags/snowflake_pipeline_dag.py for tasks to queue
[2026-03-27T18:56:52.838+0000] {logging_mixin.py:188} INFO - [2026-03-27T18:56:52.837+0000] {dagbag.py:545} INFO - Filling up the DagBag from /opt/airflow/dags/snowflake_pipeline_dag.py
[2026-03-27T18:56:52.876+0000] {processor.py:840} INFO - DAG(s) 'snowflake_realtime_pipeline' retrieved from /opt/airflow/dags/snowflake_pipeline_dag.py
[2026-03-27T18:56:52.928+0000] {logging_mixin.py:188} INFO - [2026-03-27T18:56:52.928+0000] {dag.py:3089} INFO - Sync 1 DAGs
[2026-03-27T18:56:52.981+0000] {logging_mixin.py:188} INFO - [2026-03-27T18:56:52.981+0000] {dag.py:3947} INFO - Setting next_dagrun for snowflake_realtime_pipeline to 2026-03-27 18:50:00+00:00, run_after=2026-03-27 18:55:00+00:00
[2026-03-27T18:56:53.023+0000] {processor.py:183} INFO - Processing /opt/airflow/dags/snowflake_pipeline_dag.py took 0.219 seconds
[2026-03-27T18:57:23.704+0000] {processor.py:161} INFO - Started process (PID=19809) to work on /opt/airflow/dags/snowflake_pipeline_dag.py
[2026-03-27T18:57:23.709+0000] {processor.py:830} INFO - Processing file /opt/airflow/dags/snowflake_pipeline_dag.py for tasks to queue
[2026-03-27T18:57:23.720+0000] {logging_mixin.py:188} INFO - [2026-03-27T18:57:23.718+0000] {dagbag.py:545} INFO - Filling up the DagBag from /opt/airflow/dags/snowflake_pipeline_dag.py
[2026-03-27T18:57:23.844+0000] {processor.py:840} INFO - DAG(s) 'snowflake_realtime_pipeline' retrieved from /opt/airflow/dags/snowflake_pipeline_dag.py
[2026-03-27T18:57:23.959+0000] {logging_mixin.py:188} INFO - [2026-03-27T18:57:23.958+0000] {dag.py:3089} INFO - Sync 1 DAGs
[2026-03-27T18:57:24.038+0000] {logging_mixin.py:188} INFO - [2026-03-27T18:57:24.037+0000] {dag.py:3947} INFO - Setting next_dagrun for snowflake_realtime_pipeline to 2026-03-27 18:50:00+00:00, run_after=2026-03-27 18:55:00+00:00
[2026-03-27T18:57:24.126+0000] {processor.py:183} INFO - Processing /opt/airflow/dags/snowflake_pipeline_dag.py took 0.457 seconds
[2026-03-27T18:57:54.414+0000] {processor.py:161} INFO - Started process (PID=19834) to work on /opt/airflow/dags/snowflake_pipeline_dag.py
[2026-03-27T18:57:54.424+0000] {processor.py:830} INFO - Processing file /opt/airflow/dags/snowflake_pipeline_dag.py for tasks to queue
[2026-03-27T18:57:54.435+0000] {logging_mixin.py:188} INFO - [2026-03-27T18:57:54.433+0000] {dagbag.py:545} INFO - Filling up the DagBag from /opt/airflow/dags/snowflake_pipeline_dag.py
[2026-03-27T18:57:54.536+0000] {processor.py:840} INFO - DAG(s) 'snowflake_realtime_pipeline' retrieved from /opt/airflow/dags/snowflake_pipeline_dag.py
[2026-03-27T18:57:54.670+0000] {logging_mixin.py:188} INFO - [2026-03-27T18:57:54.669+0000] {dag.py:3089} INFO - Sync 1 DAGs
[2026-03-27T18:57:54.777+0000] {logging_mixin.py:188} INFO - [2026-03-27T18:57:54.776+0000] {dag.py:3947} INFO - Setting next_dagrun for snowflake_realtime_pipeline to 2026-03-27 18:50:00+00:00, run_after=2026-03-27 18:55:00+00:00
[2026-03-27T18:57:54.827+0000] {processor.py:183} INFO - Processing /opt/airflow/dags/snowflake_pipeline_dag.py took 0.454 seconds
[2026-03-27T18:58:25.388+0000] {processor.py:161} INFO - Started process (PID=19859) to work on /opt/airflow/dags/snowflake_pipeline_dag.py
[2026-03-27T18:58:25.393+0000] {processor.py:830} INFO - Processing file /opt/airflow/dags/snowflake_pipeline_dag.py for tasks to queue
[2026-03-27T18:58:25.402+0000] {logging_mixin.py:188} INFO - [2026-03-27T18:58:25.401+0000] {dagbag.py:545} INFO - Filling up the DagBag from /opt/airflow/dags/snowflake_pipeline_dag.py
[2026-03-27T18:58:25.513+0000] {processor.py:840} INFO - DAG(s) 'snowflake_realtime_pipeline' retrieved from /opt/airflow/dags/snowflake_pipeline_dag.py
[2026-03-27T18:58:25.672+0000] {logging_mixin.py:188} INFO - [2026-03-27T18:58:25.671+0000] {dag.py:3089} INFO - Sync 1 DAGs
[2026-03-27T18:58:25.796+0000] {logging_mixin.py:188} INFO - [2026-03-27T18:58:25.795+0000] {dag.py:3947} INFO - Setting next_dagrun for snowflake_realtime_pipeline to 2026-03-27 18:50:00+00:00, run_after=2026-03-27 18:55:00+00:00
[2026-03-27T18:58:25.848+0000] {processor.py:183} INFO - Processing /opt/airflow/dags/snowflake_pipeline_dag.py took 0.490 seconds
[2026-03-27T18:58:56.481+0000] {processor.py:161} INFO - Started process (PID=19884) to work on /opt/airflow/dags/snowflake_pipeline_dag.py
[2026-03-27T18:58:56.487+0000] {processor.py:830} INFO - Processing file /opt/airflow/dags/snowflake_pipeline_dag.py for tasks to queue
[2026-03-27T18:58:56.498+0000] {logging_mixin.py:188} INFO - [2026-03-27T18:58:56.496+0000] {dagbag.py:545} INFO - Filling up the DagBag from /opt/airflow/dags/snowflake_pipeline_dag.py
[2026-03-27T18:58:56.609+0000] {processor.py:840} INFO - DAG(s) 'snowflake_realtime_pipeline' retrieved from /opt/airflow/dags/snowflake_pipeline_dag.py
[2026-03-27T18:58:56.759+0000] {logging_mixin.py:188} INFO - [2026-03-27T18:58:56.758+0000] {dag.py:3089} INFO - Sync 1 DAGs
[2026-03-27T18:58:56.816+0000] {logging_mixin.py:188} INFO - [2026-03-27T18:58:56.815+0000] {dag.py:3947} INFO - Setting next_dagrun for snowflake_realtime_pipeline to 2026-03-27 18:50:00+00:00, run_after=2026-03-27 18:55:00+00:00
[2026-03-27T18:58:56.896+0000] {processor.py:183} INFO - Processing /opt/airflow/dags/snowflake_pipeline_dag.py took 0.452 seconds
[2026-03-27T18:59:27.271+0000] {processor.py:161} INFO - Started process (PID=20992) to work on /opt/airflow/dags/snowflake_pipeline_dag.py
[2026-03-27T18:59:27.274+0000] {processor.py:830} INFO - Processing file /opt/airflow/dags/snowflake_pipeline_dag.py for tasks to queue
[2026-03-27T18:59:27.277+0000] {logging_mixin.py:188} INFO - [2026-03-27T18:59:27.277+0000] {dagbag.py:545} INFO - Filling up the DagBag from /opt/airflow/dags/snowflake_pipeline_dag.py
[2026-03-27T18:59:27.329+0000] {processor.py:840} INFO - DAG(s) 'snowflake_realtime_pipeline' retrieved from /opt/airflow/dags/snowflake_pipeline_dag.py
[2026-03-27T18:59:27.392+0000] {logging_mixin.py:188} INFO - [2026-03-27T18:59:27.391+0000] {dag.py:3089} INFO - Sync 1 DAGs
[2026-03-27T18:59:27.449+0000] {logging_mixin.py:188} INFO - [2026-03-27T18:59:27.448+0000] {dag.py:3947} INFO - Setting next_dagrun for snowflake_realtime_pipeline to 2026-03-27 18:50:00+00:00, run_after=2026-03-27 18:55:00+00:00
[2026-03-27T18:59:27.546+0000] {processor.py:183} INFO - Processing /opt/airflow/dags/snowflake_pipeline_dag.py took 0.297 seconds
[2026-03-27T18:59:58.201+0000] {processor.py:161} INFO - Started process (PID=21465) to work on /opt/airflow/dags/snowflake_pipeline_dag.py
[2026-03-27T18:59:58.205+0000] {processor.py:830} INFO - Processing file /opt/airflow/dags/snowflake_pipeline_dag.py for tasks to queue
[2026-03-27T18:59:58.215+0000] {logging_mixin.py:188} INFO - [2026-03-27T18:59:58.213+0000] {dagbag.py:545} INFO - Filling up the DagBag from /opt/airflow/dags/snowflake_pipeline_dag.py
[2026-03-27T18:59:58.329+0000] {processor.py:840} INFO - DAG(s) 'snowflake_realtime_pipeline' retrieved from /opt/airflow/dags/snowflake_pipeline_dag.py
[2026-03-27T18:59:58.476+0000] {logging_mixin.py:188} INFO - [2026-03-27T18:59:58.475+0000] {dag.py:3089} INFO - Sync 1 DAGs
[2026-03-27T18:59:58.581+0000] {logging_mixin.py:188} INFO - [2026-03-27T18:59:58.580+0000] {dag.py:3947} INFO - Setting next_dagrun for snowflake_realtime_pipeline to 2026-03-27 18:50:00+00:00, run_after=2026-03-27 18:55:00+00:00
[2026-03-27T18:59:58.659+0000] {processor.py:183} INFO - Processing /opt/airflow/dags/snowflake_pipeline_dag.py took 0.492 seconds
[2026-03-27T19:00:28.884+0000] {processor.py:161} INFO - Started process (PID=21500) to work on /opt/airflow/dags/snowflake_pipeline_dag.py
[2026-03-27T19:00:28.888+0000] {processor.py:830} INFO - Processing file /opt/airflow/dags/snowflake_pipeline_dag.py for tasks to queue
[2026-03-27T19:00:28.896+0000] {logging_mixin.py:188} INFO - [2026-03-27T19:00:28.895+0000] {dagbag.py:545} INFO - Filling up the DagBag from /opt/airflow/dags/snowflake_pipeline_dag.py
[2026-03-27T19:00:28.993+0000] {processor.py:840} INFO - DAG(s) 'snowflake_realtime_pipeline' retrieved from /opt/airflow/dags/snowflake_pipeline_dag.py
[2026-03-27T19:00:29.092+0000] {logging_mixin.py:188} INFO - [2026-03-27T19:00:29.092+0000] {dag.py:3089} INFO - Sync 1 DAGs
[2026-03-27T19:00:29.176+0000] {logging_mixin.py:188} INFO - [2026-03-27T19:00:29.175+0000] {dag.py:3947} INFO - Setting next_dagrun for snowflake_realtime_pipeline to 2026-03-27 18:55:00+00:00, run_after=2026-03-27 19:00:00+00:00
[2026-03-27T19:00:29.249+0000] {processor.py:183} INFO - Processing /opt/airflow/dags/snowflake_pipeline_dag.py took 0.389 seconds
[2026-03-27T19:01:00.237+0000] {processor.py:161} INFO - Started process (PID=21525) to work on /opt/airflow/dags/snowflake_pipeline_dag.py
[2026-03-27T19:01:00.242+0000] {processor.py:830} INFO - Processing file /opt/airflow/dags/snowflake_pipeline_dag.py for tasks to queue
[2026-03-27T19:01:00.253+0000] {logging_mixin.py:188} INFO - [2026-03-27T19:01:00.252+0000] {dagbag.py:545} INFO - Filling up the DagBag from /opt/airflow/dags/snowflake_pipeline_dag.py
[2026-03-27T19:01:00.301+0000] {processor.py:840} INFO - DAG(s) 'snowflake_realtime_pipeline' retrieved from /opt/airflow/dags/snowflake_pipeline_dag.py
[2026-03-27T19:01:00.356+0000] {logging_mixin.py:188} INFO - [2026-03-27T19:01:00.355+0000] {dag.py:3089} INFO - Sync 1 DAGs
[2026-03-27T19:01:00.414+0000] {logging_mixin.py:188} INFO - [2026-03-27T19:01:00.414+0000] {dag.py:3947} INFO - Setting next_dagrun for snowflake_realtime_pipeline to 2026-03-27 18:55:00+00:00, run_after=2026-03-27 19:00:00+00:00
[2026-03-27T19:01:00.491+0000] {processor.py:183} INFO - Processing /opt/airflow/dags/snowflake_pipeline_dag.py took 0.293 seconds
[2026-03-27T19:01:31.039+0000] {processor.py:161} INFO - Started process (PID=21553) to work on /opt/airflow/dags/snowflake_pipeline_dag.py
[2026-03-27T19:01:31.044+0000] {processor.py:830} INFO - Processing file /opt/airflow/dags/snowflake_pipeline_dag.py for tasks to queue
[2026-03-27T19:01:31.057+0000] {logging_mixin.py:188} INFO - [2026-03-27T19:01:31.054+0000] {dagbag.py:545} INFO - Filling up the DagBag from /opt/airflow/dags/snowflake_pipeline_dag.py
[2026-03-27T19:01:31.154+0000] {processor.py:840} INFO - DAG(s) 'snowflake_realtime_pipeline' retrieved from /opt/airflow/dags/snowflake_pipeline_dag.py
[2026-03-27T19:01:31.250+0000] {logging_mixin.py:188} INFO - [2026-03-27T19:01:31.249+0000] {dag.py:3089} INFO - Sync 1 DAGs
[2026-03-27T19:01:31.307+0000] {logging_mixin.py:188} INFO - [2026-03-27T19:01:31.307+0000] {dag.py:3947} INFO - Setting next_dagrun for snowflake_realtime_pipeline to 2026-03-27 18:55:00+00:00, run_after=2026-03-27 19:00:00+00:00
[2026-03-27T19:01:31.354+0000] {processor.py:183} INFO - Processing /opt/airflow/dags/snowflake_pipeline_dag.py took 0.343 seconds
[2026-03-27T19:02:01.994+0000] {processor.py:161} INFO - Started process (PID=21575) to work on /opt/airflow/dags/snowflake_pipeline_dag.py
[2026-03-27T19:02:01.995+0000] {processor.py:830} INFO - Processing file /opt/airflow/dags/snowflake_pipeline_dag.py for tasks to queue
[2026-03-27T19:02:01.999+0000] {logging_mixin.py:188} INFO - [2026-03-27T19:02:01.999+0000] {dagbag.py:545} INFO - Filling up the DagBag from /opt/airflow/dags/snowflake_pipeline_dag.py
[2026-03-27T19:02:02.048+0000] {processor.py:840} INFO - DAG(s) 'snowflake_realtime_pipeline' retrieved from /opt/airflow/dags/snowflake_pipeline_dag.py
[2026-03-27T19:02:02.103+0000] {logging_mixin.py:188} INFO - [2026-03-27T19:02:02.102+0000] {dag.py:3089} INFO - Sync 1 DAGs
[2026-03-27T19:02:02.150+0000] {logging_mixin.py:188} INFO - [2026-03-27T19:02:02.149+0000] {dag.py:3947} INFO - Setting next_dagrun for snowflake_realtime_pipeline to 2026-03-27 18:55:00+00:00, run_after=2026-03-27 19:00:00+00:00
[2026-03-27T19:02:02.189+0000] {processor.py:183} INFO - Processing /opt/airflow/dags/snowflake_pipeline_dag.py took 0.211 seconds
[2026-03-27T19:02:33.012+0000] {processor.py:161} INFO - Started process (PID=21600) to work on /opt/airflow/dags/snowflake_pipeline_dag.py
[2026-03-27T19:02:33.016+0000] {processor.py:830} INFO - Processing file /opt/airflow/dags/snowflake_pipeline_dag.py for tasks to queue
[2026-03-27T19:02:33.024+0000] {logging_mixin.py:188} INFO - [2026-03-27T19:02:33.023+0000] {dagbag.py:545} INFO - Filling up the DagBag from /opt/airflow/dags/snowflake_pipeline_dag.py
[2026-03-27T19:02:33.127+0000] {processor.py:840} INFO - DAG(s) 'snowflake_realtime_pipeline' retrieved from /opt/airflow/dags/snowflake_pipeline_dag.py
[2026-03-27T19:02:33.256+0000] {logging_mixin.py:188} INFO - [2026-03-27T19:02:33.255+0000] {dag.py:3089} INFO - Sync 1 DAGs
[2026-03-27T19:02:33.346+0000] {logging_mixin.py:188} INFO - [2026-03-27T19:02:33.345+0000] {dag.py:3947} INFO - Setting next_dagrun for snowflake_realtime_pipeline to 2026-03-27 18:55:00+00:00, run_after=2026-03-27 19:00:00+00:00
[2026-03-27T19:02:33.408+0000] {processor.py:183} INFO - Processing /opt/airflow/dags/snowflake_pipeline_dag.py took 0.425 seconds
[2026-03-27T19:03:04.078+0000] {processor.py:161} INFO - Started process (PID=21794) to work on /opt/airflow/dags/snowflake_pipeline_dag.py
[2026-03-27T19:03:04.080+0000] {processor.py:830} INFO - Processing file /opt/airflow/dags/snowflake_pipeline_dag.py for tasks to queue
[2026-03-27T19:03:04.084+0000] {logging_mixin.py:188} INFO - [2026-03-27T19:03:04.083+0000] {dagbag.py:545} INFO - Filling up the DagBag from /opt/airflow/dags/snowflake_pipeline_dag.py
[2026-03-27T19:03:04.124+0000] {processor.py:840} INFO - DAG(s) 'snowflake_realtime_pipeline' retrieved from /opt/airflow/dags/snowflake_pipeline_dag.py
[2026-03-27T19:03:04.186+0000] {logging_mixin.py:188} INFO - [2026-03-27T19:03:04.186+0000] {dag.py:3089} INFO - Sync 1 DAGs
[2026-03-27T19:03:04.239+0000] {logging_mixin.py:188} INFO - [2026-03-27T19:03:04.238+0000] {dag.py:3947} INFO - Setting next_dagrun for snowflake_realtime_pipeline to 2026-03-27 18:55:00+00:00, run_after=2026-03-27 19:00:00+00:00
[2026-03-27T19:03:04.299+0000] {processor.py:183} INFO - Processing /opt/airflow/dags/snowflake_pipeline_dag.py took 0.242 seconds
[2026-03-27T19:03:34.884+0000] {processor.py:161} INFO - Started process (PID=23127) to work on /opt/airflow/dags/snowflake_pipeline_dag.py
[2026-03-27T19:03:34.890+0000] {processor.py:830} INFO - Processing file /opt/airflow/dags/snowflake_pipeline_dag.py for tasks to queue
[2026-03-27T19:03:34.903+0000] {logging_mixin.py:188} INFO - [2026-03-27T19:03:34.901+0000] {dagbag.py:545} INFO - Filling up the DagBag from /opt/airflow/dags/snowflake_pipeline_dag.py
[2026-03-27T19:03:34.965+0000] {processor.py:840} INFO - DAG(s) 'snowflake_realtime_pipeline' retrieved from /opt/airflow/dags/snowflake_pipeline_dag.py
[2026-03-27T19:03:35.052+0000] {logging_mixin.py:188} INFO - [2026-03-27T19:03:35.051+0000] {dag.py:3089} INFO - Sync 1 DAGs
[2026-03-27T19:03:35.125+0000] {logging_mixin.py:188} INFO - [2026-03-27T19:03:35.124+0000] {dag.py:3947} INFO - Setting next_dagrun for snowflake_realtime_pipeline to 2026-03-27 18:55:00+00:00, run_after=2026-03-27 19:00:00+00:00
[2026-03-27T19:03:35.173+0000] {processor.py:183} INFO - Processing /opt/airflow/dags/snowflake_pipeline_dag.py took 0.346 seconds
[2026-03-27T19:04:05.682+0000] {processor.py:161} INFO - Started process (PID=23169) to work on /opt/airflow/dags/snowflake_pipeline_dag.py
[2026-03-27T19:04:05.685+0000] {processor.py:830} INFO - Processing file /opt/airflow/dags/snowflake_pipeline_dag.py for tasks to queue
[2026-03-27T19:04:05.690+0000] {logging_mixin.py:188} INFO - [2026-03-27T19:04:05.689+0000] {dagbag.py:545} INFO - Filling up the DagBag from /opt/airflow/dags/snowflake_pipeline_dag.py
[2026-03-27T19:04:05.750+0000] {processor.py:840} INFO - DAG(s) 'snowflake_realtime_pipeline' retrieved from /opt/airflow/dags/snowflake_pipeline_dag.py
[2026-03-27T19:04:05.819+0000] {logging_mixin.py:188} INFO - [2026-03-27T19:04:05.819+0000] {dag.py:3089} INFO - Sync 1 DAGs
[2026-03-27T19:04:05.872+0000] {logging_mixin.py:188} INFO - [2026-03-27T19:04:05.872+0000] {dag.py:3947} INFO - Setting next_dagrun for snowflake_realtime_pipeline to 2026-03-27 18:55:00+00:00, run_after=2026-03-27 19:00:00+00:00
[2026-03-27T19:04:05.934+0000] {processor.py:183} INFO - Processing /opt/airflow/dags/snowflake_pipeline_dag.py took 0.275 seconds
[2026-03-27T19:04:36.739+0000] {processor.py:161} INFO - Started process (PID=23201) to work on /opt/airflow/dags/snowflake_pipeline_dag.py
[2026-03-27T19:04:36.745+0000] {processor.py:830} INFO - Processing file /opt/airflow/dags/snowflake_pipeline_dag.py for tasks to queue
[2026-03-27T19:04:36.760+0000] {logging_mixin.py:188} INFO - [2026-03-27T19:04:36.757+0000] {dagbag.py:545} INFO - Filling up the DagBag from /opt/airflow/dags/snowflake_pipeline_dag.py
[2026-03-27T19:04:36.854+0000] {processor.py:840} INFO - DAG(s) 'snowflake_realtime_pipeline' retrieved from /opt/airflow/dags/snowflake_pipeline_dag.py
[2026-03-27T19:04:36.944+0000] {logging_mixin.py:188} INFO - [2026-03-27T19:04:36.944+0000] {dag.py:3089} INFO - Sync 1 DAGs
[2026-03-27T19:04:37.024+0000] {logging_mixin.py:188} INFO - [2026-03-27T19:04:37.023+0000] {dag.py:3947} INFO - Setting next_dagrun for snowflake_realtime_pipeline to 2026-03-27 18:55:00+00:00, run_after=2026-03-27 19:00:00+00:00
[2026-03-27T19:04:37.124+0000] {processor.py:183} INFO - Processing /opt/airflow/dags/snowflake_pipeline_dag.py took 0.422 seconds
[2026-03-27T19:05:07.446+0000] {processor.py:161} INFO - Started process (PID=23228) to work on /opt/airflow/dags/snowflake_pipeline_dag.py
[2026-03-27T19:05:07.448+0000] {processor.py:830} INFO - Processing file /opt/airflow/dags/snowflake_pipeline_dag.py for tasks to queue
[2026-03-27T19:05:07.453+0000] {logging_mixin.py:188} INFO - [2026-03-27T19:05:07.452+0000] {dagbag.py:545} INFO - Filling up the DagBag from /opt/airflow/dags/snowflake_pipeline_dag.py
[2026-03-27T19:05:07.496+0000] {processor.py:840} INFO - DAG(s) 'snowflake_realtime_pipeline' retrieved from /opt/airflow/dags/snowflake_pipeline_dag.py
[2026-03-27T19:05:07.556+0000] {logging_mixin.py:188} INFO - [2026-03-27T19:05:07.555+0000] {dag.py:3089} INFO - Sync 1 DAGs
[2026-03-27T19:05:07.607+0000] {logging_mixin.py:188} INFO - [2026-03-27T19:05:07.606+0000] {dag.py:3947} INFO - Setting next_dagrun for snowflake_realtime_pipeline to 2026-03-27 19:00:00+00:00, run_after=2026-03-27 19:05:00+00:00
[2026-03-27T19:05:07.650+0000] {processor.py:183} INFO - Processing /opt/airflow/dags/snowflake_pipeline_dag.py took 0.224 seconds
[2026-03-27T19:05:37.995+0000] {processor.py:161} INFO - Started process (PID=23255) to work on /opt/airflow/dags/snowflake_pipeline_dag.py
[2026-03-27T19:05:38.000+0000] {processor.py:830} INFO - Processing file /opt/airflow/dags/snowflake_pipeline_dag.py for tasks to queue
[2026-03-27T19:05:38.010+0000] {logging_mixin.py:188} INFO - [2026-03-27T19:05:38.008+0000] {dagbag.py:545} INFO - Filling up the DagBag from /opt/airflow/dags/snowflake_pipeline_dag.py
[2026-03-27T19:05:38.131+0000] {processor.py:840} INFO - DAG(s) 'snowflake_realtime_pipeline' retrieved from /opt/airflow/dags/snowflake_pipeline_dag.py
[2026-03-27T19:05:38.269+0000] {logging_mixin.py:188} INFO - [2026-03-27T19:05:38.268+0000] {dag.py:3089} INFO - Sync 1 DAGs
[2026-03-27T19:05:38.395+0000] {logging_mixin.py:188} INFO - [2026-03-27T19:05:38.393+0000] {dag.py:3947} INFO - Setting next_dagrun for snowflake_realtime_pipeline to 2026-03-27 19:00:00+00:00, run_after=2026-03-27 19:05:00+00:00
[2026-03-27T19:05:38.496+0000] {processor.py:183} INFO - Processing /opt/airflow/dags/snowflake_pipeline_dag.py took 0.532 seconds
[2026-03-27T19:06:09.376+0000] {processor.py:161} INFO - Started process (PID=23280) to work on /opt/airflow/dags/snowflake_pipeline_dag.py
[2026-03-27T19:06:09.377+0000] {processor.py:830} INFO - Processing file /opt/airflow/dags/snowflake_pipeline_dag.py for tasks to queue
[2026-03-27T19:06:09.378+0000] {logging_mixin.py:188} INFO - [2026-03-27T19:06:09.378+0000] {dagbag.py:545} INFO - Filling up the DagBag from /opt/airflow/dags/snowflake_pipeline_dag.py
[2026-03-27T19:06:09.399+0000] {processor.py:840} INFO - DAG(s) 'snowflake_realtime_pipeline' retrieved from /opt/airflow/dags/snowflake_pipeline_dag.py
[2026-03-27T19:06:09.429+0000] {logging_mixin.py:188} INFO - [2026-03-27T19:06:09.429+0000] {dag.py:3089} INFO - Sync 1 DAGs
[2026-03-27T19:06:09.453+0000] {logging_mixin.py:188} INFO - [2026-03-27T19:06:09.453+0000] {dag.py:3947} INFO - Setting next_dagrun for snowflake_realtime_pipeline to 2026-03-27 19:00:00+00:00, run_after=2026-03-27 19:05:00+00:00
[2026-03-27T19:06:09.476+0000] {processor.py:183} INFO - Processing /opt/airflow/dags/snowflake_pipeline_dag.py took 0.106 seconds
[2026-03-27T19:06:40.209+0000] {processor.py:161} INFO - Started process (PID=23305) to work on /opt/airflow/dags/snowflake_pipeline_dag.py
[2026-03-27T19:06:40.210+0000] {processor.py:830} INFO - Processing file /opt/airflow/dags/snowflake_pipeline_dag.py for tasks to queue
[2026-03-27T19:06:40.212+0000] {logging_mixin.py:188} INFO - [2026-03-27T19:06:40.212+0000] {dagbag.py:545} INFO - Filling up the DagBag from /opt/airflow/dags/snowflake_pipeline_dag.py
[2026-03-27T19:06:40.234+0000] {processor.py:840} INFO - DAG(s) 'snowflake_realtime_pipeline' retrieved from /opt/airflow/dags/snowflake_pipeline_dag.py
[2026-03-27T19:06:40.263+0000] {logging_mixin.py:188} INFO - [2026-03-27T19:06:40.263+0000] {dag.py:3089} INFO - Sync 1 DAGs
[2026-03-27T19:06:40.287+0000] {logging_mixin.py:188} INFO - [2026-03-27T19:06:40.287+0000] {dag.py:3947} INFO - Setting next_dagrun for snowflake_realtime_pipeline to 2026-03-27 19:00:00+00:00, run_after=2026-03-27 19:05:00+00:00
[2026-03-27T19:06:40.312+0000] {processor.py:183} INFO - Processing /opt/airflow/dags/snowflake_pipeline_dag.py took 0.109 seconds
[2026-03-27T19:07:10.916+0000] {processor.py:161} INFO - Started process (PID=24346) to work on /opt/airflow/dags/snowflake_pipeline_dag.py
[2026-03-27T19:07:10.917+0000] {processor.py:830} INFO - Processing file /opt/airflow/dags/snowflake_pipeline_dag.py for tasks to queue
[2026-03-27T19:07:10.919+0000] {logging_mixin.py:188} INFO - [2026-03-27T19:07:10.919+0000] {dagbag.py:545} INFO - Filling up the DagBag from /opt/airflow/dags/snowflake_pipeline_dag.py
[2026-03-27T19:07:10.940+0000] {processor.py:840} INFO - DAG(s) 'snowflake_realtime_pipeline' retrieved from /opt/airflow/dags/snowflake_pipeline_dag.py
[2026-03-27T19:07:10.967+0000] {logging_mixin.py:188} INFO - [2026-03-27T19:07:10.967+0000] {dag.py:3089} INFO - Sync 1 DAGs
[2026-03-27T19:07:10.992+0000] {logging_mixin.py:188} INFO - [2026-03-27T19:07:10.992+0000] {dag.py:3947} INFO - Setting next_dagrun for snowflake_realtime_pipeline to 2026-03-27 19:00:00+00:00, run_after=2026-03-27 19:05:00+00:00
[2026-03-27T19:07:11.014+0000] {processor.py:183} INFO - Processing /opt/airflow/dags/snowflake_pipeline_dag.py took 0.105 seconds
[2026-03-27T19:07:41.781+0000] {processor.py:161} INFO - Started process (PID=25359) to work on /opt/airflow/dags/snowflake_pipeline_dag.py
[2026-03-27T19:07:41.782+0000] {processor.py:830} INFO - Processing file /opt/airflow/dags/snowflake_pipeline_dag.py for tasks to queue
[2026-03-27T19:07:41.784+0000] {logging_mixin.py:188} INFO - [2026-03-27T19:07:41.784+0000] {dagbag.py:545} INFO - Filling up the DagBag from /opt/airflow/dags/snowflake_pipeline_dag.py
[2026-03-27T19:07:41.805+0000] {processor.py:840} INFO - DAG(s) 'snowflake_realtime_pipeline' retrieved from /opt/airflow/dags/snowflake_pipeline_dag.py
[2026-03-27T19:07:41.833+0000] {logging_mixin.py:188} INFO - [2026-03-27T19:07:41.832+0000] {dag.py:3089} INFO - Sync 1 DAGs
[2026-03-27T19:07:41.858+0000] {logging_mixin.py:188} INFO - [2026-03-27T19:07:41.858+0000] {dag.py:3947} INFO - Setting next_dagrun for snowflake_realtime_pipeline to 2026-03-27 19:00:00+00:00, run_after=2026-03-27 19:05:00+00:00
[2026-03-27T19:07:41.881+0000] {processor.py:183} INFO - Processing /opt/airflow/dags/snowflake_pipeline_dag.py took 0.106 seconds
[2026-03-27T19:08:12.537+0000] {processor.py:161} INFO - Started process (PID=25405) to work on /opt/airflow/dags/snowflake_pipeline_dag.py
[2026-03-27T19:08:12.538+0000] {processor.py:830} INFO - Processing file /opt/airflow/dags/snowflake_pipeline_dag.py for tasks to queue
[2026-03-27T19:08:12.540+0000] {logging_mixin.py:188} INFO - [2026-03-27T19:08:12.540+0000] {dagbag.py:545} INFO - Filling up the DagBag from /opt/airflow/dags/snowflake_pipeline_dag.py
[2026-03-27T19:08:12.559+0000] {processor.py:840} INFO - DAG(s) 'snowflake_realtime_pipeline' retrieved from /opt/airflow/dags/snowflake_pipeline_dag.py
[2026-03-27T19:08:12.587+0000] {logging_mixin.py:188} INFO - [2026-03-27T19:08:12.587+0000] {dag.py:3089} INFO - Sync 1 DAGs
[2026-03-27T19:08:12.611+0000] {logging_mixin.py:188} INFO - [2026-03-27T19:08:12.611+0000] {dag.py:3947} INFO - Setting next_dagrun for snowflake_realtime_pipeline to 2026-03-27 19:00:00+00:00, run_after=2026-03-27 19:05:00+00:00
[2026-03-27T19:08:12.634+0000] {processor.py:183} INFO - Processing /opt/airflow/dags/snowflake_pipeline_dag.py took 0.103 seconds
[2026-03-27T19:08:43.270+0000] {processor.py:161} INFO - Started process (PID=25430) to work on /opt/airflow/dags/snowflake_pipeline_dag.py
[2026-03-27T19:08:43.271+0000] {processor.py:830} INFO - Processing file /opt/airflow/dags/snowflake_pipeline_dag.py for tasks to queue
[2026-03-27T19:08:43.273+0000] {logging_mixin.py:188} INFO - [2026-03-27T19:08:43.273+0000] {dagbag.py:545} INFO - Filling up the DagBag from /opt/airflow/dags/snowflake_pipeline_dag.py
[2026-03-27T19:08:43.294+0000] {processor.py:840} INFO - DAG(s) 'snowflake_realtime_pipeline' retrieved from /opt/airflow/dags/snowflake_pipeline_dag.py
[2026-03-27T19:08:43.323+0000] {logging_mixin.py:188} INFO - [2026-03-27T19:08:43.323+0000] {dag.py:3089} INFO - Sync 1 DAGs
[2026-03-27T19:08:43.348+0000] {logging_mixin.py:188} INFO - [2026-03-27T19:08:43.347+0000] {dag.py:3947} INFO - Setting next_dagrun for snowflake_realtime_pipeline to 2026-03-27 19:00:00+00:00, run_after=2026-03-27 19:05:00+00:00
[2026-03-27T19:08:43.371+0000] {processor.py:183} INFO - Processing /opt/airflow/dags/snowflake_pipeline_dag.py took 0.107 seconds
[2026-03-27T19:09:14.124+0000] {processor.py:161} INFO - Started process (PID=25455) to work on /opt/airflow/dags/snowflake_pipeline_dag.py
[2026-03-27T19:09:14.125+0000] {processor.py:830} INFO - Processing file /opt/airflow/dags/snowflake_pipeline_dag.py for tasks to queue
[2026-03-27T19:09:14.127+0000] {logging_mixin.py:188} INFO - [2026-03-27T19:09:14.127+0000] {dagbag.py:545} INFO - Filling up the DagBag from /opt/airflow/dags/snowflake_pipeline_dag.py
[2026-03-27T19:09:14.150+0000] {processor.py:840} INFO - DAG(s) 'snowflake_realtime_pipeline' retrieved from /opt/airflow/dags/snowflake_pipeline_dag.py
[2026-03-27T19:09:14.178+0000] {logging_mixin.py:188} INFO - [2026-03-27T19:09:14.178+0000] {dag.py:3089} INFO - Sync 1 DAGs
[2026-03-27T19:09:14.202+0000] {logging_mixin.py:188} INFO - [2026-03-27T19:09:14.202+0000] {dag.py:3947} INFO - Setting next_dagrun for snowflake_realtime_pipeline to 2026-03-27 19:00:00+00:00, run_after=2026-03-27 19:05:00+00:00
[2026-03-27T19:09:14.223+0000] {processor.py:183} INFO - Processing /opt/airflow/dags/snowflake_pipeline_dag.py took 0.105 seconds
[2026-03-27T19:09:44.873+0000] {processor.py:161} INFO - Started process (PID=25480) to work on /opt/airflow/dags/snowflake_pipeline_dag.py
[2026-03-27T19:09:44.874+0000] {processor.py:830} INFO - Processing file /opt/airflow/dags/snowflake_pipeline_dag.py for tasks to queue
[2026-03-27T19:09:44.876+0000] {logging_mixin.py:188} INFO - [2026-03-27T19:09:44.876+0000] {dagbag.py:545} INFO - Filling up the DagBag from /opt/airflow/dags/snowflake_pipeline_dag.py
[2026-03-27T19:09:44.904+0000] {processor.py:840} INFO - DAG(s) 'snowflake_realtime_pipeline' retrieved from /opt/airflow/dags/snowflake_pipeline_dag.py
[2026-03-27T19:09:44.932+0000] {logging_mixin.py:188} INFO - [2026-03-27T19:09:44.932+0000] {dag.py:3089} INFO - Sync 1 DAGs
[2026-03-27T19:09:44.957+0000] {logging_mixin.py:188} INFO - [2026-03-27T19:09:44.957+0000] {dag.py:3947} INFO - Setting next_dagrun for snowflake_realtime_pipeline to 2026-03-27 19:00:00+00:00, run_after=2026-03-27 19:05:00+00:00
[2026-03-27T19:09:44.979+0000] {processor.py:183} INFO - Processing /opt/airflow/dags/snowflake_pipeline_dag.py took 0.113 seconds
[2026-03-27T19:10:15.568+0000] {processor.py:161} INFO - Started process (PID=25505) to work on /opt/airflow/dags/snowflake_pipeline_dag.py
[2026-03-27T19:10:15.569+0000] {processor.py:830} INFO - Processing file /opt/airflow/dags/snowflake_pipeline_dag.py for tasks to queue
[2026-03-27T19:10:15.571+0000] {logging_mixin.py:188} INFO - [2026-03-27T19:10:15.571+0000] {dagbag.py:545} INFO - Filling up the DagBag from /opt/airflow/dags/snowflake_pipeline_dag.py
[2026-03-27T19:10:15.591+0000] {processor.py:840} INFO - DAG(s) 'snowflake_realtime_pipeline' retrieved from /opt/airflow/dags/snowflake_pipeline_dag.py
[2026-03-27T19:10:15.619+0000] {logging_mixin.py:188} INFO - [2026-03-27T19:10:15.618+0000] {dag.py:3089} INFO - Sync 1 DAGs
[2026-03-27T19:10:15.644+0000] {logging_mixin.py:188} INFO - [2026-03-27T19:10:15.644+0000] {dag.py:3947} INFO - Setting next_dagrun for snowflake_realtime_pipeline to 2026-03-27 19:05:00+00:00, run_after=2026-03-27 19:10:00+00:00
[2026-03-27T19:10:15.672+0000] {processor.py:183} INFO - Processing /opt/airflow/dags/snowflake_pipeline_dag.py took 0.109 seconds
[2026-03-27T19:10:46.198+0000] {processor.py:161} INFO - Started process (PID=25669) to work on /opt/airflow/dags/snowflake_pipeline_dag.py
[2026-03-27T19:10:46.199+0000] {processor.py:830} INFO - Processing file /opt/airflow/dags/snowflake_pipeline_dag.py for tasks to queue
[2026-03-27T19:10:46.202+0000] {logging_mixin.py:188} INFO - [2026-03-27T19:10:46.202+0000] {dagbag.py:545} INFO - Filling up the DagBag from /opt/airflow/dags/snowflake_pipeline_dag.py
[2026-03-27T19:10:46.227+0000] {processor.py:840} INFO - DAG(s) 'snowflake_realtime_pipeline' retrieved from /opt/airflow/dags/snowflake_pipeline_dag.py
[2026-03-27T19:10:46.261+0000] {logging_mixin.py:188} INFO - [2026-03-27T19:10:46.260+0000] {dag.py:3089} INFO - Sync 1 DAGs
[2026-03-27T19:10:46.287+0000] {logging_mixin.py:188} INFO - [2026-03-27T19:10:46.287+0000] {dag.py:3947} INFO - Setting next_dagrun for snowflake_realtime_pipeline to 2026-03-27 19:05:00+00:00, run_after=2026-03-27 19:10:00+00:00
[2026-03-27T19:10:46.310+0000] {processor.py:183} INFO - Processing /opt/airflow/dags/snowflake_pipeline_dag.py took 0.120 seconds
[2026-03-27T19:11:16.777+0000] {processor.py:161} INFO - Started process (PID=27332) to work on /opt/airflow/dags/snowflake_pipeline_dag.py
[2026-03-27T19:11:16.778+0000] {processor.py:830} INFO - Processing file /opt/airflow/dags/snowflake_pipeline_dag.py for tasks to queue
[2026-03-27T19:11:16.780+0000] {logging_mixin.py:188} INFO - [2026-03-27T19:11:16.779+0000] {dagbag.py:545} INFO - Filling up the DagBag from /opt/airflow/dags/snowflake_pipeline_dag.py
[2026-03-27T19:11:16.802+0000] {processor.py:840} INFO - DAG(s) 'snowflake_realtime_pipeline' retrieved from /opt/airflow/dags/snowflake_pipeline_dag.py
[2026-03-27T19:11:16.831+0000] {logging_mixin.py:188} INFO - [2026-03-27T19:11:16.831+0000] {dag.py:3089} INFO - Sync 1 DAGs
[2026-03-27T19:11:16.859+0000] {logging_mixin.py:188} INFO - [2026-03-27T19:11:16.859+0000] {dag.py:3947} INFO - Setting next_dagrun for snowflake_realtime_pipeline to 2026-03-27 19:05:00+00:00, run_after=2026-03-27 19:10:00+00:00
[2026-03-27T19:11:16.887+0000] {processor.py:183} INFO - Processing /opt/airflow/dags/snowflake_pipeline_dag.py took 0.116 seconds
[2026-03-27T19:11:47.353+0000] {processor.py:161} INFO - Started process (PID=27918) to work on /opt/airflow/dags/snowflake_pipeline_dag.py
[2026-03-27T19:11:47.355+0000] {processor.py:830} INFO - Processing file /opt/airflow/dags/snowflake_pipeline_dag.py for tasks to queue
[2026-03-27T19:11:47.356+0000] {logging_mixin.py:188} INFO - [2026-03-27T19:11:47.356+0000] {dagbag.py:545} INFO - Filling up the DagBag from /opt/airflow/dags/snowflake_pipeline_dag.py
[2026-03-27T19:11:47.379+0000] {processor.py:840} INFO - DAG(s) 'snowflake_realtime_pipeline' retrieved from /opt/airflow/dags/snowflake_pipeline_dag.py
[2026-03-27T19:11:47.410+0000] {logging_mixin.py:188} INFO - [2026-03-27T19:11:47.409+0000] {dag.py:3089} INFO - Sync 1 DAGs
[2026-03-27T19:11:47.436+0000] {logging_mixin.py:188} INFO - [2026-03-27T19:11:47.435+0000] {dag.py:3947} INFO - Setting next_dagrun for snowflake_realtime_pipeline to 2026-03-27 19:05:00+00:00, run_after=2026-03-27 19:10:00+00:00
[2026-03-27T19:11:47.460+0000] {processor.py:183} INFO - Processing /opt/airflow/dags/snowflake_pipeline_dag.py took 0.113 seconds
[2026-03-27T19:12:18.141+0000] {processor.py:161} INFO - Started process (PID=27957) to work on /opt/airflow/dags/snowflake_pipeline_dag.py
[2026-03-27T19:12:18.142+0000] {processor.py:830} INFO - Processing file /opt/airflow/dags/snowflake_pipeline_dag.py for tasks to queue
[2026-03-27T19:12:18.144+0000] {logging_mixin.py:188} INFO - [2026-03-27T19:12:18.144+0000] {dagbag.py:545} INFO - Filling up the DagBag from /opt/airflow/dags/snowflake_pipeline_dag.py
[2026-03-27T19:12:18.164+0000] {processor.py:840} INFO - DAG(s) 'snowflake_realtime_pipeline' retrieved from /opt/airflow/dags/snowflake_pipeline_dag.py
[2026-03-27T19:12:18.191+0000] {logging_mixin.py:188} INFO - [2026-03-27T19:12:18.190+0000] {dag.py:3089} INFO - Sync 1 DAGs
[2026-03-27T19:12:18.216+0000] {logging_mixin.py:188} INFO - [2026-03-27T19:12:18.215+0000] {dag.py:3947} INFO - Setting next_dagrun for snowflake_realtime_pipeline to 2026-03-27 19:05:00+00:00, run_after=2026-03-27 19:10:00+00:00
[2026-03-27T19:12:18.240+0000] {processor.py:183} INFO - Processing /opt/airflow/dags/snowflake_pipeline_dag.py took 0.106 seconds
[2026-03-27T19:13:33.395+0000] {processor.py:161} INFO - Started process (PID=174) to work on /opt/airflow/dags/snowflake_pipeline_dag.py
[2026-03-27T19:13:33.398+0000] {processor.py:830} INFO - Processing file /opt/airflow/dags/snowflake_pipeline_dag.py for tasks to queue
[2026-03-27T19:13:33.400+0000] {logging_mixin.py:188} INFO - [2026-03-27T19:13:33.400+0000] {dagbag.py:545} INFO - Filling up the DagBag from /opt/airflow/dags/snowflake_pipeline_dag.py
[2026-03-27T19:13:33.428+0000] {processor.py:840} INFO - DAG(s) 'snowflake_realtime_pipeline' retrieved from /opt/airflow/dags/snowflake_pipeline_dag.py
[2026-03-27T19:13:33.619+0000] {logging_mixin.py:188} INFO - [2026-03-27T19:13:33.618+0000] {override.py:1858} INFO - Created Permission View: can delete on DAG:snowflake_realtime_pipeline
[2026-03-27T19:13:33.633+0000] {logging_mixin.py:188} INFO - [2026-03-27T19:13:33.632+0000] {override.py:1858} INFO - Created Permission View: can read on DAG:snowflake_realtime_pipeline
[2026-03-27T19:13:33.643+0000] {logging_mixin.py:188} INFO - [2026-03-27T19:13:33.643+0000] {override.py:1858} INFO - Created Permission View: can edit on DAG:snowflake_realtime_pipeline
[2026-03-27T19:13:33.644+0000] {logging_mixin.py:188} INFO - [2026-03-27T19:13:33.644+0000] {dag.py:3089} INFO - Sync 1 DAGs
[2026-03-27T19:13:33.662+0000] {logging_mixin.py:188} INFO - [2026-03-27T19:13:33.661+0000] {dag.py:3111} INFO - Creating ORM DAG for snowflake_realtime_pipeline
[2026-03-27T19:13:33.679+0000] {logging_mixin.py:188} INFO - [2026-03-27T19:13:33.679+0000] {dag.py:3947} INFO - Setting next_dagrun for snowflake_realtime_pipeline to 2026-03-27 19:05:00+00:00, run_after=2026-03-27 19:10:00+00:00
[2026-03-27T19:13:33.703+0000] {processor.py:183} INFO - Processing /opt/airflow/dags/snowflake_pipeline_dag.py took 0.316 seconds
[2026-03-27T19:14:04.466+0000] {processor.py:161} INFO - Started process (PID=199) to work on /opt/airflow/dags/snowflake_pipeline_dag.py
[2026-03-27T19:14:04.467+0000] {processor.py:830} INFO - Processing file /opt/airflow/dags/snowflake_pipeline_dag.py for tasks to queue
[2026-03-27T19:14:04.469+0000] {logging_mixin.py:188} INFO - [2026-03-27T19:14:04.469+0000] {dagbag.py:545} INFO - Filling up the DagBag from /opt/airflow/dags/snowflake_pipeline_dag.py
[2026-03-27T19:14:04.494+0000] {processor.py:840} INFO - DAG(s) 'snowflake_realtime_pipeline' retrieved from /opt/airflow/dags/snowflake_pipeline_dag.py
[2026-03-27T19:14:04.533+0000] {logging_mixin.py:188} INFO - [2026-03-27T19:14:04.532+0000] {dag.py:3089} INFO - Sync 1 DAGs
[2026-03-27T19:14:04.557+0000] {logging_mixin.py:188} INFO - [2026-03-27T19:14:04.557+0000] {dag.py:3947} INFO - Setting next_dagrun for snowflake_realtime_pipeline to 2026-03-27 19:05:00+00:00, run_after=2026-03-27 19:10:00+00:00
[2026-03-27T19:14:04.577+0000] {processor.py:183} INFO - Processing /opt/airflow/dags/snowflake_pipeline_dag.py took 0.117 seconds
[2026-03-27T19:14:35.452+0000] {processor.py:161} INFO - Started process (PID=319) to work on /opt/airflow/dags/snowflake_pipeline_dag.py
[2026-03-27T19:14:35.455+0000] {processor.py:830} INFO - Processing file /opt/airflow/dags/snowflake_pipeline_dag.py for tasks to queue
[2026-03-27T19:14:35.459+0000] {logging_mixin.py:188} INFO - [2026-03-27T19:14:35.458+0000] {dagbag.py:545} INFO - Filling up the DagBag from /opt/airflow/dags/snowflake_pipeline_dag.py
[2026-03-27T19:14:35.497+0000] {processor.py:840} INFO - DAG(s) 'snowflake_realtime_pipeline' retrieved from /opt/airflow/dags/snowflake_pipeline_dag.py
[2026-03-27T19:14:35.560+0000] {logging_mixin.py:188} INFO - [2026-03-27T19:14:35.560+0000] {dag.py:3089} INFO - Sync 1 DAGs
[2026-03-27T19:14:35.614+0000] {logging_mixin.py:188} INFO - [2026-03-27T19:14:35.614+0000] {dag.py:3947} INFO - Setting next_dagrun for snowflake_realtime_pipeline to 2026-03-27 19:05:00+00:00, run_after=2026-03-27 19:10:00+00:00
[2026-03-27T19:14:35.650+0000] {processor.py:183} INFO - Processing /opt/airflow/dags/snowflake_pipeline_dag.py took 0.209 seconds
[2026-03-27T19:15:06.394+0000] {processor.py:161} INFO - Started process (PID=442) to work on /opt/airflow/dags/snowflake_pipeline_dag.py
[2026-03-27T19:15:06.396+0000] {processor.py:830} INFO - Processing file /opt/airflow/dags/snowflake_pipeline_dag.py for tasks to queue
[2026-03-27T19:15:06.400+0000] {logging_mixin.py:188} INFO - [2026-03-27T19:15:06.399+0000] {dagbag.py:545} INFO - Filling up the DagBag from /opt/airflow/dags/snowflake_pipeline_dag.py
[2026-03-27T19:15:06.436+0000] {processor.py:840} INFO - DAG(s) 'snowflake_realtime_pipeline' retrieved from /opt/airflow/dags/snowflake_pipeline_dag.py
[2026-03-27T19:15:06.514+0000] {logging_mixin.py:188} INFO - [2026-03-27T19:15:06.514+0000] {dag.py:3089} INFO - Sync 1 DAGs
[2026-03-27T19:15:06.587+0000] {logging_mixin.py:188} INFO - [2026-03-27T19:15:06.587+0000] {dag.py:3947} INFO - Setting next_dagrun for snowflake_realtime_pipeline to 2026-03-27 19:10:00+00:00, run_after=2026-03-27 19:15:00+00:00
[2026-03-27T19:15:06.643+0000] {processor.py:183} INFO - Processing /opt/airflow/dags/snowflake_pipeline_dag.py took 0.263 seconds
[2026-03-27T19:15:37.672+0000] {processor.py:161} INFO - Started process (PID=1284) to work on /opt/airflow/dags/snowflake_pipeline_dag.py
[2026-03-27T19:15:37.673+0000] {processor.py:830} INFO - Processing file /opt/airflow/dags/snowflake_pipeline_dag.py for tasks to queue
[2026-03-27T19:15:37.676+0000] {logging_mixin.py:188} INFO - [2026-03-27T19:15:37.676+0000] {dagbag.py:545} INFO - Filling up the DagBag from /opt/airflow/dags/snowflake_pipeline_dag.py
[2026-03-27T19:15:37.698+0000] {processor.py:840} INFO - DAG(s) 'snowflake_realtime_pipeline' retrieved from /opt/airflow/dags/snowflake_pipeline_dag.py
[2026-03-27T19:15:37.752+0000] {logging_mixin.py:188} INFO - [2026-03-27T19:15:37.752+0000] {dag.py:3089} INFO - Sync 1 DAGs
[2026-03-27T19:15:37.793+0000] {logging_mixin.py:188} INFO - [2026-03-27T19:15:37.793+0000] {dag.py:3947} INFO - Setting next_dagrun for snowflake_realtime_pipeline to 2026-03-27 19:10:00+00:00, run_after=2026-03-27 19:15:00+00:00
[2026-03-27T19:15:37.820+0000] {processor.py:183} INFO - Processing /opt/airflow/dags/snowflake_pipeline_dag.py took 0.155 seconds
[2026-03-27T19:16:08.487+0000] {processor.py:161} INFO - Started process (PID=1327) to work on /opt/airflow/dags/snowflake_pipeline_dag.py
[2026-03-27T19:16:08.488+0000] {processor.py:830} INFO - Processing file /opt/airflow/dags/snowflake_pipeline_dag.py for tasks to queue
[2026-03-27T19:16:08.490+0000] {logging_mixin.py:188} INFO - [2026-03-27T19:16:08.490+0000] {dagbag.py:545} INFO - Filling up the DagBag from /opt/airflow/dags/snowflake_pipeline_dag.py
[2026-03-27T19:16:08.513+0000] {processor.py:840} INFO - DAG(s) 'snowflake_realtime_pipeline' retrieved from /opt/airflow/dags/snowflake_pipeline_dag.py
[2026-03-27T19:16:08.545+0000] {logging_mixin.py:188} INFO - [2026-03-27T19:16:08.545+0000] {dag.py:3089} INFO - Sync 1 DAGs
[2026-03-27T19:16:08.569+0000] {logging_mixin.py:188} INFO - [2026-03-27T19:16:08.569+0000] {dag.py:3947} INFO - Setting next_dagrun for snowflake_realtime_pipeline to 2026-03-27 19:10:00+00:00, run_after=2026-03-27 19:15:00+00:00
[2026-03-27T19:16:08.594+0000] {processor.py:183} INFO - Processing /opt/airflow/dags/snowflake_pipeline_dag.py took 0.113 seconds
[2026-03-27T19:16:39.273+0000] {processor.py:161} INFO - Started process (PID=1352) to work on /opt/airflow/dags/snowflake_pipeline_dag.py
[2026-03-27T19:16:39.274+0000] {processor.py:830} INFO - Processing file /opt/airflow/dags/snowflake_pipeline_dag.py for tasks to queue
[2026-03-27T19:16:39.276+0000] {logging_mixin.py:188} INFO - [2026-03-27T19:16:39.276+0000] {dagbag.py:545} INFO - Filling up the DagBag from /opt/airflow/dags/snowflake_pipeline_dag.py
[2026-03-27T19:16:39.300+0000] {processor.py:840} INFO - DAG(s) 'snowflake_realtime_pipeline' retrieved from /opt/airflow/dags/snowflake_pipeline_dag.py
[2026-03-27T19:16:39.334+0000] {logging_mixin.py:188} INFO - [2026-03-27T19:16:39.333+0000] {dag.py:3089} INFO - Sync 1 DAGs
[2026-03-27T19:16:39.363+0000] {logging_mixin.py:188} INFO - [2026-03-27T19:16:39.363+0000] {dag.py:3947} INFO - Setting next_dagrun for snowflake_realtime_pipeline to 2026-03-27 19:10:00+00:00, run_after=2026-03-27 19:15:00+00:00
[2026-03-27T19:16:39.387+0000] {processor.py:183} INFO - Processing /opt/airflow/dags/snowflake_pipeline_dag.py took 0.119 seconds
[2026-03-27T19:17:09.991+0000] {processor.py:161} INFO - Started process (PID=1377) to work on /opt/airflow/dags/snowflake_pipeline_dag.py
[2026-03-27T19:17:09.992+0000] {processor.py:830} INFO - Processing file /opt/airflow/dags/snowflake_pipeline_dag.py for tasks to queue
[2026-03-27T19:17:09.994+0000] {logging_mixin.py:188} INFO - [2026-03-27T19:17:09.994+0000] {dagbag.py:545} INFO - Filling up the DagBag from /opt/airflow/dags/snowflake_pipeline_dag.py
[2026-03-27T19:17:10.016+0000] {processor.py:840} INFO - DAG(s) 'snowflake_realtime_pipeline' retrieved from /opt/airflow/dags/snowflake_pipeline_dag.py
[2026-03-27T19:17:10.057+0000] {logging_mixin.py:188} INFO - [2026-03-27T19:17:10.057+0000] {dag.py:3089} INFO - Sync 1 DAGs
[2026-03-27T19:17:10.085+0000] {logging_mixin.py:188} INFO - [2026-03-27T19:17:10.085+0000] {dag.py:3947} INFO - Setting next_dagrun for snowflake_realtime_pipeline to 2026-03-27 19:10:00+00:00, run_after=2026-03-27 19:15:00+00:00
[2026-03-27T19:17:10.111+0000] {processor.py:183} INFO - Processing /opt/airflow/dags/snowflake_pipeline_dag.py took 0.126 seconds
[2026-03-27T19:17:40.822+0000] {processor.py:161} INFO - Started process (PID=1402) to work on /opt/airflow/dags/snowflake_pipeline_dag.py
[2026-03-27T19:17:40.823+0000] {processor.py:830} INFO - Processing file /opt/airflow/dags/snowflake_pipeline_dag.py for tasks to queue
[2026-03-27T19:17:40.827+0000] {logging_mixin.py:188} INFO - [2026-03-27T19:17:40.827+0000] {dagbag.py:545} INFO - Filling up the DagBag from /opt/airflow/dags/snowflake_pipeline_dag.py
[2026-03-27T19:17:40.849+0000] {processor.py:840} INFO - DAG(s) 'snowflake_realtime_pipeline' retrieved from /opt/airflow/dags/snowflake_pipeline_dag.py
[2026-03-27T19:17:40.888+0000] {logging_mixin.py:188} INFO - [2026-03-27T19:17:40.888+0000] {dag.py:3089} INFO - Sync 1 DAGs
[2026-03-27T19:17:40.916+0000] {logging_mixin.py:188} INFO - [2026-03-27T19:17:40.916+0000] {dag.py:3947} INFO - Setting next_dagrun for snowflake_realtime_pipeline to 2026-03-27 19:10:00+00:00, run_after=2026-03-27 19:15:00+00:00
[2026-03-27T19:17:40.941+0000] {processor.py:183} INFO - Processing /opt/airflow/dags/snowflake_pipeline_dag.py took 0.124 seconds
[2026-03-27T19:18:11.711+0000] {processor.py:161} INFO - Started process (PID=1427) to work on /opt/airflow/dags/snowflake_pipeline_dag.py
[2026-03-27T19:18:11.712+0000] {processor.py:830} INFO - Processing file /opt/airflow/dags/snowflake_pipeline_dag.py for tasks to queue
[2026-03-27T19:18:11.714+0000] {logging_mixin.py:188} INFO - [2026-03-27T19:18:11.714+0000] {dagbag.py:545} INFO - Filling up the DagBag from /opt/airflow/dags/snowflake_pipeline_dag.py
[2026-03-27T19:18:11.737+0000] {processor.py:840} INFO - DAG(s) 'snowflake_realtime_pipeline' retrieved from /opt/airflow/dags/snowflake_pipeline_dag.py
[2026-03-27T19:18:11.772+0000] {logging_mixin.py:188} INFO - [2026-03-27T19:18:11.772+0000] {dag.py:3089} INFO - Sync 1 DAGs
[2026-03-27T19:18:11.795+0000] {logging_mixin.py:188} INFO - [2026-03-27T19:18:11.795+0000] {dag.py:3947} INFO - Setting next_dagrun for snowflake_realtime_pipeline to 2026-03-27 19:10:00+00:00, run_after=2026-03-27 19:15:00+00:00
[2026-03-27T19:18:11.819+0000] {processor.py:183} INFO - Processing /opt/airflow/dags/snowflake_pipeline_dag.py took 0.114 seconds
[2026-03-27T19:18:42.589+0000] {processor.py:161} INFO - Started process (PID=1452) to work on /opt/airflow/dags/snowflake_pipeline_dag.py
[2026-03-27T19:18:42.590+0000] {processor.py:830} INFO - Processing file /opt/airflow/dags/snowflake_pipeline_dag.py for tasks to queue
[2026-03-27T19:18:42.592+0000] {logging_mixin.py:188} INFO - [2026-03-27T19:18:42.591+0000] {dagbag.py:545} INFO - Filling up the DagBag from /opt/airflow/dags/snowflake_pipeline_dag.py
[2026-03-27T19:18:42.621+0000] {processor.py:840} INFO - DAG(s) 'snowflake_realtime_pipeline' retrieved from /opt/airflow/dags/snowflake_pipeline_dag.py
[2026-03-27T19:18:42.655+0000] {logging_mixin.py:188} INFO - [2026-03-27T19:18:42.655+0000] {dag.py:3089} INFO - Sync 1 DAGs
[2026-03-27T19:18:42.678+0000] {logging_mixin.py:188} INFO - [2026-03-27T19:18:42.678+0000] {dag.py:3947} INFO - Setting next_dagrun for snowflake_realtime_pipeline to 2026-03-27 19:10:00+00:00, run_after=2026-03-27 19:15:00+00:00
[2026-03-27T19:18:42.703+0000] {processor.py:183} INFO - Processing /opt/airflow/dags/snowflake_pipeline_dag.py took 0.120 seconds
[2026-03-27T19:19:13.233+0000] {processor.py:161} INFO - Started process (PID=1491) to work on /opt/airflow/dags/snowflake_pipeline_dag.py
[2026-03-27T19:19:13.234+0000] {processor.py:830} INFO - Processing file /opt/airflow/dags/snowflake_pipeline_dag.py for tasks to queue
[2026-03-27T19:19:13.236+0000] {logging_mixin.py:188} INFO - [2026-03-27T19:19:13.236+0000] {dagbag.py:545} INFO - Filling up the DagBag from /opt/airflow/dags/snowflake_pipeline_dag.py
[2026-03-27T19:19:13.258+0000] {processor.py:840} INFO - DAG(s) 'snowflake_realtime_pipeline' retrieved from /opt/airflow/dags/snowflake_pipeline_dag.py
[2026-03-27T19:19:13.292+0000] {logging_mixin.py:188} INFO - [2026-03-27T19:19:13.292+0000] {dag.py:3089} INFO - Sync 1 DAGs
[2026-03-27T19:19:13.318+0000] {logging_mixin.py:188} INFO - [2026-03-27T19:19:13.317+0000] {dag.py:3947} INFO - Setting next_dagrun for snowflake_realtime_pipeline to 2026-03-27 19:10:00+00:00, run_after=2026-03-27 19:15:00+00:00
[2026-03-27T19:19:13.339+0000] {processor.py:183} INFO - Processing /opt/airflow/dags/snowflake_pipeline_dag.py took 0.112 seconds
[2026-03-27T19:19:43.908+0000] {processor.py:161} INFO - Started process (PID=1520) to work on /opt/airflow/dags/snowflake_pipeline_dag.py
[2026-03-27T19:19:43.909+0000] {processor.py:830} INFO - Processing file /opt/airflow/dags/snowflake_pipeline_dag.py for tasks to queue
[2026-03-27T19:19:43.911+0000] {logging_mixin.py:188} INFO - [2026-03-27T19:19:43.911+0000] {dagbag.py:545} INFO - Filling up the DagBag from /opt/airflow/dags/snowflake_pipeline_dag.py
[2026-03-27T19:19:43.933+0000] {processor.py:840} INFO - DAG(s) 'snowflake_realtime_pipeline' retrieved from /opt/airflow/dags/snowflake_pipeline_dag.py
[2026-03-27T19:19:43.967+0000] {logging_mixin.py:188} INFO - [2026-03-27T19:19:43.966+0000] {dag.py:3089} INFO - Sync 1 DAGs
[2026-03-27T19:19:43.990+0000] {logging_mixin.py:188} INFO - [2026-03-27T19:19:43.990+0000] {dag.py:3947} INFO - Setting next_dagrun for snowflake_realtime_pipeline to 2026-03-27 19:10:00+00:00, run_after=2026-03-27 19:15:00+00:00
[2026-03-27T19:19:44.014+0000] {processor.py:183} INFO - Processing /opt/airflow/dags/snowflake_pipeline_dag.py took 0.111 seconds
[2026-03-27T19:32:21.416+0000] {processor.py:161} INFO - Started process (PID=174) to work on /opt/airflow/dags/snowflake_pipeline_dag.py
[2026-03-27T19:32:21.418+0000] {processor.py:830} INFO - Processing file /opt/airflow/dags/snowflake_pipeline_dag.py for tasks to queue
[2026-03-27T19:32:21.422+0000] {logging_mixin.py:188} INFO - [2026-03-27T19:32:21.421+0000] {dagbag.py:545} INFO - Filling up the DagBag from /opt/airflow/dags/snowflake_pipeline_dag.py
[2026-03-27T19:32:21.463+0000] {processor.py:840} INFO - DAG(s) 'snowflake_realtime_pipeline' retrieved from /opt/airflow/dags/snowflake_pipeline_dag.py
[2026-03-27T19:32:21.699+0000] {logging_mixin.py:188} INFO - [2026-03-27T19:32:21.698+0000] {override.py:1858} INFO - Created Permission View: can edit on DAG:snowflake_realtime_pipeline
[2026-03-27T19:32:21.727+0000] {logging_mixin.py:188} INFO - [2026-03-27T19:32:21.726+0000] {override.py:1858} INFO - Created Permission View: can read on DAG:snowflake_realtime_pipeline
[2026-03-27T19:32:21.741+0000] {logging_mixin.py:188} INFO - [2026-03-27T19:32:21.741+0000] {override.py:1858} INFO - Created Permission View: can delete on DAG:snowflake_realtime_pipeline
[2026-03-27T19:32:21.742+0000] {logging_mixin.py:188} INFO - [2026-03-27T19:32:21.742+0000] {dag.py:3089} INFO - Sync 1 DAGs
[2026-03-27T19:32:21.764+0000] {logging_mixin.py:188} INFO - [2026-03-27T19:32:21.764+0000] {dag.py:3111} INFO - Creating ORM DAG for snowflake_realtime_pipeline
[2026-03-27T19:32:21.788+0000] {logging_mixin.py:188} INFO - [2026-03-27T19:32:21.787+0000] {dag.py:3947} INFO - Setting next_dagrun for snowflake_realtime_pipeline to 2026-03-27 19:25:00+00:00, run_after=2026-03-27 19:30:00+00:00
[2026-03-27T19:32:21.827+0000] {processor.py:183} INFO - Processing /opt/airflow/dags/snowflake_pipeline_dag.py took 0.422 seconds
[2026-03-27T19:32:52.757+0000] {processor.py:161} INFO - Started process (PID=199) to work on /opt/airflow/dags/snowflake_pipeline_dag.py
[2026-03-27T19:32:52.758+0000] {processor.py:830} INFO - Processing file /opt/airflow/dags/snowflake_pipeline_dag.py for tasks to queue
[2026-03-27T19:32:52.770+0000] {logging_mixin.py:188} INFO - [2026-03-27T19:32:52.769+0000] {dagbag.py:545} INFO - Filling up the DagBag from /opt/airflow/dags/snowflake_pipeline_dag.py
[2026-03-27T19:32:52.801+0000] {processor.py:840} INFO - DAG(s) 'snowflake_realtime_pipeline' retrieved from /opt/airflow/dags/snowflake_pipeline_dag.py
[2026-03-27T19:32:52.831+0000] {logging_mixin.py:188} INFO - [2026-03-27T19:32:52.830+0000] {dag.py:3089} INFO - Sync 1 DAGs
[2026-03-27T19:32:52.858+0000] {logging_mixin.py:188} INFO - [2026-03-27T19:32:52.858+0000] {dag.py:3947} INFO - Setting next_dagrun for snowflake_realtime_pipeline to 2026-03-27 19:25:00+00:00, run_after=2026-03-27 19:30:00+00:00
[2026-03-27T19:32:52.878+0000] {processor.py:183} INFO - Processing /opt/airflow/dags/snowflake_pipeline_dag.py took 0.130 seconds
[2026-03-27T19:33:22.936+0000] {processor.py:161} INFO - Started process (PID=224) to work on /opt/airflow/dags/snowflake_pipeline_dag.py
[2026-03-27T19:33:22.938+0000] {processor.py:830} INFO - Processing file /opt/airflow/dags/snowflake_pipeline_dag.py for tasks to queue
[2026-03-27T19:33:22.939+0000] {logging_mixin.py:188} INFO - [2026-03-27T19:33:22.939+0000] {dagbag.py:545} INFO - Filling up the DagBag from /opt/airflow/dags/snowflake_pipeline_dag.py
[2026-03-27T19:33:22.964+0000] {processor.py:840} INFO - DAG(s) 'snowflake_realtime_pipeline' retrieved from /opt/airflow/dags/snowflake_pipeline_dag.py
[2026-03-27T19:33:22.990+0000] {logging_mixin.py:188} INFO - [2026-03-27T19:33:22.989+0000] {dag.py:3089} INFO - Sync 1 DAGs
[2026-03-27T19:33:23.015+0000] {logging_mixin.py:188} INFO - [2026-03-27T19:33:23.014+0000] {dag.py:3947} INFO - Setting next_dagrun for snowflake_realtime_pipeline to 2026-03-27 19:25:00+00:00, run_after=2026-03-27 19:30:00+00:00
[2026-03-27T19:33:23.037+0000] {processor.py:183} INFO - Processing /opt/airflow/dags/snowflake_pipeline_dag.py took 0.106 seconds
[2026-03-27T19:33:53.100+0000] {processor.py:161} INFO - Started process (PID=247) to work on /opt/airflow/dags/snowflake_pipeline_dag.py
[2026-03-27T19:33:53.101+0000] {processor.py:830} INFO - Processing file /opt/airflow/dags/snowflake_pipeline_dag.py for tasks to queue
[2026-03-27T19:33:53.103+0000] {logging_mixin.py:188} INFO - [2026-03-27T19:33:53.103+0000] {dagbag.py:545} INFO - Filling up the DagBag from /opt/airflow/dags/snowflake_pipeline_dag.py
[2026-03-27T19:33:53.123+0000] {processor.py:840} INFO - DAG(s) 'snowflake_realtime_pipeline' retrieved from /opt/airflow/dags/snowflake_pipeline_dag.py
[2026-03-27T19:33:53.152+0000] {logging_mixin.py:188} INFO - [2026-03-27T19:33:53.152+0000] {dag.py:3089} INFO - Sync 1 DAGs
[2026-03-27T19:33:53.183+0000] {logging_mixin.py:188} INFO - [2026-03-27T19:33:53.183+0000] {dag.py:3947} INFO - Setting next_dagrun for snowflake_realtime_pipeline to 2026-03-27 19:25:00+00:00, run_after=2026-03-27 19:30:00+00:00
[2026-03-27T19:33:53.204+0000] {processor.py:183} INFO - Processing /opt/airflow/dags/snowflake_pipeline_dag.py took 0.110 seconds
[2026-03-27T19:34:24.243+0000] {processor.py:161} INFO - Started process (PID=365) to work on /opt/airflow/dags/snowflake_pipeline_dag.py
[2026-03-27T19:34:24.245+0000] {processor.py:830} INFO - Processing file /opt/airflow/dags/snowflake_pipeline_dag.py for tasks to queue
[2026-03-27T19:34:24.252+0000] {logging_mixin.py:188} INFO - [2026-03-27T19:34:24.251+0000] {dagbag.py:545} INFO - Filling up the DagBag from /opt/airflow/dags/snowflake_pipeline_dag.py
[2026-03-27T19:34:24.291+0000] {processor.py:840} INFO - DAG(s) 'snowflake_realtime_pipeline' retrieved from /opt/airflow/dags/snowflake_pipeline_dag.py
[2026-03-27T19:34:24.344+0000] {logging_mixin.py:188} INFO - [2026-03-27T19:34:24.344+0000] {dag.py:3089} INFO - Sync 1 DAGs
[2026-03-27T19:34:24.399+0000] {logging_mixin.py:188} INFO - [2026-03-27T19:34:24.399+0000] {dag.py:3947} INFO - Setting next_dagrun for snowflake_realtime_pipeline to 2026-03-27 19:25:00+00:00, run_after=2026-03-27 19:30:00+00:00
[2026-03-27T19:34:24.449+0000] {processor.py:183} INFO - Processing /opt/airflow/dags/snowflake_pipeline_dag.py took 0.229 seconds
[2026-03-27T19:34:54.565+0000] {processor.py:161} INFO - Started process (PID=576) to work on /opt/airflow/dags/snowflake_pipeline_dag.py
[2026-03-27T19:34:54.567+0000] {processor.py:830} INFO - Processing file /opt/airflow/dags/snowflake_pipeline_dag.py for tasks to queue
[2026-03-27T19:34:54.571+0000] {logging_mixin.py:188} INFO - [2026-03-27T19:34:54.570+0000] {dagbag.py:545} INFO - Filling up the DagBag from /opt/airflow/dags/snowflake_pipeline_dag.py
[2026-03-27T19:34:54.614+0000] {processor.py:840} INFO - DAG(s) 'snowflake_realtime_pipeline' retrieved from /opt/airflow/dags/snowflake_pipeline_dag.py
[2026-03-27T19:34:54.666+0000] {logging_mixin.py:188} INFO - [2026-03-27T19:34:54.666+0000] {dag.py:3089} INFO - Sync 1 DAGs
[2026-03-27T19:34:54.718+0000] {logging_mixin.py:188} INFO - [2026-03-27T19:34:54.718+0000] {dag.py:3947} INFO - Setting next_dagrun for snowflake_realtime_pipeline to 2026-03-27 19:25:00+00:00, run_after=2026-03-27 19:30:00+00:00
[2026-03-27T19:34:54.757+0000] {processor.py:183} INFO - Processing /opt/airflow/dags/snowflake_pipeline_dag.py took 0.204 seconds
[2026-03-27T19:35:24.947+0000] {processor.py:161} INFO - Started process (PID=1551) to work on /opt/airflow/dags/snowflake_pipeline_dag.py
[2026-03-27T19:35:24.949+0000] {processor.py:830} INFO - Processing file /opt/airflow/dags/snowflake_pipeline_dag.py for tasks to queue
[2026-03-27T19:35:24.951+0000] {logging_mixin.py:188} INFO - [2026-03-27T19:35:24.951+0000] {dagbag.py:545} INFO - Filling up the DagBag from /opt/airflow/dags/snowflake_pipeline_dag.py
[2026-03-27T19:35:24.973+0000] {processor.py:840} INFO - DAG(s) 'snowflake_realtime_pipeline' retrieved from /opt/airflow/dags/snowflake_pipeline_dag.py
[2026-03-27T19:35:24.998+0000] {logging_mixin.py:188} INFO - [2026-03-27T19:35:24.997+0000] {dag.py:3089} INFO - Sync 1 DAGs
[2026-03-27T19:35:25.022+0000] {logging_mixin.py:188} INFO - [2026-03-27T19:35:25.022+0000] {dag.py:3947} INFO - Setting next_dagrun for snowflake_realtime_pipeline to 2026-03-27 19:30:00+00:00, run_after=2026-03-27 19:35:00+00:00
[2026-03-27T19:35:25.048+0000] {processor.py:183} INFO - Processing /opt/airflow/dags/snowflake_pipeline_dag.py took 0.107 seconds
[2026-03-27T19:35:55.712+0000] {processor.py:161} INFO - Started process (PID=1613) to work on /opt/airflow/dags/snowflake_pipeline_dag.py
[2026-03-27T19:35:55.713+0000] {processor.py:830} INFO - Processing file /opt/airflow/dags/snowflake_pipeline_dag.py for tasks to queue
[2026-03-27T19:35:55.715+0000] {logging_mixin.py:188} INFO - [2026-03-27T19:35:55.714+0000] {dagbag.py:545} INFO - Filling up the DagBag from /opt/airflow/dags/snowflake_pipeline_dag.py
[2026-03-27T19:35:55.738+0000] {processor.py:840} INFO - DAG(s) 'snowflake_realtime_pipeline' retrieved from /opt/airflow/dags/snowflake_pipeline_dag.py
[2026-03-27T19:35:55.764+0000] {logging_mixin.py:188} INFO - [2026-03-27T19:35:55.764+0000] {dag.py:3089} INFO - Sync 1 DAGs
[2026-03-27T19:35:55.791+0000] {logging_mixin.py:188} INFO - [2026-03-27T19:35:55.791+0000] {dag.py:3947} INFO - Setting next_dagrun for snowflake_realtime_pipeline to 2026-03-27 19:30:00+00:00, run_after=2026-03-27 19:35:00+00:00
[2026-03-27T19:35:55.813+0000] {processor.py:183} INFO - Processing /opt/airflow/dags/snowflake_pipeline_dag.py took 0.108 seconds
[2026-03-27T19:36:26.552+0000] {processor.py:161} INFO - Started process (PID=1638) to work on /opt/airflow/dags/snowflake_pipeline_dag.py
[2026-03-27T19:36:26.553+0000] {processor.py:830} INFO - Processing file /opt/airflow/dags/snowflake_pipeline_dag.py for tasks to queue
[2026-03-27T19:36:26.556+0000] {logging_mixin.py:188} INFO - [2026-03-27T19:36:26.556+0000] {dagbag.py:545} INFO - Filling up the DagBag from /opt/airflow/dags/snowflake_pipeline_dag.py
[2026-03-27T19:36:26.580+0000] {processor.py:840} INFO - DAG(s) 'snowflake_realtime_pipeline' retrieved from /opt/airflow/dags/snowflake_pipeline_dag.py
[2026-03-27T19:36:26.606+0000] {logging_mixin.py:188} INFO - [2026-03-27T19:36:26.606+0000] {dag.py:3089} INFO - Sync 1 DAGs
[2026-03-27T19:36:26.630+0000] {logging_mixin.py:188} INFO - [2026-03-27T19:36:26.630+0000] {dag.py:3947} INFO - Setting next_dagrun for snowflake_realtime_pipeline to 2026-03-27 19:30:00+00:00, run_after=2026-03-27 19:35:00+00:00
[2026-03-27T19:36:26.652+0000] {processor.py:183} INFO - Processing /opt/airflow/dags/snowflake_pipeline_dag.py took 0.108 seconds
[2026-03-27T19:36:57.426+0000] {processor.py:161} INFO - Started process (PID=1663) to work on /opt/airflow/dags/snowflake_pipeline_dag.py
[2026-03-27T19:36:57.427+0000] {processor.py:830} INFO - Processing file /opt/airflow/dags/snowflake_pipeline_dag.py for tasks to queue
[2026-03-27T19:36:57.430+0000] {logging_mixin.py:188} INFO - [2026-03-27T19:36:57.430+0000] {dagbag.py:545} INFO - Filling up the DagBag from /opt/airflow/dags/snowflake_pipeline_dag.py
[2026-03-27T19:36:57.458+0000] {processor.py:840} INFO - DAG(s) 'snowflake_realtime_pipeline' retrieved from /opt/airflow/dags/snowflake_pipeline_dag.py
[2026-03-27T19:36:57.487+0000] {logging_mixin.py:188} INFO - [2026-03-27T19:36:57.486+0000] {dag.py:3089} INFO - Sync 1 DAGs
[2026-03-27T19:36:57.510+0000] {logging_mixin.py:188} INFO - [2026-03-27T19:36:57.510+0000] {dag.py:3947} INFO - Setting next_dagrun for snowflake_realtime_pipeline to 2026-03-27 19:30:00+00:00, run_after=2026-03-27 19:35:00+00:00
[2026-03-27T19:36:57.533+0000] {processor.py:183} INFO - Processing /opt/airflow/dags/snowflake_pipeline_dag.py took 0.113 seconds
[2026-03-27T19:37:28.286+0000] {processor.py:161} INFO - Started process (PID=1688) to work on /opt/airflow/dags/snowflake_pipeline_dag.py
[2026-03-27T19:37:28.287+0000] {processor.py:830} INFO - Processing file /opt/airflow/dags/snowflake_pipeline_dag.py for tasks to queue
[2026-03-27T19:37:28.289+0000] {logging_mixin.py:188} INFO - [2026-03-27T19:37:28.289+0000] {dagbag.py:545} INFO - Filling up the DagBag from /opt/airflow/dags/snowflake_pipeline_dag.py
[2026-03-27T19:37:28.315+0000] {processor.py:840} INFO - DAG(s) 'snowflake_realtime_pipeline' retrieved from /opt/airflow/dags/snowflake_pipeline_dag.py
[2026-03-27T19:37:28.342+0000] {logging_mixin.py:188} INFO - [2026-03-27T19:37:28.342+0000] {dag.py:3089} INFO - Sync 1 DAGs
[2026-03-27T19:37:28.366+0000] {logging_mixin.py:188} INFO - [2026-03-27T19:37:28.366+0000] {dag.py:3947} INFO - Setting next_dagrun for snowflake_realtime_pipeline to 2026-03-27 19:30:00+00:00, run_after=2026-03-27 19:35:00+00:00
[2026-03-27T19:37:28.390+0000] {processor.py:183} INFO - Processing /opt/airflow/dags/snowflake_pipeline_dag.py took 0.110 seconds
[2026-03-27T19:37:59.090+0000] {processor.py:161} INFO - Started process (PID=1713) to work on /opt/airflow/dags/snowflake_pipeline_dag.py
[2026-03-27T19:37:59.091+0000] {processor.py:830} INFO - Processing file /opt/airflow/dags/snowflake_pipeline_dag.py for tasks to queue
[2026-03-27T19:37:59.093+0000] {logging_mixin.py:188} INFO - [2026-03-27T19:37:59.093+0000] {dagbag.py:545} INFO - Filling up the DagBag from /opt/airflow/dags/snowflake_pipeline_dag.py
[2026-03-27T19:37:59.117+0000] {processor.py:840} INFO - DAG(s) 'snowflake_realtime_pipeline' retrieved from /opt/airflow/dags/snowflake_pipeline_dag.py
[2026-03-27T19:37:59.143+0000] {logging_mixin.py:188} INFO - [2026-03-27T19:37:59.143+0000] {dag.py:3089} INFO - Sync 1 DAGs
[2026-03-27T19:37:59.167+0000] {logging_mixin.py:188} INFO - [2026-03-27T19:37:59.167+0000] {dag.py:3947} INFO - Setting next_dagrun for snowflake_realtime_pipeline to 2026-03-27 19:30:00+00:00, run_after=2026-03-27 19:35:00+00:00
[2026-03-27T19:37:59.189+0000] {processor.py:183} INFO - Processing /opt/airflow/dags/snowflake_pipeline_dag.py took 0.105 seconds
[2026-03-27T19:38:29.894+0000] {processor.py:161} INFO - Started process (PID=1738) to work on /opt/airflow/dags/snowflake_pipeline_dag.py
[2026-03-27T19:38:29.895+0000] {processor.py:830} INFO - Processing file /opt/airflow/dags/snowflake_pipeline_dag.py for tasks to queue
[2026-03-27T19:38:29.897+0000] {logging_mixin.py:188} INFO - [2026-03-27T19:38:29.896+0000] {dagbag.py:545} INFO - Filling up the DagBag from /opt/airflow/dags/snowflake_pipeline_dag.py
[2026-03-27T19:38:29.919+0000] {processor.py:840} INFO - DAG(s) 'snowflake_realtime_pipeline' retrieved from /opt/airflow/dags/snowflake_pipeline_dag.py
[2026-03-27T19:38:29.945+0000] {logging_mixin.py:188} INFO - [2026-03-27T19:38:29.944+0000] {dag.py:3089} INFO - Sync 1 DAGs
[2026-03-27T19:38:29.969+0000] {logging_mixin.py:188} INFO - [2026-03-27T19:38:29.969+0000] {dag.py:3947} INFO - Setting next_dagrun for snowflake_realtime_pipeline to 2026-03-27 19:30:00+00:00, run_after=2026-03-27 19:35:00+00:00
[2026-03-27T19:38:29.991+0000] {processor.py:183} INFO - Processing /opt/airflow/dags/snowflake_pipeline_dag.py took 0.104 seconds
[2026-03-27T19:39:00.652+0000] {processor.py:161} INFO - Started process (PID=1763) to work on /opt/airflow/dags/snowflake_pipeline_dag.py
[2026-03-27T19:39:00.653+0000] {processor.py:830} INFO - Processing file /opt/airflow/dags/snowflake_pipeline_dag.py for tasks to queue
[2026-03-27T19:39:00.656+0000] {logging_mixin.py:188} INFO - [2026-03-27T19:39:00.655+0000] {dagbag.py:545} INFO - Filling up the DagBag from /opt/airflow/dags/snowflake_pipeline_dag.py
[2026-03-27T19:39:00.679+0000] {processor.py:840} INFO - DAG(s) 'snowflake_realtime_pipeline' retrieved from /opt/airflow/dags/snowflake_pipeline_dag.py
[2026-03-27T19:39:00.705+0000] {logging_mixin.py:188} INFO - [2026-03-27T19:39:00.705+0000] {dag.py:3089} INFO - Sync 1 DAGs
[2026-03-27T19:39:00.731+0000] {logging_mixin.py:188} INFO - [2026-03-27T19:39:00.731+0000] {dag.py:3947} INFO - Setting next_dagrun for snowflake_realtime_pipeline to 2026-03-27 19:30:00+00:00, run_after=2026-03-27 19:35:00+00:00
[2026-03-27T19:39:00.753+0000] {processor.py:183} INFO - Processing /opt/airflow/dags/snowflake_pipeline_dag.py took 0.109 seconds
[2026-03-27T19:39:31.522+0000] {processor.py:161} INFO - Started process (PID=1794) to work on /opt/airflow/dags/snowflake_pipeline_dag.py
[2026-03-27T19:39:31.523+0000] {processor.py:830} INFO - Processing file /opt/airflow/dags/snowflake_pipeline_dag.py for tasks to queue
[2026-03-27T19:39:31.525+0000] {logging_mixin.py:188} INFO - [2026-03-27T19:39:31.525+0000] {dagbag.py:545} INFO - Filling up the DagBag from /opt/airflow/dags/snowflake_pipeline_dag.py
[2026-03-27T19:39:31.548+0000] {processor.py:840} INFO - DAG(s) 'snowflake_realtime_pipeline' retrieved from /opt/airflow/dags/snowflake_pipeline_dag.py
[2026-03-27T19:39:31.574+0000] {logging_mixin.py:188} INFO - [2026-03-27T19:39:31.574+0000] {dag.py:3089} INFO - Sync 1 DAGs
[2026-03-27T19:39:31.598+0000] {logging_mixin.py:188} INFO - [2026-03-27T19:39:31.598+0000] {dag.py:3947} INFO - Setting next_dagrun for snowflake_realtime_pipeline to 2026-03-27 19:30:00+00:00, run_after=2026-03-27 19:35:00+00:00
[2026-03-27T19:39:31.620+0000] {processor.py:183} INFO - Processing /opt/airflow/dags/snowflake_pipeline_dag.py took 0.104 seconds
[2026-03-27T19:40:02.302+0000] {processor.py:161} INFO - Started process (PID=1826) to work on /opt/airflow/dags/snowflake_pipeline_dag.py
[2026-03-27T19:40:02.303+0000] {processor.py:830} INFO - Processing file /opt/airflow/dags/snowflake_pipeline_dag.py for tasks to queue
[2026-03-27T19:40:02.305+0000] {logging_mixin.py:188} INFO - [2026-03-27T19:40:02.304+0000] {dagbag.py:545} INFO - Filling up the DagBag from /opt/airflow/dags/snowflake_pipeline_dag.py
[2026-03-27T19:40:02.326+0000] {processor.py:840} INFO - DAG(s) 'snowflake_realtime_pipeline' retrieved from /opt/airflow/dags/snowflake_pipeline_dag.py
[2026-03-27T19:40:02.351+0000] {logging_mixin.py:188} INFO - [2026-03-27T19:40:02.351+0000] {dag.py:3089} INFO - Sync 1 DAGs
[2026-03-27T19:40:02.376+0000] {logging_mixin.py:188} INFO - [2026-03-27T19:40:02.376+0000] {dag.py:3947} INFO - Setting next_dagrun for snowflake_realtime_pipeline to 2026-03-27 19:35:00+00:00, run_after=2026-03-27 19:40:00+00:00
[2026-03-27T19:40:02.397+0000] {processor.py:183} INFO - Processing /opt/airflow/dags/snowflake_pipeline_dag.py took 0.102 seconds
[2026-03-27T19:40:33.210+0000] {processor.py:161} INFO - Started process (PID=1851) to work on /opt/airflow/dags/snowflake_pipeline_dag.py
[2026-03-27T19:40:33.211+0000] {processor.py:830} INFO - Processing file /opt/airflow/dags/snowflake_pipeline_dag.py for tasks to queue
[2026-03-27T19:40:33.213+0000] {logging_mixin.py:188} INFO - [2026-03-27T19:40:33.213+0000] {dagbag.py:545} INFO - Filling up the DagBag from /opt/airflow/dags/snowflake_pipeline_dag.py
[2026-03-27T19:40:33.239+0000] {processor.py:840} INFO - DAG(s) 'snowflake_realtime_pipeline' retrieved from /opt/airflow/dags/snowflake_pipeline_dag.py
[2026-03-27T19:40:33.266+0000] {logging_mixin.py:188} INFO - [2026-03-27T19:40:33.266+0000] {dag.py:3089} INFO - Sync 1 DAGs
[2026-03-27T19:40:33.296+0000] {logging_mixin.py:188} INFO - [2026-03-27T19:40:33.295+0000] {dag.py:3947} INFO - Setting next_dagrun for snowflake_realtime_pipeline to 2026-03-27 19:35:00+00:00, run_after=2026-03-27 19:40:00+00:00
[2026-03-27T19:40:33.332+0000] {processor.py:183} INFO - Processing /opt/airflow/dags/snowflake_pipeline_dag.py took 0.129 seconds
[2026-03-27T19:41:04.089+0000] {processor.py:161} INFO - Started process (PID=1876) to work on /opt/airflow/dags/snowflake_pipeline_dag.py
[2026-03-27T19:41:04.090+0000] {processor.py:830} INFO - Processing file /opt/airflow/dags/snowflake_pipeline_dag.py for tasks to queue
[2026-03-27T19:41:04.092+0000] {logging_mixin.py:188} INFO - [2026-03-27T19:41:04.091+0000] {dagbag.py:545} INFO - Filling up the DagBag from /opt/airflow/dags/snowflake_pipeline_dag.py
[2026-03-27T19:41:04.115+0000] {processor.py:840} INFO - DAG(s) 'snowflake_realtime_pipeline' retrieved from /opt/airflow/dags/snowflake_pipeline_dag.py
[2026-03-27T19:41:04.141+0000] {logging_mixin.py:188} INFO - [2026-03-27T19:41:04.141+0000] {dag.py:3089} INFO - Sync 1 DAGs
[2026-03-27T19:41:04.166+0000] {logging_mixin.py:188} INFO - [2026-03-27T19:41:04.166+0000] {dag.py:3947} INFO - Setting next_dagrun for snowflake_realtime_pipeline to 2026-03-27 19:35:00+00:00, run_after=2026-03-27 19:40:00+00:00
[2026-03-27T19:41:04.189+0000] {processor.py:183} INFO - Processing /opt/airflow/dags/snowflake_pipeline_dag.py took 0.107 seconds
[2026-03-27T19:41:34.844+0000] {processor.py:161} INFO - Started process (PID=3180) to work on /opt/airflow/dags/snowflake_pipeline_dag.py
[2026-03-27T19:41:34.845+0000] {processor.py:830} INFO - Processing file /opt/airflow/dags/snowflake_pipeline_dag.py for tasks to queue
[2026-03-27T19:41:34.847+0000] {logging_mixin.py:188} INFO - [2026-03-27T19:41:34.847+0000] {dagbag.py:545} INFO - Filling up the DagBag from /opt/airflow/dags/snowflake_pipeline_dag.py
[2026-03-27T19:41:34.874+0000] {processor.py:840} INFO - DAG(s) 'snowflake_realtime_pipeline' retrieved from /opt/airflow/dags/snowflake_pipeline_dag.py
[2026-03-27T19:41:34.905+0000] {logging_mixin.py:188} INFO - [2026-03-27T19:41:34.905+0000] {dag.py:3089} INFO - Sync 1 DAGs
[2026-03-27T19:41:34.929+0000] {logging_mixin.py:188} INFO - [2026-03-27T19:41:34.929+0000] {dag.py:3947} INFO - Setting next_dagrun for snowflake_realtime_pipeline to 2026-03-27 19:35:00+00:00, run_after=2026-03-27 19:40:00+00:00
[2026-03-27T19:41:34.951+0000] {processor.py:183} INFO - Processing /opt/airflow/dags/snowflake_pipeline_dag.py took 0.114 seconds
[2026-03-27T19:42:05.595+0000] {processor.py:161} INFO - Started process (PID=3998) to work on /opt/airflow/dags/snowflake_pipeline_dag.py
[2026-03-27T19:42:05.596+0000] {processor.py:830} INFO - Processing file /opt/airflow/dags/snowflake_pipeline_dag.py for tasks to queue
[2026-03-27T19:42:05.598+0000] {logging_mixin.py:188} INFO - [2026-03-27T19:42:05.598+0000] {dagbag.py:545} INFO - Filling up the DagBag from /opt/airflow/dags/snowflake_pipeline_dag.py
[2026-03-27T19:42:05.624+0000] {processor.py:840} INFO - DAG(s) 'snowflake_realtime_pipeline' retrieved from /opt/airflow/dags/snowflake_pipeline_dag.py
[2026-03-27T19:42:05.650+0000] {logging_mixin.py:188} INFO - [2026-03-27T19:42:05.650+0000] {dag.py:3089} INFO - Sync 1 DAGs
[2026-03-27T19:42:05.674+0000] {logging_mixin.py:188} INFO - [2026-03-27T19:42:05.674+0000] {dag.py:3947} INFO - Setting next_dagrun for snowflake_realtime_pipeline to 2026-03-27 19:35:00+00:00, run_after=2026-03-27 19:40:00+00:00
[2026-03-27T19:42:05.696+0000] {processor.py:183} INFO - Processing /opt/airflow/dags/snowflake_pipeline_dag.py took 0.107 seconds
[2026-03-27T19:42:36.420+0000] {processor.py:161} INFO - Started process (PID=4023) to work on /opt/airflow/dags/snowflake_pipeline_dag.py
[2026-03-27T19:42:36.421+0000] {processor.py:830} INFO - Processing file /opt/airflow/dags/snowflake_pipeline_dag.py for tasks to queue
[2026-03-27T19:42:36.423+0000] {logging_mixin.py:188} INFO - [2026-03-27T19:42:36.423+0000] {dagbag.py:545} INFO - Filling up the DagBag from /opt/airflow/dags/snowflake_pipeline_dag.py
[2026-03-27T19:42:36.444+0000] {processor.py:840} INFO - DAG(s) 'snowflake_realtime_pipeline' retrieved from /opt/airflow/dags/snowflake_pipeline_dag.py
[2026-03-27T19:42:36.470+0000] {logging_mixin.py:188} INFO - [2026-03-27T19:42:36.469+0000] {dag.py:3089} INFO - Sync 1 DAGs
[2026-03-27T19:42:36.494+0000] {logging_mixin.py:188} INFO - [2026-03-27T19:42:36.494+0000] {dag.py:3947} INFO - Setting next_dagrun for snowflake_realtime_pipeline to 2026-03-27 19:35:00+00:00, run_after=2026-03-27 19:40:00+00:00
[2026-03-27T19:42:36.516+0000] {processor.py:183} INFO - Processing /opt/airflow/dags/snowflake_pipeline_dag.py took 0.103 seconds
[2026-03-27T19:43:07.283+0000] {processor.py:161} INFO - Started process (PID=4048) to work on /opt/airflow/dags/snowflake_pipeline_dag.py
[2026-03-27T19:43:07.284+0000] {processor.py:830} INFO - Processing file /opt/airflow/dags/snowflake_pipeline_dag.py for tasks to queue
[2026-03-27T19:43:07.286+0000] {logging_mixin.py:188} INFO - [2026-03-27T19:43:07.286+0000] {dagbag.py:545} INFO - Filling up the DagBag from /opt/airflow/dags/snowflake_pipeline_dag.py
[2026-03-27T19:43:07.312+0000] {processor.py:840} INFO - DAG(s) 'snowflake_realtime_pipeline' retrieved from /opt/airflow/dags/snowflake_pipeline_dag.py
[2026-03-27T19:43:07.337+0000] {logging_mixin.py:188} INFO - [2026-03-27T19:43:07.337+0000] {dag.py:3089} INFO - Sync 1 DAGs
[2026-03-27T19:43:07.363+0000] {logging_mixin.py:188} INFO - [2026-03-27T19:43:07.362+0000] {dag.py:3947} INFO - Setting next_dagrun for snowflake_realtime_pipeline to 2026-03-27 19:35:00+00:00, run_after=2026-03-27 19:40:00+00:00
[2026-03-27T19:43:07.386+0000] {processor.py:183} INFO - Processing /opt/airflow/dags/snowflake_pipeline_dag.py took 0.109 seconds
[2026-03-27T19:43:38.062+0000] {processor.py:161} INFO - Started process (PID=4073) to work on /opt/airflow/dags/snowflake_pipeline_dag.py
[2026-03-27T19:43:38.063+0000] {processor.py:830} INFO - Processing file /opt/airflow/dags/snowflake_pipeline_dag.py for tasks to queue
[2026-03-27T19:43:38.065+0000] {logging_mixin.py:188} INFO - [2026-03-27T19:43:38.065+0000] {dagbag.py:545} INFO - Filling up the DagBag from /opt/airflow/dags/snowflake_pipeline_dag.py
[2026-03-27T19:43:38.088+0000] {processor.py:840} INFO - DAG(s) 'snowflake_realtime_pipeline' retrieved from /opt/airflow/dags/snowflake_pipeline_dag.py
[2026-03-27T19:43:38.115+0000] {logging_mixin.py:188} INFO - [2026-03-27T19:43:38.115+0000] {dag.py:3089} INFO - Sync 1 DAGs
[2026-03-27T19:43:38.140+0000] {logging_mixin.py:188} INFO - [2026-03-27T19:43:38.139+0000] {dag.py:3947} INFO - Setting next_dagrun for snowflake_realtime_pipeline to 2026-03-27 19:35:00+00:00, run_after=2026-03-27 19:40:00+00:00
[2026-03-27T19:43:38.164+0000] {processor.py:183} INFO - Processing /opt/airflow/dags/snowflake_pipeline_dag.py took 0.108 seconds
[2026-03-27T19:44:08.873+0000] {processor.py:161} INFO - Started process (PID=4098) to work on /opt/airflow/dags/snowflake_pipeline_dag.py
[2026-03-27T19:44:08.874+0000] {processor.py:830} INFO - Processing file /opt/airflow/dags/snowflake_pipeline_dag.py for tasks to queue
[2026-03-27T19:44:08.877+0000] {logging_mixin.py:188} INFO - [2026-03-27T19:44:08.876+0000] {dagbag.py:545} INFO - Filling up the DagBag from /opt/airflow/dags/snowflake_pipeline_dag.py
[2026-03-27T19:44:08.900+0000] {processor.py:840} INFO - DAG(s) 'snowflake_realtime_pipeline' retrieved from /opt/airflow/dags/snowflake_pipeline_dag.py
[2026-03-27T19:44:08.926+0000] {logging_mixin.py:188} INFO - [2026-03-27T19:44:08.925+0000] {dag.py:3089} INFO - Sync 1 DAGs
[2026-03-27T19:44:08.951+0000] {logging_mixin.py:188} INFO - [2026-03-27T19:44:08.950+0000] {dag.py:3947} INFO - Setting next_dagrun for snowflake_realtime_pipeline to 2026-03-27 19:35:00+00:00, run_after=2026-03-27 19:40:00+00:00
[2026-03-27T19:44:08.971+0000] {processor.py:183} INFO - Processing /opt/airflow/dags/snowflake_pipeline_dag.py took 0.105 seconds
[2026-03-27T19:44:39.717+0000] {processor.py:161} INFO - Started process (PID=4126) to work on /opt/airflow/dags/snowflake_pipeline_dag.py
[2026-03-27T19:44:39.718+0000] {processor.py:830} INFO - Processing file /opt/airflow/dags/snowflake_pipeline_dag.py for tasks to queue
[2026-03-27T19:44:39.720+0000] {logging_mixin.py:188} INFO - [2026-03-27T19:44:39.720+0000] {dagbag.py:545} INFO - Filling up the DagBag from /opt/airflow/dags/snowflake_pipeline_dag.py
[2026-03-27T19:44:39.742+0000] {processor.py:840} INFO - DAG(s) 'snowflake_realtime_pipeline' retrieved from /opt/airflow/dags/snowflake_pipeline_dag.py
[2026-03-27T19:44:39.769+0000] {logging_mixin.py:188} INFO - [2026-03-27T19:44:39.769+0000] {dag.py:3089} INFO - Sync 1 DAGs
[2026-03-27T19:44:39.792+0000] {logging_mixin.py:188} INFO - [2026-03-27T19:44:39.792+0000] {dag.py:3947} INFO - Setting next_dagrun for snowflake_realtime_pipeline to 2026-03-27 19:35:00+00:00, run_after=2026-03-27 19:40:00+00:00
[2026-03-27T19:44:39.814+0000] {processor.py:183} INFO - Processing /opt/airflow/dags/snowflake_pipeline_dag.py took 0.103 seconds
[2026-03-27T19:45:10.515+0000] {processor.py:161} INFO - Started process (PID=4440) to work on /opt/airflow/dags/snowflake_pipeline_dag.py
[2026-03-27T19:45:10.516+0000] {processor.py:830} INFO - Processing file /opt/airflow/dags/snowflake_pipeline_dag.py for tasks to queue
[2026-03-27T19:45:10.518+0000] {logging_mixin.py:188} INFO - [2026-03-27T19:45:10.517+0000] {dagbag.py:545} INFO - Filling up the DagBag from /opt/airflow/dags/snowflake_pipeline_dag.py
[2026-03-27T19:45:10.542+0000] {processor.py:840} INFO - DAG(s) 'snowflake_realtime_pipeline' retrieved from /opt/airflow/dags/snowflake_pipeline_dag.py
[2026-03-27T19:45:10.567+0000] {logging_mixin.py:188} INFO - [2026-03-27T19:45:10.567+0000] {dag.py:3089} INFO - Sync 1 DAGs
[2026-03-27T19:45:10.591+0000] {logging_mixin.py:188} INFO - [2026-03-27T19:45:10.591+0000] {dag.py:3947} INFO - Setting next_dagrun for snowflake_realtime_pipeline to 2026-03-27 19:40:00+00:00, run_after=2026-03-27 19:45:00+00:00
[2026-03-27T19:45:10.613+0000] {processor.py:183} INFO - Processing /opt/airflow/dags/snowflake_pipeline_dag.py took 0.104 seconds
[2026-03-27T19:45:41.323+0000] {processor.py:161} INFO - Started process (PID=5696) to work on /opt/airflow/dags/snowflake_pipeline_dag.py
[2026-03-27T19:45:41.324+0000] {processor.py:830} INFO - Processing file /opt/airflow/dags/snowflake_pipeline_dag.py for tasks to queue
[2026-03-27T19:45:41.326+0000] {logging_mixin.py:188} INFO - [2026-03-27T19:45:41.325+0000] {dagbag.py:545} INFO - Filling up the DagBag from /opt/airflow/dags/snowflake_pipeline_dag.py
[2026-03-27T19:45:41.347+0000] {processor.py:840} INFO - DAG(s) 'snowflake_realtime_pipeline' retrieved from /opt/airflow/dags/snowflake_pipeline_dag.py
[2026-03-27T19:45:41.374+0000] {logging_mixin.py:188} INFO - [2026-03-27T19:45:41.374+0000] {dag.py:3089} INFO - Sync 1 DAGs
[2026-03-27T19:45:41.401+0000] {logging_mixin.py:188} INFO - [2026-03-27T19:45:41.400+0000] {dag.py:3947} INFO - Setting next_dagrun for snowflake_realtime_pipeline to 2026-03-27 19:40:00+00:00, run_after=2026-03-27 19:45:00+00:00
[2026-03-27T19:45:41.423+0000] {processor.py:183} INFO - Processing /opt/airflow/dags/snowflake_pipeline_dag.py took 0.106 seconds
[2026-03-27T19:46:12.065+0000] {processor.py:161} INFO - Started process (PID=5743) to work on /opt/airflow/dags/snowflake_pipeline_dag.py
[2026-03-27T19:46:12.066+0000] {processor.py:830} INFO - Processing file /opt/airflow/dags/snowflake_pipeline_dag.py for tasks to queue
[2026-03-27T19:46:12.068+0000] {logging_mixin.py:188} INFO - [2026-03-27T19:46:12.068+0000] {dagbag.py:545} INFO - Filling up the DagBag from /opt/airflow/dags/snowflake_pipeline_dag.py
[2026-03-27T19:46:12.091+0000] {processor.py:840} INFO - DAG(s) 'snowflake_realtime_pipeline' retrieved from /opt/airflow/dags/snowflake_pipeline_dag.py
[2026-03-27T19:46:12.116+0000] {logging_mixin.py:188} INFO - [2026-03-27T19:46:12.116+0000] {dag.py:3089} INFO - Sync 1 DAGs
[2026-03-27T19:46:12.140+0000] {logging_mixin.py:188} INFO - [2026-03-27T19:46:12.140+0000] {dag.py:3947} INFO - Setting next_dagrun for snowflake_realtime_pipeline to 2026-03-27 19:40:00+00:00, run_after=2026-03-27 19:45:00+00:00
[2026-03-27T19:46:12.162+0000] {processor.py:183} INFO - Processing /opt/airflow/dags/snowflake_pipeline_dag.py took 0.103 seconds
[2026-03-27T19:46:42.773+0000] {processor.py:161} INFO - Started process (PID=5768) to work on /opt/airflow/dags/snowflake_pipeline_dag.py
[2026-03-27T19:46:42.774+0000] {processor.py:830} INFO - Processing file /opt/airflow/dags/snowflake_pipeline_dag.py for tasks to queue
[2026-03-27T19:46:42.776+0000] {logging_mixin.py:188} INFO - [2026-03-27T19:46:42.776+0000] {dagbag.py:545} INFO - Filling up the DagBag from /opt/airflow/dags/snowflake_pipeline_dag.py
[2026-03-27T19:46:42.799+0000] {processor.py:840} INFO - DAG(s) 'snowflake_realtime_pipeline' retrieved from /opt/airflow/dags/snowflake_pipeline_dag.py
[2026-03-27T19:46:42.827+0000] {logging_mixin.py:188} INFO - [2026-03-27T19:46:42.827+0000] {dag.py:3089} INFO - Sync 1 DAGs
[2026-03-27T19:46:42.854+0000] {logging_mixin.py:188} INFO - [2026-03-27T19:46:42.853+0000] {dag.py:3947} INFO - Setting next_dagrun for snowflake_realtime_pipeline to 2026-03-27 19:40:00+00:00, run_after=2026-03-27 19:45:00+00:00
[2026-03-27T19:46:42.877+0000] {processor.py:183} INFO - Processing /opt/airflow/dags/snowflake_pipeline_dag.py took 0.110 seconds
[2026-03-27T19:47:13.487+0000] {processor.py:161} INFO - Started process (PID=5793) to work on /opt/airflow/dags/snowflake_pipeline_dag.py
[2026-03-27T19:47:13.488+0000] {processor.py:830} INFO - Processing file /opt/airflow/dags/snowflake_pipeline_dag.py for tasks to queue
[2026-03-27T19:47:13.490+0000] {logging_mixin.py:188} INFO - [2026-03-27T19:47:13.490+0000] {dagbag.py:545} INFO - Filling up the DagBag from /opt/airflow/dags/snowflake_pipeline_dag.py
[2026-03-27T19:47:13.514+0000] {processor.py:840} INFO - DAG(s) 'snowflake_realtime_pipeline' retrieved from /opt/airflow/dags/snowflake_pipeline_dag.py
[2026-03-27T19:47:13.540+0000] {logging_mixin.py:188} INFO - [2026-03-27T19:47:13.540+0000] {dag.py:3089} INFO - Sync 1 DAGs
[2026-03-27T19:47:13.564+0000] {logging_mixin.py:188} INFO - [2026-03-27T19:47:13.564+0000] {dag.py:3947} INFO - Setting next_dagrun for snowflake_realtime_pipeline to 2026-03-27 19:40:00+00:00, run_after=2026-03-27 19:45:00+00:00
[2026-03-27T19:47:13.586+0000] {processor.py:183} INFO - Processing /opt/airflow/dags/snowflake_pipeline_dag.py took 0.105 seconds
[2026-03-27T19:47:44.294+0000] {processor.py:161} INFO - Started process (PID=5818) to work on /opt/airflow/dags/snowflake_pipeline_dag.py
[2026-03-27T19:47:44.296+0000] {processor.py:830} INFO - Processing file /opt/airflow/dags/snowflake_pipeline_dag.py for tasks to queue
[2026-03-27T19:47:44.298+0000] {logging_mixin.py:188} INFO - [2026-03-27T19:47:44.297+0000] {dagbag.py:545} INFO - Filling up the DagBag from /opt/airflow/dags/snowflake_pipeline_dag.py
[2026-03-27T19:47:44.323+0000] {processor.py:840} INFO - DAG(s) 'snowflake_realtime_pipeline' retrieved from /opt/airflow/dags/snowflake_pipeline_dag.py
[2026-03-27T19:47:44.349+0000] {logging_mixin.py:188} INFO - [2026-03-27T19:47:44.349+0000] {dag.py:3089} INFO - Sync 1 DAGs
[2026-03-27T19:47:44.374+0000] {logging_mixin.py:188} INFO - [2026-03-27T19:47:44.374+0000] {dag.py:3947} INFO - Setting next_dagrun for snowflake_realtime_pipeline to 2026-03-27 19:40:00+00:00, run_after=2026-03-27 19:45:00+00:00
[2026-03-27T19:47:44.398+0000] {processor.py:183} INFO - Processing /opt/airflow/dags/snowflake_pipeline_dag.py took 0.110 seconds
[2026-03-27T19:48:15.099+0000] {processor.py:161} INFO - Started process (PID=5843) to work on /opt/airflow/dags/snowflake_pipeline_dag.py
[2026-03-27T19:48:15.100+0000] {processor.py:830} INFO - Processing file /opt/airflow/dags/snowflake_pipeline_dag.py for tasks to queue
[2026-03-27T19:48:15.102+0000] {logging_mixin.py:188} INFO - [2026-03-27T19:48:15.102+0000] {dagbag.py:545} INFO - Filling up the DagBag from /opt/airflow/dags/snowflake_pipeline_dag.py
[2026-03-27T19:48:15.128+0000] {processor.py:840} INFO - DAG(s) 'snowflake_realtime_pipeline' retrieved from /opt/airflow/dags/snowflake_pipeline_dag.py
[2026-03-27T19:48:15.154+0000] {logging_mixin.py:188} INFO - [2026-03-27T19:48:15.153+0000] {dag.py:3089} INFO - Sync 1 DAGs
[2026-03-27T19:48:15.178+0000] {logging_mixin.py:188} INFO - [2026-03-27T19:48:15.178+0000] {dag.py:3947} INFO - Setting next_dagrun for snowflake_realtime_pipeline to 2026-03-27 19:40:00+00:00, run_after=2026-03-27 19:45:00+00:00
[2026-03-27T19:48:15.200+0000] {processor.py:183} INFO - Processing /opt/airflow/dags/snowflake_pipeline_dag.py took 0.107 seconds
[2026-03-27T19:48:45.891+0000] {processor.py:161} INFO - Started process (PID=5868) to work on /opt/airflow/dags/snowflake_pipeline_dag.py
[2026-03-27T19:48:45.892+0000] {processor.py:830} INFO - Processing file /opt/airflow/dags/snowflake_pipeline_dag.py for tasks to queue
[2026-03-27T19:48:45.894+0000] {logging_mixin.py:188} INFO - [2026-03-27T19:48:45.894+0000] {dagbag.py:545} INFO - Filling up the DagBag from /opt/airflow/dags/snowflake_pipeline_dag.py
[2026-03-27T19:48:45.918+0000] {processor.py:840} INFO - DAG(s) 'snowflake_realtime_pipeline' retrieved from /opt/airflow/dags/snowflake_pipeline_dag.py
[2026-03-27T19:48:45.944+0000] {logging_mixin.py:188} INFO - [2026-03-27T19:48:45.944+0000] {dag.py:3089} INFO - Sync 1 DAGs
[2026-03-27T19:48:45.967+0000] {logging_mixin.py:188} INFO - [2026-03-27T19:48:45.967+0000] {dag.py:3947} INFO - Setting next_dagrun for snowflake_realtime_pipeline to 2026-03-27 19:40:00+00:00, run_after=2026-03-27 19:45:00+00:00
[2026-03-27T19:48:45.990+0000] {processor.py:183} INFO - Processing /opt/airflow/dags/snowflake_pipeline_dag.py took 0.106 seconds
[2026-03-27T19:49:16.626+0000] {processor.py:161} INFO - Started process (PID=7666) to work on /opt/airflow/dags/snowflake_pipeline_dag.py
[2026-03-27T19:49:16.628+0000] {processor.py:830} INFO - Processing file /opt/airflow/dags/snowflake_pipeline_dag.py for tasks to queue
[2026-03-27T19:49:16.629+0000] {logging_mixin.py:188} INFO - [2026-03-27T19:49:16.629+0000] {dagbag.py:545} INFO - Filling up the DagBag from /opt/airflow/dags/snowflake_pipeline_dag.py
[2026-03-27T19:49:16.649+0000] {processor.py:840} INFO - DAG(s) 'snowflake_realtime_pipeline' retrieved from /opt/airflow/dags/snowflake_pipeline_dag.py
[2026-03-27T19:49:16.675+0000] {logging_mixin.py:188} INFO - [2026-03-27T19:49:16.675+0000] {dag.py:3089} INFO - Sync 1 DAGs
[2026-03-27T19:49:16.699+0000] {logging_mixin.py:188} INFO - [2026-03-27T19:49:16.699+0000] {dag.py:3947} INFO - Setting next_dagrun for snowflake_realtime_pipeline to 2026-03-27 19:40:00+00:00, run_after=2026-03-27 19:45:00+00:00
[2026-03-27T19:49:16.721+0000] {processor.py:183} INFO - Processing /opt/airflow/dags/snowflake_pipeline_dag.py took 0.100 seconds
[2026-03-27T19:49:47.467+0000] {processor.py:161} INFO - Started process (PID=7973) to work on /opt/airflow/dags/snowflake_pipeline_dag.py
[2026-03-27T19:49:47.468+0000] {processor.py:830} INFO - Processing file /opt/airflow/dags/snowflake_pipeline_dag.py for tasks to queue
[2026-03-27T19:49:47.470+0000] {logging_mixin.py:188} INFO - [2026-03-27T19:49:47.469+0000] {dagbag.py:545} INFO - Filling up the DagBag from /opt/airflow/dags/snowflake_pipeline_dag.py
[2026-03-27T19:49:47.488+0000] {processor.py:840} INFO - DAG(s) 'snowflake_realtime_pipeline' retrieved from /opt/airflow/dags/snowflake_pipeline_dag.py
[2026-03-27T19:49:47.512+0000] {logging_mixin.py:188} INFO - [2026-03-27T19:49:47.512+0000] {dag.py:3089} INFO - Sync 1 DAGs
[2026-03-27T19:49:47.535+0000] {logging_mixin.py:188} INFO - [2026-03-27T19:49:47.535+0000] {dag.py:3947} INFO - Setting next_dagrun for snowflake_realtime_pipeline to 2026-03-27 19:40:00+00:00, run_after=2026-03-27 19:45:00+00:00
[2026-03-27T19:49:47.556+0000] {processor.py:183} INFO - Processing /opt/airflow/dags/snowflake_pipeline_dag.py took 0.096 seconds
[2026-03-27T19:50:18.291+0000] {processor.py:161} INFO - Started process (PID=7998) to work on /opt/airflow/dags/snowflake_pipeline_dag.py
[2026-03-27T19:50:18.293+0000] {processor.py:830} INFO - Processing file /opt/airflow/dags/snowflake_pipeline_dag.py for tasks to queue
[2026-03-27T19:50:18.295+0000] {logging_mixin.py:188} INFO - [2026-03-27T19:50:18.294+0000] {dagbag.py:545} INFO - Filling up the DagBag from /opt/airflow/dags/snowflake_pipeline_dag.py
[2026-03-27T19:50:18.321+0000] {processor.py:840} INFO - DAG(s) 'snowflake_realtime_pipeline' retrieved from /opt/airflow/dags/snowflake_pipeline_dag.py
[2026-03-27T19:50:18.347+0000] {logging_mixin.py:188} INFO - [2026-03-27T19:50:18.347+0000] {dag.py:3089} INFO - Sync 1 DAGs
[2026-03-27T19:50:18.375+0000] {logging_mixin.py:188} INFO - [2026-03-27T19:50:18.374+0000] {dag.py:3947} INFO - Setting next_dagrun for snowflake_realtime_pipeline to 2026-03-27 19:45:00+00:00, run_after=2026-03-27 19:50:00+00:00
[2026-03-27T19:50:18.396+0000] {processor.py:183} INFO - Processing /opt/airflow/dags/snowflake_pipeline_dag.py took 0.111 seconds
[2026-03-27T19:50:49.138+0000] {processor.py:161} INFO - Started process (PID=8023) to work on /opt/airflow/dags/snowflake_pipeline_dag.py
[2026-03-27T19:50:49.140+0000] {processor.py:830} INFO - Processing file /opt/airflow/dags/snowflake_pipeline_dag.py for tasks to queue
[2026-03-27T19:50:49.142+0000] {logging_mixin.py:188} INFO - [2026-03-27T19:50:49.141+0000] {dagbag.py:545} INFO - Filling up the DagBag from /opt/airflow/dags/snowflake_pipeline_dag.py
[2026-03-27T19:50:49.165+0000] {processor.py:840} INFO - DAG(s) 'snowflake_realtime_pipeline' retrieved from /opt/airflow/dags/snowflake_pipeline_dag.py
[2026-03-27T19:50:49.190+0000] {logging_mixin.py:188} INFO - [2026-03-27T19:50:49.190+0000] {dag.py:3089} INFO - Sync 1 DAGs
[2026-03-27T19:50:49.216+0000] {logging_mixin.py:188} INFO - [2026-03-27T19:50:49.215+0000] {dag.py:3947} INFO - Setting next_dagrun for snowflake_realtime_pipeline to 2026-03-27 19:45:00+00:00, run_after=2026-03-27 19:50:00+00:00
[2026-03-27T19:50:49.239+0000] {processor.py:183} INFO - Processing /opt/airflow/dags/snowflake_pipeline_dag.py took 0.107 seconds
[2026-03-27T19:51:19.980+0000] {processor.py:161} INFO - Started process (PID=8048) to work on /opt/airflow/dags/snowflake_pipeline_dag.py
[2026-03-27T19:51:19.981+0000] {processor.py:830} INFO - Processing file /opt/airflow/dags/snowflake_pipeline_dag.py for tasks to queue
[2026-03-27T19:51:19.983+0000] {logging_mixin.py:188} INFO - [2026-03-27T19:51:19.982+0000] {dagbag.py:545} INFO - Filling up the DagBag from /opt/airflow/dags/snowflake_pipeline_dag.py
[2026-03-27T19:51:20.005+0000] {processor.py:840} INFO - DAG(s) 'snowflake_realtime_pipeline' retrieved from /opt/airflow/dags/snowflake_pipeline_dag.py
[2026-03-27T19:51:20.031+0000] {logging_mixin.py:188} INFO - [2026-03-27T19:51:20.031+0000] {dag.py:3089} INFO - Sync 1 DAGs
[2026-03-27T19:51:20.058+0000] {logging_mixin.py:188} INFO - [2026-03-27T19:51:20.057+0000] {dag.py:3947} INFO - Setting next_dagrun for snowflake_realtime_pipeline to 2026-03-27 19:45:00+00:00, run_after=2026-03-27 19:50:00+00:00
[2026-03-27T19:51:20.080+0000] {processor.py:183} INFO - Processing /opt/airflow/dags/snowflake_pipeline_dag.py took 0.106 seconds
[2026-03-27T19:51:50.793+0000] {processor.py:161} INFO - Started process (PID=8073) to work on /opt/airflow/dags/snowflake_pipeline_dag.py
[2026-03-27T19:51:50.794+0000] {processor.py:830} INFO - Processing file /opt/airflow/dags/snowflake_pipeline_dag.py for tasks to queue
[2026-03-27T19:51:50.797+0000] {logging_mixin.py:188} INFO - [2026-03-27T19:51:50.796+0000] {dagbag.py:545} INFO - Filling up the DagBag from /opt/airflow/dags/snowflake_pipeline_dag.py
[2026-03-27T19:51:50.823+0000] {processor.py:840} INFO - DAG(s) 'snowflake_realtime_pipeline' retrieved from /opt/airflow/dags/snowflake_pipeline_dag.py
[2026-03-27T19:51:50.853+0000] {logging_mixin.py:188} INFO - [2026-03-27T19:51:50.853+0000] {dag.py:3089} INFO - Sync 1 DAGs
[2026-03-27T19:51:50.886+0000] {logging_mixin.py:188} INFO - [2026-03-27T19:51:50.886+0000] {dag.py:3947} INFO - Setting next_dagrun for snowflake_realtime_pipeline to 2026-03-27 19:45:00+00:00, run_after=2026-03-27 19:50:00+00:00
[2026-03-27T19:51:50.910+0000] {processor.py:183} INFO - Processing /opt/airflow/dags/snowflake_pipeline_dag.py took 0.125 seconds
