[2026-04-01T07:35:48.098+0000] {processor.py:161} INFO - Started process (PID=166) to work on /opt/airflow/dags/dag-spark-airflow-s3-ingestion.py
[2026-04-01T07:35:48.100+0000] {processor.py:830} INFO - Processing file /opt/airflow/dags/dag-spark-airflow-s3-ingestion.py for tasks to queue
[2026-04-01T07:35:48.106+0000] {logging_mixin.py:188} INFO - [2026-04-01T07:35:48.105+0000] {dagbag.py:545} INFO - Filling up the DagBag from /opt/airflow/dags/dag-spark-airflow-s3-ingestion.py
[2026-04-01T07:35:48.172+0000] {processor.py:840} INFO - DAG(s) 'spark-airflow-s3-ingestion-dag' retrieved from /opt/airflow/dags/dag-spark-airflow-s3-ingestion.py
[2026-04-01T07:35:49.122+0000] {logging_mixin.py:188} INFO - [2026-04-01T07:35:49.120+0000] {override.py:1858} INFO - Created Permission View: can delete on DAG:spark-airflow-s3-ingestion-dag
[2026-04-01T07:35:49.153+0000] {logging_mixin.py:188} INFO - [2026-04-01T07:35:49.152+0000] {override.py:1858} INFO - Created Permission View: can read on DAG:spark-airflow-s3-ingestion-dag
[2026-04-01T07:35:49.171+0000] {logging_mixin.py:188} INFO - [2026-04-01T07:35:49.170+0000] {override.py:1858} INFO - Created Permission View: can edit on DAG:spark-airflow-s3-ingestion-dag
[2026-04-01T07:35:49.175+0000] {logging_mixin.py:188} INFO - [2026-04-01T07:35:49.175+0000] {dag.py:3089} INFO - Sync 1 DAGs
[2026-04-01T07:35:49.219+0000] {logging_mixin.py:188} INFO - [2026-04-01T07:35:49.218+0000] {dag.py:3111} INFO - Creating ORM DAG for spark-airflow-s3-ingestion-dag
[2026-04-01T07:35:49.222+0000] {logging_mixin.py:188} INFO - [2026-04-01T07:35:49.221+0000] {dag.py:3947} INFO - Setting next_dagrun for spark-airflow-s3-ingestion-dag to None, run_after=None
[2026-04-01T07:35:49.290+0000] {processor.py:183} INFO - Processing /opt/airflow/dags/dag-spark-airflow-s3-ingestion.py took 1.210 seconds
[2026-04-01T07:36:19.939+0000] {processor.py:161} INFO - Started process (PID=191) to work on /opt/airflow/dags/dag-spark-airflow-s3-ingestion.py
[2026-04-01T07:36:19.942+0000] {processor.py:830} INFO - Processing file /opt/airflow/dags/dag-spark-airflow-s3-ingestion.py for tasks to queue
[2026-04-01T07:36:19.948+0000] {logging_mixin.py:188} INFO - [2026-04-01T07:36:19.947+0000] {dagbag.py:545} INFO - Filling up the DagBag from /opt/airflow/dags/dag-spark-airflow-s3-ingestion.py
[2026-04-01T07:36:19.999+0000] {processor.py:840} INFO - DAG(s) 'spark-airflow-s3-ingestion-dag' retrieved from /opt/airflow/dags/dag-spark-airflow-s3-ingestion.py
[2026-04-01T07:36:20.054+0000] {logging_mixin.py:188} INFO - [2026-04-01T07:36:20.054+0000] {dag.py:3089} INFO - Sync 1 DAGs
[2026-04-01T07:36:20.081+0000] {logging_mixin.py:188} INFO - [2026-04-01T07:36:20.081+0000] {dag.py:3947} INFO - Setting next_dagrun for spark-airflow-s3-ingestion-dag to None, run_after=None
[2026-04-01T07:36:20.133+0000] {processor.py:183} INFO - Processing /opt/airflow/dags/dag-spark-airflow-s3-ingestion.py took 0.209 seconds
[2026-04-01T07:36:50.332+0000] {processor.py:161} INFO - Started process (PID=216) to work on /opt/airflow/dags/dag-spark-airflow-s3-ingestion.py
[2026-04-01T07:36:50.334+0000] {processor.py:830} INFO - Processing file /opt/airflow/dags/dag-spark-airflow-s3-ingestion.py for tasks to queue
[2026-04-01T07:36:50.340+0000] {logging_mixin.py:188} INFO - [2026-04-01T07:36:50.339+0000] {dagbag.py:545} INFO - Filling up the DagBag from /opt/airflow/dags/dag-spark-airflow-s3-ingestion.py
[2026-04-01T07:36:50.389+0000] {processor.py:840} INFO - DAG(s) 'spark-airflow-s3-ingestion-dag' retrieved from /opt/airflow/dags/dag-spark-airflow-s3-ingestion.py
[2026-04-01T07:36:50.441+0000] {logging_mixin.py:188} INFO - [2026-04-01T07:36:50.441+0000] {dag.py:3089} INFO - Sync 1 DAGs
[2026-04-01T07:36:50.469+0000] {logging_mixin.py:188} INFO - [2026-04-01T07:36:50.469+0000] {dag.py:3947} INFO - Setting next_dagrun for spark-airflow-s3-ingestion-dag to None, run_after=None
[2026-04-01T07:36:50.508+0000] {processor.py:183} INFO - Processing /opt/airflow/dags/dag-spark-airflow-s3-ingestion.py took 0.188 seconds
[2026-04-01T07:37:20.877+0000] {processor.py:161} INFO - Started process (PID=241) to work on /opt/airflow/dags/dag-spark-airflow-s3-ingestion.py
[2026-04-01T07:37:20.880+0000] {processor.py:830} INFO - Processing file /opt/airflow/dags/dag-spark-airflow-s3-ingestion.py for tasks to queue
[2026-04-01T07:37:20.886+0000] {logging_mixin.py:188} INFO - [2026-04-01T07:37:20.885+0000] {dagbag.py:545} INFO - Filling up the DagBag from /opt/airflow/dags/dag-spark-airflow-s3-ingestion.py
[2026-04-01T07:37:20.941+0000] {processor.py:840} INFO - DAG(s) 'spark-airflow-s3-ingestion-dag' retrieved from /opt/airflow/dags/dag-spark-airflow-s3-ingestion.py
[2026-04-01T07:37:21.022+0000] {logging_mixin.py:188} INFO - [2026-04-01T07:37:21.021+0000] {dag.py:3089} INFO - Sync 1 DAGs
[2026-04-01T07:37:21.062+0000] {logging_mixin.py:188} INFO - [2026-04-01T07:37:21.062+0000] {dag.py:3947} INFO - Setting next_dagrun for spark-airflow-s3-ingestion-dag to None, run_after=None
[2026-04-01T07:37:21.114+0000] {processor.py:183} INFO - Processing /opt/airflow/dags/dag-spark-airflow-s3-ingestion.py took 0.258 seconds
[2026-04-01T07:37:51.526+0000] {processor.py:161} INFO - Started process (PID=266) to work on /opt/airflow/dags/dag-spark-airflow-s3-ingestion.py
[2026-04-01T07:37:51.529+0000] {processor.py:830} INFO - Processing file /opt/airflow/dags/dag-spark-airflow-s3-ingestion.py for tasks to queue
[2026-04-01T07:37:51.534+0000] {logging_mixin.py:188} INFO - [2026-04-01T07:37:51.533+0000] {dagbag.py:545} INFO - Filling up the DagBag from /opt/airflow/dags/dag-spark-airflow-s3-ingestion.py
[2026-04-01T07:37:51.583+0000] {processor.py:840} INFO - DAG(s) 'spark-airflow-s3-ingestion-dag' retrieved from /opt/airflow/dags/dag-spark-airflow-s3-ingestion.py
[2026-04-01T07:37:51.636+0000] {logging_mixin.py:188} INFO - [2026-04-01T07:37:51.636+0000] {dag.py:3089} INFO - Sync 1 DAGs
[2026-04-01T07:37:51.663+0000] {logging_mixin.py:188} INFO - [2026-04-01T07:37:51.663+0000] {dag.py:3947} INFO - Setting next_dagrun for spark-airflow-s3-ingestion-dag to None, run_after=None
[2026-04-01T07:37:51.719+0000] {processor.py:183} INFO - Processing /opt/airflow/dags/dag-spark-airflow-s3-ingestion.py took 0.206 seconds
[2026-04-01T07:38:22.070+0000] {processor.py:161} INFO - Started process (PID=291) to work on /opt/airflow/dags/dag-spark-airflow-s3-ingestion.py
[2026-04-01T07:38:22.072+0000] {processor.py:830} INFO - Processing file /opt/airflow/dags/dag-spark-airflow-s3-ingestion.py for tasks to queue
[2026-04-01T07:38:22.076+0000] {logging_mixin.py:188} INFO - [2026-04-01T07:38:22.075+0000] {dagbag.py:545} INFO - Filling up the DagBag from /opt/airflow/dags/dag-spark-airflow-s3-ingestion.py
[2026-04-01T07:38:22.123+0000] {processor.py:840} INFO - DAG(s) 'spark-airflow-s3-ingestion-dag' retrieved from /opt/airflow/dags/dag-spark-airflow-s3-ingestion.py
[2026-04-01T07:38:22.175+0000] {logging_mixin.py:188} INFO - [2026-04-01T07:38:22.174+0000] {dag.py:3089} INFO - Sync 1 DAGs
[2026-04-01T07:38:22.204+0000] {logging_mixin.py:188} INFO - [2026-04-01T07:38:22.204+0000] {dag.py:3947} INFO - Setting next_dagrun for spark-airflow-s3-ingestion-dag to None, run_after=None
[2026-04-01T07:38:22.245+0000] {processor.py:183} INFO - Processing /opt/airflow/dags/dag-spark-airflow-s3-ingestion.py took 0.189 seconds
[2026-04-01T07:38:52.424+0000] {processor.py:161} INFO - Started process (PID=316) to work on /opt/airflow/dags/dag-spark-airflow-s3-ingestion.py
[2026-04-01T07:38:52.427+0000] {processor.py:830} INFO - Processing file /opt/airflow/dags/dag-spark-airflow-s3-ingestion.py for tasks to queue
[2026-04-01T07:38:52.431+0000] {logging_mixin.py:188} INFO - [2026-04-01T07:38:52.430+0000] {dagbag.py:545} INFO - Filling up the DagBag from /opt/airflow/dags/dag-spark-airflow-s3-ingestion.py
[2026-04-01T07:38:52.475+0000] {processor.py:840} INFO - DAG(s) 'spark-airflow-s3-ingestion-dag' retrieved from /opt/airflow/dags/dag-spark-airflow-s3-ingestion.py
[2026-04-01T07:38:52.525+0000] {logging_mixin.py:188} INFO - [2026-04-01T07:38:52.524+0000] {dag.py:3089} INFO - Sync 1 DAGs
[2026-04-01T07:38:52.549+0000] {logging_mixin.py:188} INFO - [2026-04-01T07:38:52.549+0000] {dag.py:3947} INFO - Setting next_dagrun for spark-airflow-s3-ingestion-dag to None, run_after=None
[2026-04-01T07:38:52.597+0000] {processor.py:183} INFO - Processing /opt/airflow/dags/dag-spark-airflow-s3-ingestion.py took 0.185 seconds
[2026-04-01T07:39:22.931+0000] {processor.py:161} INFO - Started process (PID=341) to work on /opt/airflow/dags/dag-spark-airflow-s3-ingestion.py
[2026-04-01T07:39:22.933+0000] {processor.py:830} INFO - Processing file /opt/airflow/dags/dag-spark-airflow-s3-ingestion.py for tasks to queue
[2026-04-01T07:39:22.937+0000] {logging_mixin.py:188} INFO - [2026-04-01T07:39:22.936+0000] {dagbag.py:545} INFO - Filling up the DagBag from /opt/airflow/dags/dag-spark-airflow-s3-ingestion.py
[2026-04-01T07:39:22.985+0000] {processor.py:840} INFO - DAG(s) 'spark-airflow-s3-ingestion-dag' retrieved from /opt/airflow/dags/dag-spark-airflow-s3-ingestion.py
[2026-04-01T07:39:23.031+0000] {logging_mixin.py:188} INFO - [2026-04-01T07:39:23.031+0000] {dag.py:3089} INFO - Sync 1 DAGs
[2026-04-01T07:39:23.057+0000] {logging_mixin.py:188} INFO - [2026-04-01T07:39:23.057+0000] {dag.py:3947} INFO - Setting next_dagrun for spark-airflow-s3-ingestion-dag to None, run_after=None
[2026-04-01T07:39:23.100+0000] {processor.py:183} INFO - Processing /opt/airflow/dags/dag-spark-airflow-s3-ingestion.py took 0.179 seconds
[2026-04-01T07:39:53.414+0000] {processor.py:161} INFO - Started process (PID=366) to work on /opt/airflow/dags/dag-spark-airflow-s3-ingestion.py
[2026-04-01T07:39:53.416+0000] {processor.py:830} INFO - Processing file /opt/airflow/dags/dag-spark-airflow-s3-ingestion.py for tasks to queue
[2026-04-01T07:39:53.421+0000] {logging_mixin.py:188} INFO - [2026-04-01T07:39:53.420+0000] {dagbag.py:545} INFO - Filling up the DagBag from /opt/airflow/dags/dag-spark-airflow-s3-ingestion.py
[2026-04-01T07:39:53.466+0000] {processor.py:840} INFO - DAG(s) 'spark-airflow-s3-ingestion-dag' retrieved from /opt/airflow/dags/dag-spark-airflow-s3-ingestion.py
[2026-04-01T07:39:53.516+0000] {logging_mixin.py:188} INFO - [2026-04-01T07:39:53.515+0000] {dag.py:3089} INFO - Sync 1 DAGs
[2026-04-01T07:39:53.544+0000] {logging_mixin.py:188} INFO - [2026-04-01T07:39:53.543+0000] {dag.py:3947} INFO - Setting next_dagrun for spark-airflow-s3-ingestion-dag to None, run_after=None
[2026-04-01T07:39:53.601+0000] {processor.py:183} INFO - Processing /opt/airflow/dags/dag-spark-airflow-s3-ingestion.py took 0.200 seconds
[2026-04-01T07:40:23.895+0000] {processor.py:161} INFO - Started process (PID=391) to work on /opt/airflow/dags/dag-spark-airflow-s3-ingestion.py
[2026-04-01T07:40:23.898+0000] {processor.py:830} INFO - Processing file /opt/airflow/dags/dag-spark-airflow-s3-ingestion.py for tasks to queue
[2026-04-01T07:40:23.903+0000] {logging_mixin.py:188} INFO - [2026-04-01T07:40:23.903+0000] {dagbag.py:545} INFO - Filling up the DagBag from /opt/airflow/dags/dag-spark-airflow-s3-ingestion.py
[2026-04-01T07:40:23.968+0000] {processor.py:840} INFO - DAG(s) 'spark-airflow-s3-ingestion-dag' retrieved from /opt/airflow/dags/dag-spark-airflow-s3-ingestion.py
[2026-04-01T07:40:24.036+0000] {logging_mixin.py:188} INFO - [2026-04-01T07:40:24.035+0000] {dag.py:3089} INFO - Sync 1 DAGs
[2026-04-01T07:40:24.070+0000] {logging_mixin.py:188} INFO - [2026-04-01T07:40:24.069+0000] {dag.py:3947} INFO - Setting next_dagrun for spark-airflow-s3-ingestion-dag to None, run_after=None
[2026-04-01T07:40:24.115+0000] {processor.py:183} INFO - Processing /opt/airflow/dags/dag-spark-airflow-s3-ingestion.py took 0.236 seconds
[2026-04-01T07:40:54.543+0000] {processor.py:161} INFO - Started process (PID=416) to work on /opt/airflow/dags/dag-spark-airflow-s3-ingestion.py
[2026-04-01T07:40:54.546+0000] {processor.py:830} INFO - Processing file /opt/airflow/dags/dag-spark-airflow-s3-ingestion.py for tasks to queue
[2026-04-01T07:40:54.551+0000] {logging_mixin.py:188} INFO - [2026-04-01T07:40:54.550+0000] {dagbag.py:545} INFO - Filling up the DagBag from /opt/airflow/dags/dag-spark-airflow-s3-ingestion.py
[2026-04-01T07:40:54.608+0000] {processor.py:840} INFO - DAG(s) 'spark-airflow-s3-ingestion-dag' retrieved from /opt/airflow/dags/dag-spark-airflow-s3-ingestion.py
[2026-04-01T07:40:54.654+0000] {logging_mixin.py:188} INFO - [2026-04-01T07:40:54.654+0000] {dag.py:3089} INFO - Sync 1 DAGs
[2026-04-01T07:40:54.679+0000] {logging_mixin.py:188} INFO - [2026-04-01T07:40:54.679+0000] {dag.py:3947} INFO - Setting next_dagrun for spark-airflow-s3-ingestion-dag to None, run_after=None
[2026-04-01T07:40:54.736+0000] {processor.py:183} INFO - Processing /opt/airflow/dags/dag-spark-airflow-s3-ingestion.py took 0.215 seconds
[2026-04-01T07:41:25.012+0000] {processor.py:161} INFO - Started process (PID=441) to work on /opt/airflow/dags/dag-spark-airflow-s3-ingestion.py
[2026-04-01T07:41:25.015+0000] {processor.py:830} INFO - Processing file /opt/airflow/dags/dag-spark-airflow-s3-ingestion.py for tasks to queue
[2026-04-01T07:41:25.019+0000] {logging_mixin.py:188} INFO - [2026-04-01T07:41:25.018+0000] {dagbag.py:545} INFO - Filling up the DagBag from /opt/airflow/dags/dag-spark-airflow-s3-ingestion.py
[2026-04-01T07:41:25.066+0000] {processor.py:840} INFO - DAG(s) 'spark-airflow-s3-ingestion-dag' retrieved from /opt/airflow/dags/dag-spark-airflow-s3-ingestion.py
[2026-04-01T07:41:25.113+0000] {logging_mixin.py:188} INFO - [2026-04-01T07:41:25.113+0000] {dag.py:3089} INFO - Sync 1 DAGs
[2026-04-01T07:41:25.138+0000] {logging_mixin.py:188} INFO - [2026-04-01T07:41:25.138+0000] {dag.py:3947} INFO - Setting next_dagrun for spark-airflow-s3-ingestion-dag to None, run_after=None
[2026-04-01T07:41:25.192+0000] {processor.py:183} INFO - Processing /opt/airflow/dags/dag-spark-airflow-s3-ingestion.py took 0.191 seconds
[2026-04-01T07:41:55.462+0000] {processor.py:161} INFO - Started process (PID=466) to work on /opt/airflow/dags/dag-spark-airflow-s3-ingestion.py
[2026-04-01T07:41:55.464+0000] {processor.py:830} INFO - Processing file /opt/airflow/dags/dag-spark-airflow-s3-ingestion.py for tasks to queue
[2026-04-01T07:41:55.468+0000] {logging_mixin.py:188} INFO - [2026-04-01T07:41:55.467+0000] {dagbag.py:545} INFO - Filling up the DagBag from /opt/airflow/dags/dag-spark-airflow-s3-ingestion.py
[2026-04-01T07:41:55.512+0000] {processor.py:840} INFO - DAG(s) 'spark-airflow-s3-ingestion-dag' retrieved from /opt/airflow/dags/dag-spark-airflow-s3-ingestion.py
[2026-04-01T07:41:55.574+0000] {logging_mixin.py:188} INFO - [2026-04-01T07:41:55.573+0000] {dag.py:3089} INFO - Sync 1 DAGs
[2026-04-01T07:41:55.605+0000] {logging_mixin.py:188} INFO - [2026-04-01T07:41:55.605+0000] {dag.py:3947} INFO - Setting next_dagrun for spark-airflow-s3-ingestion-dag to None, run_after=None
[2026-04-01T07:41:55.661+0000] {processor.py:183} INFO - Processing /opt/airflow/dags/dag-spark-airflow-s3-ingestion.py took 0.213 seconds
[2026-04-01T07:42:25.964+0000] {processor.py:161} INFO - Started process (PID=491) to work on /opt/airflow/dags/dag-spark-airflow-s3-ingestion.py
[2026-04-01T07:42:25.966+0000] {processor.py:830} INFO - Processing file /opt/airflow/dags/dag-spark-airflow-s3-ingestion.py for tasks to queue
[2026-04-01T07:42:25.970+0000] {logging_mixin.py:188} INFO - [2026-04-01T07:42:25.970+0000] {dagbag.py:545} INFO - Filling up the DagBag from /opt/airflow/dags/dag-spark-airflow-s3-ingestion.py
[2026-04-01T07:42:26.016+0000] {processor.py:840} INFO - DAG(s) 'spark-airflow-s3-ingestion-dag' retrieved from /opt/airflow/dags/dag-spark-airflow-s3-ingestion.py
[2026-04-01T07:42:26.064+0000] {logging_mixin.py:188} INFO - [2026-04-01T07:42:26.064+0000] {dag.py:3089} INFO - Sync 1 DAGs
[2026-04-01T07:42:26.087+0000] {logging_mixin.py:188} INFO - [2026-04-01T07:42:26.087+0000] {dag.py:3947} INFO - Setting next_dagrun for spark-airflow-s3-ingestion-dag to None, run_after=None
[2026-04-01T07:42:26.141+0000] {processor.py:183} INFO - Processing /opt/airflow/dags/dag-spark-airflow-s3-ingestion.py took 0.190 seconds
[2026-04-01T07:42:56.566+0000] {processor.py:161} INFO - Started process (PID=516) to work on /opt/airflow/dags/dag-spark-airflow-s3-ingestion.py
[2026-04-01T07:42:56.568+0000] {processor.py:830} INFO - Processing file /opt/airflow/dags/dag-spark-airflow-s3-ingestion.py for tasks to queue
[2026-04-01T07:42:56.571+0000] {logging_mixin.py:188} INFO - [2026-04-01T07:42:56.571+0000] {dagbag.py:545} INFO - Filling up the DagBag from /opt/airflow/dags/dag-spark-airflow-s3-ingestion.py
[2026-04-01T07:42:56.621+0000] {processor.py:840} INFO - DAG(s) 'spark-airflow-s3-ingestion-dag' retrieved from /opt/airflow/dags/dag-spark-airflow-s3-ingestion.py
[2026-04-01T07:42:56.670+0000] {logging_mixin.py:188} INFO - [2026-04-01T07:42:56.670+0000] {dag.py:3089} INFO - Sync 1 DAGs
[2026-04-01T07:42:56.694+0000] {logging_mixin.py:188} INFO - [2026-04-01T07:42:56.694+0000] {dag.py:3947} INFO - Setting next_dagrun for spark-airflow-s3-ingestion-dag to None, run_after=None
[2026-04-01T07:42:56.733+0000] {processor.py:183} INFO - Processing /opt/airflow/dags/dag-spark-airflow-s3-ingestion.py took 0.179 seconds
[2026-04-01T07:43:26.949+0000] {processor.py:161} INFO - Started process (PID=541) to work on /opt/airflow/dags/dag-spark-airflow-s3-ingestion.py
[2026-04-01T07:43:26.951+0000] {processor.py:830} INFO - Processing file /opt/airflow/dags/dag-spark-airflow-s3-ingestion.py for tasks to queue
[2026-04-01T07:43:26.958+0000] {logging_mixin.py:188} INFO - [2026-04-01T07:43:26.956+0000] {dagbag.py:545} INFO - Filling up the DagBag from /opt/airflow/dags/dag-spark-airflow-s3-ingestion.py
[2026-04-01T07:43:27.017+0000] {processor.py:840} INFO - DAG(s) 'spark-airflow-s3-ingestion-dag' retrieved from /opt/airflow/dags/dag-spark-airflow-s3-ingestion.py
[2026-04-01T07:43:27.091+0000] {logging_mixin.py:188} INFO - [2026-04-01T07:43:27.090+0000] {dag.py:3089} INFO - Sync 1 DAGs
[2026-04-01T07:43:27.132+0000] {logging_mixin.py:188} INFO - [2026-04-01T07:43:27.132+0000] {dag.py:3947} INFO - Setting next_dagrun for spark-airflow-s3-ingestion-dag to None, run_after=None
[2026-04-01T07:43:27.194+0000] {processor.py:183} INFO - Processing /opt/airflow/dags/dag-spark-airflow-s3-ingestion.py took 0.266 seconds
[2026-04-01T07:43:57.594+0000] {processor.py:161} INFO - Started process (PID=566) to work on /opt/airflow/dags/dag-spark-airflow-s3-ingestion.py
[2026-04-01T07:43:57.597+0000] {processor.py:830} INFO - Processing file /opt/airflow/dags/dag-spark-airflow-s3-ingestion.py for tasks to queue
[2026-04-01T07:43:57.604+0000] {logging_mixin.py:188} INFO - [2026-04-01T07:43:57.602+0000] {dagbag.py:545} INFO - Filling up the DagBag from /opt/airflow/dags/dag-spark-airflow-s3-ingestion.py
[2026-04-01T07:43:57.676+0000] {processor.py:840} INFO - DAG(s) 'spark-airflow-s3-ingestion-dag' retrieved from /opt/airflow/dags/dag-spark-airflow-s3-ingestion.py
[2026-04-01T07:43:57.779+0000] {logging_mixin.py:188} INFO - [2026-04-01T07:43:57.778+0000] {dag.py:3089} INFO - Sync 1 DAGs
[2026-04-01T07:43:57.829+0000] {logging_mixin.py:188} INFO - [2026-04-01T07:43:57.829+0000] {dag.py:3947} INFO - Setting next_dagrun for spark-airflow-s3-ingestion-dag to None, run_after=None
[2026-04-01T07:43:57.896+0000] {processor.py:183} INFO - Processing /opt/airflow/dags/dag-spark-airflow-s3-ingestion.py took 0.328 seconds
[2026-04-01T07:44:28.273+0000] {processor.py:161} INFO - Started process (PID=591) to work on /opt/airflow/dags/dag-spark-airflow-s3-ingestion.py
[2026-04-01T07:44:28.275+0000] {processor.py:830} INFO - Processing file /opt/airflow/dags/dag-spark-airflow-s3-ingestion.py for tasks to queue
[2026-04-01T07:44:28.278+0000] {logging_mixin.py:188} INFO - [2026-04-01T07:44:28.278+0000] {dagbag.py:545} INFO - Filling up the DagBag from /opt/airflow/dags/dag-spark-airflow-s3-ingestion.py
[2026-04-01T07:44:28.322+0000] {processor.py:840} INFO - DAG(s) 'spark-airflow-s3-ingestion-dag' retrieved from /opt/airflow/dags/dag-spark-airflow-s3-ingestion.py
[2026-04-01T07:44:28.369+0000] {logging_mixin.py:188} INFO - [2026-04-01T07:44:28.368+0000] {dag.py:3089} INFO - Sync 1 DAGs
[2026-04-01T07:44:28.396+0000] {logging_mixin.py:188} INFO - [2026-04-01T07:44:28.395+0000] {dag.py:3947} INFO - Setting next_dagrun for spark-airflow-s3-ingestion-dag to None, run_after=None
[2026-04-01T07:44:28.461+0000] {processor.py:183} INFO - Processing /opt/airflow/dags/dag-spark-airflow-s3-ingestion.py took 0.201 seconds
[2026-04-01T07:44:58.728+0000] {processor.py:161} INFO - Started process (PID=616) to work on /opt/airflow/dags/dag-spark-airflow-s3-ingestion.py
[2026-04-01T07:44:58.730+0000] {processor.py:830} INFO - Processing file /opt/airflow/dags/dag-spark-airflow-s3-ingestion.py for tasks to queue
[2026-04-01T07:44:58.734+0000] {logging_mixin.py:188} INFO - [2026-04-01T07:44:58.733+0000] {dagbag.py:545} INFO - Filling up the DagBag from /opt/airflow/dags/dag-spark-airflow-s3-ingestion.py
[2026-04-01T07:44:58.778+0000] {processor.py:840} INFO - DAG(s) 'spark-airflow-s3-ingestion-dag' retrieved from /opt/airflow/dags/dag-spark-airflow-s3-ingestion.py
[2026-04-01T07:44:58.826+0000] {logging_mixin.py:188} INFO - [2026-04-01T07:44:58.825+0000] {dag.py:3089} INFO - Sync 1 DAGs
[2026-04-01T07:44:58.852+0000] {logging_mixin.py:188} INFO - [2026-04-01T07:44:58.852+0000] {dag.py:3947} INFO - Setting next_dagrun for spark-airflow-s3-ingestion-dag to None, run_after=None
[2026-04-01T07:44:58.893+0000] {processor.py:183} INFO - Processing /opt/airflow/dags/dag-spark-airflow-s3-ingestion.py took 0.175 seconds
[2026-04-01T07:45:29.150+0000] {processor.py:161} INFO - Started process (PID=641) to work on /opt/airflow/dags/dag-spark-airflow-s3-ingestion.py
[2026-04-01T07:45:29.154+0000] {processor.py:830} INFO - Processing file /opt/airflow/dags/dag-spark-airflow-s3-ingestion.py for tasks to queue
[2026-04-01T07:45:29.162+0000] {logging_mixin.py:188} INFO - [2026-04-01T07:45:29.160+0000] {dagbag.py:545} INFO - Filling up the DagBag from /opt/airflow/dags/dag-spark-airflow-s3-ingestion.py
[2026-04-01T07:45:29.232+0000] {processor.py:840} INFO - DAG(s) 'spark-airflow-s3-ingestion-dag' retrieved from /opt/airflow/dags/dag-spark-airflow-s3-ingestion.py
[2026-04-01T07:45:29.313+0000] {logging_mixin.py:188} INFO - [2026-04-01T07:45:29.313+0000] {dag.py:3089} INFO - Sync 1 DAGs
[2026-04-01T07:45:29.343+0000] {logging_mixin.py:188} INFO - [2026-04-01T07:45:29.343+0000] {dag.py:3947} INFO - Setting next_dagrun for spark-airflow-s3-ingestion-dag to None, run_after=None
[2026-04-01T07:45:29.386+0000] {processor.py:183} INFO - Processing /opt/airflow/dags/dag-spark-airflow-s3-ingestion.py took 0.255 seconds
[2026-04-01T07:45:59.767+0000] {processor.py:161} INFO - Started process (PID=666) to work on /opt/airflow/dags/dag-spark-airflow-s3-ingestion.py
[2026-04-01T07:45:59.770+0000] {processor.py:830} INFO - Processing file /opt/airflow/dags/dag-spark-airflow-s3-ingestion.py for tasks to queue
[2026-04-01T07:45:59.775+0000] {logging_mixin.py:188} INFO - [2026-04-01T07:45:59.774+0000] {dagbag.py:545} INFO - Filling up the DagBag from /opt/airflow/dags/dag-spark-airflow-s3-ingestion.py
[2026-04-01T07:45:59.822+0000] {processor.py:840} INFO - DAG(s) 'spark-airflow-s3-ingestion-dag' retrieved from /opt/airflow/dags/dag-spark-airflow-s3-ingestion.py
[2026-04-01T07:45:59.889+0000] {logging_mixin.py:188} INFO - [2026-04-01T07:45:59.889+0000] {dag.py:3089} INFO - Sync 1 DAGs
[2026-04-01T07:45:59.925+0000] {logging_mixin.py:188} INFO - [2026-04-01T07:45:59.925+0000] {dag.py:3947} INFO - Setting next_dagrun for spark-airflow-s3-ingestion-dag to None, run_after=None
[2026-04-01T07:45:59.973+0000] {processor.py:183} INFO - Processing /opt/airflow/dags/dag-spark-airflow-s3-ingestion.py took 0.218 seconds
[2026-04-01T07:46:30.370+0000] {processor.py:161} INFO - Started process (PID=691) to work on /opt/airflow/dags/dag-spark-airflow-s3-ingestion.py
[2026-04-01T07:46:30.372+0000] {processor.py:830} INFO - Processing file /opt/airflow/dags/dag-spark-airflow-s3-ingestion.py for tasks to queue
[2026-04-01T07:46:30.376+0000] {logging_mixin.py:188} INFO - [2026-04-01T07:46:30.376+0000] {dagbag.py:545} INFO - Filling up the DagBag from /opt/airflow/dags/dag-spark-airflow-s3-ingestion.py
[2026-04-01T07:46:30.432+0000] {processor.py:840} INFO - DAG(s) 'spark-airflow-s3-ingestion-dag' retrieved from /opt/airflow/dags/dag-spark-airflow-s3-ingestion.py
[2026-04-01T07:46:30.504+0000] {logging_mixin.py:188} INFO - [2026-04-01T07:46:30.504+0000] {dag.py:3089} INFO - Sync 1 DAGs
[2026-04-01T07:46:30.543+0000] {logging_mixin.py:188} INFO - [2026-04-01T07:46:30.542+0000] {dag.py:3947} INFO - Setting next_dagrun for spark-airflow-s3-ingestion-dag to None, run_after=None
[2026-04-01T07:46:30.598+0000] {processor.py:183} INFO - Processing /opt/airflow/dags/dag-spark-airflow-s3-ingestion.py took 0.240 seconds
[2026-04-01T07:47:00.920+0000] {processor.py:161} INFO - Started process (PID=716) to work on /opt/airflow/dags/dag-spark-airflow-s3-ingestion.py
[2026-04-01T07:47:00.922+0000] {processor.py:830} INFO - Processing file /opt/airflow/dags/dag-spark-airflow-s3-ingestion.py for tasks to queue
[2026-04-01T07:47:00.926+0000] {logging_mixin.py:188} INFO - [2026-04-01T07:47:00.925+0000] {dagbag.py:545} INFO - Filling up the DagBag from /opt/airflow/dags/dag-spark-airflow-s3-ingestion.py
[2026-04-01T07:47:00.969+0000] {processor.py:840} INFO - DAG(s) 'spark-airflow-s3-ingestion-dag' retrieved from /opt/airflow/dags/dag-spark-airflow-s3-ingestion.py
[2026-04-01T07:47:01.019+0000] {logging_mixin.py:188} INFO - [2026-04-01T07:47:01.019+0000] {dag.py:3089} INFO - Sync 1 DAGs
[2026-04-01T07:47:01.049+0000] {logging_mixin.py:188} INFO - [2026-04-01T07:47:01.048+0000] {dag.py:3947} INFO - Setting next_dagrun for spark-airflow-s3-ingestion-dag to None, run_after=None
[2026-04-01T07:47:01.100+0000] {processor.py:183} INFO - Processing /opt/airflow/dags/dag-spark-airflow-s3-ingestion.py took 0.192 seconds
[2026-04-01T07:47:31.998+0000] {processor.py:161} INFO - Started process (PID=741) to work on /opt/airflow/dags/dag-spark-airflow-s3-ingestion.py
[2026-04-01T07:47:32.000+0000] {processor.py:830} INFO - Processing file /opt/airflow/dags/dag-spark-airflow-s3-ingestion.py for tasks to queue
[2026-04-01T07:47:32.005+0000] {logging_mixin.py:188} INFO - [2026-04-01T07:47:32.004+0000] {dagbag.py:545} INFO - Filling up the DagBag from /opt/airflow/dags/dag-spark-airflow-s3-ingestion.py
[2026-04-01T07:47:32.053+0000] {processor.py:840} INFO - DAG(s) 'spark-airflow-s3-ingestion-dag' retrieved from /opt/airflow/dags/dag-spark-airflow-s3-ingestion.py
[2026-04-01T07:47:32.110+0000] {logging_mixin.py:188} INFO - [2026-04-01T07:47:32.109+0000] {dag.py:3089} INFO - Sync 1 DAGs
[2026-04-01T07:47:32.146+0000] {logging_mixin.py:188} INFO - [2026-04-01T07:47:32.146+0000] {dag.py:3947} INFO - Setting next_dagrun for spark-airflow-s3-ingestion-dag to None, run_after=None
[2026-04-01T07:47:32.191+0000] {processor.py:183} INFO - Processing /opt/airflow/dags/dag-spark-airflow-s3-ingestion.py took 0.206 seconds
[2026-04-01T07:48:02.810+0000] {processor.py:161} INFO - Started process (PID=766) to work on /opt/airflow/dags/dag-spark-airflow-s3-ingestion.py
[2026-04-01T07:48:02.812+0000] {processor.py:830} INFO - Processing file /opt/airflow/dags/dag-spark-airflow-s3-ingestion.py for tasks to queue
[2026-04-01T07:48:02.817+0000] {logging_mixin.py:188} INFO - [2026-04-01T07:48:02.816+0000] {dagbag.py:545} INFO - Filling up the DagBag from /opt/airflow/dags/dag-spark-airflow-s3-ingestion.py
[2026-04-01T07:48:02.883+0000] {processor.py:840} INFO - DAG(s) 'spark-airflow-s3-ingestion-dag' retrieved from /opt/airflow/dags/dag-spark-airflow-s3-ingestion.py
[2026-04-01T07:48:02.947+0000] {logging_mixin.py:188} INFO - [2026-04-01T07:48:02.946+0000] {dag.py:3089} INFO - Sync 1 DAGs
[2026-04-01T07:48:02.980+0000] {logging_mixin.py:188} INFO - [2026-04-01T07:48:02.980+0000] {dag.py:3947} INFO - Setting next_dagrun for spark-airflow-s3-ingestion-dag to None, run_after=None
[2026-04-01T07:48:03.023+0000] {processor.py:183} INFO - Processing /opt/airflow/dags/dag-spark-airflow-s3-ingestion.py took 0.226 seconds
[2026-04-01T07:48:33.366+0000] {processor.py:161} INFO - Started process (PID=791) to work on /opt/airflow/dags/dag-spark-airflow-s3-ingestion.py
[2026-04-01T07:48:33.368+0000] {processor.py:830} INFO - Processing file /opt/airflow/dags/dag-spark-airflow-s3-ingestion.py for tasks to queue
[2026-04-01T07:48:33.372+0000] {logging_mixin.py:188} INFO - [2026-04-01T07:48:33.372+0000] {dagbag.py:545} INFO - Filling up the DagBag from /opt/airflow/dags/dag-spark-airflow-s3-ingestion.py
[2026-04-01T07:48:33.418+0000] {processor.py:840} INFO - DAG(s) 'spark-airflow-s3-ingestion-dag' retrieved from /opt/airflow/dags/dag-spark-airflow-s3-ingestion.py
[2026-04-01T07:48:33.470+0000] {logging_mixin.py:188} INFO - [2026-04-01T07:48:33.469+0000] {dag.py:3089} INFO - Sync 1 DAGs
[2026-04-01T07:48:33.500+0000] {logging_mixin.py:188} INFO - [2026-04-01T07:48:33.500+0000] {dag.py:3947} INFO - Setting next_dagrun for spark-airflow-s3-ingestion-dag to None, run_after=None
[2026-04-01T07:48:33.542+0000] {processor.py:183} INFO - Processing /opt/airflow/dags/dag-spark-airflow-s3-ingestion.py took 0.187 seconds
[2026-04-01T07:49:04.236+0000] {processor.py:161} INFO - Started process (PID=816) to work on /opt/airflow/dags/dag-spark-airflow-s3-ingestion.py
[2026-04-01T07:49:04.242+0000] {processor.py:830} INFO - Processing file /opt/airflow/dags/dag-spark-airflow-s3-ingestion.py for tasks to queue
[2026-04-01T07:49:04.253+0000] {logging_mixin.py:188} INFO - [2026-04-01T07:49:04.252+0000] {dagbag.py:545} INFO - Filling up the DagBag from /opt/airflow/dags/dag-spark-airflow-s3-ingestion.py
[2026-04-01T07:49:04.315+0000] {processor.py:840} INFO - DAG(s) 'spark-airflow-s3-ingestion-dag' retrieved from /opt/airflow/dags/dag-spark-airflow-s3-ingestion.py
[2026-04-01T07:49:04.371+0000] {logging_mixin.py:188} INFO - [2026-04-01T07:49:04.370+0000] {dag.py:3089} INFO - Sync 1 DAGs
[2026-04-01T07:49:04.400+0000] {logging_mixin.py:188} INFO - [2026-04-01T07:49:04.399+0000] {dag.py:3947} INFO - Setting next_dagrun for spark-airflow-s3-ingestion-dag to None, run_after=None
[2026-04-01T07:49:04.443+0000] {processor.py:183} INFO - Processing /opt/airflow/dags/dag-spark-airflow-s3-ingestion.py took 0.240 seconds
[2026-04-01T07:49:35.410+0000] {processor.py:161} INFO - Started process (PID=841) to work on /opt/airflow/dags/dag-spark-airflow-s3-ingestion.py
[2026-04-01T07:49:35.413+0000] {processor.py:830} INFO - Processing file /opt/airflow/dags/dag-spark-airflow-s3-ingestion.py for tasks to queue
[2026-04-01T07:49:35.419+0000] {logging_mixin.py:188} INFO - [2026-04-01T07:49:35.417+0000] {dagbag.py:545} INFO - Filling up the DagBag from /opt/airflow/dags/dag-spark-airflow-s3-ingestion.py
[2026-04-01T07:49:35.480+0000] {processor.py:840} INFO - DAG(s) 'spark-airflow-s3-ingestion-dag' retrieved from /opt/airflow/dags/dag-spark-airflow-s3-ingestion.py
[2026-04-01T07:49:35.560+0000] {logging_mixin.py:188} INFO - [2026-04-01T07:49:35.560+0000] {dag.py:3089} INFO - Sync 1 DAGs
[2026-04-01T07:49:35.611+0000] {logging_mixin.py:188} INFO - [2026-04-01T07:49:35.611+0000] {dag.py:3947} INFO - Setting next_dagrun for spark-airflow-s3-ingestion-dag to None, run_after=None
[2026-04-01T07:49:35.679+0000] {processor.py:183} INFO - Processing /opt/airflow/dags/dag-spark-airflow-s3-ingestion.py took 0.285 seconds
[2026-04-01T07:50:05.889+0000] {processor.py:161} INFO - Started process (PID=866) to work on /opt/airflow/dags/dag-spark-airflow-s3-ingestion.py
[2026-04-01T07:50:05.891+0000] {processor.py:830} INFO - Processing file /opt/airflow/dags/dag-spark-airflow-s3-ingestion.py for tasks to queue
[2026-04-01T07:50:05.896+0000] {logging_mixin.py:188} INFO - [2026-04-01T07:50:05.896+0000] {dagbag.py:545} INFO - Filling up the DagBag from /opt/airflow/dags/dag-spark-airflow-s3-ingestion.py
[2026-04-01T07:50:05.941+0000] {processor.py:840} INFO - DAG(s) 'spark-airflow-s3-ingestion-dag' retrieved from /opt/airflow/dags/dag-spark-airflow-s3-ingestion.py
[2026-04-01T07:50:05.996+0000] {logging_mixin.py:188} INFO - [2026-04-01T07:50:05.996+0000] {dag.py:3089} INFO - Sync 1 DAGs
[2026-04-01T07:50:06.027+0000] {logging_mixin.py:188} INFO - [2026-04-01T07:50:06.027+0000] {dag.py:3947} INFO - Setting next_dagrun for spark-airflow-s3-ingestion-dag to None, run_after=None
[2026-04-01T07:50:06.068+0000] {processor.py:183} INFO - Processing /opt/airflow/dags/dag-spark-airflow-s3-ingestion.py took 0.194 seconds
[2026-04-01T07:50:36.381+0000] {processor.py:161} INFO - Started process (PID=891) to work on /opt/airflow/dags/dag-spark-airflow-s3-ingestion.py
[2026-04-01T07:50:36.384+0000] {processor.py:830} INFO - Processing file /opt/airflow/dags/dag-spark-airflow-s3-ingestion.py for tasks to queue
[2026-04-01T07:50:36.388+0000] {logging_mixin.py:188} INFO - [2026-04-01T07:50:36.388+0000] {dagbag.py:545} INFO - Filling up the DagBag from /opt/airflow/dags/dag-spark-airflow-s3-ingestion.py
[2026-04-01T07:50:36.434+0000] {processor.py:840} INFO - DAG(s) 'spark-airflow-s3-ingestion-dag' retrieved from /opt/airflow/dags/dag-spark-airflow-s3-ingestion.py
[2026-04-01T07:50:36.486+0000] {logging_mixin.py:188} INFO - [2026-04-01T07:50:36.485+0000] {dag.py:3089} INFO - Sync 1 DAGs
[2026-04-01T07:50:36.511+0000] {logging_mixin.py:188} INFO - [2026-04-01T07:50:36.510+0000] {dag.py:3947} INFO - Setting next_dagrun for spark-airflow-s3-ingestion-dag to None, run_after=None
[2026-04-01T07:50:36.574+0000] {processor.py:183} INFO - Processing /opt/airflow/dags/dag-spark-airflow-s3-ingestion.py took 0.204 seconds
[2026-04-01T07:51:07.048+0000] {processor.py:161} INFO - Started process (PID=916) to work on /opt/airflow/dags/dag-spark-airflow-s3-ingestion.py
[2026-04-01T07:51:07.050+0000] {processor.py:830} INFO - Processing file /opt/airflow/dags/dag-spark-airflow-s3-ingestion.py for tasks to queue
[2026-04-01T07:51:07.055+0000] {logging_mixin.py:188} INFO - [2026-04-01T07:51:07.054+0000] {dagbag.py:545} INFO - Filling up the DagBag from /opt/airflow/dags/dag-spark-airflow-s3-ingestion.py
[2026-04-01T07:51:07.103+0000] {processor.py:840} INFO - DAG(s) 'spark-airflow-s3-ingestion-dag' retrieved from /opt/airflow/dags/dag-spark-airflow-s3-ingestion.py
[2026-04-01T07:51:07.267+0000] {logging_mixin.py:188} INFO - [2026-04-01T07:51:07.267+0000] {dag.py:3089} INFO - Sync 1 DAGs
[2026-04-01T07:51:07.338+0000] {logging_mixin.py:188} INFO - [2026-04-01T07:51:07.337+0000] {dag.py:3947} INFO - Setting next_dagrun for spark-airflow-s3-ingestion-dag to None, run_after=None
[2026-04-01T07:51:07.391+0000] {processor.py:183} INFO - Processing /opt/airflow/dags/dag-spark-airflow-s3-ingestion.py took 0.357 seconds
[2026-04-01T07:51:37.737+0000] {processor.py:161} INFO - Started process (PID=941) to work on /opt/airflow/dags/dag-spark-airflow-s3-ingestion.py
[2026-04-01T07:51:37.740+0000] {processor.py:830} INFO - Processing file /opt/airflow/dags/dag-spark-airflow-s3-ingestion.py for tasks to queue
[2026-04-01T07:51:37.746+0000] {logging_mixin.py:188} INFO - [2026-04-01T07:51:37.745+0000] {dagbag.py:545} INFO - Filling up the DagBag from /opt/airflow/dags/dag-spark-airflow-s3-ingestion.py
[2026-04-01T07:51:37.803+0000] {processor.py:840} INFO - DAG(s) 'spark-airflow-s3-ingestion-dag' retrieved from /opt/airflow/dags/dag-spark-airflow-s3-ingestion.py
[2026-04-01T07:51:37.866+0000] {logging_mixin.py:188} INFO - [2026-04-01T07:51:37.866+0000] {dag.py:3089} INFO - Sync 1 DAGs
[2026-04-01T07:51:37.905+0000] {logging_mixin.py:188} INFO - [2026-04-01T07:51:37.904+0000] {dag.py:3947} INFO - Setting next_dagrun for spark-airflow-s3-ingestion-dag to None, run_after=None
[2026-04-01T07:51:37.958+0000] {processor.py:183} INFO - Processing /opt/airflow/dags/dag-spark-airflow-s3-ingestion.py took 0.240 seconds
[2026-04-01T07:52:08.397+0000] {processor.py:161} INFO - Started process (PID=966) to work on /opt/airflow/dags/dag-spark-airflow-s3-ingestion.py
[2026-04-01T07:52:08.399+0000] {processor.py:830} INFO - Processing file /opt/airflow/dags/dag-spark-airflow-s3-ingestion.py for tasks to queue
[2026-04-01T07:52:08.404+0000] {logging_mixin.py:188} INFO - [2026-04-01T07:52:08.403+0000] {dagbag.py:545} INFO - Filling up the DagBag from /opt/airflow/dags/dag-spark-airflow-s3-ingestion.py
[2026-04-01T07:52:08.446+0000] {processor.py:840} INFO - DAG(s) 'spark-airflow-s3-ingestion-dag' retrieved from /opt/airflow/dags/dag-spark-airflow-s3-ingestion.py
[2026-04-01T07:52:08.497+0000] {logging_mixin.py:188} INFO - [2026-04-01T07:52:08.496+0000] {dag.py:3089} INFO - Sync 1 DAGs
[2026-04-01T07:52:08.524+0000] {logging_mixin.py:188} INFO - [2026-04-01T07:52:08.524+0000] {dag.py:3947} INFO - Setting next_dagrun for spark-airflow-s3-ingestion-dag to None, run_after=None
[2026-04-01T07:52:08.584+0000] {processor.py:183} INFO - Processing /opt/airflow/dags/dag-spark-airflow-s3-ingestion.py took 0.200 seconds
[2026-04-01T07:52:38.880+0000] {processor.py:161} INFO - Started process (PID=991) to work on /opt/airflow/dags/dag-spark-airflow-s3-ingestion.py
[2026-04-01T07:52:38.882+0000] {processor.py:830} INFO - Processing file /opt/airflow/dags/dag-spark-airflow-s3-ingestion.py for tasks to queue
[2026-04-01T07:52:38.886+0000] {logging_mixin.py:188} INFO - [2026-04-01T07:52:38.886+0000] {dagbag.py:545} INFO - Filling up the DagBag from /opt/airflow/dags/dag-spark-airflow-s3-ingestion.py
[2026-04-01T07:52:38.931+0000] {processor.py:840} INFO - DAG(s) 'spark-airflow-s3-ingestion-dag' retrieved from /opt/airflow/dags/dag-spark-airflow-s3-ingestion.py
[2026-04-01T07:52:38.986+0000] {logging_mixin.py:188} INFO - [2026-04-01T07:52:38.985+0000] {dag.py:3089} INFO - Sync 1 DAGs
[2026-04-01T07:52:39.014+0000] {logging_mixin.py:188} INFO - [2026-04-01T07:52:39.013+0000] {dag.py:3947} INFO - Setting next_dagrun for spark-airflow-s3-ingestion-dag to None, run_after=None
[2026-04-01T07:52:39.064+0000] {processor.py:183} INFO - Processing /opt/airflow/dags/dag-spark-airflow-s3-ingestion.py took 0.199 seconds
[2026-04-01T07:53:09.236+0000] {processor.py:161} INFO - Started process (PID=1016) to work on /opt/airflow/dags/dag-spark-airflow-s3-ingestion.py
[2026-04-01T07:53:09.238+0000] {processor.py:830} INFO - Processing file /opt/airflow/dags/dag-spark-airflow-s3-ingestion.py for tasks to queue
[2026-04-01T07:53:09.242+0000] {logging_mixin.py:188} INFO - [2026-04-01T07:53:09.241+0000] {dagbag.py:545} INFO - Filling up the DagBag from /opt/airflow/dags/dag-spark-airflow-s3-ingestion.py
[2026-04-01T07:53:09.286+0000] {processor.py:840} INFO - DAG(s) 'spark-airflow-s3-ingestion-dag' retrieved from /opt/airflow/dags/dag-spark-airflow-s3-ingestion.py
[2026-04-01T07:53:09.334+0000] {logging_mixin.py:188} INFO - [2026-04-01T07:53:09.333+0000] {dag.py:3089} INFO - Sync 1 DAGs
[2026-04-01T07:53:09.356+0000] {logging_mixin.py:188} INFO - [2026-04-01T07:53:09.356+0000] {dag.py:3947} INFO - Setting next_dagrun for spark-airflow-s3-ingestion-dag to None, run_after=None
[2026-04-01T07:53:09.396+0000] {processor.py:183} INFO - Processing /opt/airflow/dags/dag-spark-airflow-s3-ingestion.py took 0.173 seconds
[2026-04-01T07:53:39.917+0000] {processor.py:161} INFO - Started process (PID=1041) to work on /opt/airflow/dags/dag-spark-airflow-s3-ingestion.py
[2026-04-01T07:53:39.920+0000] {processor.py:830} INFO - Processing file /opt/airflow/dags/dag-spark-airflow-s3-ingestion.py for tasks to queue
[2026-04-01T07:53:39.924+0000] {logging_mixin.py:188} INFO - [2026-04-01T07:53:39.924+0000] {dagbag.py:545} INFO - Filling up the DagBag from /opt/airflow/dags/dag-spark-airflow-s3-ingestion.py
[2026-04-01T07:53:39.987+0000] {processor.py:840} INFO - DAG(s) 'spark-airflow-s3-ingestion-dag' retrieved from /opt/airflow/dags/dag-spark-airflow-s3-ingestion.py
[2026-04-01T07:53:40.038+0000] {logging_mixin.py:188} INFO - [2026-04-01T07:53:40.037+0000] {dag.py:3089} INFO - Sync 1 DAGs
[2026-04-01T07:53:40.069+0000] {logging_mixin.py:188} INFO - [2026-04-01T07:53:40.069+0000] {dag.py:3947} INFO - Setting next_dagrun for spark-airflow-s3-ingestion-dag to None, run_after=None
[2026-04-01T07:53:40.120+0000] {processor.py:183} INFO - Processing /opt/airflow/dags/dag-spark-airflow-s3-ingestion.py took 0.219 seconds
[2026-04-01T07:54:10.445+0000] {processor.py:161} INFO - Started process (PID=1066) to work on /opt/airflow/dags/dag-spark-airflow-s3-ingestion.py
[2026-04-01T07:54:10.447+0000] {processor.py:830} INFO - Processing file /opt/airflow/dags/dag-spark-airflow-s3-ingestion.py for tasks to queue
[2026-04-01T07:54:10.451+0000] {logging_mixin.py:188} INFO - [2026-04-01T07:54:10.450+0000] {dagbag.py:545} INFO - Filling up the DagBag from /opt/airflow/dags/dag-spark-airflow-s3-ingestion.py
[2026-04-01T07:54:10.497+0000] {processor.py:840} INFO - DAG(s) 'spark-airflow-s3-ingestion-dag' retrieved from /opt/airflow/dags/dag-spark-airflow-s3-ingestion.py
[2026-04-01T07:54:10.547+0000] {logging_mixin.py:188} INFO - [2026-04-01T07:54:10.547+0000] {dag.py:3089} INFO - Sync 1 DAGs
[2026-04-01T07:54:10.575+0000] {logging_mixin.py:188} INFO - [2026-04-01T07:54:10.575+0000] {dag.py:3947} INFO - Setting next_dagrun for spark-airflow-s3-ingestion-dag to None, run_after=None
[2026-04-01T07:54:10.627+0000] {processor.py:183} INFO - Processing /opt/airflow/dags/dag-spark-airflow-s3-ingestion.py took 0.193 seconds
[2026-04-01T07:54:40.764+0000] {processor.py:161} INFO - Started process (PID=1091) to work on /opt/airflow/dags/dag-spark-airflow-s3-ingestion.py
[2026-04-01T07:54:40.767+0000] {processor.py:830} INFO - Processing file /opt/airflow/dags/dag-spark-airflow-s3-ingestion.py for tasks to queue
[2026-04-01T07:54:40.771+0000] {logging_mixin.py:188} INFO - [2026-04-01T07:54:40.770+0000] {dagbag.py:545} INFO - Filling up the DagBag from /opt/airflow/dags/dag-spark-airflow-s3-ingestion.py
[2026-04-01T07:54:40.818+0000] {processor.py:840} INFO - DAG(s) 'spark-airflow-s3-ingestion-dag' retrieved from /opt/airflow/dags/dag-spark-airflow-s3-ingestion.py
[2026-04-01T07:54:40.873+0000] {logging_mixin.py:188} INFO - [2026-04-01T07:54:40.872+0000] {dag.py:3089} INFO - Sync 1 DAGs
[2026-04-01T07:54:40.897+0000] {logging_mixin.py:188} INFO - [2026-04-01T07:54:40.897+0000] {dag.py:3947} INFO - Setting next_dagrun for spark-airflow-s3-ingestion-dag to None, run_after=None
[2026-04-01T07:54:40.940+0000] {processor.py:183} INFO - Processing /opt/airflow/dags/dag-spark-airflow-s3-ingestion.py took 0.189 seconds
[2026-04-01T07:55:11.393+0000] {processor.py:161} INFO - Started process (PID=1116) to work on /opt/airflow/dags/dag-spark-airflow-s3-ingestion.py
[2026-04-01T07:55:11.395+0000] {processor.py:830} INFO - Processing file /opt/airflow/dags/dag-spark-airflow-s3-ingestion.py for tasks to queue
[2026-04-01T07:55:11.399+0000] {logging_mixin.py:188} INFO - [2026-04-01T07:55:11.399+0000] {dagbag.py:545} INFO - Filling up the DagBag from /opt/airflow/dags/dag-spark-airflow-s3-ingestion.py
[2026-04-01T07:55:11.445+0000] {processor.py:840} INFO - DAG(s) 'spark-airflow-s3-ingestion-dag' retrieved from /opt/airflow/dags/dag-spark-airflow-s3-ingestion.py
[2026-04-01T07:55:11.495+0000] {logging_mixin.py:188} INFO - [2026-04-01T07:55:11.494+0000] {dag.py:3089} INFO - Sync 1 DAGs
[2026-04-01T07:55:11.525+0000] {logging_mixin.py:188} INFO - [2026-04-01T07:55:11.524+0000] {dag.py:3947} INFO - Setting next_dagrun for spark-airflow-s3-ingestion-dag to None, run_after=None
[2026-04-01T07:55:11.564+0000] {processor.py:183} INFO - Processing /opt/airflow/dags/dag-spark-airflow-s3-ingestion.py took 0.182 seconds
[2026-04-01T07:55:41.915+0000] {processor.py:161} INFO - Started process (PID=1141) to work on /opt/airflow/dags/dag-spark-airflow-s3-ingestion.py
[2026-04-01T07:55:41.918+0000] {processor.py:830} INFO - Processing file /opt/airflow/dags/dag-spark-airflow-s3-ingestion.py for tasks to queue
[2026-04-01T07:55:41.923+0000] {logging_mixin.py:188} INFO - [2026-04-01T07:55:41.922+0000] {dagbag.py:545} INFO - Filling up the DagBag from /opt/airflow/dags/dag-spark-airflow-s3-ingestion.py
[2026-04-01T07:55:41.987+0000] {processor.py:840} INFO - DAG(s) 'spark-airflow-s3-ingestion-dag' retrieved from /opt/airflow/dags/dag-spark-airflow-s3-ingestion.py
[2026-04-01T07:55:42.077+0000] {logging_mixin.py:188} INFO - [2026-04-01T07:55:42.077+0000] {dag.py:3089} INFO - Sync 1 DAGs
[2026-04-01T07:55:42.120+0000] {logging_mixin.py:188} INFO - [2026-04-01T07:55:42.120+0000] {dag.py:3947} INFO - Setting next_dagrun for spark-airflow-s3-ingestion-dag to None, run_after=None
[2026-04-01T07:55:42.170+0000] {processor.py:183} INFO - Processing /opt/airflow/dags/dag-spark-airflow-s3-ingestion.py took 0.269 seconds
[2026-04-01T07:56:12.547+0000] {processor.py:161} INFO - Started process (PID=1166) to work on /opt/airflow/dags/dag-spark-airflow-s3-ingestion.py
[2026-04-01T07:56:12.550+0000] {processor.py:830} INFO - Processing file /opt/airflow/dags/dag-spark-airflow-s3-ingestion.py for tasks to queue
[2026-04-01T07:56:12.556+0000] {logging_mixin.py:188} INFO - [2026-04-01T07:56:12.555+0000] {dagbag.py:545} INFO - Filling up the DagBag from /opt/airflow/dags/dag-spark-airflow-s3-ingestion.py
[2026-04-01T07:56:12.630+0000] {processor.py:840} INFO - DAG(s) 'spark-airflow-s3-ingestion-dag' retrieved from /opt/airflow/dags/dag-spark-airflow-s3-ingestion.py
[2026-04-01T07:56:12.710+0000] {logging_mixin.py:188} INFO - [2026-04-01T07:56:12.709+0000] {dag.py:3089} INFO - Sync 1 DAGs
[2026-04-01T07:56:12.781+0000] {logging_mixin.py:188} INFO - [2026-04-01T07:56:12.780+0000] {dag.py:3947} INFO - Setting next_dagrun for spark-airflow-s3-ingestion-dag to None, run_after=None
[2026-04-01T07:56:12.853+0000] {processor.py:183} INFO - Processing /opt/airflow/dags/dag-spark-airflow-s3-ingestion.py took 0.326 seconds
[2026-04-01T07:56:43.196+0000] {processor.py:161} INFO - Started process (PID=1191) to work on /opt/airflow/dags/dag-spark-airflow-s3-ingestion.py
[2026-04-01T07:56:43.198+0000] {processor.py:830} INFO - Processing file /opt/airflow/dags/dag-spark-airflow-s3-ingestion.py for tasks to queue
[2026-04-01T07:56:43.201+0000] {logging_mixin.py:188} INFO - [2026-04-01T07:56:43.201+0000] {dagbag.py:545} INFO - Filling up the DagBag from /opt/airflow/dags/dag-spark-airflow-s3-ingestion.py
[2026-04-01T07:56:43.248+0000] {processor.py:840} INFO - DAG(s) 'spark-airflow-s3-ingestion-dag' retrieved from /opt/airflow/dags/dag-spark-airflow-s3-ingestion.py
[2026-04-01T07:56:43.302+0000] {logging_mixin.py:188} INFO - [2026-04-01T07:56:43.302+0000] {dag.py:3089} INFO - Sync 1 DAGs
[2026-04-01T07:56:43.329+0000] {logging_mixin.py:188} INFO - [2026-04-01T07:56:43.329+0000] {dag.py:3947} INFO - Setting next_dagrun for spark-airflow-s3-ingestion-dag to None, run_after=None
[2026-04-01T07:56:43.371+0000] {processor.py:183} INFO - Processing /opt/airflow/dags/dag-spark-airflow-s3-ingestion.py took 0.189 seconds
[2026-04-01T07:57:13.636+0000] {processor.py:161} INFO - Started process (PID=1216) to work on /opt/airflow/dags/dag-spark-airflow-s3-ingestion.py
[2026-04-01T07:57:13.640+0000] {processor.py:830} INFO - Processing file /opt/airflow/dags/dag-spark-airflow-s3-ingestion.py for tasks to queue
[2026-04-01T07:57:13.644+0000] {logging_mixin.py:188} INFO - [2026-04-01T07:57:13.643+0000] {dagbag.py:545} INFO - Filling up the DagBag from /opt/airflow/dags/dag-spark-airflow-s3-ingestion.py
[2026-04-01T07:57:13.689+0000] {processor.py:840} INFO - DAG(s) 'spark-airflow-s3-ingestion-dag' retrieved from /opt/airflow/dags/dag-spark-airflow-s3-ingestion.py
[2026-04-01T07:57:13.763+0000] {logging_mixin.py:188} INFO - [2026-04-01T07:57:13.763+0000] {dag.py:3089} INFO - Sync 1 DAGs
[2026-04-01T07:57:13.793+0000] {logging_mixin.py:188} INFO - [2026-04-01T07:57:13.793+0000] {dag.py:3947} INFO - Setting next_dagrun for spark-airflow-s3-ingestion-dag to None, run_after=None
[2026-04-01T07:57:13.841+0000] {processor.py:183} INFO - Processing /opt/airflow/dags/dag-spark-airflow-s3-ingestion.py took 0.217 seconds
[2026-04-01T07:57:44.131+0000] {processor.py:161} INFO - Started process (PID=1241) to work on /opt/airflow/dags/dag-spark-airflow-s3-ingestion.py
[2026-04-01T07:57:44.134+0000] {processor.py:830} INFO - Processing file /opt/airflow/dags/dag-spark-airflow-s3-ingestion.py for tasks to queue
[2026-04-01T07:57:44.139+0000] {logging_mixin.py:188} INFO - [2026-04-01T07:57:44.138+0000] {dagbag.py:545} INFO - Filling up the DagBag from /opt/airflow/dags/dag-spark-airflow-s3-ingestion.py
[2026-04-01T07:57:44.184+0000] {processor.py:840} INFO - DAG(s) 'spark-airflow-s3-ingestion-dag' retrieved from /opt/airflow/dags/dag-spark-airflow-s3-ingestion.py
[2026-04-01T07:57:44.231+0000] {logging_mixin.py:188} INFO - [2026-04-01T07:57:44.230+0000] {dag.py:3089} INFO - Sync 1 DAGs
[2026-04-01T07:57:44.261+0000] {logging_mixin.py:188} INFO - [2026-04-01T07:57:44.260+0000] {dag.py:3947} INFO - Setting next_dagrun for spark-airflow-s3-ingestion-dag to None, run_after=None
[2026-04-01T07:57:44.303+0000] {processor.py:183} INFO - Processing /opt/airflow/dags/dag-spark-airflow-s3-ingestion.py took 0.184 seconds
[2026-04-01T07:58:14.592+0000] {processor.py:161} INFO - Started process (PID=1266) to work on /opt/airflow/dags/dag-spark-airflow-s3-ingestion.py
[2026-04-01T07:58:14.594+0000] {processor.py:830} INFO - Processing file /opt/airflow/dags/dag-spark-airflow-s3-ingestion.py for tasks to queue
[2026-04-01T07:58:14.599+0000] {logging_mixin.py:188} INFO - [2026-04-01T07:58:14.598+0000] {dagbag.py:545} INFO - Filling up the DagBag from /opt/airflow/dags/dag-spark-airflow-s3-ingestion.py
[2026-04-01T07:58:14.646+0000] {processor.py:840} INFO - DAG(s) 'spark-airflow-s3-ingestion-dag' retrieved from /opt/airflow/dags/dag-spark-airflow-s3-ingestion.py
[2026-04-01T07:58:14.694+0000] {logging_mixin.py:188} INFO - [2026-04-01T07:58:14.694+0000] {dag.py:3089} INFO - Sync 1 DAGs
[2026-04-01T07:58:14.723+0000] {logging_mixin.py:188} INFO - [2026-04-01T07:58:14.722+0000] {dag.py:3947} INFO - Setting next_dagrun for spark-airflow-s3-ingestion-dag to None, run_after=None
[2026-04-01T07:58:14.767+0000] {processor.py:183} INFO - Processing /opt/airflow/dags/dag-spark-airflow-s3-ingestion.py took 0.187 seconds
[2026-04-01T07:58:45.040+0000] {processor.py:161} INFO - Started process (PID=1291) to work on /opt/airflow/dags/dag-spark-airflow-s3-ingestion.py
[2026-04-01T07:58:45.042+0000] {processor.py:830} INFO - Processing file /opt/airflow/dags/dag-spark-airflow-s3-ingestion.py for tasks to queue
[2026-04-01T07:58:45.046+0000] {logging_mixin.py:188} INFO - [2026-04-01T07:58:45.046+0000] {dagbag.py:545} INFO - Filling up the DagBag from /opt/airflow/dags/dag-spark-airflow-s3-ingestion.py
[2026-04-01T07:58:45.091+0000] {processor.py:840} INFO - DAG(s) 'spark-airflow-s3-ingestion-dag' retrieved from /opt/airflow/dags/dag-spark-airflow-s3-ingestion.py
[2026-04-01T07:58:45.138+0000] {logging_mixin.py:188} INFO - [2026-04-01T07:58:45.138+0000] {dag.py:3089} INFO - Sync 1 DAGs
[2026-04-01T07:58:45.163+0000] {logging_mixin.py:188} INFO - [2026-04-01T07:58:45.163+0000] {dag.py:3947} INFO - Setting next_dagrun for spark-airflow-s3-ingestion-dag to None, run_after=None
[2026-04-01T07:58:45.212+0000] {processor.py:183} INFO - Processing /opt/airflow/dags/dag-spark-airflow-s3-ingestion.py took 0.185 seconds
[2026-04-01T07:59:15.649+0000] {processor.py:161} INFO - Started process (PID=1316) to work on /opt/airflow/dags/dag-spark-airflow-s3-ingestion.py
[2026-04-01T07:59:15.652+0000] {processor.py:830} INFO - Processing file /opt/airflow/dags/dag-spark-airflow-s3-ingestion.py for tasks to queue
[2026-04-01T07:59:15.659+0000] {logging_mixin.py:188} INFO - [2026-04-01T07:59:15.658+0000] {dagbag.py:545} INFO - Filling up the DagBag from /opt/airflow/dags/dag-spark-airflow-s3-ingestion.py
[2026-04-01T07:59:15.730+0000] {processor.py:840} INFO - DAG(s) 'spark-airflow-s3-ingestion-dag' retrieved from /opt/airflow/dags/dag-spark-airflow-s3-ingestion.py
[2026-04-01T07:59:15.821+0000] {logging_mixin.py:188} INFO - [2026-04-01T07:59:15.820+0000] {dag.py:3089} INFO - Sync 1 DAGs
[2026-04-01T07:59:15.863+0000] {logging_mixin.py:188} INFO - [2026-04-01T07:59:15.863+0000] {dag.py:3947} INFO - Setting next_dagrun for spark-airflow-s3-ingestion-dag to None, run_after=None
[2026-04-01T07:59:15.914+0000] {processor.py:183} INFO - Processing /opt/airflow/dags/dag-spark-airflow-s3-ingestion.py took 0.288 seconds
[2026-04-01T07:59:46.294+0000] {processor.py:161} INFO - Started process (PID=1341) to work on /opt/airflow/dags/dag-spark-airflow-s3-ingestion.py
[2026-04-01T07:59:46.296+0000] {processor.py:830} INFO - Processing file /opt/airflow/dags/dag-spark-airflow-s3-ingestion.py for tasks to queue
[2026-04-01T07:59:46.301+0000] {logging_mixin.py:188} INFO - [2026-04-01T07:59:46.300+0000] {dagbag.py:545} INFO - Filling up the DagBag from /opt/airflow/dags/dag-spark-airflow-s3-ingestion.py
[2026-04-01T07:59:46.378+0000] {processor.py:840} INFO - DAG(s) 'spark-airflow-s3-ingestion-dag' retrieved from /opt/airflow/dags/dag-spark-airflow-s3-ingestion.py
[2026-04-01T07:59:46.427+0000] {logging_mixin.py:188} INFO - [2026-04-01T07:59:46.426+0000] {dag.py:3089} INFO - Sync 1 DAGs
[2026-04-01T07:59:46.455+0000] {logging_mixin.py:188} INFO - [2026-04-01T07:59:46.454+0000] {dag.py:3947} INFO - Setting next_dagrun for spark-airflow-s3-ingestion-dag to None, run_after=None
[2026-04-01T07:59:46.496+0000] {processor.py:183} INFO - Processing /opt/airflow/dags/dag-spark-airflow-s3-ingestion.py took 0.216 seconds
[2026-04-01T08:00:16.669+0000] {processor.py:161} INFO - Started process (PID=1366) to work on /opt/airflow/dags/dag-spark-airflow-s3-ingestion.py
[2026-04-01T08:00:16.671+0000] {processor.py:830} INFO - Processing file /opt/airflow/dags/dag-spark-airflow-s3-ingestion.py for tasks to queue
[2026-04-01T08:00:16.675+0000] {logging_mixin.py:188} INFO - [2026-04-01T08:00:16.675+0000] {dagbag.py:545} INFO - Filling up the DagBag from /opt/airflow/dags/dag-spark-airflow-s3-ingestion.py
[2026-04-01T08:00:16.731+0000] {processor.py:840} INFO - DAG(s) 'spark-airflow-s3-ingestion-dag' retrieved from /opt/airflow/dags/dag-spark-airflow-s3-ingestion.py
[2026-04-01T08:00:16.813+0000] {logging_mixin.py:188} INFO - [2026-04-01T08:00:16.812+0000] {dag.py:3089} INFO - Sync 1 DAGs
[2026-04-01T08:00:16.860+0000] {logging_mixin.py:188} INFO - [2026-04-01T08:00:16.859+0000] {dag.py:3947} INFO - Setting next_dagrun for spark-airflow-s3-ingestion-dag to None, run_after=None
[2026-04-01T08:00:16.926+0000] {processor.py:183} INFO - Processing /opt/airflow/dags/dag-spark-airflow-s3-ingestion.py took 0.272 seconds
[2026-04-01T08:00:47.175+0000] {processor.py:161} INFO - Started process (PID=1391) to work on /opt/airflow/dags/dag-spark-airflow-s3-ingestion.py
[2026-04-01T08:00:47.178+0000] {processor.py:830} INFO - Processing file /opt/airflow/dags/dag-spark-airflow-s3-ingestion.py for tasks to queue
[2026-04-01T08:00:47.184+0000] {logging_mixin.py:188} INFO - [2026-04-01T08:00:47.183+0000] {dagbag.py:545} INFO - Filling up the DagBag from /opt/airflow/dags/dag-spark-airflow-s3-ingestion.py
[2026-04-01T08:00:47.245+0000] {processor.py:840} INFO - DAG(s) 'spark-airflow-s3-ingestion-dag' retrieved from /opt/airflow/dags/dag-spark-airflow-s3-ingestion.py
[2026-04-01T08:00:47.338+0000] {logging_mixin.py:188} INFO - [2026-04-01T08:00:47.337+0000] {dag.py:3089} INFO - Sync 1 DAGs
[2026-04-01T08:00:47.379+0000] {logging_mixin.py:188} INFO - [2026-04-01T08:00:47.379+0000] {dag.py:3947} INFO - Setting next_dagrun for spark-airflow-s3-ingestion-dag to None, run_after=None
[2026-04-01T08:00:47.437+0000] {processor.py:183} INFO - Processing /opt/airflow/dags/dag-spark-airflow-s3-ingestion.py took 0.278 seconds
[2026-04-01T08:01:17.778+0000] {processor.py:161} INFO - Started process (PID=1416) to work on /opt/airflow/dags/dag-spark-airflow-s3-ingestion.py
[2026-04-01T08:01:17.781+0000] {processor.py:830} INFO - Processing file /opt/airflow/dags/dag-spark-airflow-s3-ingestion.py for tasks to queue
[2026-04-01T08:01:17.787+0000] {logging_mixin.py:188} INFO - [2026-04-01T08:01:17.786+0000] {dagbag.py:545} INFO - Filling up the DagBag from /opt/airflow/dags/dag-spark-airflow-s3-ingestion.py
[2026-04-01T08:01:17.846+0000] {processor.py:840} INFO - DAG(s) 'spark-airflow-s3-ingestion-dag' retrieved from /opt/airflow/dags/dag-spark-airflow-s3-ingestion.py
[2026-04-01T08:01:17.922+0000] {logging_mixin.py:188} INFO - [2026-04-01T08:01:17.921+0000] {dag.py:3089} INFO - Sync 1 DAGs
[2026-04-01T08:01:17.963+0000] {logging_mixin.py:188} INFO - [2026-04-01T08:01:17.962+0000] {dag.py:3947} INFO - Setting next_dagrun for spark-airflow-s3-ingestion-dag to None, run_after=None
[2026-04-01T08:01:18.021+0000] {processor.py:183} INFO - Processing /opt/airflow/dags/dag-spark-airflow-s3-ingestion.py took 0.258 seconds
[2026-04-01T08:01:48.342+0000] {processor.py:161} INFO - Started process (PID=1441) to work on /opt/airflow/dags/dag-spark-airflow-s3-ingestion.py
[2026-04-01T08:01:48.344+0000] {processor.py:830} INFO - Processing file /opt/airflow/dags/dag-spark-airflow-s3-ingestion.py for tasks to queue
[2026-04-01T08:01:48.348+0000] {logging_mixin.py:188} INFO - [2026-04-01T08:01:48.348+0000] {dagbag.py:545} INFO - Filling up the DagBag from /opt/airflow/dags/dag-spark-airflow-s3-ingestion.py
[2026-04-01T08:01:48.398+0000] {processor.py:840} INFO - DAG(s) 'spark-airflow-s3-ingestion-dag' retrieved from /opt/airflow/dags/dag-spark-airflow-s3-ingestion.py
[2026-04-01T08:01:48.462+0000] {logging_mixin.py:188} INFO - [2026-04-01T08:01:48.462+0000] {dag.py:3089} INFO - Sync 1 DAGs
[2026-04-01T08:01:48.498+0000] {logging_mixin.py:188} INFO - [2026-04-01T08:01:48.498+0000] {dag.py:3947} INFO - Setting next_dagrun for spark-airflow-s3-ingestion-dag to None, run_after=None
[2026-04-01T08:01:48.544+0000] {processor.py:183} INFO - Processing /opt/airflow/dags/dag-spark-airflow-s3-ingestion.py took 0.215 seconds
[2026-04-01T08:02:18.995+0000] {processor.py:161} INFO - Started process (PID=1466) to work on /opt/airflow/dags/dag-spark-airflow-s3-ingestion.py
[2026-04-01T08:02:19.000+0000] {processor.py:830} INFO - Processing file /opt/airflow/dags/dag-spark-airflow-s3-ingestion.py for tasks to queue
[2026-04-01T08:02:19.010+0000] {logging_mixin.py:188} INFO - [2026-04-01T08:02:19.009+0000] {dagbag.py:545} INFO - Filling up the DagBag from /opt/airflow/dags/dag-spark-airflow-s3-ingestion.py
[2026-04-01T08:02:19.095+0000] {processor.py:840} INFO - DAG(s) 'spark-airflow-s3-ingestion-dag' retrieved from /opt/airflow/dags/dag-spark-airflow-s3-ingestion.py
[2026-04-01T08:02:19.157+0000] {logging_mixin.py:188} INFO - [2026-04-01T08:02:19.156+0000] {dag.py:3089} INFO - Sync 1 DAGs
[2026-04-01T08:02:19.193+0000] {logging_mixin.py:188} INFO - [2026-04-01T08:02:19.192+0000] {dag.py:3947} INFO - Setting next_dagrun for spark-airflow-s3-ingestion-dag to None, run_after=None
[2026-04-01T08:02:19.244+0000] {processor.py:183} INFO - Processing /opt/airflow/dags/dag-spark-airflow-s3-ingestion.py took 0.282 seconds
[2026-04-01T08:02:49.420+0000] {processor.py:161} INFO - Started process (PID=1491) to work on /opt/airflow/dags/dag-spark-airflow-s3-ingestion.py
[2026-04-01T08:02:49.422+0000] {processor.py:830} INFO - Processing file /opt/airflow/dags/dag-spark-airflow-s3-ingestion.py for tasks to queue
[2026-04-01T08:02:49.426+0000] {logging_mixin.py:188} INFO - [2026-04-01T08:02:49.425+0000] {dagbag.py:545} INFO - Filling up the DagBag from /opt/airflow/dags/dag-spark-airflow-s3-ingestion.py
[2026-04-01T08:02:49.471+0000] {processor.py:840} INFO - DAG(s) 'spark-airflow-s3-ingestion-dag' retrieved from /opt/airflow/dags/dag-spark-airflow-s3-ingestion.py
[2026-04-01T08:02:49.527+0000] {logging_mixin.py:188} INFO - [2026-04-01T08:02:49.526+0000] {dag.py:3089} INFO - Sync 1 DAGs
[2026-04-01T08:02:49.553+0000] {logging_mixin.py:188} INFO - [2026-04-01T08:02:49.553+0000] {dag.py:3947} INFO - Setting next_dagrun for spark-airflow-s3-ingestion-dag to None, run_after=None
[2026-04-01T08:02:49.594+0000] {processor.py:183} INFO - Processing /opt/airflow/dags/dag-spark-airflow-s3-ingestion.py took 0.189 seconds
[2026-04-01T08:03:19.764+0000] {processor.py:161} INFO - Started process (PID=1516) to work on /opt/airflow/dags/dag-spark-airflow-s3-ingestion.py
[2026-04-01T08:03:19.766+0000] {processor.py:830} INFO - Processing file /opt/airflow/dags/dag-spark-airflow-s3-ingestion.py for tasks to queue
[2026-04-01T08:03:19.770+0000] {logging_mixin.py:188} INFO - [2026-04-01T08:03:19.770+0000] {dagbag.py:545} INFO - Filling up the DagBag from /opt/airflow/dags/dag-spark-airflow-s3-ingestion.py
[2026-04-01T08:03:19.820+0000] {processor.py:840} INFO - DAG(s) 'spark-airflow-s3-ingestion-dag' retrieved from /opt/airflow/dags/dag-spark-airflow-s3-ingestion.py
[2026-04-01T08:03:19.881+0000] {logging_mixin.py:188} INFO - [2026-04-01T08:03:19.880+0000] {dag.py:3089} INFO - Sync 1 DAGs
[2026-04-01T08:03:19.921+0000] {logging_mixin.py:188} INFO - [2026-04-01T08:03:19.920+0000] {dag.py:3947} INFO - Setting next_dagrun for spark-airflow-s3-ingestion-dag to None, run_after=None
[2026-04-01T08:03:19.970+0000] {processor.py:183} INFO - Processing /opt/airflow/dags/dag-spark-airflow-s3-ingestion.py took 0.220 seconds
[2026-04-01T08:03:50.414+0000] {processor.py:161} INFO - Started process (PID=1543) to work on /opt/airflow/dags/dag-spark-airflow-s3-ingestion.py
[2026-04-01T08:03:50.416+0000] {processor.py:830} INFO - Processing file /opt/airflow/dags/dag-spark-airflow-s3-ingestion.py for tasks to queue
[2026-04-01T08:03:50.420+0000] {logging_mixin.py:188} INFO - [2026-04-01T08:03:50.420+0000] {dagbag.py:545} INFO - Filling up the DagBag from /opt/airflow/dags/dag-spark-airflow-s3-ingestion.py
[2026-04-01T08:03:50.467+0000] {processor.py:840} INFO - DAG(s) 'spark-airflow-s3-ingestion-dag' retrieved from /opt/airflow/dags/dag-spark-airflow-s3-ingestion.py
[2026-04-01T08:03:50.515+0000] {logging_mixin.py:188} INFO - [2026-04-01T08:03:50.515+0000] {dag.py:3089} INFO - Sync 1 DAGs
[2026-04-01T08:03:50.537+0000] {logging_mixin.py:188} INFO - [2026-04-01T08:03:50.537+0000] {dag.py:3947} INFO - Setting next_dagrun for spark-airflow-s3-ingestion-dag to None, run_after=None
[2026-04-01T08:03:50.605+0000] {processor.py:183} INFO - Processing /opt/airflow/dags/dag-spark-airflow-s3-ingestion.py took 0.206 seconds
[2026-04-01T08:04:20.886+0000] {processor.py:161} INFO - Started process (PID=1568) to work on /opt/airflow/dags/dag-spark-airflow-s3-ingestion.py
[2026-04-01T08:04:20.888+0000] {processor.py:830} INFO - Processing file /opt/airflow/dags/dag-spark-airflow-s3-ingestion.py for tasks to queue
[2026-04-01T08:04:20.892+0000] {logging_mixin.py:188} INFO - [2026-04-01T08:04:20.891+0000] {dagbag.py:545} INFO - Filling up the DagBag from /opt/airflow/dags/dag-spark-airflow-s3-ingestion.py
[2026-04-01T08:04:20.943+0000] {processor.py:840} INFO - DAG(s) 'spark-airflow-s3-ingestion-dag' retrieved from /opt/airflow/dags/dag-spark-airflow-s3-ingestion.py
[2026-04-01T08:04:20.991+0000] {logging_mixin.py:188} INFO - [2026-04-01T08:04:20.991+0000] {dag.py:3089} INFO - Sync 1 DAGs
[2026-04-01T08:04:21.021+0000] {logging_mixin.py:188} INFO - [2026-04-01T08:04:21.020+0000] {dag.py:3947} INFO - Setting next_dagrun for spark-airflow-s3-ingestion-dag to None, run_after=None
[2026-04-01T08:04:21.061+0000] {processor.py:183} INFO - Processing /opt/airflow/dags/dag-spark-airflow-s3-ingestion.py took 0.188 seconds
[2026-04-01T08:04:51.491+0000] {processor.py:161} INFO - Started process (PID=1593) to work on /opt/airflow/dags/dag-spark-airflow-s3-ingestion.py
[2026-04-01T08:04:51.493+0000] {processor.py:830} INFO - Processing file /opt/airflow/dags/dag-spark-airflow-s3-ingestion.py for tasks to queue
[2026-04-01T08:04:51.497+0000] {logging_mixin.py:188} INFO - [2026-04-01T08:04:51.496+0000] {dagbag.py:545} INFO - Filling up the DagBag from /opt/airflow/dags/dag-spark-airflow-s3-ingestion.py
[2026-04-01T08:04:51.542+0000] {processor.py:840} INFO - DAG(s) 'spark-airflow-s3-ingestion-dag' retrieved from /opt/airflow/dags/dag-spark-airflow-s3-ingestion.py
[2026-04-01T08:04:51.595+0000] {logging_mixin.py:188} INFO - [2026-04-01T08:04:51.595+0000] {dag.py:3089} INFO - Sync 1 DAGs
[2026-04-01T08:04:51.618+0000] {logging_mixin.py:188} INFO - [2026-04-01T08:04:51.618+0000] {dag.py:3947} INFO - Setting next_dagrun for spark-airflow-s3-ingestion-dag to None, run_after=None
[2026-04-01T08:04:51.685+0000] {processor.py:183} INFO - Processing /opt/airflow/dags/dag-spark-airflow-s3-ingestion.py took 0.205 seconds
[2026-04-01T08:05:21.974+0000] {processor.py:161} INFO - Started process (PID=1618) to work on /opt/airflow/dags/dag-spark-airflow-s3-ingestion.py
[2026-04-01T08:05:21.977+0000] {processor.py:830} INFO - Processing file /opt/airflow/dags/dag-spark-airflow-s3-ingestion.py for tasks to queue
[2026-04-01T08:05:21.983+0000] {logging_mixin.py:188} INFO - [2026-04-01T08:05:21.982+0000] {dagbag.py:545} INFO - Filling up the DagBag from /opt/airflow/dags/dag-spark-airflow-s3-ingestion.py
[2026-04-01T08:05:22.038+0000] {processor.py:840} INFO - DAG(s) 'spark-airflow-s3-ingestion-dag' retrieved from /opt/airflow/dags/dag-spark-airflow-s3-ingestion.py
[2026-04-01T08:05:22.098+0000] {logging_mixin.py:188} INFO - [2026-04-01T08:05:22.097+0000] {dag.py:3089} INFO - Sync 1 DAGs
[2026-04-01T08:05:22.124+0000] {logging_mixin.py:188} INFO - [2026-04-01T08:05:22.124+0000] {dag.py:3947} INFO - Setting next_dagrun for spark-airflow-s3-ingestion-dag to None, run_after=None
[2026-04-01T08:05:22.170+0000] {processor.py:183} INFO - Processing /opt/airflow/dags/dag-spark-airflow-s3-ingestion.py took 0.213 seconds
[2026-04-01T08:05:52.558+0000] {processor.py:161} INFO - Started process (PID=1641) to work on /opt/airflow/dags/dag-spark-airflow-s3-ingestion.py
[2026-04-01T08:05:52.561+0000] {processor.py:830} INFO - Processing file /opt/airflow/dags/dag-spark-airflow-s3-ingestion.py for tasks to queue
[2026-04-01T08:05:52.566+0000] {logging_mixin.py:188} INFO - [2026-04-01T08:05:52.566+0000] {dagbag.py:545} INFO - Filling up the DagBag from /opt/airflow/dags/dag-spark-airflow-s3-ingestion.py
[2026-04-01T08:05:52.625+0000] {processor.py:840} INFO - DAG(s) 'spark-airflow-s3-ingestion-dag' retrieved from /opt/airflow/dags/dag-spark-airflow-s3-ingestion.py
[2026-04-01T08:05:52.683+0000] {logging_mixin.py:188} INFO - [2026-04-01T08:05:52.682+0000] {dag.py:3089} INFO - Sync 1 DAGs
[2026-04-01T08:05:52.711+0000] {logging_mixin.py:188} INFO - [2026-04-01T08:05:52.710+0000] {dag.py:3947} INFO - Setting next_dagrun for spark-airflow-s3-ingestion-dag to None, run_after=None
[2026-04-01T08:05:52.777+0000] {processor.py:183} INFO - Processing /opt/airflow/dags/dag-spark-airflow-s3-ingestion.py took 0.235 seconds
[2026-04-01T08:06:23.170+0000] {processor.py:161} INFO - Started process (PID=1666) to work on /opt/airflow/dags/dag-spark-airflow-s3-ingestion.py
[2026-04-01T08:06:23.172+0000] {processor.py:830} INFO - Processing file /opt/airflow/dags/dag-spark-airflow-s3-ingestion.py for tasks to queue
[2026-04-01T08:06:23.176+0000] {logging_mixin.py:188} INFO - [2026-04-01T08:06:23.175+0000] {dagbag.py:545} INFO - Filling up the DagBag from /opt/airflow/dags/dag-spark-airflow-s3-ingestion.py
[2026-04-01T08:06:23.228+0000] {processor.py:840} INFO - DAG(s) 'spark-airflow-s3-ingestion-dag' retrieved from /opt/airflow/dags/dag-spark-airflow-s3-ingestion.py
[2026-04-01T08:06:23.285+0000] {logging_mixin.py:188} INFO - [2026-04-01T08:06:23.284+0000] {dag.py:3089} INFO - Sync 1 DAGs
[2026-04-01T08:06:23.316+0000] {logging_mixin.py:188} INFO - [2026-04-01T08:06:23.316+0000] {dag.py:3947} INFO - Setting next_dagrun for spark-airflow-s3-ingestion-dag to None, run_after=None
[2026-04-01T08:06:23.362+0000] {processor.py:183} INFO - Processing /opt/airflow/dags/dag-spark-airflow-s3-ingestion.py took 0.205 seconds
[2026-04-01T08:06:53.827+0000] {processor.py:161} INFO - Started process (PID=1691) to work on /opt/airflow/dags/dag-spark-airflow-s3-ingestion.py
[2026-04-01T08:06:53.830+0000] {processor.py:830} INFO - Processing file /opt/airflow/dags/dag-spark-airflow-s3-ingestion.py for tasks to queue
[2026-04-01T08:06:53.835+0000] {logging_mixin.py:188} INFO - [2026-04-01T08:06:53.834+0000] {dagbag.py:545} INFO - Filling up the DagBag from /opt/airflow/dags/dag-spark-airflow-s3-ingestion.py
[2026-04-01T08:06:53.886+0000] {processor.py:840} INFO - DAG(s) 'spark-airflow-s3-ingestion-dag' retrieved from /opt/airflow/dags/dag-spark-airflow-s3-ingestion.py
[2026-04-01T08:06:53.943+0000] {logging_mixin.py:188} INFO - [2026-04-01T08:06:53.942+0000] {dag.py:3089} INFO - Sync 1 DAGs
[2026-04-01T08:06:53.977+0000] {logging_mixin.py:188} INFO - [2026-04-01T08:06:53.976+0000] {dag.py:3947} INFO - Setting next_dagrun for spark-airflow-s3-ingestion-dag to None, run_after=None
[2026-04-01T08:06:54.020+0000] {processor.py:183} INFO - Processing /opt/airflow/dags/dag-spark-airflow-s3-ingestion.py took 0.212 seconds
[2026-04-01T08:07:24.941+0000] {processor.py:161} INFO - Started process (PID=1716) to work on /opt/airflow/dags/dag-spark-airflow-s3-ingestion.py
[2026-04-01T08:07:24.943+0000] {processor.py:830} INFO - Processing file /opt/airflow/dags/dag-spark-airflow-s3-ingestion.py for tasks to queue
[2026-04-01T08:07:24.947+0000] {logging_mixin.py:188} INFO - [2026-04-01T08:07:24.947+0000] {dagbag.py:545} INFO - Filling up the DagBag from /opt/airflow/dags/dag-spark-airflow-s3-ingestion.py
[2026-04-01T08:07:24.996+0000] {processor.py:840} INFO - DAG(s) 'spark-airflow-s3-ingestion-dag' retrieved from /opt/airflow/dags/dag-spark-airflow-s3-ingestion.py
[2026-04-01T08:07:25.061+0000] {logging_mixin.py:188} INFO - [2026-04-01T08:07:25.061+0000] {dag.py:3089} INFO - Sync 1 DAGs
[2026-04-01T08:07:25.098+0000] {logging_mixin.py:188} INFO - [2026-04-01T08:07:25.098+0000] {dag.py:3947} INFO - Setting next_dagrun for spark-airflow-s3-ingestion-dag to None, run_after=None
[2026-04-01T08:07:25.145+0000] {processor.py:183} INFO - Processing /opt/airflow/dags/dag-spark-airflow-s3-ingestion.py took 0.226 seconds
[2026-04-01T08:07:55.472+0000] {processor.py:161} INFO - Started process (PID=1741) to work on /opt/airflow/dags/dag-spark-airflow-s3-ingestion.py
[2026-04-01T08:07:55.474+0000] {processor.py:830} INFO - Processing file /opt/airflow/dags/dag-spark-airflow-s3-ingestion.py for tasks to queue
[2026-04-01T08:07:55.478+0000] {logging_mixin.py:188} INFO - [2026-04-01T08:07:55.477+0000] {dagbag.py:545} INFO - Filling up the DagBag from /opt/airflow/dags/dag-spark-airflow-s3-ingestion.py
[2026-04-01T08:07:55.527+0000] {processor.py:840} INFO - DAG(s) 'spark-airflow-s3-ingestion-dag' retrieved from /opt/airflow/dags/dag-spark-airflow-s3-ingestion.py
[2026-04-01T08:07:55.580+0000] {logging_mixin.py:188} INFO - [2026-04-01T08:07:55.580+0000] {dag.py:3089} INFO - Sync 1 DAGs
[2026-04-01T08:07:55.608+0000] {logging_mixin.py:188} INFO - [2026-04-01T08:07:55.607+0000] {dag.py:3947} INFO - Setting next_dagrun for spark-airflow-s3-ingestion-dag to None, run_after=None
[2026-04-01T08:07:55.675+0000] {processor.py:183} INFO - Processing /opt/airflow/dags/dag-spark-airflow-s3-ingestion.py took 0.217 seconds
[2026-04-01T08:08:26.035+0000] {processor.py:161} INFO - Started process (PID=1766) to work on /opt/airflow/dags/dag-spark-airflow-s3-ingestion.py
[2026-04-01T08:08:26.037+0000] {processor.py:830} INFO - Processing file /opt/airflow/dags/dag-spark-airflow-s3-ingestion.py for tasks to queue
[2026-04-01T08:08:26.041+0000] {logging_mixin.py:188} INFO - [2026-04-01T08:08:26.040+0000] {dagbag.py:545} INFO - Filling up the DagBag from /opt/airflow/dags/dag-spark-airflow-s3-ingestion.py
[2026-04-01T08:08:26.091+0000] {processor.py:840} INFO - DAG(s) 'spark-airflow-s3-ingestion-dag' retrieved from /opt/airflow/dags/dag-spark-airflow-s3-ingestion.py
[2026-04-01T08:08:26.146+0000] {logging_mixin.py:188} INFO - [2026-04-01T08:08:26.145+0000] {dag.py:3089} INFO - Sync 1 DAGs
[2026-04-01T08:08:26.174+0000] {logging_mixin.py:188} INFO - [2026-04-01T08:08:26.173+0000] {dag.py:3947} INFO - Setting next_dagrun for spark-airflow-s3-ingestion-dag to None, run_after=None
[2026-04-01T08:08:26.219+0000] {processor.py:183} INFO - Processing /opt/airflow/dags/dag-spark-airflow-s3-ingestion.py took 0.201 seconds
[2026-04-01T08:08:56.536+0000] {processor.py:161} INFO - Started process (PID=1791) to work on /opt/airflow/dags/dag-spark-airflow-s3-ingestion.py
[2026-04-01T08:08:56.538+0000] {processor.py:830} INFO - Processing file /opt/airflow/dags/dag-spark-airflow-s3-ingestion.py for tasks to queue
[2026-04-01T08:08:56.543+0000] {logging_mixin.py:188} INFO - [2026-04-01T08:08:56.542+0000] {dagbag.py:545} INFO - Filling up the DagBag from /opt/airflow/dags/dag-spark-airflow-s3-ingestion.py
[2026-04-01T08:08:56.593+0000] {processor.py:840} INFO - DAG(s) 'spark-airflow-s3-ingestion-dag' retrieved from /opt/airflow/dags/dag-spark-airflow-s3-ingestion.py
[2026-04-01T08:08:56.651+0000] {logging_mixin.py:188} INFO - [2026-04-01T08:08:56.650+0000] {dag.py:3089} INFO - Sync 1 DAGs
[2026-04-01T08:08:56.680+0000] {logging_mixin.py:188} INFO - [2026-04-01T08:08:56.680+0000] {dag.py:3947} INFO - Setting next_dagrun for spark-airflow-s3-ingestion-dag to None, run_after=None
[2026-04-01T08:08:56.724+0000] {processor.py:183} INFO - Processing /opt/airflow/dags/dag-spark-airflow-s3-ingestion.py took 0.201 seconds
[2026-04-01T08:09:27.031+0000] {processor.py:161} INFO - Started process (PID=1816) to work on /opt/airflow/dags/dag-spark-airflow-s3-ingestion.py
[2026-04-01T08:09:27.034+0000] {processor.py:830} INFO - Processing file /opt/airflow/dags/dag-spark-airflow-s3-ingestion.py for tasks to queue
[2026-04-01T08:09:27.040+0000] {logging_mixin.py:188} INFO - [2026-04-01T08:09:27.039+0000] {dagbag.py:545} INFO - Filling up the DagBag from /opt/airflow/dags/dag-spark-airflow-s3-ingestion.py
[2026-04-01T08:09:27.121+0000] {processor.py:840} INFO - DAG(s) 'spark-airflow-s3-ingestion-dag' retrieved from /opt/airflow/dags/dag-spark-airflow-s3-ingestion.py
[2026-04-01T08:09:27.212+0000] {logging_mixin.py:188} INFO - [2026-04-01T08:09:27.211+0000] {dag.py:3089} INFO - Sync 1 DAGs
[2026-04-01T08:09:27.260+0000] {logging_mixin.py:188} INFO - [2026-04-01T08:09:27.259+0000] {dag.py:3947} INFO - Setting next_dagrun for spark-airflow-s3-ingestion-dag to None, run_after=None
[2026-04-01T08:09:27.325+0000] {processor.py:183} INFO - Processing /opt/airflow/dags/dag-spark-airflow-s3-ingestion.py took 0.317 seconds
[2026-04-01T08:09:57.590+0000] {processor.py:161} INFO - Started process (PID=1841) to work on /opt/airflow/dags/dag-spark-airflow-s3-ingestion.py
[2026-04-01T08:09:57.594+0000] {processor.py:830} INFO - Processing file /opt/airflow/dags/dag-spark-airflow-s3-ingestion.py for tasks to queue
[2026-04-01T08:09:57.601+0000] {logging_mixin.py:188} INFO - [2026-04-01T08:09:57.599+0000] {dagbag.py:545} INFO - Filling up the DagBag from /opt/airflow/dags/dag-spark-airflow-s3-ingestion.py
[2026-04-01T08:09:57.652+0000] {processor.py:840} INFO - DAG(s) 'spark-airflow-s3-ingestion-dag' retrieved from /opt/airflow/dags/dag-spark-airflow-s3-ingestion.py
[2026-04-01T08:09:57.717+0000] {logging_mixin.py:188} INFO - [2026-04-01T08:09:57.717+0000] {dag.py:3089} INFO - Sync 1 DAGs
[2026-04-01T08:09:57.755+0000] {logging_mixin.py:188} INFO - [2026-04-01T08:09:57.754+0000] {dag.py:3947} INFO - Setting next_dagrun for spark-airflow-s3-ingestion-dag to None, run_after=None
[2026-04-01T08:09:57.801+0000] {processor.py:183} INFO - Processing /opt/airflow/dags/dag-spark-airflow-s3-ingestion.py took 0.228 seconds
[2026-04-01T08:10:28.045+0000] {processor.py:161} INFO - Started process (PID=1866) to work on /opt/airflow/dags/dag-spark-airflow-s3-ingestion.py
[2026-04-01T08:10:28.047+0000] {processor.py:830} INFO - Processing file /opt/airflow/dags/dag-spark-airflow-s3-ingestion.py for tasks to queue
[2026-04-01T08:10:28.051+0000] {logging_mixin.py:188} INFO - [2026-04-01T08:10:28.050+0000] {dagbag.py:545} INFO - Filling up the DagBag from /opt/airflow/dags/dag-spark-airflow-s3-ingestion.py
[2026-04-01T08:10:28.099+0000] {processor.py:840} INFO - DAG(s) 'spark-airflow-s3-ingestion-dag' retrieved from /opt/airflow/dags/dag-spark-airflow-s3-ingestion.py
[2026-04-01T08:10:28.151+0000] {logging_mixin.py:188} INFO - [2026-04-01T08:10:28.151+0000] {dag.py:3089} INFO - Sync 1 DAGs
[2026-04-01T08:10:28.183+0000] {logging_mixin.py:188} INFO - [2026-04-01T08:10:28.183+0000] {dag.py:3947} INFO - Setting next_dagrun for spark-airflow-s3-ingestion-dag to None, run_after=None
[2026-04-01T08:10:28.234+0000] {processor.py:183} INFO - Processing /opt/airflow/dags/dag-spark-airflow-s3-ingestion.py took 0.201 seconds
[2026-04-01T08:10:58.627+0000] {processor.py:161} INFO - Started process (PID=1891) to work on /opt/airflow/dags/dag-spark-airflow-s3-ingestion.py
[2026-04-01T08:10:58.628+0000] {processor.py:830} INFO - Processing file /opt/airflow/dags/dag-spark-airflow-s3-ingestion.py for tasks to queue
[2026-04-01T08:10:58.633+0000] {logging_mixin.py:188} INFO - [2026-04-01T08:10:58.632+0000] {dagbag.py:545} INFO - Filling up the DagBag from /opt/airflow/dags/dag-spark-airflow-s3-ingestion.py
[2026-04-01T08:10:58.680+0000] {processor.py:840} INFO - DAG(s) 'spark-airflow-s3-ingestion-dag' retrieved from /opt/airflow/dags/dag-spark-airflow-s3-ingestion.py
[2026-04-01T08:10:58.735+0000] {logging_mixin.py:188} INFO - [2026-04-01T08:10:58.734+0000] {dag.py:3089} INFO - Sync 1 DAGs
[2026-04-01T08:10:58.765+0000] {logging_mixin.py:188} INFO - [2026-04-01T08:10:58.765+0000] {dag.py:3947} INFO - Setting next_dagrun for spark-airflow-s3-ingestion-dag to None, run_after=None
[2026-04-01T08:10:58.812+0000] {processor.py:183} INFO - Processing /opt/airflow/dags/dag-spark-airflow-s3-ingestion.py took 0.196 seconds
[2026-04-01T08:11:29.226+0000] {processor.py:161} INFO - Started process (PID=1916) to work on /opt/airflow/dags/dag-spark-airflow-s3-ingestion.py
[2026-04-01T08:11:29.228+0000] {processor.py:830} INFO - Processing file /opt/airflow/dags/dag-spark-airflow-s3-ingestion.py for tasks to queue
[2026-04-01T08:11:29.232+0000] {logging_mixin.py:188} INFO - [2026-04-01T08:11:29.232+0000] {dagbag.py:545} INFO - Filling up the DagBag from /opt/airflow/dags/dag-spark-airflow-s3-ingestion.py
[2026-04-01T08:11:29.285+0000] {processor.py:840} INFO - DAG(s) 'spark-airflow-s3-ingestion-dag' retrieved from /opt/airflow/dags/dag-spark-airflow-s3-ingestion.py
[2026-04-01T08:11:29.348+0000] {logging_mixin.py:188} INFO - [2026-04-01T08:11:29.348+0000] {dag.py:3089} INFO - Sync 1 DAGs
[2026-04-01T08:11:29.380+0000] {logging_mixin.py:188} INFO - [2026-04-01T08:11:29.380+0000] {dag.py:3947} INFO - Setting next_dagrun for spark-airflow-s3-ingestion-dag to None, run_after=None
[2026-04-01T08:11:29.429+0000] {processor.py:183} INFO - Processing /opt/airflow/dags/dag-spark-airflow-s3-ingestion.py took 0.215 seconds
[2026-04-01T08:11:59.754+0000] {processor.py:161} INFO - Started process (PID=1941) to work on /opt/airflow/dags/dag-spark-airflow-s3-ingestion.py
[2026-04-01T08:11:59.756+0000] {processor.py:830} INFO - Processing file /opt/airflow/dags/dag-spark-airflow-s3-ingestion.py for tasks to queue
[2026-04-01T08:11:59.760+0000] {logging_mixin.py:188} INFO - [2026-04-01T08:11:59.759+0000] {dagbag.py:545} INFO - Filling up the DagBag from /opt/airflow/dags/dag-spark-airflow-s3-ingestion.py
[2026-04-01T08:11:59.834+0000] {processor.py:840} INFO - DAG(s) 'spark-airflow-s3-ingestion-dag' retrieved from /opt/airflow/dags/dag-spark-airflow-s3-ingestion.py
[2026-04-01T08:11:59.884+0000] {logging_mixin.py:188} INFO - [2026-04-01T08:11:59.883+0000] {dag.py:3089} INFO - Sync 1 DAGs
[2026-04-01T08:11:59.910+0000] {logging_mixin.py:188} INFO - [2026-04-01T08:11:59.910+0000] {dag.py:3947} INFO - Setting next_dagrun for spark-airflow-s3-ingestion-dag to None, run_after=None
[2026-04-01T08:11:59.953+0000] {processor.py:183} INFO - Processing /opt/airflow/dags/dag-spark-airflow-s3-ingestion.py took 0.213 seconds
[2026-04-01T08:12:30.708+0000] {processor.py:161} INFO - Started process (PID=1966) to work on /opt/airflow/dags/dag-spark-airflow-s3-ingestion.py
[2026-04-01T08:12:30.712+0000] {processor.py:830} INFO - Processing file /opt/airflow/dags/dag-spark-airflow-s3-ingestion.py for tasks to queue
[2026-04-01T08:12:30.722+0000] {logging_mixin.py:188} INFO - [2026-04-01T08:12:30.720+0000] {dagbag.py:545} INFO - Filling up the DagBag from /opt/airflow/dags/dag-spark-airflow-s3-ingestion.py
[2026-04-01T08:12:30.775+0000] {processor.py:840} INFO - DAG(s) 'spark-airflow-s3-ingestion-dag' retrieved from /opt/airflow/dags/dag-spark-airflow-s3-ingestion.py
[2026-04-01T08:12:30.833+0000] {logging_mixin.py:188} INFO - [2026-04-01T08:12:30.833+0000] {dag.py:3089} INFO - Sync 1 DAGs
[2026-04-01T08:12:30.860+0000] {logging_mixin.py:188} INFO - [2026-04-01T08:12:30.860+0000] {dag.py:3947} INFO - Setting next_dagrun for spark-airflow-s3-ingestion-dag to None, run_after=None
[2026-04-01T08:12:30.905+0000] {processor.py:183} INFO - Processing /opt/airflow/dags/dag-spark-airflow-s3-ingestion.py took 0.233 seconds
[2026-04-01T08:13:01.116+0000] {processor.py:161} INFO - Started process (PID=1991) to work on /opt/airflow/dags/dag-spark-airflow-s3-ingestion.py
[2026-04-01T08:13:01.119+0000] {processor.py:830} INFO - Processing file /opt/airflow/dags/dag-spark-airflow-s3-ingestion.py for tasks to queue
[2026-04-01T08:13:01.124+0000] {logging_mixin.py:188} INFO - [2026-04-01T08:13:01.123+0000] {dagbag.py:545} INFO - Filling up the DagBag from /opt/airflow/dags/dag-spark-airflow-s3-ingestion.py
[2026-04-01T08:13:01.174+0000] {processor.py:840} INFO - DAG(s) 'spark-airflow-s3-ingestion-dag' retrieved from /opt/airflow/dags/dag-spark-airflow-s3-ingestion.py
[2026-04-01T08:13:01.227+0000] {logging_mixin.py:188} INFO - [2026-04-01T08:13:01.227+0000] {dag.py:3089} INFO - Sync 1 DAGs
[2026-04-01T08:13:01.257+0000] {logging_mixin.py:188} INFO - [2026-04-01T08:13:01.257+0000] {dag.py:3947} INFO - Setting next_dagrun for spark-airflow-s3-ingestion-dag to None, run_after=None
[2026-04-01T08:13:01.301+0000] {processor.py:183} INFO - Processing /opt/airflow/dags/dag-spark-airflow-s3-ingestion.py took 0.199 seconds
[2026-04-01T08:13:31.650+0000] {processor.py:161} INFO - Started process (PID=2016) to work on /opt/airflow/dags/dag-spark-airflow-s3-ingestion.py
[2026-04-01T08:13:31.653+0000] {processor.py:830} INFO - Processing file /opt/airflow/dags/dag-spark-airflow-s3-ingestion.py for tasks to queue
[2026-04-01T08:13:31.658+0000] {logging_mixin.py:188} INFO - [2026-04-01T08:13:31.657+0000] {dagbag.py:545} INFO - Filling up the DagBag from /opt/airflow/dags/dag-spark-airflow-s3-ingestion.py
[2026-04-01T08:13:31.720+0000] {processor.py:840} INFO - DAG(s) 'spark-airflow-s3-ingestion-dag' retrieved from /opt/airflow/dags/dag-spark-airflow-s3-ingestion.py
[2026-04-01T08:13:31.789+0000] {logging_mixin.py:188} INFO - [2026-04-01T08:13:31.789+0000] {dag.py:3089} INFO - Sync 1 DAGs
[2026-04-01T08:13:31.831+0000] {logging_mixin.py:188} INFO - [2026-04-01T08:13:31.831+0000] {dag.py:3947} INFO - Setting next_dagrun for spark-airflow-s3-ingestion-dag to None, run_after=None
[2026-04-01T08:13:31.894+0000] {processor.py:183} INFO - Processing /opt/airflow/dags/dag-spark-airflow-s3-ingestion.py took 0.264 seconds
[2026-04-01T08:14:02.184+0000] {processor.py:161} INFO - Started process (PID=2041) to work on /opt/airflow/dags/dag-spark-airflow-s3-ingestion.py
[2026-04-01T08:14:02.190+0000] {processor.py:830} INFO - Processing file /opt/airflow/dags/dag-spark-airflow-s3-ingestion.py for tasks to queue
[2026-04-01T08:14:02.195+0000] {logging_mixin.py:188} INFO - [2026-04-01T08:14:02.195+0000] {dagbag.py:545} INFO - Filling up the DagBag from /opt/airflow/dags/dag-spark-airflow-s3-ingestion.py
[2026-04-01T08:14:02.248+0000] {processor.py:840} INFO - DAG(s) 'spark-airflow-s3-ingestion-dag' retrieved from /opt/airflow/dags/dag-spark-airflow-s3-ingestion.py
[2026-04-01T08:14:02.305+0000] {logging_mixin.py:188} INFO - [2026-04-01T08:14:02.304+0000] {dag.py:3089} INFO - Sync 1 DAGs
[2026-04-01T08:14:02.338+0000] {logging_mixin.py:188} INFO - [2026-04-01T08:14:02.337+0000] {dag.py:3947} INFO - Setting next_dagrun for spark-airflow-s3-ingestion-dag to None, run_after=None
[2026-04-01T08:14:02.384+0000] {processor.py:183} INFO - Processing /opt/airflow/dags/dag-spark-airflow-s3-ingestion.py took 0.214 seconds
[2026-04-01T08:14:32.666+0000] {processor.py:161} INFO - Started process (PID=2066) to work on /opt/airflow/dags/dag-spark-airflow-s3-ingestion.py
[2026-04-01T08:14:32.670+0000] {processor.py:830} INFO - Processing file /opt/airflow/dags/dag-spark-airflow-s3-ingestion.py for tasks to queue
[2026-04-01T08:14:32.677+0000] {logging_mixin.py:188} INFO - [2026-04-01T08:14:32.676+0000] {dagbag.py:545} INFO - Filling up the DagBag from /opt/airflow/dags/dag-spark-airflow-s3-ingestion.py
[2026-04-01T08:14:32.730+0000] {processor.py:840} INFO - DAG(s) 'spark-airflow-s3-ingestion-dag' retrieved from /opt/airflow/dags/dag-spark-airflow-s3-ingestion.py
[2026-04-01T08:14:32.792+0000] {logging_mixin.py:188} INFO - [2026-04-01T08:14:32.792+0000] {dag.py:3089} INFO - Sync 1 DAGs
[2026-04-01T08:14:32.834+0000] {logging_mixin.py:188} INFO - [2026-04-01T08:14:32.834+0000] {dag.py:3947} INFO - Setting next_dagrun for spark-airflow-s3-ingestion-dag to None, run_after=None
[2026-04-01T08:14:32.883+0000] {processor.py:183} INFO - Processing /opt/airflow/dags/dag-spark-airflow-s3-ingestion.py took 0.233 seconds
[2026-04-01T08:15:03.157+0000] {processor.py:161} INFO - Started process (PID=2091) to work on /opt/airflow/dags/dag-spark-airflow-s3-ingestion.py
[2026-04-01T08:15:03.160+0000] {processor.py:830} INFO - Processing file /opt/airflow/dags/dag-spark-airflow-s3-ingestion.py for tasks to queue
[2026-04-01T08:15:03.167+0000] {logging_mixin.py:188} INFO - [2026-04-01T08:15:03.166+0000] {dagbag.py:545} INFO - Filling up the DagBag from /opt/airflow/dags/dag-spark-airflow-s3-ingestion.py
[2026-04-01T08:15:03.236+0000] {processor.py:840} INFO - DAG(s) 'spark-airflow-s3-ingestion-dag' retrieved from /opt/airflow/dags/dag-spark-airflow-s3-ingestion.py
[2026-04-01T08:15:03.331+0000] {logging_mixin.py:188} INFO - [2026-04-01T08:15:03.330+0000] {dag.py:3089} INFO - Sync 1 DAGs
[2026-04-01T08:15:03.362+0000] {logging_mixin.py:188} INFO - [2026-04-01T08:15:03.362+0000] {dag.py:3947} INFO - Setting next_dagrun for spark-airflow-s3-ingestion-dag to None, run_after=None
[2026-04-01T08:15:03.409+0000] {processor.py:183} INFO - Processing /opt/airflow/dags/dag-spark-airflow-s3-ingestion.py took 0.270 seconds
[2026-04-01T08:15:33.718+0000] {processor.py:161} INFO - Started process (PID=2116) to work on /opt/airflow/dags/dag-spark-airflow-s3-ingestion.py
[2026-04-01T08:15:33.721+0000] {processor.py:830} INFO - Processing file /opt/airflow/dags/dag-spark-airflow-s3-ingestion.py for tasks to queue
[2026-04-01T08:15:33.727+0000] {logging_mixin.py:188} INFO - [2026-04-01T08:15:33.726+0000] {dagbag.py:545} INFO - Filling up the DagBag from /opt/airflow/dags/dag-spark-airflow-s3-ingestion.py
[2026-04-01T08:15:33.776+0000] {processor.py:840} INFO - DAG(s) 'spark-airflow-s3-ingestion-dag' retrieved from /opt/airflow/dags/dag-spark-airflow-s3-ingestion.py
[2026-04-01T08:15:33.840+0000] {logging_mixin.py:188} INFO - [2026-04-01T08:15:33.839+0000] {dag.py:3089} INFO - Sync 1 DAGs
[2026-04-01T08:15:33.869+0000] {logging_mixin.py:188} INFO - [2026-04-01T08:15:33.869+0000] {dag.py:3947} INFO - Setting next_dagrun for spark-airflow-s3-ingestion-dag to None, run_after=None
[2026-04-01T08:15:33.915+0000] {processor.py:183} INFO - Processing /opt/airflow/dags/dag-spark-airflow-s3-ingestion.py took 0.218 seconds
[2026-04-01T08:16:04.518+0000] {processor.py:161} INFO - Started process (PID=2141) to work on /opt/airflow/dags/dag-spark-airflow-s3-ingestion.py
[2026-04-01T08:16:04.520+0000] {processor.py:830} INFO - Processing file /opt/airflow/dags/dag-spark-airflow-s3-ingestion.py for tasks to queue
[2026-04-01T08:16:04.525+0000] {logging_mixin.py:188} INFO - [2026-04-01T08:16:04.524+0000] {dagbag.py:545} INFO - Filling up the DagBag from /opt/airflow/dags/dag-spark-airflow-s3-ingestion.py
[2026-04-01T08:16:04.577+0000] {processor.py:840} INFO - DAG(s) 'spark-airflow-s3-ingestion-dag' retrieved from /opt/airflow/dags/dag-spark-airflow-s3-ingestion.py
[2026-04-01T08:16:04.632+0000] {logging_mixin.py:188} INFO - [2026-04-01T08:16:04.631+0000] {dag.py:3089} INFO - Sync 1 DAGs
[2026-04-01T08:16:04.662+0000] {logging_mixin.py:188} INFO - [2026-04-01T08:16:04.661+0000] {dag.py:3947} INFO - Setting next_dagrun for spark-airflow-s3-ingestion-dag to None, run_after=None
[2026-04-01T08:16:04.724+0000] {processor.py:183} INFO - Processing /opt/airflow/dags/dag-spark-airflow-s3-ingestion.py took 0.217 seconds
[2026-04-01T08:16:35.655+0000] {processor.py:161} INFO - Started process (PID=2166) to work on /opt/airflow/dags/dag-spark-airflow-s3-ingestion.py
[2026-04-01T08:16:35.657+0000] {processor.py:830} INFO - Processing file /opt/airflow/dags/dag-spark-airflow-s3-ingestion.py for tasks to queue
[2026-04-01T08:16:35.661+0000] {logging_mixin.py:188} INFO - [2026-04-01T08:16:35.661+0000] {dagbag.py:545} INFO - Filling up the DagBag from /opt/airflow/dags/dag-spark-airflow-s3-ingestion.py
[2026-04-01T08:16:35.716+0000] {processor.py:840} INFO - DAG(s) 'spark-airflow-s3-ingestion-dag' retrieved from /opt/airflow/dags/dag-spark-airflow-s3-ingestion.py
[2026-04-01T08:16:35.771+0000] {logging_mixin.py:188} INFO - [2026-04-01T08:16:35.770+0000] {dag.py:3089} INFO - Sync 1 DAGs
[2026-04-01T08:16:35.800+0000] {logging_mixin.py:188} INFO - [2026-04-01T08:16:35.800+0000] {dag.py:3947} INFO - Setting next_dagrun for spark-airflow-s3-ingestion-dag to None, run_after=None
[2026-04-01T08:16:35.843+0000] {processor.py:183} INFO - Processing /opt/airflow/dags/dag-spark-airflow-s3-ingestion.py took 0.203 seconds
[2026-04-01T08:17:06.211+0000] {processor.py:161} INFO - Started process (PID=2191) to work on /opt/airflow/dags/dag-spark-airflow-s3-ingestion.py
[2026-04-01T08:17:06.213+0000] {processor.py:830} INFO - Processing file /opt/airflow/dags/dag-spark-airflow-s3-ingestion.py for tasks to queue
[2026-04-01T08:17:06.218+0000] {logging_mixin.py:188} INFO - [2026-04-01T08:17:06.217+0000] {dagbag.py:545} INFO - Filling up the DagBag from /opt/airflow/dags/dag-spark-airflow-s3-ingestion.py
[2026-04-01T08:17:06.265+0000] {processor.py:840} INFO - DAG(s) 'spark-airflow-s3-ingestion-dag' retrieved from /opt/airflow/dags/dag-spark-airflow-s3-ingestion.py
[2026-04-01T08:17:06.327+0000] {logging_mixin.py:188} INFO - [2026-04-01T08:17:06.327+0000] {dag.py:3089} INFO - Sync 1 DAGs
[2026-04-01T08:17:06.362+0000] {logging_mixin.py:188} INFO - [2026-04-01T08:17:06.362+0000] {dag.py:3947} INFO - Setting next_dagrun for spark-airflow-s3-ingestion-dag to None, run_after=None
[2026-04-01T08:17:06.401+0000] {processor.py:183} INFO - Processing /opt/airflow/dags/dag-spark-airflow-s3-ingestion.py took 0.202 seconds
[2026-04-01T08:17:36.892+0000] {processor.py:161} INFO - Started process (PID=2216) to work on /opt/airflow/dags/dag-spark-airflow-s3-ingestion.py
[2026-04-01T08:17:36.895+0000] {processor.py:830} INFO - Processing file /opt/airflow/dags/dag-spark-airflow-s3-ingestion.py for tasks to queue
[2026-04-01T08:17:36.898+0000] {logging_mixin.py:188} INFO - [2026-04-01T08:17:36.898+0000] {dagbag.py:545} INFO - Filling up the DagBag from /opt/airflow/dags/dag-spark-airflow-s3-ingestion.py
[2026-04-01T08:17:36.947+0000] {processor.py:840} INFO - DAG(s) 'spark-airflow-s3-ingestion-dag' retrieved from /opt/airflow/dags/dag-spark-airflow-s3-ingestion.py
[2026-04-01T08:17:37.013+0000] {logging_mixin.py:188} INFO - [2026-04-01T08:17:37.012+0000] {dag.py:3089} INFO - Sync 1 DAGs
[2026-04-01T08:17:37.048+0000] {logging_mixin.py:188} INFO - [2026-04-01T08:17:37.048+0000] {dag.py:3947} INFO - Setting next_dagrun for spark-airflow-s3-ingestion-dag to None, run_after=None
[2026-04-01T08:17:37.092+0000] {processor.py:183} INFO - Processing /opt/airflow/dags/dag-spark-airflow-s3-ingestion.py took 0.218 seconds
[2026-04-01T08:18:08.185+0000] {processor.py:161} INFO - Started process (PID=2241) to work on /opt/airflow/dags/dag-spark-airflow-s3-ingestion.py
[2026-04-01T08:18:08.190+0000] {processor.py:830} INFO - Processing file /opt/airflow/dags/dag-spark-airflow-s3-ingestion.py for tasks to queue
[2026-04-01T08:18:08.199+0000] {logging_mixin.py:188} INFO - [2026-04-01T08:18:08.198+0000] {dagbag.py:545} INFO - Filling up the DagBag from /opt/airflow/dags/dag-spark-airflow-s3-ingestion.py
[2026-04-01T08:18:08.320+0000] {processor.py:840} INFO - DAG(s) 'spark-airflow-s3-ingestion-dag' retrieved from /opt/airflow/dags/dag-spark-airflow-s3-ingestion.py
[2026-04-01T08:18:08.404+0000] {logging_mixin.py:188} INFO - [2026-04-01T08:18:08.403+0000] {dag.py:3089} INFO - Sync 1 DAGs
[2026-04-01T08:18:08.451+0000] {logging_mixin.py:188} INFO - [2026-04-01T08:18:08.450+0000] {dag.py:3947} INFO - Setting next_dagrun for spark-airflow-s3-ingestion-dag to None, run_after=None
[2026-04-01T08:18:08.504+0000] {processor.py:183} INFO - Processing /opt/airflow/dags/dag-spark-airflow-s3-ingestion.py took 0.350 seconds
[2026-04-01T08:18:38.800+0000] {processor.py:161} INFO - Started process (PID=2266) to work on /opt/airflow/dags/dag-spark-airflow-s3-ingestion.py
[2026-04-01T08:18:38.802+0000] {processor.py:830} INFO - Processing file /opt/airflow/dags/dag-spark-airflow-s3-ingestion.py for tasks to queue
[2026-04-01T08:18:38.806+0000] {logging_mixin.py:188} INFO - [2026-04-01T08:18:38.806+0000] {dagbag.py:545} INFO - Filling up the DagBag from /opt/airflow/dags/dag-spark-airflow-s3-ingestion.py
[2026-04-01T08:18:38.851+0000] {processor.py:840} INFO - DAG(s) 'spark-airflow-s3-ingestion-dag' retrieved from /opt/airflow/dags/dag-spark-airflow-s3-ingestion.py
[2026-04-01T08:18:38.907+0000] {logging_mixin.py:188} INFO - [2026-04-01T08:18:38.906+0000] {dag.py:3089} INFO - Sync 1 DAGs
[2026-04-01T08:18:38.938+0000] {logging_mixin.py:188} INFO - [2026-04-01T08:18:38.938+0000] {dag.py:3947} INFO - Setting next_dagrun for spark-airflow-s3-ingestion-dag to None, run_after=None
[2026-04-01T08:18:39.000+0000] {processor.py:183} INFO - Processing /opt/airflow/dags/dag-spark-airflow-s3-ingestion.py took 0.215 seconds
[2026-04-01T08:19:09.169+0000] {processor.py:161} INFO - Started process (PID=2291) to work on /opt/airflow/dags/dag-spark-airflow-s3-ingestion.py
[2026-04-01T08:19:09.171+0000] {processor.py:830} INFO - Processing file /opt/airflow/dags/dag-spark-airflow-s3-ingestion.py for tasks to queue
[2026-04-01T08:19:09.175+0000] {logging_mixin.py:188} INFO - [2026-04-01T08:19:09.174+0000] {dagbag.py:545} INFO - Filling up the DagBag from /opt/airflow/dags/dag-spark-airflow-s3-ingestion.py
[2026-04-01T08:19:09.220+0000] {processor.py:840} INFO - DAG(s) 'spark-airflow-s3-ingestion-dag' retrieved from /opt/airflow/dags/dag-spark-airflow-s3-ingestion.py
[2026-04-01T08:19:09.277+0000] {logging_mixin.py:188} INFO - [2026-04-01T08:19:09.276+0000] {dag.py:3089} INFO - Sync 1 DAGs
[2026-04-01T08:19:09.302+0000] {logging_mixin.py:188} INFO - [2026-04-01T08:19:09.302+0000] {dag.py:3947} INFO - Setting next_dagrun for spark-airflow-s3-ingestion-dag to None, run_after=None
[2026-04-01T08:19:09.344+0000] {processor.py:183} INFO - Processing /opt/airflow/dags/dag-spark-airflow-s3-ingestion.py took 0.185 seconds
[2026-04-01T08:19:39.484+0000] {processor.py:161} INFO - Started process (PID=2316) to work on /opt/airflow/dags/dag-spark-airflow-s3-ingestion.py
[2026-04-01T08:19:39.487+0000] {processor.py:830} INFO - Processing file /opt/airflow/dags/dag-spark-airflow-s3-ingestion.py for tasks to queue
[2026-04-01T08:19:39.492+0000] {logging_mixin.py:188} INFO - [2026-04-01T08:19:39.491+0000] {dagbag.py:545} INFO - Filling up the DagBag from /opt/airflow/dags/dag-spark-airflow-s3-ingestion.py
[2026-04-01T08:19:39.538+0000] {processor.py:840} INFO - DAG(s) 'spark-airflow-s3-ingestion-dag' retrieved from /opt/airflow/dags/dag-spark-airflow-s3-ingestion.py
[2026-04-01T08:19:39.591+0000] {logging_mixin.py:188} INFO - [2026-04-01T08:19:39.591+0000] {dag.py:3089} INFO - Sync 1 DAGs
[2026-04-01T08:19:39.634+0000] {logging_mixin.py:188} INFO - [2026-04-01T08:19:39.634+0000] {dag.py:3947} INFO - Setting next_dagrun for spark-airflow-s3-ingestion-dag to None, run_after=None
[2026-04-01T08:19:39.678+0000] {processor.py:183} INFO - Processing /opt/airflow/dags/dag-spark-airflow-s3-ingestion.py took 0.209 seconds
[2026-04-01T08:20:09.940+0000] {processor.py:161} INFO - Started process (PID=2341) to work on /opt/airflow/dags/dag-spark-airflow-s3-ingestion.py
[2026-04-01T08:20:09.942+0000] {processor.py:830} INFO - Processing file /opt/airflow/dags/dag-spark-airflow-s3-ingestion.py for tasks to queue
[2026-04-01T08:20:09.947+0000] {logging_mixin.py:188} INFO - [2026-04-01T08:20:09.946+0000] {dagbag.py:545} INFO - Filling up the DagBag from /opt/airflow/dags/dag-spark-airflow-s3-ingestion.py
[2026-04-01T08:20:09.994+0000] {processor.py:840} INFO - DAG(s) 'spark-airflow-s3-ingestion-dag' retrieved from /opt/airflow/dags/dag-spark-airflow-s3-ingestion.py
[2026-04-01T08:20:10.051+0000] {logging_mixin.py:188} INFO - [2026-04-01T08:20:10.051+0000] {dag.py:3089} INFO - Sync 1 DAGs
[2026-04-01T08:20:10.079+0000] {logging_mixin.py:188} INFO - [2026-04-01T08:20:10.078+0000] {dag.py:3947} INFO - Setting next_dagrun for spark-airflow-s3-ingestion-dag to None, run_after=None
[2026-04-01T08:20:10.118+0000] {processor.py:183} INFO - Processing /opt/airflow/dags/dag-spark-airflow-s3-ingestion.py took 0.194 seconds
[2026-04-01T08:20:40.391+0000] {processor.py:161} INFO - Started process (PID=2366) to work on /opt/airflow/dags/dag-spark-airflow-s3-ingestion.py
[2026-04-01T08:20:40.392+0000] {processor.py:830} INFO - Processing file /opt/airflow/dags/dag-spark-airflow-s3-ingestion.py for tasks to queue
[2026-04-01T08:20:40.396+0000] {logging_mixin.py:188} INFO - [2026-04-01T08:20:40.396+0000] {dagbag.py:545} INFO - Filling up the DagBag from /opt/airflow/dags/dag-spark-airflow-s3-ingestion.py
[2026-04-01T08:20:40.441+0000] {processor.py:840} INFO - DAG(s) 'spark-airflow-s3-ingestion-dag' retrieved from /opt/airflow/dags/dag-spark-airflow-s3-ingestion.py
[2026-04-01T08:20:40.493+0000] {logging_mixin.py:188} INFO - [2026-04-01T08:20:40.493+0000] {dag.py:3089} INFO - Sync 1 DAGs
[2026-04-01T08:20:40.521+0000] {logging_mixin.py:188} INFO - [2026-04-01T08:20:40.520+0000] {dag.py:3947} INFO - Setting next_dagrun for spark-airflow-s3-ingestion-dag to None, run_after=None
[2026-04-01T08:20:40.567+0000] {processor.py:183} INFO - Processing /opt/airflow/dags/dag-spark-airflow-s3-ingestion.py took 0.190 seconds
[2026-04-01T08:21:10.726+0000] {processor.py:161} INFO - Started process (PID=2391) to work on /opt/airflow/dags/dag-spark-airflow-s3-ingestion.py
[2026-04-01T08:21:10.729+0000] {processor.py:830} INFO - Processing file /opt/airflow/dags/dag-spark-airflow-s3-ingestion.py for tasks to queue
[2026-04-01T08:21:10.735+0000] {logging_mixin.py:188} INFO - [2026-04-01T08:21:10.734+0000] {dagbag.py:545} INFO - Filling up the DagBag from /opt/airflow/dags/dag-spark-airflow-s3-ingestion.py
[2026-04-01T08:21:10.782+0000] {processor.py:840} INFO - DAG(s) 'spark-airflow-s3-ingestion-dag' retrieved from /opt/airflow/dags/dag-spark-airflow-s3-ingestion.py
[2026-04-01T08:21:10.839+0000] {logging_mixin.py:188} INFO - [2026-04-01T08:21:10.838+0000] {dag.py:3089} INFO - Sync 1 DAGs
[2026-04-01T08:21:10.866+0000] {logging_mixin.py:188} INFO - [2026-04-01T08:21:10.866+0000] {dag.py:3947} INFO - Setting next_dagrun for spark-airflow-s3-ingestion-dag to None, run_after=None
[2026-04-01T08:21:10.928+0000] {processor.py:183} INFO - Processing /opt/airflow/dags/dag-spark-airflow-s3-ingestion.py took 0.216 seconds
[2026-04-01T08:21:41.107+0000] {processor.py:161} INFO - Started process (PID=2416) to work on /opt/airflow/dags/dag-spark-airflow-s3-ingestion.py
[2026-04-01T08:21:41.109+0000] {processor.py:830} INFO - Processing file /opt/airflow/dags/dag-spark-airflow-s3-ingestion.py for tasks to queue
[2026-04-01T08:21:41.113+0000] {logging_mixin.py:188} INFO - [2026-04-01T08:21:41.112+0000] {dagbag.py:545} INFO - Filling up the DagBag from /opt/airflow/dags/dag-spark-airflow-s3-ingestion.py
[2026-04-01T08:21:41.160+0000] {processor.py:840} INFO - DAG(s) 'spark-airflow-s3-ingestion-dag' retrieved from /opt/airflow/dags/dag-spark-airflow-s3-ingestion.py
[2026-04-01T08:21:41.211+0000] {logging_mixin.py:188} INFO - [2026-04-01T08:21:41.210+0000] {dag.py:3089} INFO - Sync 1 DAGs
[2026-04-01T08:21:41.238+0000] {logging_mixin.py:188} INFO - [2026-04-01T08:21:41.238+0000] {dag.py:3947} INFO - Setting next_dagrun for spark-airflow-s3-ingestion-dag to None, run_after=None
[2026-04-01T08:21:41.296+0000] {processor.py:183} INFO - Processing /opt/airflow/dags/dag-spark-airflow-s3-ingestion.py took 0.203 seconds
[2026-04-01T08:22:11.540+0000] {processor.py:161} INFO - Started process (PID=2441) to work on /opt/airflow/dags/dag-spark-airflow-s3-ingestion.py
[2026-04-01T08:22:11.542+0000] {processor.py:830} INFO - Processing file /opt/airflow/dags/dag-spark-airflow-s3-ingestion.py for tasks to queue
[2026-04-01T08:22:11.546+0000] {logging_mixin.py:188} INFO - [2026-04-01T08:22:11.545+0000] {dagbag.py:545} INFO - Filling up the DagBag from /opt/airflow/dags/dag-spark-airflow-s3-ingestion.py
[2026-04-01T08:22:11.593+0000] {processor.py:840} INFO - DAG(s) 'spark-airflow-s3-ingestion-dag' retrieved from /opt/airflow/dags/dag-spark-airflow-s3-ingestion.py
[2026-04-01T08:22:11.649+0000] {logging_mixin.py:188} INFO - [2026-04-01T08:22:11.649+0000] {dag.py:3089} INFO - Sync 1 DAGs
[2026-04-01T08:22:11.684+0000] {logging_mixin.py:188} INFO - [2026-04-01T08:22:11.683+0000] {dag.py:3947} INFO - Setting next_dagrun for spark-airflow-s3-ingestion-dag to None, run_after=None
[2026-04-01T08:22:11.734+0000] {processor.py:183} INFO - Processing /opt/airflow/dags/dag-spark-airflow-s3-ingestion.py took 0.206 seconds
[2026-04-01T08:22:42.559+0000] {processor.py:161} INFO - Started process (PID=2466) to work on /opt/airflow/dags/dag-spark-airflow-s3-ingestion.py
[2026-04-01T08:22:42.562+0000] {processor.py:830} INFO - Processing file /opt/airflow/dags/dag-spark-airflow-s3-ingestion.py for tasks to queue
[2026-04-01T08:22:42.566+0000] {logging_mixin.py:188} INFO - [2026-04-01T08:22:42.565+0000] {dagbag.py:545} INFO - Filling up the DagBag from /opt/airflow/dags/dag-spark-airflow-s3-ingestion.py
[2026-04-01T08:22:42.610+0000] {processor.py:840} INFO - DAG(s) 'spark-airflow-s3-ingestion-dag' retrieved from /opt/airflow/dags/dag-spark-airflow-s3-ingestion.py
[2026-04-01T08:22:42.672+0000] {logging_mixin.py:188} INFO - [2026-04-01T08:22:42.671+0000] {dag.py:3089} INFO - Sync 1 DAGs
[2026-04-01T08:22:42.703+0000] {logging_mixin.py:188} INFO - [2026-04-01T08:22:42.703+0000] {dag.py:3947} INFO - Setting next_dagrun for spark-airflow-s3-ingestion-dag to None, run_after=None
[2026-04-01T08:22:42.748+0000] {processor.py:183} INFO - Processing /opt/airflow/dags/dag-spark-airflow-s3-ingestion.py took 0.200 seconds
[2026-04-01T08:23:13.032+0000] {processor.py:161} INFO - Started process (PID=2491) to work on /opt/airflow/dags/dag-spark-airflow-s3-ingestion.py
[2026-04-01T08:23:13.034+0000] {processor.py:830} INFO - Processing file /opt/airflow/dags/dag-spark-airflow-s3-ingestion.py for tasks to queue
[2026-04-01T08:23:13.040+0000] {logging_mixin.py:188} INFO - [2026-04-01T08:23:13.039+0000] {dagbag.py:545} INFO - Filling up the DagBag from /opt/airflow/dags/dag-spark-airflow-s3-ingestion.py
[2026-04-01T08:23:13.104+0000] {processor.py:840} INFO - DAG(s) 'spark-airflow-s3-ingestion-dag' retrieved from /opt/airflow/dags/dag-spark-airflow-s3-ingestion.py
[2026-04-01T08:23:13.190+0000] {logging_mixin.py:188} INFO - [2026-04-01T08:23:13.189+0000] {dag.py:3089} INFO - Sync 1 DAGs
[2026-04-01T08:23:13.241+0000] {logging_mixin.py:188} INFO - [2026-04-01T08:23:13.240+0000] {dag.py:3947} INFO - Setting next_dagrun for spark-airflow-s3-ingestion-dag to None, run_after=None
[2026-04-01T08:23:13.306+0000] {processor.py:183} INFO - Processing /opt/airflow/dags/dag-spark-airflow-s3-ingestion.py took 0.294 seconds
[2026-04-01T08:23:43.498+0000] {processor.py:161} INFO - Started process (PID=2516) to work on /opt/airflow/dags/dag-spark-airflow-s3-ingestion.py
[2026-04-01T08:23:43.501+0000] {processor.py:830} INFO - Processing file /opt/airflow/dags/dag-spark-airflow-s3-ingestion.py for tasks to queue
[2026-04-01T08:23:43.506+0000] {logging_mixin.py:188} INFO - [2026-04-01T08:23:43.505+0000] {dagbag.py:545} INFO - Filling up the DagBag from /opt/airflow/dags/dag-spark-airflow-s3-ingestion.py
[2026-04-01T08:23:43.557+0000] {processor.py:840} INFO - DAG(s) 'spark-airflow-s3-ingestion-dag' retrieved from /opt/airflow/dags/dag-spark-airflow-s3-ingestion.py
[2026-04-01T08:23:43.615+0000] {logging_mixin.py:188} INFO - [2026-04-01T08:23:43.615+0000] {dag.py:3089} INFO - Sync 1 DAGs
[2026-04-01T08:23:43.646+0000] {logging_mixin.py:188} INFO - [2026-04-01T08:23:43.645+0000] {dag.py:3947} INFO - Setting next_dagrun for spark-airflow-s3-ingestion-dag to None, run_after=None
[2026-04-01T08:23:43.691+0000] {processor.py:183} INFO - Processing /opt/airflow/dags/dag-spark-airflow-s3-ingestion.py took 0.207 seconds
[2026-04-01T08:24:13.903+0000] {processor.py:161} INFO - Started process (PID=2541) to work on /opt/airflow/dags/dag-spark-airflow-s3-ingestion.py
[2026-04-01T08:24:13.905+0000] {processor.py:830} INFO - Processing file /opt/airflow/dags/dag-spark-airflow-s3-ingestion.py for tasks to queue
[2026-04-01T08:24:13.911+0000] {logging_mixin.py:188} INFO - [2026-04-01T08:24:13.910+0000] {dagbag.py:545} INFO - Filling up the DagBag from /opt/airflow/dags/dag-spark-airflow-s3-ingestion.py
[2026-04-01T08:24:13.977+0000] {processor.py:840} INFO - DAG(s) 'spark-airflow-s3-ingestion-dag' retrieved from /opt/airflow/dags/dag-spark-airflow-s3-ingestion.py
[2026-04-01T08:24:14.063+0000] {logging_mixin.py:188} INFO - [2026-04-01T08:24:14.062+0000] {dag.py:3089} INFO - Sync 1 DAGs
[2026-04-01T08:24:14.109+0000] {logging_mixin.py:188} INFO - [2026-04-01T08:24:14.109+0000] {dag.py:3947} INFO - Setting next_dagrun for spark-airflow-s3-ingestion-dag to None, run_after=None
[2026-04-01T08:24:14.172+0000] {processor.py:183} INFO - Processing /opt/airflow/dags/dag-spark-airflow-s3-ingestion.py took 0.288 seconds
[2026-04-01T08:24:44.330+0000] {processor.py:161} INFO - Started process (PID=2566) to work on /opt/airflow/dags/dag-spark-airflow-s3-ingestion.py
[2026-04-01T08:24:44.333+0000] {processor.py:830} INFO - Processing file /opt/airflow/dags/dag-spark-airflow-s3-ingestion.py for tasks to queue
[2026-04-01T08:24:44.338+0000] {logging_mixin.py:188} INFO - [2026-04-01T08:24:44.337+0000] {dagbag.py:545} INFO - Filling up the DagBag from /opt/airflow/dags/dag-spark-airflow-s3-ingestion.py
[2026-04-01T08:24:44.388+0000] {processor.py:840} INFO - DAG(s) 'spark-airflow-s3-ingestion-dag' retrieved from /opt/airflow/dags/dag-spark-airflow-s3-ingestion.py
[2026-04-01T08:24:44.452+0000] {logging_mixin.py:188} INFO - [2026-04-01T08:24:44.451+0000] {dag.py:3089} INFO - Sync 1 DAGs
[2026-04-01T08:24:44.485+0000] {logging_mixin.py:188} INFO - [2026-04-01T08:24:44.485+0000] {dag.py:3947} INFO - Setting next_dagrun for spark-airflow-s3-ingestion-dag to None, run_after=None
[2026-04-01T08:24:44.553+0000] {processor.py:183} INFO - Processing /opt/airflow/dags/dag-spark-airflow-s3-ingestion.py took 0.237 seconds
[2026-04-01T08:25:14.715+0000] {processor.py:161} INFO - Started process (PID=2591) to work on /opt/airflow/dags/dag-spark-airflow-s3-ingestion.py
[2026-04-01T08:25:14.717+0000] {processor.py:830} INFO - Processing file /opt/airflow/dags/dag-spark-airflow-s3-ingestion.py for tasks to queue
[2026-04-01T08:25:14.722+0000] {logging_mixin.py:188} INFO - [2026-04-01T08:25:14.721+0000] {dagbag.py:545} INFO - Filling up the DagBag from /opt/airflow/dags/dag-spark-airflow-s3-ingestion.py
[2026-04-01T08:25:14.775+0000] {processor.py:840} INFO - DAG(s) 'spark-airflow-s3-ingestion-dag' retrieved from /opt/airflow/dags/dag-spark-airflow-s3-ingestion.py
[2026-04-01T08:25:14.840+0000] {logging_mixin.py:188} INFO - [2026-04-01T08:25:14.840+0000] {dag.py:3089} INFO - Sync 1 DAGs
[2026-04-01T08:25:14.869+0000] {logging_mixin.py:188} INFO - [2026-04-01T08:25:14.869+0000] {dag.py:3947} INFO - Setting next_dagrun for spark-airflow-s3-ingestion-dag to None, run_after=None
[2026-04-01T08:25:14.916+0000] {processor.py:183} INFO - Processing /opt/airflow/dags/dag-spark-airflow-s3-ingestion.py took 0.221 seconds
[2026-04-01T08:25:45.111+0000] {processor.py:161} INFO - Started process (PID=2616) to work on /opt/airflow/dags/dag-spark-airflow-s3-ingestion.py
[2026-04-01T08:25:45.113+0000] {processor.py:830} INFO - Processing file /opt/airflow/dags/dag-spark-airflow-s3-ingestion.py for tasks to queue
[2026-04-01T08:25:45.118+0000] {logging_mixin.py:188} INFO - [2026-04-01T08:25:45.117+0000] {dagbag.py:545} INFO - Filling up the DagBag from /opt/airflow/dags/dag-spark-airflow-s3-ingestion.py
[2026-04-01T08:25:45.163+0000] {processor.py:840} INFO - DAG(s) 'spark-airflow-s3-ingestion-dag' retrieved from /opt/airflow/dags/dag-spark-airflow-s3-ingestion.py
[2026-04-01T08:25:45.217+0000] {logging_mixin.py:188} INFO - [2026-04-01T08:25:45.216+0000] {dag.py:3089} INFO - Sync 1 DAGs
[2026-04-01T08:25:45.242+0000] {logging_mixin.py:188} INFO - [2026-04-01T08:25:45.241+0000] {dag.py:3947} INFO - Setting next_dagrun for spark-airflow-s3-ingestion-dag to None, run_after=None
[2026-04-01T08:25:45.289+0000] {processor.py:183} INFO - Processing /opt/airflow/dags/dag-spark-airflow-s3-ingestion.py took 0.192 seconds
[2026-04-01T08:26:15.573+0000] {processor.py:161} INFO - Started process (PID=2641) to work on /opt/airflow/dags/dag-spark-airflow-s3-ingestion.py
[2026-04-01T08:26:15.578+0000] {processor.py:830} INFO - Processing file /opt/airflow/dags/dag-spark-airflow-s3-ingestion.py for tasks to queue
[2026-04-01T08:26:15.587+0000] {logging_mixin.py:188} INFO - [2026-04-01T08:26:15.586+0000] {dagbag.py:545} INFO - Filling up the DagBag from /opt/airflow/dags/dag-spark-airflow-s3-ingestion.py
[2026-04-01T08:26:15.636+0000] {processor.py:840} INFO - DAG(s) 'spark-airflow-s3-ingestion-dag' retrieved from /opt/airflow/dags/dag-spark-airflow-s3-ingestion.py
[2026-04-01T08:26:15.707+0000] {logging_mixin.py:188} INFO - [2026-04-01T08:26:15.707+0000] {dag.py:3089} INFO - Sync 1 DAGs
[2026-04-01T08:26:15.742+0000] {logging_mixin.py:188} INFO - [2026-04-01T08:26:15.741+0000] {dag.py:3947} INFO - Setting next_dagrun for spark-airflow-s3-ingestion-dag to None, run_after=None
[2026-04-01T08:26:15.798+0000] {processor.py:183} INFO - Processing /opt/airflow/dags/dag-spark-airflow-s3-ingestion.py took 0.237 seconds
[2026-04-01T08:26:46.233+0000] {processor.py:161} INFO - Started process (PID=2666) to work on /opt/airflow/dags/dag-spark-airflow-s3-ingestion.py
[2026-04-01T08:26:46.235+0000] {processor.py:830} INFO - Processing file /opt/airflow/dags/dag-spark-airflow-s3-ingestion.py for tasks to queue
[2026-04-01T08:26:46.240+0000] {logging_mixin.py:188} INFO - [2026-04-01T08:26:46.239+0000] {dagbag.py:545} INFO - Filling up the DagBag from /opt/airflow/dags/dag-spark-airflow-s3-ingestion.py
[2026-04-01T08:26:46.297+0000] {processor.py:840} INFO - DAG(s) 'spark-airflow-s3-ingestion-dag' retrieved from /opt/airflow/dags/dag-spark-airflow-s3-ingestion.py
[2026-04-01T08:26:46.379+0000] {logging_mixin.py:188} INFO - [2026-04-01T08:26:46.379+0000] {dag.py:3089} INFO - Sync 1 DAGs
[2026-04-01T08:26:46.425+0000] {logging_mixin.py:188} INFO - [2026-04-01T08:26:46.424+0000] {dag.py:3947} INFO - Setting next_dagrun for spark-airflow-s3-ingestion-dag to None, run_after=None
[2026-04-01T08:26:46.483+0000] {processor.py:183} INFO - Processing /opt/airflow/dags/dag-spark-airflow-s3-ingestion.py took 0.266 seconds
[2026-04-01T08:27:17.542+0000] {processor.py:161} INFO - Started process (PID=2691) to work on /opt/airflow/dags/dag-spark-airflow-s3-ingestion.py
[2026-04-01T08:27:17.544+0000] {processor.py:830} INFO - Processing file /opt/airflow/dags/dag-spark-airflow-s3-ingestion.py for tasks to queue
[2026-04-01T08:27:17.549+0000] {logging_mixin.py:188} INFO - [2026-04-01T08:27:17.548+0000] {dagbag.py:545} INFO - Filling up the DagBag from /opt/airflow/dags/dag-spark-airflow-s3-ingestion.py
[2026-04-01T08:27:17.596+0000] {processor.py:840} INFO - DAG(s) 'spark-airflow-s3-ingestion-dag' retrieved from /opt/airflow/dags/dag-spark-airflow-s3-ingestion.py
[2026-04-01T08:27:17.651+0000] {logging_mixin.py:188} INFO - [2026-04-01T08:27:17.650+0000] {dag.py:3089} INFO - Sync 1 DAGs
[2026-04-01T08:27:17.685+0000] {logging_mixin.py:188} INFO - [2026-04-01T08:27:17.684+0000] {dag.py:3947} INFO - Setting next_dagrun for spark-airflow-s3-ingestion-dag to None, run_after=None
[2026-04-01T08:27:17.729+0000] {processor.py:183} INFO - Processing /opt/airflow/dags/dag-spark-airflow-s3-ingestion.py took 0.202 seconds
[2026-04-01T08:27:48.147+0000] {processor.py:161} INFO - Started process (PID=2716) to work on /opt/airflow/dags/dag-spark-airflow-s3-ingestion.py
[2026-04-01T08:27:48.150+0000] {processor.py:830} INFO - Processing file /opt/airflow/dags/dag-spark-airflow-s3-ingestion.py for tasks to queue
[2026-04-01T08:27:48.154+0000] {logging_mixin.py:188} INFO - [2026-04-01T08:27:48.153+0000] {dagbag.py:545} INFO - Filling up the DagBag from /opt/airflow/dags/dag-spark-airflow-s3-ingestion.py
[2026-04-01T08:27:48.200+0000] {processor.py:840} INFO - DAG(s) 'spark-airflow-s3-ingestion-dag' retrieved from /opt/airflow/dags/dag-spark-airflow-s3-ingestion.py
[2026-04-01T08:27:48.253+0000] {logging_mixin.py:188} INFO - [2026-04-01T08:27:48.252+0000] {dag.py:3089} INFO - Sync 1 DAGs
[2026-04-01T08:27:48.282+0000] {logging_mixin.py:188} INFO - [2026-04-01T08:27:48.281+0000] {dag.py:3947} INFO - Setting next_dagrun for spark-airflow-s3-ingestion-dag to None, run_after=None
[2026-04-01T08:27:48.333+0000] {processor.py:183} INFO - Processing /opt/airflow/dags/dag-spark-airflow-s3-ingestion.py took 0.197 seconds
[2026-04-01T08:28:18.501+0000] {processor.py:161} INFO - Started process (PID=2741) to work on /opt/airflow/dags/dag-spark-airflow-s3-ingestion.py
[2026-04-01T08:28:18.504+0000] {processor.py:830} INFO - Processing file /opt/airflow/dags/dag-spark-airflow-s3-ingestion.py for tasks to queue
[2026-04-01T08:28:18.508+0000] {logging_mixin.py:188} INFO - [2026-04-01T08:28:18.508+0000] {dagbag.py:545} INFO - Filling up the DagBag from /opt/airflow/dags/dag-spark-airflow-s3-ingestion.py
[2026-04-01T08:28:18.553+0000] {processor.py:840} INFO - DAG(s) 'spark-airflow-s3-ingestion-dag' retrieved from /opt/airflow/dags/dag-spark-airflow-s3-ingestion.py
[2026-04-01T08:28:18.609+0000] {logging_mixin.py:188} INFO - [2026-04-01T08:28:18.609+0000] {dag.py:3089} INFO - Sync 1 DAGs
[2026-04-01T08:28:18.637+0000] {logging_mixin.py:188} INFO - [2026-04-01T08:28:18.636+0000] {dag.py:3947} INFO - Setting next_dagrun for spark-airflow-s3-ingestion-dag to None, run_after=None
[2026-04-01T08:28:18.688+0000] {processor.py:183} INFO - Processing /opt/airflow/dags/dag-spark-airflow-s3-ingestion.py took 0.199 seconds
[2026-04-01T08:28:48.942+0000] {processor.py:161} INFO - Started process (PID=2766) to work on /opt/airflow/dags/dag-spark-airflow-s3-ingestion.py
[2026-04-01T08:28:48.944+0000] {processor.py:830} INFO - Processing file /opt/airflow/dags/dag-spark-airflow-s3-ingestion.py for tasks to queue
[2026-04-01T08:28:48.947+0000] {logging_mixin.py:188} INFO - [2026-04-01T08:28:48.947+0000] {dagbag.py:545} INFO - Filling up the DagBag from /opt/airflow/dags/dag-spark-airflow-s3-ingestion.py
[2026-04-01T08:28:48.992+0000] {processor.py:840} INFO - DAG(s) 'spark-airflow-s3-ingestion-dag' retrieved from /opt/airflow/dags/dag-spark-airflow-s3-ingestion.py
[2026-04-01T08:28:49.052+0000] {logging_mixin.py:188} INFO - [2026-04-01T08:28:49.052+0000] {dag.py:3089} INFO - Sync 1 DAGs
[2026-04-01T08:28:49.078+0000] {logging_mixin.py:188} INFO - [2026-04-01T08:28:49.078+0000] {dag.py:3947} INFO - Setting next_dagrun for spark-airflow-s3-ingestion-dag to None, run_after=None
[2026-04-01T08:28:49.119+0000] {processor.py:183} INFO - Processing /opt/airflow/dags/dag-spark-airflow-s3-ingestion.py took 0.189 seconds
[2026-04-01T08:29:19.432+0000] {processor.py:161} INFO - Started process (PID=2791) to work on /opt/airflow/dags/dag-spark-airflow-s3-ingestion.py
[2026-04-01T08:29:19.433+0000] {processor.py:830} INFO - Processing file /opt/airflow/dags/dag-spark-airflow-s3-ingestion.py for tasks to queue
[2026-04-01T08:29:19.437+0000] {logging_mixin.py:188} INFO - [2026-04-01T08:29:19.436+0000] {dagbag.py:545} INFO - Filling up the DagBag from /opt/airflow/dags/dag-spark-airflow-s3-ingestion.py
[2026-04-01T08:29:19.483+0000] {processor.py:840} INFO - DAG(s) 'spark-airflow-s3-ingestion-dag' retrieved from /opt/airflow/dags/dag-spark-airflow-s3-ingestion.py
[2026-04-01T08:29:19.536+0000] {logging_mixin.py:188} INFO - [2026-04-01T08:29:19.535+0000] {dag.py:3089} INFO - Sync 1 DAGs
[2026-04-01T08:29:19.563+0000] {logging_mixin.py:188} INFO - [2026-04-01T08:29:19.563+0000] {dag.py:3947} INFO - Setting next_dagrun for spark-airflow-s3-ingestion-dag to None, run_after=None
[2026-04-01T08:29:19.608+0000] {processor.py:183} INFO - Processing /opt/airflow/dags/dag-spark-airflow-s3-ingestion.py took 0.190 seconds
[2026-04-01T08:29:49.812+0000] {processor.py:161} INFO - Started process (PID=2816) to work on /opt/airflow/dags/dag-spark-airflow-s3-ingestion.py
[2026-04-01T08:29:49.814+0000] {processor.py:830} INFO - Processing file /opt/airflow/dags/dag-spark-airflow-s3-ingestion.py for tasks to queue
[2026-04-01T08:29:49.819+0000] {logging_mixin.py:188} INFO - [2026-04-01T08:29:49.819+0000] {dagbag.py:545} INFO - Filling up the DagBag from /opt/airflow/dags/dag-spark-airflow-s3-ingestion.py
[2026-04-01T08:29:49.870+0000] {processor.py:840} INFO - DAG(s) 'spark-airflow-s3-ingestion-dag' retrieved from /opt/airflow/dags/dag-spark-airflow-s3-ingestion.py
[2026-04-01T08:29:49.931+0000] {logging_mixin.py:188} INFO - [2026-04-01T08:29:49.930+0000] {dag.py:3089} INFO - Sync 1 DAGs
[2026-04-01T08:29:49.961+0000] {logging_mixin.py:188} INFO - [2026-04-01T08:29:49.961+0000] {dag.py:3947} INFO - Setting next_dagrun for spark-airflow-s3-ingestion-dag to None, run_after=None
[2026-04-01T08:29:50.005+0000] {processor.py:183} INFO - Processing /opt/airflow/dags/dag-spark-airflow-s3-ingestion.py took 0.209 seconds
[2026-04-01T08:30:20.213+0000] {processor.py:161} INFO - Started process (PID=2841) to work on /opt/airflow/dags/dag-spark-airflow-s3-ingestion.py
[2026-04-01T08:30:20.215+0000] {processor.py:830} INFO - Processing file /opt/airflow/dags/dag-spark-airflow-s3-ingestion.py for tasks to queue
[2026-04-01T08:30:20.221+0000] {logging_mixin.py:188} INFO - [2026-04-01T08:30:20.220+0000] {dagbag.py:545} INFO - Filling up the DagBag from /opt/airflow/dags/dag-spark-airflow-s3-ingestion.py
[2026-04-01T08:30:20.271+0000] {processor.py:840} INFO - DAG(s) 'spark-airflow-s3-ingestion-dag' retrieved from /opt/airflow/dags/dag-spark-airflow-s3-ingestion.py
[2026-04-01T08:30:20.326+0000] {logging_mixin.py:188} INFO - [2026-04-01T08:30:20.325+0000] {dag.py:3089} INFO - Sync 1 DAGs
[2026-04-01T08:30:20.352+0000] {logging_mixin.py:188} INFO - [2026-04-01T08:30:20.351+0000] {dag.py:3947} INFO - Setting next_dagrun for spark-airflow-s3-ingestion-dag to None, run_after=None
[2026-04-01T08:30:20.393+0000] {processor.py:183} INFO - Processing /opt/airflow/dags/dag-spark-airflow-s3-ingestion.py took 0.193 seconds
[2026-04-01T08:30:51.102+0000] {processor.py:161} INFO - Started process (PID=2866) to work on /opt/airflow/dags/dag-spark-airflow-s3-ingestion.py
[2026-04-01T08:30:51.105+0000] {processor.py:830} INFO - Processing file /opt/airflow/dags/dag-spark-airflow-s3-ingestion.py for tasks to queue
[2026-04-01T08:30:51.109+0000] {logging_mixin.py:188} INFO - [2026-04-01T08:30:51.109+0000] {dagbag.py:545} INFO - Filling up the DagBag from /opt/airflow/dags/dag-spark-airflow-s3-ingestion.py
[2026-04-01T08:30:51.160+0000] {processor.py:840} INFO - DAG(s) 'spark-airflow-s3-ingestion-dag' retrieved from /opt/airflow/dags/dag-spark-airflow-s3-ingestion.py
[2026-04-01T08:30:51.213+0000] {logging_mixin.py:188} INFO - [2026-04-01T08:30:51.213+0000] {dag.py:3089} INFO - Sync 1 DAGs
[2026-04-01T08:30:51.240+0000] {logging_mixin.py:188} INFO - [2026-04-01T08:30:51.239+0000] {dag.py:3947} INFO - Setting next_dagrun for spark-airflow-s3-ingestion-dag to None, run_after=None
[2026-04-01T08:30:51.285+0000] {processor.py:183} INFO - Processing /opt/airflow/dags/dag-spark-airflow-s3-ingestion.py took 0.198 seconds
[2026-04-01T08:31:21.459+0000] {processor.py:161} INFO - Started process (PID=2891) to work on /opt/airflow/dags/dag-spark-airflow-s3-ingestion.py
[2026-04-01T08:31:21.461+0000] {processor.py:830} INFO - Processing file /opt/airflow/dags/dag-spark-airflow-s3-ingestion.py for tasks to queue
[2026-04-01T08:31:21.465+0000] {logging_mixin.py:188} INFO - [2026-04-01T08:31:21.465+0000] {dagbag.py:545} INFO - Filling up the DagBag from /opt/airflow/dags/dag-spark-airflow-s3-ingestion.py
[2026-04-01T08:31:21.513+0000] {processor.py:840} INFO - DAG(s) 'spark-airflow-s3-ingestion-dag' retrieved from /opt/airflow/dags/dag-spark-airflow-s3-ingestion.py
[2026-04-01T08:31:21.571+0000] {logging_mixin.py:188} INFO - [2026-04-01T08:31:21.570+0000] {dag.py:3089} INFO - Sync 1 DAGs
[2026-04-01T08:31:21.599+0000] {logging_mixin.py:188} INFO - [2026-04-01T08:31:21.599+0000] {dag.py:3947} INFO - Setting next_dagrun for spark-airflow-s3-ingestion-dag to None, run_after=None
[2026-04-01T08:31:21.643+0000] {processor.py:183} INFO - Processing /opt/airflow/dags/dag-spark-airflow-s3-ingestion.py took 0.198 seconds
[2026-04-01T08:31:51.806+0000] {processor.py:161} INFO - Started process (PID=2916) to work on /opt/airflow/dags/dag-spark-airflow-s3-ingestion.py
[2026-04-01T08:31:51.808+0000] {processor.py:830} INFO - Processing file /opt/airflow/dags/dag-spark-airflow-s3-ingestion.py for tasks to queue
[2026-04-01T08:31:51.811+0000] {logging_mixin.py:188} INFO - [2026-04-01T08:31:51.811+0000] {dagbag.py:545} INFO - Filling up the DagBag from /opt/airflow/dags/dag-spark-airflow-s3-ingestion.py
[2026-04-01T08:31:51.854+0000] {processor.py:840} INFO - DAG(s) 'spark-airflow-s3-ingestion-dag' retrieved from /opt/airflow/dags/dag-spark-airflow-s3-ingestion.py
[2026-04-01T08:31:51.909+0000] {logging_mixin.py:188} INFO - [2026-04-01T08:31:51.909+0000] {dag.py:3089} INFO - Sync 1 DAGs
[2026-04-01T08:31:51.937+0000] {logging_mixin.py:188} INFO - [2026-04-01T08:31:51.936+0000] {dag.py:3947} INFO - Setting next_dagrun for spark-airflow-s3-ingestion-dag to None, run_after=None
[2026-04-01T08:31:51.987+0000] {processor.py:183} INFO - Processing /opt/airflow/dags/dag-spark-airflow-s3-ingestion.py took 0.194 seconds
[2026-04-01T08:32:22.179+0000] {processor.py:161} INFO - Started process (PID=2941) to work on /opt/airflow/dags/dag-spark-airflow-s3-ingestion.py
[2026-04-01T08:32:22.181+0000] {processor.py:830} INFO - Processing file /opt/airflow/dags/dag-spark-airflow-s3-ingestion.py for tasks to queue
[2026-04-01T08:32:22.184+0000] {logging_mixin.py:188} INFO - [2026-04-01T08:32:22.184+0000] {dagbag.py:545} INFO - Filling up the DagBag from /opt/airflow/dags/dag-spark-airflow-s3-ingestion.py
[2026-04-01T08:32:22.229+0000] {processor.py:840} INFO - DAG(s) 'spark-airflow-s3-ingestion-dag' retrieved from /opt/airflow/dags/dag-spark-airflow-s3-ingestion.py
[2026-04-01T08:32:22.280+0000] {logging_mixin.py:188} INFO - [2026-04-01T08:32:22.279+0000] {dag.py:3089} INFO - Sync 1 DAGs
[2026-04-01T08:32:22.308+0000] {logging_mixin.py:188} INFO - [2026-04-01T08:32:22.307+0000] {dag.py:3947} INFO - Setting next_dagrun for spark-airflow-s3-ingestion-dag to None, run_after=None
[2026-04-01T08:32:22.353+0000] {processor.py:183} INFO - Processing /opt/airflow/dags/dag-spark-airflow-s3-ingestion.py took 0.187 seconds
[2026-04-01T08:32:52.650+0000] {processor.py:161} INFO - Started process (PID=2966) to work on /opt/airflow/dags/dag-spark-airflow-s3-ingestion.py
[2026-04-01T08:32:52.660+0000] {processor.py:830} INFO - Processing file /opt/airflow/dags/dag-spark-airflow-s3-ingestion.py for tasks to queue
[2026-04-01T08:32:52.664+0000] {logging_mixin.py:188} INFO - [2026-04-01T08:32:52.663+0000] {dagbag.py:545} INFO - Filling up the DagBag from /opt/airflow/dags/dag-spark-airflow-s3-ingestion.py
[2026-04-01T08:32:52.708+0000] {processor.py:840} INFO - DAG(s) 'spark-airflow-s3-ingestion-dag' retrieved from /opt/airflow/dags/dag-spark-airflow-s3-ingestion.py
[2026-04-01T08:32:52.761+0000] {logging_mixin.py:188} INFO - [2026-04-01T08:32:52.760+0000] {dag.py:3089} INFO - Sync 1 DAGs
[2026-04-01T08:32:52.787+0000] {logging_mixin.py:188} INFO - [2026-04-01T08:32:52.787+0000] {dag.py:3947} INFO - Setting next_dagrun for spark-airflow-s3-ingestion-dag to None, run_after=None
[2026-04-01T08:32:52.831+0000] {processor.py:183} INFO - Processing /opt/airflow/dags/dag-spark-airflow-s3-ingestion.py took 0.193 seconds
[2026-04-01T08:33:22.949+0000] {processor.py:161} INFO - Started process (PID=2991) to work on /opt/airflow/dags/dag-spark-airflow-s3-ingestion.py
[2026-04-01T08:33:22.952+0000] {processor.py:830} INFO - Processing file /opt/airflow/dags/dag-spark-airflow-s3-ingestion.py for tasks to queue
[2026-04-01T08:33:22.956+0000] {logging_mixin.py:188} INFO - [2026-04-01T08:33:22.955+0000] {dagbag.py:545} INFO - Filling up the DagBag from /opt/airflow/dags/dag-spark-airflow-s3-ingestion.py
[2026-04-01T08:33:23.006+0000] {processor.py:840} INFO - DAG(s) 'spark-airflow-s3-ingestion-dag' retrieved from /opt/airflow/dags/dag-spark-airflow-s3-ingestion.py
[2026-04-01T08:33:23.062+0000] {logging_mixin.py:188} INFO - [2026-04-01T08:33:23.062+0000] {dag.py:3089} INFO - Sync 1 DAGs
[2026-04-01T08:33:23.091+0000] {logging_mixin.py:188} INFO - [2026-04-01T08:33:23.090+0000] {dag.py:3947} INFO - Setting next_dagrun for spark-airflow-s3-ingestion-dag to None, run_after=None
[2026-04-01T08:33:23.137+0000] {processor.py:183} INFO - Processing /opt/airflow/dags/dag-spark-airflow-s3-ingestion.py took 0.201 seconds
[2026-04-01T08:33:53.856+0000] {processor.py:161} INFO - Started process (PID=3016) to work on /opt/airflow/dags/dag-spark-airflow-s3-ingestion.py
[2026-04-01T08:33:53.858+0000] {processor.py:830} INFO - Processing file /opt/airflow/dags/dag-spark-airflow-s3-ingestion.py for tasks to queue
[2026-04-01T08:33:53.863+0000] {logging_mixin.py:188} INFO - [2026-04-01T08:33:53.862+0000] {dagbag.py:545} INFO - Filling up the DagBag from /opt/airflow/dags/dag-spark-airflow-s3-ingestion.py
[2026-04-01T08:33:53.911+0000] {processor.py:840} INFO - DAG(s) 'spark-airflow-s3-ingestion-dag' retrieved from /opt/airflow/dags/dag-spark-airflow-s3-ingestion.py
[2026-04-01T08:33:53.962+0000] {logging_mixin.py:188} INFO - [2026-04-01T08:33:53.962+0000] {dag.py:3089} INFO - Sync 1 DAGs
[2026-04-01T08:33:53.992+0000] {logging_mixin.py:188} INFO - [2026-04-01T08:33:53.992+0000] {dag.py:3947} INFO - Setting next_dagrun for spark-airflow-s3-ingestion-dag to None, run_after=None
[2026-04-01T08:33:54.050+0000] {processor.py:183} INFO - Processing /opt/airflow/dags/dag-spark-airflow-s3-ingestion.py took 0.204 seconds
[2026-04-01T08:34:24.467+0000] {processor.py:161} INFO - Started process (PID=3041) to work on /opt/airflow/dags/dag-spark-airflow-s3-ingestion.py
[2026-04-01T08:34:24.469+0000] {processor.py:830} INFO - Processing file /opt/airflow/dags/dag-spark-airflow-s3-ingestion.py for tasks to queue
[2026-04-01T08:34:24.474+0000] {logging_mixin.py:188} INFO - [2026-04-01T08:34:24.474+0000] {dagbag.py:545} INFO - Filling up the DagBag from /opt/airflow/dags/dag-spark-airflow-s3-ingestion.py
[2026-04-01T08:34:24.521+0000] {processor.py:840} INFO - DAG(s) 'spark-airflow-s3-ingestion-dag' retrieved from /opt/airflow/dags/dag-spark-airflow-s3-ingestion.py
[2026-04-01T08:34:24.573+0000] {logging_mixin.py:188} INFO - [2026-04-01T08:34:24.572+0000] {dag.py:3089} INFO - Sync 1 DAGs
[2026-04-01T08:34:24.596+0000] {logging_mixin.py:188} INFO - [2026-04-01T08:34:24.596+0000] {dag.py:3947} INFO - Setting next_dagrun for spark-airflow-s3-ingestion-dag to None, run_after=None
[2026-04-01T08:34:24.654+0000] {processor.py:183} INFO - Processing /opt/airflow/dags/dag-spark-airflow-s3-ingestion.py took 0.197 seconds
[2026-04-01T08:34:54.789+0000] {processor.py:161} INFO - Started process (PID=3066) to work on /opt/airflow/dags/dag-spark-airflow-s3-ingestion.py
[2026-04-01T08:34:54.791+0000] {processor.py:830} INFO - Processing file /opt/airflow/dags/dag-spark-airflow-s3-ingestion.py for tasks to queue
[2026-04-01T08:34:54.796+0000] {logging_mixin.py:188} INFO - [2026-04-01T08:34:54.795+0000] {dagbag.py:545} INFO - Filling up the DagBag from /opt/airflow/dags/dag-spark-airflow-s3-ingestion.py
[2026-04-01T08:34:54.841+0000] {processor.py:840} INFO - DAG(s) 'spark-airflow-s3-ingestion-dag' retrieved from /opt/airflow/dags/dag-spark-airflow-s3-ingestion.py
[2026-04-01T08:34:54.893+0000] {logging_mixin.py:188} INFO - [2026-04-01T08:34:54.892+0000] {dag.py:3089} INFO - Sync 1 DAGs
[2026-04-01T08:34:54.921+0000] {logging_mixin.py:188} INFO - [2026-04-01T08:34:54.920+0000] {dag.py:3947} INFO - Setting next_dagrun for spark-airflow-s3-ingestion-dag to None, run_after=None
[2026-04-01T08:34:54.965+0000] {processor.py:183} INFO - Processing /opt/airflow/dags/dag-spark-airflow-s3-ingestion.py took 0.191 seconds
[2026-04-01T08:35:25.186+0000] {processor.py:161} INFO - Started process (PID=3091) to work on /opt/airflow/dags/dag-spark-airflow-s3-ingestion.py
[2026-04-01T08:35:25.188+0000] {processor.py:830} INFO - Processing file /opt/airflow/dags/dag-spark-airflow-s3-ingestion.py for tasks to queue
[2026-04-01T08:35:25.192+0000] {logging_mixin.py:188} INFO - [2026-04-01T08:35:25.192+0000] {dagbag.py:545} INFO - Filling up the DagBag from /opt/airflow/dags/dag-spark-airflow-s3-ingestion.py
[2026-04-01T08:35:25.237+0000] {processor.py:840} INFO - DAG(s) 'spark-airflow-s3-ingestion-dag' retrieved from /opt/airflow/dags/dag-spark-airflow-s3-ingestion.py
[2026-04-01T08:35:25.292+0000] {logging_mixin.py:188} INFO - [2026-04-01T08:35:25.291+0000] {dag.py:3089} INFO - Sync 1 DAGs
[2026-04-01T08:35:25.320+0000] {logging_mixin.py:188} INFO - [2026-04-01T08:35:25.320+0000] {dag.py:3947} INFO - Setting next_dagrun for spark-airflow-s3-ingestion-dag to None, run_after=None
[2026-04-01T08:35:25.355+0000] {processor.py:183} INFO - Processing /opt/airflow/dags/dag-spark-airflow-s3-ingestion.py took 0.181 seconds
[2026-04-01T08:35:55.627+0000] {processor.py:161} INFO - Started process (PID=3116) to work on /opt/airflow/dags/dag-spark-airflow-s3-ingestion.py
[2026-04-01T08:35:55.628+0000] {processor.py:830} INFO - Processing file /opt/airflow/dags/dag-spark-airflow-s3-ingestion.py for tasks to queue
[2026-04-01T08:35:55.633+0000] {logging_mixin.py:188} INFO - [2026-04-01T08:35:55.632+0000] {dagbag.py:545} INFO - Filling up the DagBag from /opt/airflow/dags/dag-spark-airflow-s3-ingestion.py
[2026-04-01T08:35:55.674+0000] {processor.py:840} INFO - DAG(s) 'spark-airflow-s3-ingestion-dag' retrieved from /opt/airflow/dags/dag-spark-airflow-s3-ingestion.py
[2026-04-01T08:35:55.728+0000] {logging_mixin.py:188} INFO - [2026-04-01T08:35:55.727+0000] {dag.py:3089} INFO - Sync 1 DAGs
[2026-04-01T08:35:55.759+0000] {logging_mixin.py:188} INFO - [2026-04-01T08:35:55.758+0000] {dag.py:3947} INFO - Setting next_dagrun for spark-airflow-s3-ingestion-dag to None, run_after=None
[2026-04-01T08:35:55.806+0000] {processor.py:183} INFO - Processing /opt/airflow/dags/dag-spark-airflow-s3-ingestion.py took 0.191 seconds
[2026-04-01T08:36:26.146+0000] {processor.py:161} INFO - Started process (PID=3141) to work on /opt/airflow/dags/dag-spark-airflow-s3-ingestion.py
[2026-04-01T08:36:26.148+0000] {processor.py:830} INFO - Processing file /opt/airflow/dags/dag-spark-airflow-s3-ingestion.py for tasks to queue
[2026-04-01T08:36:26.152+0000] {logging_mixin.py:188} INFO - [2026-04-01T08:36:26.151+0000] {dagbag.py:545} INFO - Filling up the DagBag from /opt/airflow/dags/dag-spark-airflow-s3-ingestion.py
[2026-04-01T08:36:26.201+0000] {processor.py:840} INFO - DAG(s) 'spark-airflow-s3-ingestion-dag' retrieved from /opt/airflow/dags/dag-spark-airflow-s3-ingestion.py
[2026-04-01T08:36:26.264+0000] {logging_mixin.py:188} INFO - [2026-04-01T08:36:26.264+0000] {dag.py:3089} INFO - Sync 1 DAGs
[2026-04-01T08:36:26.294+0000] {logging_mixin.py:188} INFO - [2026-04-01T08:36:26.294+0000] {dag.py:3947} INFO - Setting next_dagrun for spark-airflow-s3-ingestion-dag to None, run_after=None
[2026-04-01T08:36:26.338+0000] {processor.py:183} INFO - Processing /opt/airflow/dags/dag-spark-airflow-s3-ingestion.py took 0.209 seconds
[2026-04-01T08:36:56.716+0000] {processor.py:161} INFO - Started process (PID=3166) to work on /opt/airflow/dags/dag-spark-airflow-s3-ingestion.py
[2026-04-01T08:36:56.719+0000] {processor.py:830} INFO - Processing file /opt/airflow/dags/dag-spark-airflow-s3-ingestion.py for tasks to queue
[2026-04-01T08:36:56.724+0000] {logging_mixin.py:188} INFO - [2026-04-01T08:36:56.723+0000] {dagbag.py:545} INFO - Filling up the DagBag from /opt/airflow/dags/dag-spark-airflow-s3-ingestion.py
[2026-04-01T08:36:56.779+0000] {processor.py:840} INFO - DAG(s) 'spark-airflow-s3-ingestion-dag' retrieved from /opt/airflow/dags/dag-spark-airflow-s3-ingestion.py
[2026-04-01T08:36:56.861+0000] {logging_mixin.py:188} INFO - [2026-04-01T08:36:56.861+0000] {dag.py:3089} INFO - Sync 1 DAGs
[2026-04-01T08:36:56.904+0000] {logging_mixin.py:188} INFO - [2026-04-01T08:36:56.904+0000] {dag.py:3947} INFO - Setting next_dagrun for spark-airflow-s3-ingestion-dag to None, run_after=None
[2026-04-01T08:36:56.959+0000] {processor.py:183} INFO - Processing /opt/airflow/dags/dag-spark-airflow-s3-ingestion.py took 0.257 seconds
[2026-04-01T08:37:28.011+0000] {processor.py:161} INFO - Started process (PID=3191) to work on /opt/airflow/dags/dag-spark-airflow-s3-ingestion.py
[2026-04-01T08:37:28.014+0000] {processor.py:830} INFO - Processing file /opt/airflow/dags/dag-spark-airflow-s3-ingestion.py for tasks to queue
[2026-04-01T08:37:28.019+0000] {logging_mixin.py:188} INFO - [2026-04-01T08:37:28.018+0000] {dagbag.py:545} INFO - Filling up the DagBag from /opt/airflow/dags/dag-spark-airflow-s3-ingestion.py
[2026-04-01T08:37:28.074+0000] {processor.py:840} INFO - DAG(s) 'spark-airflow-s3-ingestion-dag' retrieved from /opt/airflow/dags/dag-spark-airflow-s3-ingestion.py
[2026-04-01T08:37:28.148+0000] {logging_mixin.py:188} INFO - [2026-04-01T08:37:28.148+0000] {dag.py:3089} INFO - Sync 1 DAGs
[2026-04-01T08:37:28.180+0000] {logging_mixin.py:188} INFO - [2026-04-01T08:37:28.180+0000] {dag.py:3947} INFO - Setting next_dagrun for spark-airflow-s3-ingestion-dag to None, run_after=None
[2026-04-01T08:37:28.234+0000] {processor.py:183} INFO - Processing /opt/airflow/dags/dag-spark-airflow-s3-ingestion.py took 0.242 seconds
[2026-04-01T08:37:58.500+0000] {processor.py:161} INFO - Started process (PID=3216) to work on /opt/airflow/dags/dag-spark-airflow-s3-ingestion.py
[2026-04-01T08:37:58.503+0000] {processor.py:830} INFO - Processing file /opt/airflow/dags/dag-spark-airflow-s3-ingestion.py for tasks to queue
[2026-04-01T08:37:58.507+0000] {logging_mixin.py:188} INFO - [2026-04-01T08:37:58.506+0000] {dagbag.py:545} INFO - Filling up the DagBag from /opt/airflow/dags/dag-spark-airflow-s3-ingestion.py
[2026-04-01T08:37:58.549+0000] {processor.py:840} INFO - DAG(s) 'spark-airflow-s3-ingestion-dag' retrieved from /opt/airflow/dags/dag-spark-airflow-s3-ingestion.py
[2026-04-01T08:37:58.597+0000] {logging_mixin.py:188} INFO - [2026-04-01T08:37:58.596+0000] {dag.py:3089} INFO - Sync 1 DAGs
[2026-04-01T08:37:58.627+0000] {logging_mixin.py:188} INFO - [2026-04-01T08:37:58.626+0000] {dag.py:3947} INFO - Setting next_dagrun for spark-airflow-s3-ingestion-dag to None, run_after=None
[2026-04-01T08:37:58.669+0000] {processor.py:183} INFO - Processing /opt/airflow/dags/dag-spark-airflow-s3-ingestion.py took 0.185 seconds
[2026-04-01T08:38:29.023+0000] {processor.py:161} INFO - Started process (PID=3241) to work on /opt/airflow/dags/dag-spark-airflow-s3-ingestion.py
[2026-04-01T08:38:29.025+0000] {processor.py:830} INFO - Processing file /opt/airflow/dags/dag-spark-airflow-s3-ingestion.py for tasks to queue
[2026-04-01T08:38:29.030+0000] {logging_mixin.py:188} INFO - [2026-04-01T08:38:29.029+0000] {dagbag.py:545} INFO - Filling up the DagBag from /opt/airflow/dags/dag-spark-airflow-s3-ingestion.py
[2026-04-01T08:38:29.076+0000] {processor.py:840} INFO - DAG(s) 'spark-airflow-s3-ingestion-dag' retrieved from /opt/airflow/dags/dag-spark-airflow-s3-ingestion.py
[2026-04-01T08:38:29.125+0000] {logging_mixin.py:188} INFO - [2026-04-01T08:38:29.124+0000] {dag.py:3089} INFO - Sync 1 DAGs
[2026-04-01T08:38:29.151+0000] {logging_mixin.py:188} INFO - [2026-04-01T08:38:29.150+0000] {dag.py:3947} INFO - Setting next_dagrun for spark-airflow-s3-ingestion-dag to None, run_after=None
[2026-04-01T08:38:29.192+0000] {processor.py:183} INFO - Processing /opt/airflow/dags/dag-spark-airflow-s3-ingestion.py took 0.181 seconds
[2026-04-01T08:38:59.403+0000] {processor.py:161} INFO - Started process (PID=3266) to work on /opt/airflow/dags/dag-spark-airflow-s3-ingestion.py
[2026-04-01T08:38:59.406+0000] {processor.py:830} INFO - Processing file /opt/airflow/dags/dag-spark-airflow-s3-ingestion.py for tasks to queue
[2026-04-01T08:38:59.411+0000] {logging_mixin.py:188} INFO - [2026-04-01T08:38:59.410+0000] {dagbag.py:545} INFO - Filling up the DagBag from /opt/airflow/dags/dag-spark-airflow-s3-ingestion.py
[2026-04-01T08:38:59.456+0000] {processor.py:840} INFO - DAG(s) 'spark-airflow-s3-ingestion-dag' retrieved from /opt/airflow/dags/dag-spark-airflow-s3-ingestion.py
[2026-04-01T08:38:59.506+0000] {logging_mixin.py:188} INFO - [2026-04-01T08:38:59.505+0000] {dag.py:3089} INFO - Sync 1 DAGs
[2026-04-01T08:38:59.532+0000] {logging_mixin.py:188} INFO - [2026-04-01T08:38:59.532+0000] {dag.py:3947} INFO - Setting next_dagrun for spark-airflow-s3-ingestion-dag to None, run_after=None
[2026-04-01T08:38:59.575+0000] {processor.py:183} INFO - Processing /opt/airflow/dags/dag-spark-airflow-s3-ingestion.py took 0.186 seconds
[2026-04-01T08:39:29.851+0000] {processor.py:161} INFO - Started process (PID=3291) to work on /opt/airflow/dags/dag-spark-airflow-s3-ingestion.py
[2026-04-01T08:39:29.853+0000] {processor.py:830} INFO - Processing file /opt/airflow/dags/dag-spark-airflow-s3-ingestion.py for tasks to queue
[2026-04-01T08:39:29.857+0000] {logging_mixin.py:188} INFO - [2026-04-01T08:39:29.856+0000] {dagbag.py:545} INFO - Filling up the DagBag from /opt/airflow/dags/dag-spark-airflow-s3-ingestion.py
[2026-04-01T08:39:29.903+0000] {processor.py:840} INFO - DAG(s) 'spark-airflow-s3-ingestion-dag' retrieved from /opt/airflow/dags/dag-spark-airflow-s3-ingestion.py
[2026-04-01T08:39:29.954+0000] {logging_mixin.py:188} INFO - [2026-04-01T08:39:29.954+0000] {dag.py:3089} INFO - Sync 1 DAGs
[2026-04-01T08:39:29.980+0000] {logging_mixin.py:188} INFO - [2026-04-01T08:39:29.980+0000] {dag.py:3947} INFO - Setting next_dagrun for spark-airflow-s3-ingestion-dag to None, run_after=None
[2026-04-01T08:39:30.030+0000] {processor.py:183} INFO - Processing /opt/airflow/dags/dag-spark-airflow-s3-ingestion.py took 0.192 seconds
[2026-04-01T08:40:00.357+0000] {processor.py:161} INFO - Started process (PID=3316) to work on /opt/airflow/dags/dag-spark-airflow-s3-ingestion.py
[2026-04-01T08:40:00.360+0000] {processor.py:830} INFO - Processing file /opt/airflow/dags/dag-spark-airflow-s3-ingestion.py for tasks to queue
[2026-04-01T08:40:00.364+0000] {logging_mixin.py:188} INFO - [2026-04-01T08:40:00.363+0000] {dagbag.py:545} INFO - Filling up the DagBag from /opt/airflow/dags/dag-spark-airflow-s3-ingestion.py
[2026-04-01T08:40:00.420+0000] {processor.py:840} INFO - DAG(s) 'spark-airflow-s3-ingestion-dag' retrieved from /opt/airflow/dags/dag-spark-airflow-s3-ingestion.py
[2026-04-01T08:40:00.493+0000] {logging_mixin.py:188} INFO - [2026-04-01T08:40:00.492+0000] {dag.py:3089} INFO - Sync 1 DAGs
[2026-04-01T08:40:00.524+0000] {logging_mixin.py:188} INFO - [2026-04-01T08:40:00.524+0000] {dag.py:3947} INFO - Setting next_dagrun for spark-airflow-s3-ingestion-dag to None, run_after=None
[2026-04-01T08:40:00.576+0000] {processor.py:183} INFO - Processing /opt/airflow/dags/dag-spark-airflow-s3-ingestion.py took 0.235 seconds
[2026-04-01T08:40:30.959+0000] {processor.py:161} INFO - Started process (PID=3341) to work on /opt/airflow/dags/dag-spark-airflow-s3-ingestion.py
[2026-04-01T08:40:30.961+0000] {processor.py:830} INFO - Processing file /opt/airflow/dags/dag-spark-airflow-s3-ingestion.py for tasks to queue
[2026-04-01T08:40:30.966+0000] {logging_mixin.py:188} INFO - [2026-04-01T08:40:30.965+0000] {dagbag.py:545} INFO - Filling up the DagBag from /opt/airflow/dags/dag-spark-airflow-s3-ingestion.py
[2026-04-01T08:40:31.010+0000] {processor.py:840} INFO - DAG(s) 'spark-airflow-s3-ingestion-dag' retrieved from /opt/airflow/dags/dag-spark-airflow-s3-ingestion.py
[2026-04-01T08:40:31.060+0000] {logging_mixin.py:188} INFO - [2026-04-01T08:40:31.059+0000] {dag.py:3089} INFO - Sync 1 DAGs
[2026-04-01T08:40:31.086+0000] {logging_mixin.py:188} INFO - [2026-04-01T08:40:31.086+0000] {dag.py:3947} INFO - Setting next_dagrun for spark-airflow-s3-ingestion-dag to None, run_after=None
[2026-04-01T08:40:31.128+0000] {processor.py:183} INFO - Processing /opt/airflow/dags/dag-spark-airflow-s3-ingestion.py took 0.182 seconds
[2026-04-01T08:41:01.582+0000] {processor.py:161} INFO - Started process (PID=3366) to work on /opt/airflow/dags/dag-spark-airflow-s3-ingestion.py
[2026-04-01T08:41:01.584+0000] {processor.py:830} INFO - Processing file /opt/airflow/dags/dag-spark-airflow-s3-ingestion.py for tasks to queue
[2026-04-01T08:41:01.589+0000] {logging_mixin.py:188} INFO - [2026-04-01T08:41:01.588+0000] {dagbag.py:545} INFO - Filling up the DagBag from /opt/airflow/dags/dag-spark-airflow-s3-ingestion.py
[2026-04-01T08:41:01.649+0000] {processor.py:840} INFO - DAG(s) 'spark-airflow-s3-ingestion-dag' retrieved from /opt/airflow/dags/dag-spark-airflow-s3-ingestion.py
[2026-04-01T08:41:01.723+0000] {logging_mixin.py:188} INFO - [2026-04-01T08:41:01.722+0000] {dag.py:3089} INFO - Sync 1 DAGs
[2026-04-01T08:41:01.763+0000] {logging_mixin.py:188} INFO - [2026-04-01T08:41:01.762+0000] {dag.py:3947} INFO - Setting next_dagrun for spark-airflow-s3-ingestion-dag to None, run_after=None
[2026-04-01T08:41:01.848+0000] {processor.py:183} INFO - Processing /opt/airflow/dags/dag-spark-airflow-s3-ingestion.py took 0.282 seconds
[2026-04-01T08:41:32.119+0000] {processor.py:161} INFO - Started process (PID=3391) to work on /opt/airflow/dags/dag-spark-airflow-s3-ingestion.py
[2026-04-01T08:41:32.122+0000] {processor.py:830} INFO - Processing file /opt/airflow/dags/dag-spark-airflow-s3-ingestion.py for tasks to queue
[2026-04-01T08:41:32.127+0000] {logging_mixin.py:188} INFO - [2026-04-01T08:41:32.126+0000] {dagbag.py:545} INFO - Filling up the DagBag from /opt/airflow/dags/dag-spark-airflow-s3-ingestion.py
[2026-04-01T08:41:32.173+0000] {processor.py:840} INFO - DAG(s) 'spark-airflow-s3-ingestion-dag' retrieved from /opt/airflow/dags/dag-spark-airflow-s3-ingestion.py
[2026-04-01T08:41:32.228+0000] {logging_mixin.py:188} INFO - [2026-04-01T08:41:32.227+0000] {dag.py:3089} INFO - Sync 1 DAGs
[2026-04-01T08:41:32.258+0000] {logging_mixin.py:188} INFO - [2026-04-01T08:41:32.258+0000] {dag.py:3947} INFO - Setting next_dagrun for spark-airflow-s3-ingestion-dag to None, run_after=None
[2026-04-01T08:41:32.306+0000] {processor.py:183} INFO - Processing /opt/airflow/dags/dag-spark-airflow-s3-ingestion.py took 0.201 seconds
[2026-04-01T08:42:02.463+0000] {processor.py:161} INFO - Started process (PID=3416) to work on /opt/airflow/dags/dag-spark-airflow-s3-ingestion.py
[2026-04-01T08:42:02.465+0000] {processor.py:830} INFO - Processing file /opt/airflow/dags/dag-spark-airflow-s3-ingestion.py for tasks to queue
[2026-04-01T08:42:02.469+0000] {logging_mixin.py:188} INFO - [2026-04-01T08:42:02.468+0000] {dagbag.py:545} INFO - Filling up the DagBag from /opt/airflow/dags/dag-spark-airflow-s3-ingestion.py
[2026-04-01T08:42:02.513+0000] {processor.py:840} INFO - DAG(s) 'spark-airflow-s3-ingestion-dag' retrieved from /opt/airflow/dags/dag-spark-airflow-s3-ingestion.py
[2026-04-01T08:42:02.564+0000] {logging_mixin.py:188} INFO - [2026-04-01T08:42:02.564+0000] {dag.py:3089} INFO - Sync 1 DAGs
[2026-04-01T08:42:02.590+0000] {logging_mixin.py:188} INFO - [2026-04-01T08:42:02.590+0000] {dag.py:3947} INFO - Setting next_dagrun for spark-airflow-s3-ingestion-dag to None, run_after=None
[2026-04-01T08:42:02.645+0000] {processor.py:183} INFO - Processing /opt/airflow/dags/dag-spark-airflow-s3-ingestion.py took 0.192 seconds
[2026-04-01T08:42:32.835+0000] {processor.py:161} INFO - Started process (PID=3441) to work on /opt/airflow/dags/dag-spark-airflow-s3-ingestion.py
[2026-04-01T08:42:32.838+0000] {processor.py:830} INFO - Processing file /opt/airflow/dags/dag-spark-airflow-s3-ingestion.py for tasks to queue
[2026-04-01T08:42:32.841+0000] {logging_mixin.py:188} INFO - [2026-04-01T08:42:32.840+0000] {dagbag.py:545} INFO - Filling up the DagBag from /opt/airflow/dags/dag-spark-airflow-s3-ingestion.py
[2026-04-01T08:42:32.888+0000] {processor.py:840} INFO - DAG(s) 'spark-airflow-s3-ingestion-dag' retrieved from /opt/airflow/dags/dag-spark-airflow-s3-ingestion.py
[2026-04-01T08:42:32.945+0000] {logging_mixin.py:188} INFO - [2026-04-01T08:42:32.945+0000] {dag.py:3089} INFO - Sync 1 DAGs
[2026-04-01T08:42:32.976+0000] {logging_mixin.py:188} INFO - [2026-04-01T08:42:32.976+0000] {dag.py:3947} INFO - Setting next_dagrun for spark-airflow-s3-ingestion-dag to None, run_after=None
[2026-04-01T08:42:33.019+0000] {processor.py:183} INFO - Processing /opt/airflow/dags/dag-spark-airflow-s3-ingestion.py took 0.196 seconds
[2026-04-01T08:43:03.981+0000] {processor.py:161} INFO - Started process (PID=3466) to work on /opt/airflow/dags/dag-spark-airflow-s3-ingestion.py
[2026-04-01T08:43:03.983+0000] {processor.py:830} INFO - Processing file /opt/airflow/dags/dag-spark-airflow-s3-ingestion.py for tasks to queue
[2026-04-01T08:43:03.987+0000] {logging_mixin.py:188} INFO - [2026-04-01T08:43:03.987+0000] {dagbag.py:545} INFO - Filling up the DagBag from /opt/airflow/dags/dag-spark-airflow-s3-ingestion.py
[2026-04-01T08:43:04.033+0000] {processor.py:840} INFO - DAG(s) 'spark-airflow-s3-ingestion-dag' retrieved from /opt/airflow/dags/dag-spark-airflow-s3-ingestion.py
[2026-04-01T08:43:04.087+0000] {logging_mixin.py:188} INFO - [2026-04-01T08:43:04.086+0000] {dag.py:3089} INFO - Sync 1 DAGs
[2026-04-01T08:43:04.116+0000] {logging_mixin.py:188} INFO - [2026-04-01T08:43:04.115+0000] {dag.py:3947} INFO - Setting next_dagrun for spark-airflow-s3-ingestion-dag to None, run_after=None
[2026-04-01T08:43:04.157+0000] {processor.py:183} INFO - Processing /opt/airflow/dags/dag-spark-airflow-s3-ingestion.py took 0.190 seconds
[2026-04-01T08:43:34.327+0000] {processor.py:161} INFO - Started process (PID=3491) to work on /opt/airflow/dags/dag-spark-airflow-s3-ingestion.py
[2026-04-01T08:43:34.330+0000] {processor.py:830} INFO - Processing file /opt/airflow/dags/dag-spark-airflow-s3-ingestion.py for tasks to queue
[2026-04-01T08:43:34.333+0000] {logging_mixin.py:188} INFO - [2026-04-01T08:43:34.333+0000] {dagbag.py:545} INFO - Filling up the DagBag from /opt/airflow/dags/dag-spark-airflow-s3-ingestion.py
[2026-04-01T08:43:34.367+0000] {processor.py:840} INFO - DAG(s) 'spark-airflow-s3-ingestion-dag' retrieved from /opt/airflow/dags/dag-spark-airflow-s3-ingestion.py
[2026-04-01T08:43:34.426+0000] {logging_mixin.py:188} INFO - [2026-04-01T08:43:34.425+0000] {dag.py:3089} INFO - Sync 1 DAGs
[2026-04-01T08:43:34.464+0000] {logging_mixin.py:188} INFO - [2026-04-01T08:43:34.463+0000] {dag.py:3947} INFO - Setting next_dagrun for spark-airflow-s3-ingestion-dag to None, run_after=None
[2026-04-01T08:43:34.624+0000] {processor.py:183} INFO - Processing /opt/airflow/dags/dag-spark-airflow-s3-ingestion.py took 0.310 seconds
[2026-04-01T08:44:04.947+0000] {processor.py:161} INFO - Started process (PID=3516) to work on /opt/airflow/dags/dag-spark-airflow-s3-ingestion.py
[2026-04-01T08:44:04.950+0000] {processor.py:830} INFO - Processing file /opt/airflow/dags/dag-spark-airflow-s3-ingestion.py for tasks to queue
[2026-04-01T08:44:04.958+0000] {logging_mixin.py:188} INFO - [2026-04-01T08:44:04.956+0000] {dagbag.py:545} INFO - Filling up the DagBag from /opt/airflow/dags/dag-spark-airflow-s3-ingestion.py
[2026-04-01T08:44:05.007+0000] {processor.py:840} INFO - DAG(s) 'spark-airflow-s3-ingestion-dag' retrieved from /opt/airflow/dags/dag-spark-airflow-s3-ingestion.py
[2026-04-01T08:44:05.075+0000] {logging_mixin.py:188} INFO - [2026-04-01T08:44:05.075+0000] {dag.py:3089} INFO - Sync 1 DAGs
[2026-04-01T08:44:05.106+0000] {logging_mixin.py:188} INFO - [2026-04-01T08:44:05.106+0000] {dag.py:3947} INFO - Setting next_dagrun for spark-airflow-s3-ingestion-dag to None, run_after=None
[2026-04-01T08:44:05.157+0000] {processor.py:183} INFO - Processing /opt/airflow/dags/dag-spark-airflow-s3-ingestion.py took 0.239 seconds
[2026-04-01T08:44:35.644+0000] {processor.py:161} INFO - Started process (PID=3541) to work on /opt/airflow/dags/dag-spark-airflow-s3-ingestion.py
[2026-04-01T08:44:35.646+0000] {processor.py:830} INFO - Processing file /opt/airflow/dags/dag-spark-airflow-s3-ingestion.py for tasks to queue
[2026-04-01T08:44:35.651+0000] {logging_mixin.py:188} INFO - [2026-04-01T08:44:35.650+0000] {dagbag.py:545} INFO - Filling up the DagBag from /opt/airflow/dags/dag-spark-airflow-s3-ingestion.py
[2026-04-01T08:44:35.708+0000] {processor.py:840} INFO - DAG(s) 'spark-airflow-s3-ingestion-dag' retrieved from /opt/airflow/dags/dag-spark-airflow-s3-ingestion.py
[2026-04-01T08:44:35.777+0000] {logging_mixin.py:188} INFO - [2026-04-01T08:44:35.777+0000] {dag.py:3089} INFO - Sync 1 DAGs
[2026-04-01T08:44:35.816+0000] {logging_mixin.py:188} INFO - [2026-04-01T08:44:35.815+0000] {dag.py:3947} INFO - Setting next_dagrun for spark-airflow-s3-ingestion-dag to None, run_after=None
[2026-04-01T08:44:35.870+0000] {processor.py:183} INFO - Processing /opt/airflow/dags/dag-spark-airflow-s3-ingestion.py took 0.242 seconds
[2026-04-01T08:45:06.113+0000] {processor.py:161} INFO - Started process (PID=3566) to work on /opt/airflow/dags/dag-spark-airflow-s3-ingestion.py
[2026-04-01T08:45:06.115+0000] {processor.py:830} INFO - Processing file /opt/airflow/dags/dag-spark-airflow-s3-ingestion.py for tasks to queue
[2026-04-01T08:45:06.118+0000] {logging_mixin.py:188} INFO - [2026-04-01T08:45:06.118+0000] {dagbag.py:545} INFO - Filling up the DagBag from /opt/airflow/dags/dag-spark-airflow-s3-ingestion.py
[2026-04-01T08:45:06.163+0000] {processor.py:840} INFO - DAG(s) 'spark-airflow-s3-ingestion-dag' retrieved from /opt/airflow/dags/dag-spark-airflow-s3-ingestion.py
[2026-04-01T08:45:06.214+0000] {logging_mixin.py:188} INFO - [2026-04-01T08:45:06.213+0000] {dag.py:3089} INFO - Sync 1 DAGs
[2026-04-01T08:45:06.238+0000] {logging_mixin.py:188} INFO - [2026-04-01T08:45:06.238+0000] {dag.py:3947} INFO - Setting next_dagrun for spark-airflow-s3-ingestion-dag to None, run_after=None
[2026-04-01T08:45:06.302+0000] {processor.py:183} INFO - Processing /opt/airflow/dags/dag-spark-airflow-s3-ingestion.py took 0.201 seconds
[2026-04-01T08:45:36.596+0000] {processor.py:161} INFO - Started process (PID=3591) to work on /opt/airflow/dags/dag-spark-airflow-s3-ingestion.py
[2026-04-01T08:45:36.598+0000] {processor.py:830} INFO - Processing file /opt/airflow/dags/dag-spark-airflow-s3-ingestion.py for tasks to queue
[2026-04-01T08:45:36.602+0000] {logging_mixin.py:188} INFO - [2026-04-01T08:45:36.602+0000] {dagbag.py:545} INFO - Filling up the DagBag from /opt/airflow/dags/dag-spark-airflow-s3-ingestion.py
[2026-04-01T08:45:36.647+0000] {processor.py:840} INFO - DAG(s) 'spark-airflow-s3-ingestion-dag' retrieved from /opt/airflow/dags/dag-spark-airflow-s3-ingestion.py
[2026-04-01T08:45:36.695+0000] {logging_mixin.py:188} INFO - [2026-04-01T08:45:36.694+0000] {dag.py:3089} INFO - Sync 1 DAGs
[2026-04-01T08:45:36.722+0000] {logging_mixin.py:188} INFO - [2026-04-01T08:45:36.722+0000] {dag.py:3947} INFO - Setting next_dagrun for spark-airflow-s3-ingestion-dag to None, run_after=None
[2026-04-01T08:45:36.779+0000] {processor.py:183} INFO - Processing /opt/airflow/dags/dag-spark-airflow-s3-ingestion.py took 0.196 seconds
[2026-04-01T08:46:07.289+0000] {processor.py:161} INFO - Started process (PID=3616) to work on /opt/airflow/dags/dag-spark-airflow-s3-ingestion.py
[2026-04-01T08:46:07.291+0000] {processor.py:830} INFO - Processing file /opt/airflow/dags/dag-spark-airflow-s3-ingestion.py for tasks to queue
[2026-04-01T08:46:07.295+0000] {logging_mixin.py:188} INFO - [2026-04-01T08:46:07.295+0000] {dagbag.py:545} INFO - Filling up the DagBag from /opt/airflow/dags/dag-spark-airflow-s3-ingestion.py
[2026-04-01T08:46:07.341+0000] {processor.py:840} INFO - DAG(s) 'spark-airflow-s3-ingestion-dag' retrieved from /opt/airflow/dags/dag-spark-airflow-s3-ingestion.py
[2026-04-01T08:46:07.390+0000] {logging_mixin.py:188} INFO - [2026-04-01T08:46:07.389+0000] {dag.py:3089} INFO - Sync 1 DAGs
[2026-04-01T08:46:07.414+0000] {logging_mixin.py:188} INFO - [2026-04-01T08:46:07.414+0000] {dag.py:3947} INFO - Setting next_dagrun for spark-airflow-s3-ingestion-dag to None, run_after=None
[2026-04-01T08:46:07.457+0000] {processor.py:183} INFO - Processing /opt/airflow/dags/dag-spark-airflow-s3-ingestion.py took 0.182 seconds
[2026-04-01T08:46:37.851+0000] {processor.py:161} INFO - Started process (PID=3641) to work on /opt/airflow/dags/dag-spark-airflow-s3-ingestion.py
[2026-04-01T08:46:37.854+0000] {processor.py:830} INFO - Processing file /opt/airflow/dags/dag-spark-airflow-s3-ingestion.py for tasks to queue
[2026-04-01T08:46:37.860+0000] {logging_mixin.py:188} INFO - [2026-04-01T08:46:37.859+0000] {dagbag.py:545} INFO - Filling up the DagBag from /opt/airflow/dags/dag-spark-airflow-s3-ingestion.py
[2026-04-01T08:46:37.937+0000] {processor.py:840} INFO - DAG(s) 'spark-airflow-s3-ingestion-dag' retrieved from /opt/airflow/dags/dag-spark-airflow-s3-ingestion.py
[2026-04-01T08:46:38.022+0000] {logging_mixin.py:188} INFO - [2026-04-01T08:46:38.022+0000] {dag.py:3089} INFO - Sync 1 DAGs
[2026-04-01T08:46:38.063+0000] {logging_mixin.py:188} INFO - [2026-04-01T08:46:38.062+0000] {dag.py:3947} INFO - Setting next_dagrun for spark-airflow-s3-ingestion-dag to None, run_after=None
[2026-04-01T08:46:38.118+0000] {processor.py:183} INFO - Processing /opt/airflow/dags/dag-spark-airflow-s3-ingestion.py took 0.289 seconds
[2026-04-01T08:47:08.513+0000] {processor.py:161} INFO - Started process (PID=3666) to work on /opt/airflow/dags/dag-spark-airflow-s3-ingestion.py
[2026-04-01T08:47:08.515+0000] {processor.py:830} INFO - Processing file /opt/airflow/dags/dag-spark-airflow-s3-ingestion.py for tasks to queue
[2026-04-01T08:47:08.522+0000] {logging_mixin.py:188} INFO - [2026-04-01T08:47:08.521+0000] {dagbag.py:545} INFO - Filling up the DagBag from /opt/airflow/dags/dag-spark-airflow-s3-ingestion.py
[2026-04-01T08:47:08.591+0000] {processor.py:840} INFO - DAG(s) 'spark-airflow-s3-ingestion-dag' retrieved from /opt/airflow/dags/dag-spark-airflow-s3-ingestion.py
[2026-04-01T08:47:08.683+0000] {logging_mixin.py:188} INFO - [2026-04-01T08:47:08.682+0000] {dag.py:3089} INFO - Sync 1 DAGs
[2026-04-01T08:47:08.739+0000] {logging_mixin.py:188} INFO - [2026-04-01T08:47:08.739+0000] {dag.py:3947} INFO - Setting next_dagrun for spark-airflow-s3-ingestion-dag to None, run_after=None
[2026-04-01T08:47:08.792+0000] {processor.py:183} INFO - Processing /opt/airflow/dags/dag-spark-airflow-s3-ingestion.py took 0.297 seconds
[2026-04-01T08:47:39.302+0000] {processor.py:161} INFO - Started process (PID=3691) to work on /opt/airflow/dags/dag-spark-airflow-s3-ingestion.py
[2026-04-01T08:47:39.304+0000] {processor.py:830} INFO - Processing file /opt/airflow/dags/dag-spark-airflow-s3-ingestion.py for tasks to queue
[2026-04-01T08:47:39.311+0000] {logging_mixin.py:188} INFO - [2026-04-01T08:47:39.309+0000] {dagbag.py:545} INFO - Filling up the DagBag from /opt/airflow/dags/dag-spark-airflow-s3-ingestion.py
[2026-04-01T08:47:39.364+0000] {processor.py:840} INFO - DAG(s) 'spark-airflow-s3-ingestion-dag' retrieved from /opt/airflow/dags/dag-spark-airflow-s3-ingestion.py
[2026-04-01T08:47:39.443+0000] {logging_mixin.py:188} INFO - [2026-04-01T08:47:39.443+0000] {dag.py:3089} INFO - Sync 1 DAGs
[2026-04-01T08:47:39.485+0000] {logging_mixin.py:188} INFO - [2026-04-01T08:47:39.485+0000] {dag.py:3947} INFO - Setting next_dagrun for spark-airflow-s3-ingestion-dag to None, run_after=None
[2026-04-01T08:47:39.539+0000] {processor.py:183} INFO - Processing /opt/airflow/dags/dag-spark-airflow-s3-ingestion.py took 0.251 seconds
[2026-04-01T08:48:09.988+0000] {processor.py:161} INFO - Started process (PID=3716) to work on /opt/airflow/dags/dag-spark-airflow-s3-ingestion.py
[2026-04-01T08:48:09.990+0000] {processor.py:830} INFO - Processing file /opt/airflow/dags/dag-spark-airflow-s3-ingestion.py for tasks to queue
[2026-04-01T08:48:09.994+0000] {logging_mixin.py:188} INFO - [2026-04-01T08:48:09.993+0000] {dagbag.py:545} INFO - Filling up the DagBag from /opt/airflow/dags/dag-spark-airflow-s3-ingestion.py
[2026-04-01T08:48:10.039+0000] {processor.py:840} INFO - DAG(s) 'spark-airflow-s3-ingestion-dag' retrieved from /opt/airflow/dags/dag-spark-airflow-s3-ingestion.py
[2026-04-01T08:48:10.089+0000] {logging_mixin.py:188} INFO - [2026-04-01T08:48:10.088+0000] {dag.py:3089} INFO - Sync 1 DAGs
[2026-04-01T08:48:10.118+0000] {logging_mixin.py:188} INFO - [2026-04-01T08:48:10.118+0000] {dag.py:3947} INFO - Setting next_dagrun for spark-airflow-s3-ingestion-dag to None, run_after=None
[2026-04-01T08:48:10.161+0000] {processor.py:183} INFO - Processing /opt/airflow/dags/dag-spark-airflow-s3-ingestion.py took 0.186 seconds
[2026-04-01T08:48:40.294+0000] {processor.py:161} INFO - Started process (PID=3741) to work on /opt/airflow/dags/dag-spark-airflow-s3-ingestion.py
[2026-04-01T08:48:40.296+0000] {processor.py:830} INFO - Processing file /opt/airflow/dags/dag-spark-airflow-s3-ingestion.py for tasks to queue
[2026-04-01T08:48:40.299+0000] {logging_mixin.py:188} INFO - [2026-04-01T08:48:40.299+0000] {dagbag.py:545} INFO - Filling up the DagBag from /opt/airflow/dags/dag-spark-airflow-s3-ingestion.py
[2026-04-01T08:48:40.346+0000] {processor.py:840} INFO - DAG(s) 'spark-airflow-s3-ingestion-dag' retrieved from /opt/airflow/dags/dag-spark-airflow-s3-ingestion.py
[2026-04-01T08:48:40.399+0000] {logging_mixin.py:188} INFO - [2026-04-01T08:48:40.399+0000] {dag.py:3089} INFO - Sync 1 DAGs
[2026-04-01T08:48:40.430+0000] {logging_mixin.py:188} INFO - [2026-04-01T08:48:40.429+0000] {dag.py:3947} INFO - Setting next_dagrun for spark-airflow-s3-ingestion-dag to None, run_after=None
[2026-04-01T08:48:40.475+0000] {processor.py:183} INFO - Processing /opt/airflow/dags/dag-spark-airflow-s3-ingestion.py took 0.193 seconds
[2026-04-01T08:49:10.713+0000] {processor.py:161} INFO - Started process (PID=3766) to work on /opt/airflow/dags/dag-spark-airflow-s3-ingestion.py
[2026-04-01T08:49:10.715+0000] {processor.py:830} INFO - Processing file /opt/airflow/dags/dag-spark-airflow-s3-ingestion.py for tasks to queue
[2026-04-01T08:49:10.721+0000] {logging_mixin.py:188} INFO - [2026-04-01T08:49:10.720+0000] {dagbag.py:545} INFO - Filling up the DagBag from /opt/airflow/dags/dag-spark-airflow-s3-ingestion.py
[2026-04-01T08:49:10.783+0000] {processor.py:840} INFO - DAG(s) 'spark-airflow-s3-ingestion-dag' retrieved from /opt/airflow/dags/dag-spark-airflow-s3-ingestion.py
[2026-04-01T08:49:10.863+0000] {logging_mixin.py:188} INFO - [2026-04-01T08:49:10.862+0000] {dag.py:3089} INFO - Sync 1 DAGs
[2026-04-01T08:49:10.901+0000] {logging_mixin.py:188} INFO - [2026-04-01T08:49:10.901+0000] {dag.py:3947} INFO - Setting next_dagrun for spark-airflow-s3-ingestion-dag to None, run_after=None
[2026-04-01T08:49:10.958+0000] {processor.py:183} INFO - Processing /opt/airflow/dags/dag-spark-airflow-s3-ingestion.py took 0.262 seconds
[2026-04-01T08:49:41.386+0000] {processor.py:161} INFO - Started process (PID=3791) to work on /opt/airflow/dags/dag-spark-airflow-s3-ingestion.py
[2026-04-01T08:49:41.388+0000] {processor.py:830} INFO - Processing file /opt/airflow/dags/dag-spark-airflow-s3-ingestion.py for tasks to queue
[2026-04-01T08:49:41.393+0000] {logging_mixin.py:188} INFO - [2026-04-01T08:49:41.392+0000] {dagbag.py:545} INFO - Filling up the DagBag from /opt/airflow/dags/dag-spark-airflow-s3-ingestion.py
[2026-04-01T08:49:41.437+0000] {processor.py:840} INFO - DAG(s) 'spark-airflow-s3-ingestion-dag' retrieved from /opt/airflow/dags/dag-spark-airflow-s3-ingestion.py
[2026-04-01T08:49:41.488+0000] {logging_mixin.py:188} INFO - [2026-04-01T08:49:41.487+0000] {dag.py:3089} INFO - Sync 1 DAGs
[2026-04-01T08:49:41.511+0000] {logging_mixin.py:188} INFO - [2026-04-01T08:49:41.510+0000] {dag.py:3947} INFO - Setting next_dagrun for spark-airflow-s3-ingestion-dag to None, run_after=None
[2026-04-01T08:49:41.554+0000] {processor.py:183} INFO - Processing /opt/airflow/dags/dag-spark-airflow-s3-ingestion.py took 0.180 seconds
[2026-04-01T08:50:11.959+0000] {processor.py:161} INFO - Started process (PID=3816) to work on /opt/airflow/dags/dag-spark-airflow-s3-ingestion.py
[2026-04-01T08:50:11.962+0000] {processor.py:830} INFO - Processing file /opt/airflow/dags/dag-spark-airflow-s3-ingestion.py for tasks to queue
[2026-04-01T08:50:11.967+0000] {logging_mixin.py:188} INFO - [2026-04-01T08:50:11.966+0000] {dagbag.py:545} INFO - Filling up the DagBag from /opt/airflow/dags/dag-spark-airflow-s3-ingestion.py
[2026-04-01T08:50:12.015+0000] {processor.py:840} INFO - DAG(s) 'spark-airflow-s3-ingestion-dag' retrieved from /opt/airflow/dags/dag-spark-airflow-s3-ingestion.py
[2026-04-01T08:50:12.068+0000] {logging_mixin.py:188} INFO - [2026-04-01T08:50:12.068+0000] {dag.py:3089} INFO - Sync 1 DAGs
[2026-04-01T08:50:12.099+0000] {logging_mixin.py:188} INFO - [2026-04-01T08:50:12.098+0000] {dag.py:3947} INFO - Setting next_dagrun for spark-airflow-s3-ingestion-dag to None, run_after=None
[2026-04-01T08:50:12.145+0000] {processor.py:183} INFO - Processing /opt/airflow/dags/dag-spark-airflow-s3-ingestion.py took 0.204 seconds
[2026-04-01T08:50:42.375+0000] {processor.py:161} INFO - Started process (PID=3841) to work on /opt/airflow/dags/dag-spark-airflow-s3-ingestion.py
[2026-04-01T08:50:42.377+0000] {processor.py:830} INFO - Processing file /opt/airflow/dags/dag-spark-airflow-s3-ingestion.py for tasks to queue
[2026-04-01T08:50:42.382+0000] {logging_mixin.py:188} INFO - [2026-04-01T08:50:42.381+0000] {dagbag.py:545} INFO - Filling up the DagBag from /opt/airflow/dags/dag-spark-airflow-s3-ingestion.py
[2026-04-01T08:50:42.429+0000] {processor.py:840} INFO - DAG(s) 'spark-airflow-s3-ingestion-dag' retrieved from /opt/airflow/dags/dag-spark-airflow-s3-ingestion.py
[2026-04-01T08:50:42.482+0000] {logging_mixin.py:188} INFO - [2026-04-01T08:50:42.481+0000] {dag.py:3089} INFO - Sync 1 DAGs
[2026-04-01T08:50:42.511+0000] {logging_mixin.py:188} INFO - [2026-04-01T08:50:42.511+0000] {dag.py:3947} INFO - Setting next_dagrun for spark-airflow-s3-ingestion-dag to None, run_after=None
[2026-04-01T08:50:42.561+0000] {processor.py:183} INFO - Processing /opt/airflow/dags/dag-spark-airflow-s3-ingestion.py took 0.199 seconds
[2026-04-01T08:51:12.973+0000] {processor.py:161} INFO - Started process (PID=3866) to work on /opt/airflow/dags/dag-spark-airflow-s3-ingestion.py
[2026-04-01T08:51:12.976+0000] {processor.py:830} INFO - Processing file /opt/airflow/dags/dag-spark-airflow-s3-ingestion.py for tasks to queue
[2026-04-01T08:51:12.980+0000] {logging_mixin.py:188} INFO - [2026-04-01T08:51:12.980+0000] {dagbag.py:545} INFO - Filling up the DagBag from /opt/airflow/dags/dag-spark-airflow-s3-ingestion.py
[2026-04-01T08:51:13.027+0000] {processor.py:840} INFO - DAG(s) 'spark-airflow-s3-ingestion-dag' retrieved from /opt/airflow/dags/dag-spark-airflow-s3-ingestion.py
[2026-04-01T08:51:13.088+0000] {logging_mixin.py:188} INFO - [2026-04-01T08:51:13.087+0000] {dag.py:3089} INFO - Sync 1 DAGs
[2026-04-01T08:51:13.117+0000] {logging_mixin.py:188} INFO - [2026-04-01T08:51:13.116+0000] {dag.py:3947} INFO - Setting next_dagrun for spark-airflow-s3-ingestion-dag to None, run_after=None
[2026-04-01T08:51:13.159+0000] {processor.py:183} INFO - Processing /opt/airflow/dags/dag-spark-airflow-s3-ingestion.py took 0.204 seconds
[2026-04-01T08:51:43.608+0000] {processor.py:161} INFO - Started process (PID=3891) to work on /opt/airflow/dags/dag-spark-airflow-s3-ingestion.py
[2026-04-01T08:51:43.611+0000] {processor.py:830} INFO - Processing file /opt/airflow/dags/dag-spark-airflow-s3-ingestion.py for tasks to queue
[2026-04-01T08:51:43.618+0000] {logging_mixin.py:188} INFO - [2026-04-01T08:51:43.617+0000] {dagbag.py:545} INFO - Filling up the DagBag from /opt/airflow/dags/dag-spark-airflow-s3-ingestion.py
[2026-04-01T08:51:43.688+0000] {processor.py:840} INFO - DAG(s) 'spark-airflow-s3-ingestion-dag' retrieved from /opt/airflow/dags/dag-spark-airflow-s3-ingestion.py
[2026-04-01T08:51:43.773+0000] {logging_mixin.py:188} INFO - [2026-04-01T08:51:43.772+0000] {dag.py:3089} INFO - Sync 1 DAGs
[2026-04-01T08:51:43.813+0000] {logging_mixin.py:188} INFO - [2026-04-01T08:51:43.813+0000] {dag.py:3947} INFO - Setting next_dagrun for spark-airflow-s3-ingestion-dag to None, run_after=None
[2026-04-01T08:51:43.865+0000] {processor.py:183} INFO - Processing /opt/airflow/dags/dag-spark-airflow-s3-ingestion.py took 0.279 seconds
[2026-04-01T08:52:14.141+0000] {processor.py:161} INFO - Started process (PID=3916) to work on /opt/airflow/dags/dag-spark-airflow-s3-ingestion.py
[2026-04-01T08:52:14.143+0000] {processor.py:830} INFO - Processing file /opt/airflow/dags/dag-spark-airflow-s3-ingestion.py for tasks to queue
[2026-04-01T08:52:14.147+0000] {logging_mixin.py:188} INFO - [2026-04-01T08:52:14.147+0000] {dagbag.py:545} INFO - Filling up the DagBag from /opt/airflow/dags/dag-spark-airflow-s3-ingestion.py
[2026-04-01T08:52:14.192+0000] {processor.py:840} INFO - DAG(s) 'spark-airflow-s3-ingestion-dag' retrieved from /opt/airflow/dags/dag-spark-airflow-s3-ingestion.py
[2026-04-01T08:52:14.257+0000] {logging_mixin.py:188} INFO - [2026-04-01T08:52:14.257+0000] {dag.py:3089} INFO - Sync 1 DAGs
[2026-04-01T08:52:14.289+0000] {logging_mixin.py:188} INFO - [2026-04-01T08:52:14.288+0000] {dag.py:3947} INFO - Setting next_dagrun for spark-airflow-s3-ingestion-dag to None, run_after=None
[2026-04-01T08:52:14.340+0000] {processor.py:183} INFO - Processing /opt/airflow/dags/dag-spark-airflow-s3-ingestion.py took 0.216 seconds
[2026-04-01T08:52:44.707+0000] {processor.py:161} INFO - Started process (PID=3941) to work on /opt/airflow/dags/dag-spark-airflow-s3-ingestion.py
[2026-04-01T08:52:44.710+0000] {processor.py:830} INFO - Processing file /opt/airflow/dags/dag-spark-airflow-s3-ingestion.py for tasks to queue
[2026-04-01T08:52:44.715+0000] {logging_mixin.py:188} INFO - [2026-04-01T08:52:44.714+0000] {dagbag.py:545} INFO - Filling up the DagBag from /opt/airflow/dags/dag-spark-airflow-s3-ingestion.py
[2026-04-01T08:52:44.777+0000] {processor.py:840} INFO - DAG(s) 'spark-airflow-s3-ingestion-dag' retrieved from /opt/airflow/dags/dag-spark-airflow-s3-ingestion.py
[2026-04-01T08:52:44.853+0000] {logging_mixin.py:188} INFO - [2026-04-01T08:52:44.852+0000] {dag.py:3089} INFO - Sync 1 DAGs
[2026-04-01T08:52:44.901+0000] {logging_mixin.py:188} INFO - [2026-04-01T08:52:44.900+0000] {dag.py:3947} INFO - Setting next_dagrun for spark-airflow-s3-ingestion-dag to None, run_after=None
[2026-04-01T08:52:44.968+0000] {processor.py:183} INFO - Processing /opt/airflow/dags/dag-spark-airflow-s3-ingestion.py took 0.281 seconds
[2026-04-01T08:53:15.354+0000] {processor.py:161} INFO - Started process (PID=3966) to work on /opt/airflow/dags/dag-spark-airflow-s3-ingestion.py
[2026-04-01T08:53:15.356+0000] {processor.py:830} INFO - Processing file /opt/airflow/dags/dag-spark-airflow-s3-ingestion.py for tasks to queue
[2026-04-01T08:53:15.361+0000] {logging_mixin.py:188} INFO - [2026-04-01T08:53:15.360+0000] {dagbag.py:545} INFO - Filling up the DagBag from /opt/airflow/dags/dag-spark-airflow-s3-ingestion.py
[2026-04-01T08:53:15.409+0000] {processor.py:840} INFO - DAG(s) 'spark-airflow-s3-ingestion-dag' retrieved from /opt/airflow/dags/dag-spark-airflow-s3-ingestion.py
[2026-04-01T08:53:15.463+0000] {logging_mixin.py:188} INFO - [2026-04-01T08:53:15.462+0000] {dag.py:3089} INFO - Sync 1 DAGs
[2026-04-01T08:53:15.491+0000] {logging_mixin.py:188} INFO - [2026-04-01T08:53:15.491+0000] {dag.py:3947} INFO - Setting next_dagrun for spark-airflow-s3-ingestion-dag to None, run_after=None
[2026-04-01T08:53:15.542+0000] {processor.py:183} INFO - Processing /opt/airflow/dags/dag-spark-airflow-s3-ingestion.py took 0.201 seconds
[2026-04-01T08:53:45.813+0000] {processor.py:161} INFO - Started process (PID=3991) to work on /opt/airflow/dags/dag-spark-airflow-s3-ingestion.py
[2026-04-01T08:53:45.815+0000] {processor.py:830} INFO - Processing file /opt/airflow/dags/dag-spark-airflow-s3-ingestion.py for tasks to queue
[2026-04-01T08:53:45.819+0000] {logging_mixin.py:188} INFO - [2026-04-01T08:53:45.818+0000] {dagbag.py:545} INFO - Filling up the DagBag from /opt/airflow/dags/dag-spark-airflow-s3-ingestion.py
[2026-04-01T08:53:45.864+0000] {processor.py:840} INFO - DAG(s) 'spark-airflow-s3-ingestion-dag' retrieved from /opt/airflow/dags/dag-spark-airflow-s3-ingestion.py
[2026-04-01T08:53:45.916+0000] {logging_mixin.py:188} INFO - [2026-04-01T08:53:45.916+0000] {dag.py:3089} INFO - Sync 1 DAGs
[2026-04-01T08:53:45.946+0000] {logging_mixin.py:188} INFO - [2026-04-01T08:53:45.946+0000] {dag.py:3947} INFO - Setting next_dagrun for spark-airflow-s3-ingestion-dag to None, run_after=None
[2026-04-01T08:53:45.993+0000] {processor.py:183} INFO - Processing /opt/airflow/dags/dag-spark-airflow-s3-ingestion.py took 0.195 seconds
[2026-04-01T08:54:16.383+0000] {processor.py:161} INFO - Started process (PID=4016) to work on /opt/airflow/dags/dag-spark-airflow-s3-ingestion.py
[2026-04-01T08:54:16.386+0000] {processor.py:830} INFO - Processing file /opt/airflow/dags/dag-spark-airflow-s3-ingestion.py for tasks to queue
[2026-04-01T08:54:16.390+0000] {logging_mixin.py:188} INFO - [2026-04-01T08:54:16.389+0000] {dagbag.py:545} INFO - Filling up the DagBag from /opt/airflow/dags/dag-spark-airflow-s3-ingestion.py
[2026-04-01T08:54:16.437+0000] {processor.py:840} INFO - DAG(s) 'spark-airflow-s3-ingestion-dag' retrieved from /opt/airflow/dags/dag-spark-airflow-s3-ingestion.py
[2026-04-01T08:54:16.498+0000] {logging_mixin.py:188} INFO - [2026-04-01T08:54:16.497+0000] {dag.py:3089} INFO - Sync 1 DAGs
[2026-04-01T08:54:16.529+0000] {logging_mixin.py:188} INFO - [2026-04-01T08:54:16.528+0000] {dag.py:3947} INFO - Setting next_dagrun for spark-airflow-s3-ingestion-dag to None, run_after=None
[2026-04-01T08:54:16.573+0000] {processor.py:183} INFO - Processing /opt/airflow/dags/dag-spark-airflow-s3-ingestion.py took 0.204 seconds
[2026-04-01T08:54:46.877+0000] {processor.py:161} INFO - Started process (PID=4041) to work on /opt/airflow/dags/dag-spark-airflow-s3-ingestion.py
[2026-04-01T08:54:46.880+0000] {processor.py:830} INFO - Processing file /opt/airflow/dags/dag-spark-airflow-s3-ingestion.py for tasks to queue
[2026-04-01T08:54:46.884+0000] {logging_mixin.py:188} INFO - [2026-04-01T08:54:46.883+0000] {dagbag.py:545} INFO - Filling up the DagBag from /opt/airflow/dags/dag-spark-airflow-s3-ingestion.py
[2026-04-01T08:54:46.932+0000] {processor.py:840} INFO - DAG(s) 'spark-airflow-s3-ingestion-dag' retrieved from /opt/airflow/dags/dag-spark-airflow-s3-ingestion.py
[2026-04-01T08:54:46.990+0000] {logging_mixin.py:188} INFO - [2026-04-01T08:54:46.989+0000] {dag.py:3089} INFO - Sync 1 DAGs
[2026-04-01T08:54:47.017+0000] {logging_mixin.py:188} INFO - [2026-04-01T08:54:47.017+0000] {dag.py:3947} INFO - Setting next_dagrun for spark-airflow-s3-ingestion-dag to None, run_after=None
[2026-04-01T08:54:47.057+0000] {processor.py:183} INFO - Processing /opt/airflow/dags/dag-spark-airflow-s3-ingestion.py took 0.193 seconds
[2026-04-01T08:55:17.430+0000] {processor.py:161} INFO - Started process (PID=4066) to work on /opt/airflow/dags/dag-spark-airflow-s3-ingestion.py
[2026-04-01T08:55:17.433+0000] {processor.py:830} INFO - Processing file /opt/airflow/dags/dag-spark-airflow-s3-ingestion.py for tasks to queue
[2026-04-01T08:55:17.438+0000] {logging_mixin.py:188} INFO - [2026-04-01T08:55:17.437+0000] {dagbag.py:545} INFO - Filling up the DagBag from /opt/airflow/dags/dag-spark-airflow-s3-ingestion.py
[2026-04-01T08:55:17.485+0000] {processor.py:840} INFO - DAG(s) 'spark-airflow-s3-ingestion-dag' retrieved from /opt/airflow/dags/dag-spark-airflow-s3-ingestion.py
[2026-04-01T08:55:17.547+0000] {logging_mixin.py:188} INFO - [2026-04-01T08:55:17.546+0000] {dag.py:3089} INFO - Sync 1 DAGs
[2026-04-01T08:55:17.578+0000] {logging_mixin.py:188} INFO - [2026-04-01T08:55:17.577+0000] {dag.py:3947} INFO - Setting next_dagrun for spark-airflow-s3-ingestion-dag to None, run_after=None
[2026-04-01T08:55:17.619+0000] {processor.py:183} INFO - Processing /opt/airflow/dags/dag-spark-airflow-s3-ingestion.py took 0.203 seconds
[2026-04-01T08:55:47.886+0000] {processor.py:161} INFO - Started process (PID=4091) to work on /opt/airflow/dags/dag-spark-airflow-s3-ingestion.py
[2026-04-01T08:55:47.889+0000] {processor.py:830} INFO - Processing file /opt/airflow/dags/dag-spark-airflow-s3-ingestion.py for tasks to queue
[2026-04-01T08:55:47.894+0000] {logging_mixin.py:188} INFO - [2026-04-01T08:55:47.893+0000] {dagbag.py:545} INFO - Filling up the DagBag from /opt/airflow/dags/dag-spark-airflow-s3-ingestion.py
[2026-04-01T08:55:47.944+0000] {processor.py:840} INFO - DAG(s) 'spark-airflow-s3-ingestion-dag' retrieved from /opt/airflow/dags/dag-spark-airflow-s3-ingestion.py
[2026-04-01T08:55:47.994+0000] {logging_mixin.py:188} INFO - [2026-04-01T08:55:47.993+0000] {dag.py:3089} INFO - Sync 1 DAGs
[2026-04-01T08:55:48.022+0000] {logging_mixin.py:188} INFO - [2026-04-01T08:55:48.022+0000] {dag.py:3947} INFO - Setting next_dagrun for spark-airflow-s3-ingestion-dag to None, run_after=None
[2026-04-01T08:55:48.067+0000] {processor.py:183} INFO - Processing /opt/airflow/dags/dag-spark-airflow-s3-ingestion.py took 0.195 seconds
[2026-04-01T08:56:18.337+0000] {processor.py:161} INFO - Started process (PID=4116) to work on /opt/airflow/dags/dag-spark-airflow-s3-ingestion.py
[2026-04-01T08:56:18.341+0000] {processor.py:830} INFO - Processing file /opt/airflow/dags/dag-spark-airflow-s3-ingestion.py for tasks to queue
[2026-04-01T08:56:18.347+0000] {logging_mixin.py:188} INFO - [2026-04-01T08:56:18.346+0000] {dagbag.py:545} INFO - Filling up the DagBag from /opt/airflow/dags/dag-spark-airflow-s3-ingestion.py
[2026-04-01T08:56:18.403+0000] {processor.py:840} INFO - DAG(s) 'spark-airflow-s3-ingestion-dag' retrieved from /opt/airflow/dags/dag-spark-airflow-s3-ingestion.py
[2026-04-01T08:56:18.460+0000] {logging_mixin.py:188} INFO - [2026-04-01T08:56:18.459+0000] {dag.py:3089} INFO - Sync 1 DAGs
[2026-04-01T08:56:18.502+0000] {logging_mixin.py:188} INFO - [2026-04-01T08:56:18.501+0000] {dag.py:3947} INFO - Setting next_dagrun for spark-airflow-s3-ingestion-dag to None, run_after=None
[2026-04-01T08:56:18.561+0000] {processor.py:183} INFO - Processing /opt/airflow/dags/dag-spark-airflow-s3-ingestion.py took 0.239 seconds
[2026-04-01T08:56:48.890+0000] {processor.py:161} INFO - Started process (PID=4141) to work on /opt/airflow/dags/dag-spark-airflow-s3-ingestion.py
[2026-04-01T08:56:48.893+0000] {processor.py:830} INFO - Processing file /opt/airflow/dags/dag-spark-airflow-s3-ingestion.py for tasks to queue
[2026-04-01T08:56:48.897+0000] {logging_mixin.py:188} INFO - [2026-04-01T08:56:48.896+0000] {dagbag.py:545} INFO - Filling up the DagBag from /opt/airflow/dags/dag-spark-airflow-s3-ingestion.py
[2026-04-01T08:56:48.943+0000] {processor.py:840} INFO - DAG(s) 'spark-airflow-s3-ingestion-dag' retrieved from /opt/airflow/dags/dag-spark-airflow-s3-ingestion.py
[2026-04-01T08:56:48.997+0000] {logging_mixin.py:188} INFO - [2026-04-01T08:56:48.997+0000] {dag.py:3089} INFO - Sync 1 DAGs
[2026-04-01T08:56:49.028+0000] {logging_mixin.py:188} INFO - [2026-04-01T08:56:49.028+0000] {dag.py:3947} INFO - Setting next_dagrun for spark-airflow-s3-ingestion-dag to None, run_after=None
[2026-04-01T08:56:49.071+0000] {processor.py:183} INFO - Processing /opt/airflow/dags/dag-spark-airflow-s3-ingestion.py took 0.191 seconds
[2026-04-01T08:57:19.233+0000] {processor.py:161} INFO - Started process (PID=4166) to work on /opt/airflow/dags/dag-spark-airflow-s3-ingestion.py
[2026-04-01T08:57:19.236+0000] {processor.py:830} INFO - Processing file /opt/airflow/dags/dag-spark-airflow-s3-ingestion.py for tasks to queue
[2026-04-01T08:57:19.240+0000] {logging_mixin.py:188} INFO - [2026-04-01T08:57:19.239+0000] {dagbag.py:545} INFO - Filling up the DagBag from /opt/airflow/dags/dag-spark-airflow-s3-ingestion.py
[2026-04-01T08:57:19.289+0000] {processor.py:840} INFO - DAG(s) 'spark-airflow-s3-ingestion-dag' retrieved from /opt/airflow/dags/dag-spark-airflow-s3-ingestion.py
[2026-04-01T08:57:19.340+0000] {logging_mixin.py:188} INFO - [2026-04-01T08:57:19.339+0000] {dag.py:3089} INFO - Sync 1 DAGs
[2026-04-01T08:57:19.367+0000] {logging_mixin.py:188} INFO - [2026-04-01T08:57:19.367+0000] {dag.py:3947} INFO - Setting next_dagrun for spark-airflow-s3-ingestion-dag to None, run_after=None
[2026-04-01T08:57:19.407+0000] {processor.py:183} INFO - Processing /opt/airflow/dags/dag-spark-airflow-s3-ingestion.py took 0.185 seconds
[2026-04-01T08:57:49.774+0000] {processor.py:161} INFO - Started process (PID=4191) to work on /opt/airflow/dags/dag-spark-airflow-s3-ingestion.py
[2026-04-01T08:57:49.776+0000] {processor.py:830} INFO - Processing file /opt/airflow/dags/dag-spark-airflow-s3-ingestion.py for tasks to queue
[2026-04-01T08:57:49.780+0000] {logging_mixin.py:188} INFO - [2026-04-01T08:57:49.780+0000] {dagbag.py:545} INFO - Filling up the DagBag from /opt/airflow/dags/dag-spark-airflow-s3-ingestion.py
[2026-04-01T08:57:49.825+0000] {processor.py:840} INFO - DAG(s) 'spark-airflow-s3-ingestion-dag' retrieved from /opt/airflow/dags/dag-spark-airflow-s3-ingestion.py
[2026-04-01T08:57:49.874+0000] {logging_mixin.py:188} INFO - [2026-04-01T08:57:49.873+0000] {dag.py:3089} INFO - Sync 1 DAGs
[2026-04-01T08:57:49.902+0000] {logging_mixin.py:188} INFO - [2026-04-01T08:57:49.902+0000] {dag.py:3947} INFO - Setting next_dagrun for spark-airflow-s3-ingestion-dag to None, run_after=None
[2026-04-01T08:57:49.943+0000] {processor.py:183} INFO - Processing /opt/airflow/dags/dag-spark-airflow-s3-ingestion.py took 0.182 seconds
[2026-04-01T08:58:20.183+0000] {processor.py:161} INFO - Started process (PID=4216) to work on /opt/airflow/dags/dag-spark-airflow-s3-ingestion.py
[2026-04-01T08:58:20.185+0000] {processor.py:830} INFO - Processing file /opt/airflow/dags/dag-spark-airflow-s3-ingestion.py for tasks to queue
[2026-04-01T08:58:20.190+0000] {logging_mixin.py:188} INFO - [2026-04-01T08:58:20.189+0000] {dagbag.py:545} INFO - Filling up the DagBag from /opt/airflow/dags/dag-spark-airflow-s3-ingestion.py
[2026-04-01T08:58:20.238+0000] {processor.py:840} INFO - DAG(s) 'spark-airflow-s3-ingestion-dag' retrieved from /opt/airflow/dags/dag-spark-airflow-s3-ingestion.py
[2026-04-01T08:58:20.292+0000] {logging_mixin.py:188} INFO - [2026-04-01T08:58:20.291+0000] {dag.py:3089} INFO - Sync 1 DAGs
[2026-04-01T08:58:20.318+0000] {logging_mixin.py:188} INFO - [2026-04-01T08:58:20.318+0000] {dag.py:3947} INFO - Setting next_dagrun for spark-airflow-s3-ingestion-dag to None, run_after=None
[2026-04-01T08:58:20.360+0000] {processor.py:183} INFO - Processing /opt/airflow/dags/dag-spark-airflow-s3-ingestion.py took 0.189 seconds
[2026-04-01T08:58:50.600+0000] {processor.py:161} INFO - Started process (PID=4241) to work on /opt/airflow/dags/dag-spark-airflow-s3-ingestion.py
[2026-04-01T08:58:50.603+0000] {processor.py:830} INFO - Processing file /opt/airflow/dags/dag-spark-airflow-s3-ingestion.py for tasks to queue
[2026-04-01T08:58:50.610+0000] {logging_mixin.py:188} INFO - [2026-04-01T08:58:50.609+0000] {dagbag.py:545} INFO - Filling up the DagBag from /opt/airflow/dags/dag-spark-airflow-s3-ingestion.py
[2026-04-01T08:58:50.659+0000] {processor.py:840} INFO - DAG(s) 'spark-airflow-s3-ingestion-dag' retrieved from /opt/airflow/dags/dag-spark-airflow-s3-ingestion.py
[2026-04-01T08:58:50.714+0000] {logging_mixin.py:188} INFO - [2026-04-01T08:58:50.714+0000] {dag.py:3089} INFO - Sync 1 DAGs
[2026-04-01T08:58:50.744+0000] {logging_mixin.py:188} INFO - [2026-04-01T08:58:50.744+0000] {dag.py:3947} INFO - Setting next_dagrun for spark-airflow-s3-ingestion-dag to None, run_after=None
[2026-04-01T08:58:50.802+0000] {processor.py:183} INFO - Processing /opt/airflow/dags/dag-spark-airflow-s3-ingestion.py took 0.217 seconds
[2026-04-01T08:59:21.064+0000] {processor.py:161} INFO - Started process (PID=4266) to work on /opt/airflow/dags/dag-spark-airflow-s3-ingestion.py
[2026-04-01T08:59:21.066+0000] {processor.py:830} INFO - Processing file /opt/airflow/dags/dag-spark-airflow-s3-ingestion.py for tasks to queue
[2026-04-01T08:59:21.070+0000] {logging_mixin.py:188} INFO - [2026-04-01T08:59:21.069+0000] {dagbag.py:545} INFO - Filling up the DagBag from /opt/airflow/dags/dag-spark-airflow-s3-ingestion.py
[2026-04-01T08:59:21.114+0000] {processor.py:840} INFO - DAG(s) 'spark-airflow-s3-ingestion-dag' retrieved from /opt/airflow/dags/dag-spark-airflow-s3-ingestion.py
[2026-04-01T08:59:21.164+0000] {logging_mixin.py:188} INFO - [2026-04-01T08:59:21.163+0000] {dag.py:3089} INFO - Sync 1 DAGs
[2026-04-01T08:59:21.190+0000] {logging_mixin.py:188} INFO - [2026-04-01T08:59:21.190+0000] {dag.py:3947} INFO - Setting next_dagrun for spark-airflow-s3-ingestion-dag to None, run_after=None
[2026-04-01T08:59:21.241+0000] {processor.py:183} INFO - Processing /opt/airflow/dags/dag-spark-airflow-s3-ingestion.py took 0.190 seconds
[2026-04-01T08:59:51.399+0000] {processor.py:161} INFO - Started process (PID=4291) to work on /opt/airflow/dags/dag-spark-airflow-s3-ingestion.py
[2026-04-01T08:59:51.402+0000] {processor.py:830} INFO - Processing file /opt/airflow/dags/dag-spark-airflow-s3-ingestion.py for tasks to queue
[2026-04-01T08:59:51.406+0000] {logging_mixin.py:188} INFO - [2026-04-01T08:59:51.405+0000] {dagbag.py:545} INFO - Filling up the DagBag from /opt/airflow/dags/dag-spark-airflow-s3-ingestion.py
[2026-04-01T08:59:51.453+0000] {processor.py:840} INFO - DAG(s) 'spark-airflow-s3-ingestion-dag' retrieved from /opt/airflow/dags/dag-spark-airflow-s3-ingestion.py
[2026-04-01T08:59:51.512+0000] {logging_mixin.py:188} INFO - [2026-04-01T08:59:51.512+0000] {dag.py:3089} INFO - Sync 1 DAGs
[2026-04-01T08:59:51.543+0000] {logging_mixin.py:188} INFO - [2026-04-01T08:59:51.542+0000] {dag.py:3947} INFO - Setting next_dagrun for spark-airflow-s3-ingestion-dag to None, run_after=None
[2026-04-01T08:59:51.585+0000] {processor.py:183} INFO - Processing /opt/airflow/dags/dag-spark-airflow-s3-ingestion.py took 0.203 seconds
[2026-04-01T09:00:22.207+0000] {processor.py:161} INFO - Started process (PID=4316) to work on /opt/airflow/dags/dag-spark-airflow-s3-ingestion.py
[2026-04-01T09:00:22.209+0000] {processor.py:830} INFO - Processing file /opt/airflow/dags/dag-spark-airflow-s3-ingestion.py for tasks to queue
[2026-04-01T09:00:22.214+0000] {logging_mixin.py:188} INFO - [2026-04-01T09:00:22.213+0000] {dagbag.py:545} INFO - Filling up the DagBag from /opt/airflow/dags/dag-spark-airflow-s3-ingestion.py
[2026-04-01T09:00:22.259+0000] {processor.py:840} INFO - DAG(s) 'spark-airflow-s3-ingestion-dag' retrieved from /opt/airflow/dags/dag-spark-airflow-s3-ingestion.py
[2026-04-01T09:00:22.320+0000] {logging_mixin.py:188} INFO - [2026-04-01T09:00:22.319+0000] {dag.py:3089} INFO - Sync 1 DAGs
[2026-04-01T09:00:22.347+0000] {logging_mixin.py:188} INFO - [2026-04-01T09:00:22.347+0000] {dag.py:3947} INFO - Setting next_dagrun for spark-airflow-s3-ingestion-dag to None, run_after=None
[2026-04-01T09:00:22.390+0000] {processor.py:183} INFO - Processing /opt/airflow/dags/dag-spark-airflow-s3-ingestion.py took 0.199 seconds
[2026-04-01T09:00:53.109+0000] {processor.py:161} INFO - Started process (PID=4341) to work on /opt/airflow/dags/dag-spark-airflow-s3-ingestion.py
[2026-04-01T09:00:53.112+0000] {processor.py:830} INFO - Processing file /opt/airflow/dags/dag-spark-airflow-s3-ingestion.py for tasks to queue
[2026-04-01T09:00:53.116+0000] {logging_mixin.py:188} INFO - [2026-04-01T09:00:53.116+0000] {dagbag.py:545} INFO - Filling up the DagBag from /opt/airflow/dags/dag-spark-airflow-s3-ingestion.py
[2026-04-01T09:00:53.163+0000] {processor.py:840} INFO - DAG(s) 'spark-airflow-s3-ingestion-dag' retrieved from /opt/airflow/dags/dag-spark-airflow-s3-ingestion.py
[2026-04-01T09:00:53.218+0000] {logging_mixin.py:188} INFO - [2026-04-01T09:00:53.218+0000] {dag.py:3089} INFO - Sync 1 DAGs
[2026-04-01T09:00:53.245+0000] {logging_mixin.py:188} INFO - [2026-04-01T09:00:53.244+0000] {dag.py:3947} INFO - Setting next_dagrun for spark-airflow-s3-ingestion-dag to None, run_after=None
[2026-04-01T09:00:53.288+0000] {processor.py:183} INFO - Processing /opt/airflow/dags/dag-spark-airflow-s3-ingestion.py took 0.192 seconds
[2026-04-01T09:01:23.474+0000] {processor.py:161} INFO - Started process (PID=4366) to work on /opt/airflow/dags/dag-spark-airflow-s3-ingestion.py
[2026-04-01T09:01:23.476+0000] {processor.py:830} INFO - Processing file /opt/airflow/dags/dag-spark-airflow-s3-ingestion.py for tasks to queue
[2026-04-01T09:01:23.481+0000] {logging_mixin.py:188} INFO - [2026-04-01T09:01:23.480+0000] {dagbag.py:545} INFO - Filling up the DagBag from /opt/airflow/dags/dag-spark-airflow-s3-ingestion.py
[2026-04-01T09:01:23.532+0000] {processor.py:840} INFO - DAG(s) 'spark-airflow-s3-ingestion-dag' retrieved from /opt/airflow/dags/dag-spark-airflow-s3-ingestion.py
[2026-04-01T09:01:23.597+0000] {logging_mixin.py:188} INFO - [2026-04-01T09:01:23.597+0000] {dag.py:3089} INFO - Sync 1 DAGs
[2026-04-01T09:01:23.635+0000] {logging_mixin.py:188} INFO - [2026-04-01T09:01:23.635+0000] {dag.py:3947} INFO - Setting next_dagrun for spark-airflow-s3-ingestion-dag to None, run_after=None
[2026-04-01T09:01:23.678+0000] {processor.py:183} INFO - Processing /opt/airflow/dags/dag-spark-airflow-s3-ingestion.py took 0.227 seconds
[2026-04-01T09:01:53.910+0000] {processor.py:161} INFO - Started process (PID=4391) to work on /opt/airflow/dags/dag-spark-airflow-s3-ingestion.py
[2026-04-01T09:01:53.912+0000] {processor.py:830} INFO - Processing file /opt/airflow/dags/dag-spark-airflow-s3-ingestion.py for tasks to queue
[2026-04-01T09:01:53.917+0000] {logging_mixin.py:188} INFO - [2026-04-01T09:01:53.916+0000] {dagbag.py:545} INFO - Filling up the DagBag from /opt/airflow/dags/dag-spark-airflow-s3-ingestion.py
[2026-04-01T09:01:53.972+0000] {processor.py:840} INFO - DAG(s) 'spark-airflow-s3-ingestion-dag' retrieved from /opt/airflow/dags/dag-spark-airflow-s3-ingestion.py
[2026-04-01T09:01:54.052+0000] {logging_mixin.py:188} INFO - [2026-04-01T09:01:54.051+0000] {dag.py:3089} INFO - Sync 1 DAGs
[2026-04-01T09:01:54.082+0000] {logging_mixin.py:188} INFO - [2026-04-01T09:01:54.081+0000] {dag.py:3947} INFO - Setting next_dagrun for spark-airflow-s3-ingestion-dag to None, run_after=None
[2026-04-01T09:01:54.123+0000] {processor.py:183} INFO - Processing /opt/airflow/dags/dag-spark-airflow-s3-ingestion.py took 0.228 seconds
[2026-04-01T09:02:24.606+0000] {processor.py:161} INFO - Started process (PID=4416) to work on /opt/airflow/dags/dag-spark-airflow-s3-ingestion.py
[2026-04-01T09:02:24.608+0000] {processor.py:830} INFO - Processing file /opt/airflow/dags/dag-spark-airflow-s3-ingestion.py for tasks to queue
[2026-04-01T09:02:24.612+0000] {logging_mixin.py:188} INFO - [2026-04-01T09:02:24.611+0000] {dagbag.py:545} INFO - Filling up the DagBag from /opt/airflow/dags/dag-spark-airflow-s3-ingestion.py
[2026-04-01T09:02:24.656+0000] {processor.py:840} INFO - DAG(s) 'spark-airflow-s3-ingestion-dag' retrieved from /opt/airflow/dags/dag-spark-airflow-s3-ingestion.py
[2026-04-01T09:02:24.707+0000] {logging_mixin.py:188} INFO - [2026-04-01T09:02:24.706+0000] {dag.py:3089} INFO - Sync 1 DAGs
[2026-04-01T09:02:24.736+0000] {logging_mixin.py:188} INFO - [2026-04-01T09:02:24.735+0000] {dag.py:3947} INFO - Setting next_dagrun for spark-airflow-s3-ingestion-dag to None, run_after=None
[2026-04-01T09:02:24.774+0000] {processor.py:183} INFO - Processing /opt/airflow/dags/dag-spark-airflow-s3-ingestion.py took 0.182 seconds
[2026-04-01T09:02:55.012+0000] {processor.py:161} INFO - Started process (PID=4441) to work on /opt/airflow/dags/dag-spark-airflow-s3-ingestion.py
[2026-04-01T09:02:55.014+0000] {processor.py:830} INFO - Processing file /opt/airflow/dags/dag-spark-airflow-s3-ingestion.py for tasks to queue
[2026-04-01T09:02:55.019+0000] {logging_mixin.py:188} INFO - [2026-04-01T09:02:55.018+0000] {dagbag.py:545} INFO - Filling up the DagBag from /opt/airflow/dags/dag-spark-airflow-s3-ingestion.py
[2026-04-01T09:02:55.065+0000] {processor.py:840} INFO - DAG(s) 'spark-airflow-s3-ingestion-dag' retrieved from /opt/airflow/dags/dag-spark-airflow-s3-ingestion.py
[2026-04-01T09:02:55.124+0000] {logging_mixin.py:188} INFO - [2026-04-01T09:02:55.123+0000] {dag.py:3089} INFO - Sync 1 DAGs
[2026-04-01T09:02:55.152+0000] {logging_mixin.py:188} INFO - [2026-04-01T09:02:55.152+0000] {dag.py:3947} INFO - Setting next_dagrun for spark-airflow-s3-ingestion-dag to None, run_after=None
[2026-04-01T09:02:55.196+0000] {processor.py:183} INFO - Processing /opt/airflow/dags/dag-spark-airflow-s3-ingestion.py took 0.197 seconds
[2026-04-01T09:03:25.440+0000] {processor.py:161} INFO - Started process (PID=4466) to work on /opt/airflow/dags/dag-spark-airflow-s3-ingestion.py
[2026-04-01T09:03:25.442+0000] {processor.py:830} INFO - Processing file /opt/airflow/dags/dag-spark-airflow-s3-ingestion.py for tasks to queue
[2026-04-01T09:03:25.446+0000] {logging_mixin.py:188} INFO - [2026-04-01T09:03:25.445+0000] {dagbag.py:545} INFO - Filling up the DagBag from /opt/airflow/dags/dag-spark-airflow-s3-ingestion.py
[2026-04-01T09:03:25.504+0000] {processor.py:840} INFO - DAG(s) 'spark-airflow-s3-ingestion-dag' retrieved from /opt/airflow/dags/dag-spark-airflow-s3-ingestion.py
[2026-04-01T09:03:25.561+0000] {logging_mixin.py:188} INFO - [2026-04-01T09:03:25.561+0000] {dag.py:3089} INFO - Sync 1 DAGs
[2026-04-01T09:03:25.593+0000] {logging_mixin.py:188} INFO - [2026-04-01T09:03:25.593+0000] {dag.py:3947} INFO - Setting next_dagrun for spark-airflow-s3-ingestion-dag to None, run_after=None
[2026-04-01T09:03:25.644+0000] {processor.py:183} INFO - Processing /opt/airflow/dags/dag-spark-airflow-s3-ingestion.py took 0.218 seconds
[2026-04-01T09:03:56.087+0000] {processor.py:161} INFO - Started process (PID=4491) to work on /opt/airflow/dags/dag-spark-airflow-s3-ingestion.py
[2026-04-01T09:03:56.089+0000] {processor.py:830} INFO - Processing file /opt/airflow/dags/dag-spark-airflow-s3-ingestion.py for tasks to queue
[2026-04-01T09:03:56.093+0000] {logging_mixin.py:188} INFO - [2026-04-01T09:03:56.092+0000] {dagbag.py:545} INFO - Filling up the DagBag from /opt/airflow/dags/dag-spark-airflow-s3-ingestion.py
[2026-04-01T09:03:56.136+0000] {processor.py:840} INFO - DAG(s) 'spark-airflow-s3-ingestion-dag' retrieved from /opt/airflow/dags/dag-spark-airflow-s3-ingestion.py
[2026-04-01T09:03:56.188+0000] {logging_mixin.py:188} INFO - [2026-04-01T09:03:56.188+0000] {dag.py:3089} INFO - Sync 1 DAGs
[2026-04-01T09:03:56.218+0000] {logging_mixin.py:188} INFO - [2026-04-01T09:03:56.217+0000] {dag.py:3947} INFO - Setting next_dagrun for spark-airflow-s3-ingestion-dag to None, run_after=None
[2026-04-01T09:03:56.260+0000] {processor.py:183} INFO - Processing /opt/airflow/dags/dag-spark-airflow-s3-ingestion.py took 0.185 seconds
