[2026-04-01T07:35:47.996+0000] {processor.py:161} INFO - Started process (PID=163) to work on /opt/airflow/dags/dag-dbt-transformation-pipeline.py
[2026-04-01T07:35:47.999+0000] {processor.py:830} INFO - Processing file /opt/airflow/dags/dag-dbt-transformation-pipeline.py for tasks to queue
[2026-04-01T07:35:48.004+0000] {logging_mixin.py:188} INFO - [2026-04-01T07:35:48.003+0000] {dagbag.py:545} INFO - Filling up the DagBag from /opt/airflow/dags/dag-dbt-transformation-pipeline.py
[2026-04-01T07:35:48.069+0000] {processor.py:840} INFO - DAG(s) 'dbt_transformation_pipeline' retrieved from /opt/airflow/dags/dag-dbt-transformation-pipeline.py
[2026-04-01T07:35:49.118+0000] {logging_mixin.py:188} INFO - [2026-04-01T07:35:49.117+0000] {override.py:1858} INFO - Created Permission View: can delete on DAG:dbt_transformation_pipeline
[2026-04-01T07:35:49.149+0000] {logging_mixin.py:188} INFO - [2026-04-01T07:35:49.148+0000] {override.py:1858} INFO - Created Permission View: can read on DAG:dbt_transformation_pipeline
[2026-04-01T07:35:49.169+0000] {logging_mixin.py:188} INFO - [2026-04-01T07:35:49.169+0000] {override.py:1858} INFO - Created Permission View: can edit on DAG:dbt_transformation_pipeline
[2026-04-01T07:35:49.171+0000] {logging_mixin.py:188} INFO - [2026-04-01T07:35:49.171+0000] {dag.py:3089} INFO - Sync 1 DAGs
[2026-04-01T07:35:49.217+0000] {logging_mixin.py:188} INFO - [2026-04-01T07:35:49.217+0000] {dag.py:3111} INFO - Creating ORM DAG for dbt_transformation_pipeline
[2026-04-01T07:35:49.220+0000] {logging_mixin.py:188} INFO - [2026-04-01T07:35:49.219+0000] {dag.py:3947} INFO - Setting next_dagrun for dbt_transformation_pipeline to None, run_after=None
[2026-04-01T07:35:49.302+0000] {processor.py:183} INFO - Processing /opt/airflow/dags/dag-dbt-transformation-pipeline.py took 1.326 seconds
[2026-04-01T07:36:19.922+0000] {processor.py:161} INFO - Started process (PID=188) to work on /opt/airflow/dags/dag-dbt-transformation-pipeline.py
[2026-04-01T07:36:19.925+0000] {processor.py:830} INFO - Processing file /opt/airflow/dags/dag-dbt-transformation-pipeline.py for tasks to queue
[2026-04-01T07:36:19.930+0000] {logging_mixin.py:188} INFO - [2026-04-01T07:36:19.929+0000] {dagbag.py:545} INFO - Filling up the DagBag from /opt/airflow/dags/dag-dbt-transformation-pipeline.py
[2026-04-01T07:36:19.984+0000] {processor.py:840} INFO - DAG(s) 'dbt_transformation_pipeline' retrieved from /opt/airflow/dags/dag-dbt-transformation-pipeline.py
[2026-04-01T07:36:20.043+0000] {logging_mixin.py:188} INFO - [2026-04-01T07:36:20.043+0000] {dag.py:3089} INFO - Sync 1 DAGs
[2026-04-01T07:36:20.072+0000] {logging_mixin.py:188} INFO - [2026-04-01T07:36:20.072+0000] {dag.py:3947} INFO - Setting next_dagrun for dbt_transformation_pipeline to None, run_after=None
[2026-04-01T07:36:20.133+0000] {processor.py:183} INFO - Processing /opt/airflow/dags/dag-dbt-transformation-pipeline.py took 0.224 seconds
[2026-04-01T07:36:50.322+0000] {processor.py:161} INFO - Started process (PID=213) to work on /opt/airflow/dags/dag-dbt-transformation-pipeline.py
[2026-04-01T07:36:50.325+0000] {processor.py:830} INFO - Processing file /opt/airflow/dags/dag-dbt-transformation-pipeline.py for tasks to queue
[2026-04-01T07:36:50.329+0000] {logging_mixin.py:188} INFO - [2026-04-01T07:36:50.329+0000] {dagbag.py:545} INFO - Filling up the DagBag from /opt/airflow/dags/dag-dbt-transformation-pipeline.py
[2026-04-01T07:36:50.379+0000] {processor.py:840} INFO - DAG(s) 'dbt_transformation_pipeline' retrieved from /opt/airflow/dags/dag-dbt-transformation-pipeline.py
[2026-04-01T07:36:50.434+0000] {logging_mixin.py:188} INFO - [2026-04-01T07:36:50.433+0000] {dag.py:3089} INFO - Sync 1 DAGs
[2026-04-01T07:36:50.461+0000] {logging_mixin.py:188} INFO - [2026-04-01T07:36:50.461+0000] {dag.py:3947} INFO - Setting next_dagrun for dbt_transformation_pipeline to None, run_after=None
[2026-04-01T07:36:50.502+0000] {processor.py:183} INFO - Processing /opt/airflow/dags/dag-dbt-transformation-pipeline.py took 0.199 seconds
[2026-04-01T07:37:20.858+0000] {processor.py:161} INFO - Started process (PID=238) to work on /opt/airflow/dags/dag-dbt-transformation-pipeline.py
[2026-04-01T07:37:20.861+0000] {processor.py:830} INFO - Processing file /opt/airflow/dags/dag-dbt-transformation-pipeline.py for tasks to queue
[2026-04-01T07:37:20.870+0000] {logging_mixin.py:188} INFO - [2026-04-01T07:37:20.869+0000] {dagbag.py:545} INFO - Filling up the DagBag from /opt/airflow/dags/dag-dbt-transformation-pipeline.py
[2026-04-01T07:37:20.920+0000] {processor.py:840} INFO - DAG(s) 'dbt_transformation_pipeline' retrieved from /opt/airflow/dags/dag-dbt-transformation-pipeline.py
[2026-04-01T07:37:20.994+0000] {logging_mixin.py:188} INFO - [2026-04-01T07:37:20.993+0000] {dag.py:3089} INFO - Sync 1 DAGs
[2026-04-01T07:37:21.038+0000] {logging_mixin.py:188} INFO - [2026-04-01T07:37:21.038+0000] {dag.py:3947} INFO - Setting next_dagrun for dbt_transformation_pipeline to None, run_after=None
[2026-04-01T07:37:21.111+0000] {processor.py:183} INFO - Processing /opt/airflow/dags/dag-dbt-transformation-pipeline.py took 0.272 seconds
[2026-04-01T07:37:51.513+0000] {processor.py:161} INFO - Started process (PID=263) to work on /opt/airflow/dags/dag-dbt-transformation-pipeline.py
[2026-04-01T07:37:51.516+0000] {processor.py:830} INFO - Processing file /opt/airflow/dags/dag-dbt-transformation-pipeline.py for tasks to queue
[2026-04-01T07:37:51.519+0000] {logging_mixin.py:188} INFO - [2026-04-01T07:37:51.519+0000] {dagbag.py:545} INFO - Filling up the DagBag from /opt/airflow/dags/dag-dbt-transformation-pipeline.py
[2026-04-01T07:37:51.569+0000] {processor.py:840} INFO - DAG(s) 'dbt_transformation_pipeline' retrieved from /opt/airflow/dags/dag-dbt-transformation-pipeline.py
[2026-04-01T07:37:51.627+0000] {logging_mixin.py:188} INFO - [2026-04-01T07:37:51.627+0000] {dag.py:3089} INFO - Sync 1 DAGs
[2026-04-01T07:37:51.652+0000] {logging_mixin.py:188} INFO - [2026-04-01T07:37:51.652+0000] {dag.py:3947} INFO - Setting next_dagrun for dbt_transformation_pipeline to None, run_after=None
[2026-04-01T07:37:51.718+0000] {processor.py:183} INFO - Processing /opt/airflow/dags/dag-dbt-transformation-pipeline.py took 0.219 seconds
[2026-04-01T07:38:22.052+0000] {processor.py:161} INFO - Started process (PID=288) to work on /opt/airflow/dags/dag-dbt-transformation-pipeline.py
[2026-04-01T07:38:22.055+0000] {processor.py:830} INFO - Processing file /opt/airflow/dags/dag-dbt-transformation-pipeline.py for tasks to queue
[2026-04-01T07:38:22.058+0000] {logging_mixin.py:188} INFO - [2026-04-01T07:38:22.058+0000] {dagbag.py:545} INFO - Filling up the DagBag from /opt/airflow/dags/dag-dbt-transformation-pipeline.py
[2026-04-01T07:38:22.106+0000] {processor.py:840} INFO - DAG(s) 'dbt_transformation_pipeline' retrieved from /opt/airflow/dags/dag-dbt-transformation-pipeline.py
[2026-04-01T07:38:22.158+0000] {logging_mixin.py:188} INFO - [2026-04-01T07:38:22.157+0000] {dag.py:3089} INFO - Sync 1 DAGs
[2026-04-01T07:38:22.185+0000] {logging_mixin.py:188} INFO - [2026-04-01T07:38:22.185+0000] {dag.py:3947} INFO - Setting next_dagrun for dbt_transformation_pipeline to None, run_after=None
[2026-04-01T07:38:22.228+0000] {processor.py:183} INFO - Processing /opt/airflow/dags/dag-dbt-transformation-pipeline.py took 0.187 seconds
[2026-04-01T07:38:52.408+0000] {processor.py:161} INFO - Started process (PID=313) to work on /opt/airflow/dags/dag-dbt-transformation-pipeline.py
[2026-04-01T07:38:52.410+0000] {processor.py:830} INFO - Processing file /opt/airflow/dags/dag-dbt-transformation-pipeline.py for tasks to queue
[2026-04-01T07:38:52.414+0000] {logging_mixin.py:188} INFO - [2026-04-01T07:38:52.413+0000] {dagbag.py:545} INFO - Filling up the DagBag from /opt/airflow/dags/dag-dbt-transformation-pipeline.py
[2026-04-01T07:38:52.457+0000] {processor.py:840} INFO - DAG(s) 'dbt_transformation_pipeline' retrieved from /opt/airflow/dags/dag-dbt-transformation-pipeline.py
[2026-04-01T07:38:52.510+0000] {logging_mixin.py:188} INFO - [2026-04-01T07:38:52.510+0000] {dag.py:3089} INFO - Sync 1 DAGs
[2026-04-01T07:38:52.535+0000] {logging_mixin.py:188} INFO - [2026-04-01T07:38:52.535+0000] {dag.py:3947} INFO - Setting next_dagrun for dbt_transformation_pipeline to None, run_after=None
[2026-04-01T07:38:52.596+0000] {processor.py:183} INFO - Processing /opt/airflow/dags/dag-dbt-transformation-pipeline.py took 0.203 seconds
[2026-04-01T07:39:22.921+0000] {processor.py:161} INFO - Started process (PID=338) to work on /opt/airflow/dags/dag-dbt-transformation-pipeline.py
[2026-04-01T07:39:22.923+0000] {processor.py:830} INFO - Processing file /opt/airflow/dags/dag-dbt-transformation-pipeline.py for tasks to queue
[2026-04-01T07:39:22.927+0000] {logging_mixin.py:188} INFO - [2026-04-01T07:39:22.926+0000] {dagbag.py:545} INFO - Filling up the DagBag from /opt/airflow/dags/dag-dbt-transformation-pipeline.py
[2026-04-01T07:39:22.976+0000] {processor.py:840} INFO - DAG(s) 'dbt_transformation_pipeline' retrieved from /opt/airflow/dags/dag-dbt-transformation-pipeline.py
[2026-04-01T07:39:23.024+0000] {logging_mixin.py:188} INFO - [2026-04-01T07:39:23.023+0000] {dag.py:3089} INFO - Sync 1 DAGs
[2026-04-01T07:39:23.049+0000] {logging_mixin.py:188} INFO - [2026-04-01T07:39:23.049+0000] {dag.py:3947} INFO - Setting next_dagrun for dbt_transformation_pipeline to None, run_after=None
[2026-04-01T07:39:23.091+0000] {processor.py:183} INFO - Processing /opt/airflow/dags/dag-dbt-transformation-pipeline.py took 0.185 seconds
[2026-04-01T07:39:53.401+0000] {processor.py:161} INFO - Started process (PID=363) to work on /opt/airflow/dags/dag-dbt-transformation-pipeline.py
[2026-04-01T07:39:53.404+0000] {processor.py:830} INFO - Processing file /opt/airflow/dags/dag-dbt-transformation-pipeline.py for tasks to queue
[2026-04-01T07:39:53.408+0000] {logging_mixin.py:188} INFO - [2026-04-01T07:39:53.407+0000] {dagbag.py:545} INFO - Filling up the DagBag from /opt/airflow/dags/dag-dbt-transformation-pipeline.py
[2026-04-01T07:39:53.455+0000] {processor.py:840} INFO - DAG(s) 'dbt_transformation_pipeline' retrieved from /opt/airflow/dags/dag-dbt-transformation-pipeline.py
[2026-04-01T07:39:53.510+0000] {logging_mixin.py:188} INFO - [2026-04-01T07:39:53.510+0000] {dag.py:3089} INFO - Sync 1 DAGs
[2026-04-01T07:39:53.537+0000] {logging_mixin.py:188} INFO - [2026-04-01T07:39:53.537+0000] {dag.py:3947} INFO - Setting next_dagrun for dbt_transformation_pipeline to None, run_after=None
[2026-04-01T07:39:53.590+0000] {processor.py:183} INFO - Processing /opt/airflow/dags/dag-dbt-transformation-pipeline.py took 0.206 seconds
[2026-04-01T07:40:23.876+0000] {processor.py:161} INFO - Started process (PID=388) to work on /opt/airflow/dags/dag-dbt-transformation-pipeline.py
[2026-04-01T07:40:23.879+0000] {processor.py:830} INFO - Processing file /opt/airflow/dags/dag-dbt-transformation-pipeline.py for tasks to queue
[2026-04-01T07:40:23.884+0000] {logging_mixin.py:188} INFO - [2026-04-01T07:40:23.883+0000] {dagbag.py:545} INFO - Filling up the DagBag from /opt/airflow/dags/dag-dbt-transformation-pipeline.py
[2026-04-01T07:40:23.945+0000] {processor.py:840} INFO - DAG(s) 'dbt_transformation_pipeline' retrieved from /opt/airflow/dags/dag-dbt-transformation-pipeline.py
[2026-04-01T07:40:24.017+0000] {logging_mixin.py:188} INFO - [2026-04-01T07:40:24.016+0000] {dag.py:3089} INFO - Sync 1 DAGs
[2026-04-01T07:40:24.051+0000] {logging_mixin.py:188} INFO - [2026-04-01T07:40:24.051+0000] {dag.py:3947} INFO - Setting next_dagrun for dbt_transformation_pipeline to None, run_after=None
[2026-04-01T07:40:24.098+0000] {processor.py:183} INFO - Processing /opt/airflow/dags/dag-dbt-transformation-pipeline.py took 0.239 seconds
[2026-04-01T07:40:54.524+0000] {processor.py:161} INFO - Started process (PID=413) to work on /opt/airflow/dags/dag-dbt-transformation-pipeline.py
[2026-04-01T07:40:54.527+0000] {processor.py:830} INFO - Processing file /opt/airflow/dags/dag-dbt-transformation-pipeline.py for tasks to queue
[2026-04-01T07:40:54.534+0000] {logging_mixin.py:188} INFO - [2026-04-01T07:40:54.533+0000] {dagbag.py:545} INFO - Filling up the DagBag from /opt/airflow/dags/dag-dbt-transformation-pipeline.py
[2026-04-01T07:40:54.594+0000] {processor.py:840} INFO - DAG(s) 'dbt_transformation_pipeline' retrieved from /opt/airflow/dags/dag-dbt-transformation-pipeline.py
[2026-04-01T07:40:54.644+0000] {logging_mixin.py:188} INFO - [2026-04-01T07:40:54.644+0000] {dag.py:3089} INFO - Sync 1 DAGs
[2026-04-01T07:40:54.668+0000] {logging_mixin.py:188} INFO - [2026-04-01T07:40:54.668+0000] {dag.py:3947} INFO - Setting next_dagrun for dbt_transformation_pipeline to None, run_after=None
[2026-04-01T07:40:54.736+0000] {processor.py:183} INFO - Processing /opt/airflow/dags/dag-dbt-transformation-pipeline.py took 0.231 seconds
[2026-04-01T07:41:25.000+0000] {processor.py:161} INFO - Started process (PID=438) to work on /opt/airflow/dags/dag-dbt-transformation-pipeline.py
[2026-04-01T07:41:25.002+0000] {processor.py:830} INFO - Processing file /opt/airflow/dags/dag-dbt-transformation-pipeline.py for tasks to queue
[2026-04-01T07:41:25.006+0000] {logging_mixin.py:188} INFO - [2026-04-01T07:41:25.005+0000] {dagbag.py:545} INFO - Filling up the DagBag from /opt/airflow/dags/dag-dbt-transformation-pipeline.py
[2026-04-01T07:41:25.053+0000] {processor.py:840} INFO - DAG(s) 'dbt_transformation_pipeline' retrieved from /opt/airflow/dags/dag-dbt-transformation-pipeline.py
[2026-04-01T07:41:25.104+0000] {logging_mixin.py:188} INFO - [2026-04-01T07:41:25.103+0000] {dag.py:3089} INFO - Sync 1 DAGs
[2026-04-01T07:41:25.126+0000] {logging_mixin.py:188} INFO - [2026-04-01T07:41:25.126+0000] {dag.py:3947} INFO - Setting next_dagrun for dbt_transformation_pipeline to None, run_after=None
[2026-04-01T07:41:25.190+0000] {processor.py:183} INFO - Processing /opt/airflow/dags/dag-dbt-transformation-pipeline.py took 0.204 seconds
[2026-04-01T07:41:55.436+0000] {processor.py:161} INFO - Started process (PID=463) to work on /opt/airflow/dags/dag-dbt-transformation-pipeline.py
[2026-04-01T07:41:55.439+0000] {processor.py:830} INFO - Processing file /opt/airflow/dags/dag-dbt-transformation-pipeline.py for tasks to queue
[2026-04-01T07:41:55.444+0000] {logging_mixin.py:188} INFO - [2026-04-01T07:41:55.443+0000] {dagbag.py:545} INFO - Filling up the DagBag from /opt/airflow/dags/dag-dbt-transformation-pipeline.py
[2026-04-01T07:41:55.489+0000] {processor.py:840} INFO - DAG(s) 'dbt_transformation_pipeline' retrieved from /opt/airflow/dags/dag-dbt-transformation-pipeline.py
[2026-04-01T07:41:55.551+0000] {logging_mixin.py:188} INFO - [2026-04-01T07:41:55.550+0000] {dag.py:3089} INFO - Sync 1 DAGs
[2026-04-01T07:41:55.585+0000] {logging_mixin.py:188} INFO - [2026-04-01T07:41:55.584+0000] {dag.py:3947} INFO - Setting next_dagrun for dbt_transformation_pipeline to None, run_after=None
[2026-04-01T07:41:55.637+0000] {processor.py:183} INFO - Processing /opt/airflow/dags/dag-dbt-transformation-pipeline.py took 0.213 seconds
[2026-04-01T07:42:25.947+0000] {processor.py:161} INFO - Started process (PID=488) to work on /opt/airflow/dags/dag-dbt-transformation-pipeline.py
[2026-04-01T07:42:25.949+0000] {processor.py:830} INFO - Processing file /opt/airflow/dags/dag-dbt-transformation-pipeline.py for tasks to queue
[2026-04-01T07:42:25.952+0000] {logging_mixin.py:188} INFO - [2026-04-01T07:42:25.952+0000] {dagbag.py:545} INFO - Filling up the DagBag from /opt/airflow/dags/dag-dbt-transformation-pipeline.py
[2026-04-01T07:42:25.999+0000] {processor.py:840} INFO - DAG(s) 'dbt_transformation_pipeline' retrieved from /opt/airflow/dags/dag-dbt-transformation-pipeline.py
[2026-04-01T07:42:26.049+0000] {logging_mixin.py:188} INFO - [2026-04-01T07:42:26.049+0000] {dag.py:3089} INFO - Sync 1 DAGs
[2026-04-01T07:42:26.074+0000] {logging_mixin.py:188} INFO - [2026-04-01T07:42:26.073+0000] {dag.py:3947} INFO - Setting next_dagrun for dbt_transformation_pipeline to None, run_after=None
[2026-04-01T07:42:26.138+0000] {processor.py:183} INFO - Processing /opt/airflow/dags/dag-dbt-transformation-pipeline.py took 0.205 seconds
[2026-04-01T07:42:56.547+0000] {processor.py:161} INFO - Started process (PID=513) to work on /opt/airflow/dags/dag-dbt-transformation-pipeline.py
[2026-04-01T07:42:56.549+0000] {processor.py:830} INFO - Processing file /opt/airflow/dags/dag-dbt-transformation-pipeline.py for tasks to queue
[2026-04-01T07:42:56.553+0000] {logging_mixin.py:188} INFO - [2026-04-01T07:42:56.553+0000] {dagbag.py:545} INFO - Filling up the DagBag from /opt/airflow/dags/dag-dbt-transformation-pipeline.py
[2026-04-01T07:42:56.602+0000] {processor.py:840} INFO - DAG(s) 'dbt_transformation_pipeline' retrieved from /opt/airflow/dags/dag-dbt-transformation-pipeline.py
[2026-04-01T07:42:56.653+0000] {logging_mixin.py:188} INFO - [2026-04-01T07:42:56.653+0000] {dag.py:3089} INFO - Sync 1 DAGs
[2026-04-01T07:42:56.675+0000] {logging_mixin.py:188} INFO - [2026-04-01T07:42:56.675+0000] {dag.py:3947} INFO - Setting next_dagrun for dbt_transformation_pipeline to None, run_after=None
[2026-04-01T07:42:56.732+0000] {processor.py:183} INFO - Processing /opt/airflow/dags/dag-dbt-transformation-pipeline.py took 0.196 seconds
[2026-04-01T07:43:26.927+0000] {processor.py:161} INFO - Started process (PID=538) to work on /opt/airflow/dags/dag-dbt-transformation-pipeline.py
[2026-04-01T07:43:26.930+0000] {processor.py:830} INFO - Processing file /opt/airflow/dags/dag-dbt-transformation-pipeline.py for tasks to queue
[2026-04-01T07:43:26.938+0000] {logging_mixin.py:188} INFO - [2026-04-01T07:43:26.937+0000] {dagbag.py:545} INFO - Filling up the DagBag from /opt/airflow/dags/dag-dbt-transformation-pipeline.py
[2026-04-01T07:43:26.999+0000] {processor.py:840} INFO - DAG(s) 'dbt_transformation_pipeline' retrieved from /opt/airflow/dags/dag-dbt-transformation-pipeline.py
[2026-04-01T07:43:27.070+0000] {logging_mixin.py:188} INFO - [2026-04-01T07:43:27.069+0000] {dag.py:3089} INFO - Sync 1 DAGs
[2026-04-01T07:43:27.111+0000] {logging_mixin.py:188} INFO - [2026-04-01T07:43:27.111+0000] {dag.py:3947} INFO - Setting next_dagrun for dbt_transformation_pipeline to None, run_after=None
[2026-04-01T07:43:27.192+0000] {processor.py:183} INFO - Processing /opt/airflow/dags/dag-dbt-transformation-pipeline.py took 0.283 seconds
[2026-04-01T07:43:57.568+0000] {processor.py:161} INFO - Started process (PID=563) to work on /opt/airflow/dags/dag-dbt-transformation-pipeline.py
[2026-04-01T07:43:57.573+0000] {processor.py:830} INFO - Processing file /opt/airflow/dags/dag-dbt-transformation-pipeline.py for tasks to queue
[2026-04-01T07:43:57.581+0000] {logging_mixin.py:188} INFO - [2026-04-01T07:43:57.580+0000] {dagbag.py:545} INFO - Filling up the DagBag from /opt/airflow/dags/dag-dbt-transformation-pipeline.py
[2026-04-01T07:43:57.651+0000] {processor.py:840} INFO - DAG(s) 'dbt_transformation_pipeline' retrieved from /opt/airflow/dags/dag-dbt-transformation-pipeline.py
[2026-04-01T07:43:57.758+0000] {logging_mixin.py:188} INFO - [2026-04-01T07:43:57.758+0000] {dag.py:3089} INFO - Sync 1 DAGs
[2026-04-01T07:43:57.806+0000] {logging_mixin.py:188} INFO - [2026-04-01T07:43:57.805+0000] {dag.py:3947} INFO - Setting next_dagrun for dbt_transformation_pipeline to None, run_after=None
[2026-04-01T07:43:57.892+0000] {processor.py:183} INFO - Processing /opt/airflow/dags/dag-dbt-transformation-pipeline.py took 0.363 seconds
[2026-04-01T07:44:28.052+0000] {processor.py:161} INFO - Started process (PID=588) to work on /opt/airflow/dags/dag-dbt-transformation-pipeline.py
[2026-04-01T07:44:28.054+0000] {processor.py:830} INFO - Processing file /opt/airflow/dags/dag-dbt-transformation-pipeline.py for tasks to queue
[2026-04-01T07:44:28.057+0000] {logging_mixin.py:188} INFO - [2026-04-01T07:44:28.057+0000] {dagbag.py:545} INFO - Filling up the DagBag from /opt/airflow/dags/dag-dbt-transformation-pipeline.py
[2026-04-01T07:44:28.106+0000] {processor.py:840} INFO - DAG(s) 'dbt_transformation_pipeline' retrieved from /opt/airflow/dags/dag-dbt-transformation-pipeline.py
[2026-04-01T07:44:28.154+0000] {logging_mixin.py:188} INFO - [2026-04-01T07:44:28.154+0000] {dag.py:3089} INFO - Sync 1 DAGs
[2026-04-01T07:44:28.189+0000] {logging_mixin.py:188} INFO - [2026-04-01T07:44:28.188+0000] {dag.py:3947} INFO - Setting next_dagrun for dbt_transformation_pipeline to None, run_after=None
[2026-04-01T07:44:28.242+0000] {processor.py:183} INFO - Processing /opt/airflow/dags/dag-dbt-transformation-pipeline.py took 0.201 seconds
[2026-04-01T07:44:58.720+0000] {processor.py:161} INFO - Started process (PID=613) to work on /opt/airflow/dags/dag-dbt-transformation-pipeline.py
[2026-04-01T07:44:58.722+0000] {processor.py:830} INFO - Processing file /opt/airflow/dags/dag-dbt-transformation-pipeline.py for tasks to queue
[2026-04-01T07:44:58.725+0000] {logging_mixin.py:188} INFO - [2026-04-01T07:44:58.724+0000] {dagbag.py:545} INFO - Filling up the DagBag from /opt/airflow/dags/dag-dbt-transformation-pipeline.py
[2026-04-01T07:44:58.768+0000] {processor.py:840} INFO - DAG(s) 'dbt_transformation_pipeline' retrieved from /opt/airflow/dags/dag-dbt-transformation-pipeline.py
[2026-04-01T07:44:58.816+0000] {logging_mixin.py:188} INFO - [2026-04-01T07:44:58.815+0000] {dag.py:3089} INFO - Sync 1 DAGs
[2026-04-01T07:44:58.841+0000] {logging_mixin.py:188} INFO - [2026-04-01T07:44:58.841+0000] {dag.py:3947} INFO - Setting next_dagrun for dbt_transformation_pipeline to None, run_after=None
[2026-04-01T07:44:58.882+0000] {processor.py:183} INFO - Processing /opt/airflow/dags/dag-dbt-transformation-pipeline.py took 0.176 seconds
[2026-04-01T07:45:29.129+0000] {processor.py:161} INFO - Started process (PID=638) to work on /opt/airflow/dags/dag-dbt-transformation-pipeline.py
[2026-04-01T07:45:29.133+0000] {processor.py:830} INFO - Processing file /opt/airflow/dags/dag-dbt-transformation-pipeline.py for tasks to queue
[2026-04-01T07:45:29.139+0000] {logging_mixin.py:188} INFO - [2026-04-01T07:45:29.137+0000] {dagbag.py:545} INFO - Filling up the DagBag from /opt/airflow/dags/dag-dbt-transformation-pipeline.py
[2026-04-01T07:45:29.215+0000] {processor.py:840} INFO - DAG(s) 'dbt_transformation_pipeline' retrieved from /opt/airflow/dags/dag-dbt-transformation-pipeline.py
[2026-04-01T07:45:29.301+0000] {logging_mixin.py:188} INFO - [2026-04-01T07:45:29.300+0000] {dag.py:3089} INFO - Sync 1 DAGs
[2026-04-01T07:45:29.334+0000] {logging_mixin.py:188} INFO - [2026-04-01T07:45:29.334+0000] {dag.py:3947} INFO - Setting next_dagrun for dbt_transformation_pipeline to None, run_after=None
[2026-04-01T07:45:29.379+0000] {processor.py:183} INFO - Processing /opt/airflow/dags/dag-dbt-transformation-pipeline.py took 0.273 seconds
[2026-04-01T07:45:59.756+0000] {processor.py:161} INFO - Started process (PID=663) to work on /opt/airflow/dags/dag-dbt-transformation-pipeline.py
[2026-04-01T07:45:59.759+0000] {processor.py:830} INFO - Processing file /opt/airflow/dags/dag-dbt-transformation-pipeline.py for tasks to queue
[2026-04-01T07:45:59.763+0000] {logging_mixin.py:188} INFO - [2026-04-01T07:45:59.763+0000] {dagbag.py:545} INFO - Filling up the DagBag from /opt/airflow/dags/dag-dbt-transformation-pipeline.py
[2026-04-01T07:45:59.813+0000] {processor.py:840} INFO - DAG(s) 'dbt_transformation_pipeline' retrieved from /opt/airflow/dags/dag-dbt-transformation-pipeline.py
[2026-04-01T07:45:59.878+0000] {logging_mixin.py:188} INFO - [2026-04-01T07:45:59.878+0000] {dag.py:3089} INFO - Sync 1 DAGs
[2026-04-01T07:45:59.915+0000] {logging_mixin.py:188} INFO - [2026-04-01T07:45:59.915+0000] {dag.py:3947} INFO - Setting next_dagrun for dbt_transformation_pipeline to None, run_after=None
[2026-04-01T07:45:59.963+0000] {processor.py:183} INFO - Processing /opt/airflow/dags/dag-dbt-transformation-pipeline.py took 0.227 seconds
[2026-04-01T07:46:30.354+0000] {processor.py:161} INFO - Started process (PID=688) to work on /opt/airflow/dags/dag-dbt-transformation-pipeline.py
[2026-04-01T07:46:30.356+0000] {processor.py:830} INFO - Processing file /opt/airflow/dags/dag-dbt-transformation-pipeline.py for tasks to queue
[2026-04-01T07:46:30.359+0000] {logging_mixin.py:188} INFO - [2026-04-01T07:46:30.359+0000] {dagbag.py:545} INFO - Filling up the DagBag from /opt/airflow/dags/dag-dbt-transformation-pipeline.py
[2026-04-01T07:46:30.414+0000] {processor.py:840} INFO - DAG(s) 'dbt_transformation_pipeline' retrieved from /opt/airflow/dags/dag-dbt-transformation-pipeline.py
[2026-04-01T07:46:30.487+0000] {logging_mixin.py:188} INFO - [2026-04-01T07:46:30.487+0000] {dag.py:3089} INFO - Sync 1 DAGs
[2026-04-01T07:46:30.526+0000] {logging_mixin.py:188} INFO - [2026-04-01T07:46:30.525+0000] {dag.py:3947} INFO - Setting next_dagrun for dbt_transformation_pipeline to None, run_after=None
[2026-04-01T07:46:30.583+0000] {processor.py:183} INFO - Processing /opt/airflow/dags/dag-dbt-transformation-pipeline.py took 0.243 seconds
[2026-04-01T07:47:00.907+0000] {processor.py:161} INFO - Started process (PID=713) to work on /opt/airflow/dags/dag-dbt-transformation-pipeline.py
[2026-04-01T07:47:00.909+0000] {processor.py:830} INFO - Processing file /opt/airflow/dags/dag-dbt-transformation-pipeline.py for tasks to queue
[2026-04-01T07:47:00.912+0000] {logging_mixin.py:188} INFO - [2026-04-01T07:47:00.912+0000] {dagbag.py:545} INFO - Filling up the DagBag from /opt/airflow/dags/dag-dbt-transformation-pipeline.py
[2026-04-01T07:47:00.957+0000] {processor.py:840} INFO - DAG(s) 'dbt_transformation_pipeline' retrieved from /opt/airflow/dags/dag-dbt-transformation-pipeline.py
[2026-04-01T07:47:01.009+0000] {logging_mixin.py:188} INFO - [2026-04-01T07:47:01.009+0000] {dag.py:3089} INFO - Sync 1 DAGs
[2026-04-01T07:47:01.038+0000] {logging_mixin.py:188} INFO - [2026-04-01T07:47:01.038+0000] {dag.py:3947} INFO - Setting next_dagrun for dbt_transformation_pipeline to None, run_after=None
[2026-04-01T07:47:01.099+0000] {processor.py:183} INFO - Processing /opt/airflow/dags/dag-dbt-transformation-pipeline.py took 0.208 seconds
[2026-04-01T07:47:31.985+0000] {processor.py:161} INFO - Started process (PID=738) to work on /opt/airflow/dags/dag-dbt-transformation-pipeline.py
[2026-04-01T07:47:31.987+0000] {processor.py:830} INFO - Processing file /opt/airflow/dags/dag-dbt-transformation-pipeline.py for tasks to queue
[2026-04-01T07:47:31.990+0000] {logging_mixin.py:188} INFO - [2026-04-01T07:47:31.989+0000] {dagbag.py:545} INFO - Filling up the DagBag from /opt/airflow/dags/dag-dbt-transformation-pipeline.py
[2026-04-01T07:47:32.039+0000] {processor.py:840} INFO - DAG(s) 'dbt_transformation_pipeline' retrieved from /opt/airflow/dags/dag-dbt-transformation-pipeline.py
[2026-04-01T07:47:32.097+0000] {logging_mixin.py:188} INFO - [2026-04-01T07:47:32.097+0000] {dag.py:3089} INFO - Sync 1 DAGs
[2026-04-01T07:47:32.127+0000] {logging_mixin.py:188} INFO - [2026-04-01T07:47:32.127+0000] {dag.py:3947} INFO - Setting next_dagrun for dbt_transformation_pipeline to None, run_after=None
[2026-04-01T07:47:32.192+0000] {processor.py:183} INFO - Processing /opt/airflow/dags/dag-dbt-transformation-pipeline.py took 0.222 seconds
[2026-04-01T07:48:02.796+0000] {processor.py:161} INFO - Started process (PID=763) to work on /opt/airflow/dags/dag-dbt-transformation-pipeline.py
[2026-04-01T07:48:02.799+0000] {processor.py:830} INFO - Processing file /opt/airflow/dags/dag-dbt-transformation-pipeline.py for tasks to queue
[2026-04-01T07:48:02.803+0000] {logging_mixin.py:188} INFO - [2026-04-01T07:48:02.802+0000] {dagbag.py:545} INFO - Filling up the DagBag from /opt/airflow/dags/dag-dbt-transformation-pipeline.py
[2026-04-01T07:48:02.861+0000] {processor.py:840} INFO - DAG(s) 'dbt_transformation_pipeline' retrieved from /opt/airflow/dags/dag-dbt-transformation-pipeline.py
[2026-04-01T07:48:02.932+0000] {logging_mixin.py:188} INFO - [2026-04-01T07:48:02.932+0000] {dag.py:3089} INFO - Sync 1 DAGs
[2026-04-01T07:48:02.975+0000] {logging_mixin.py:188} INFO - [2026-04-01T07:48:02.974+0000] {dag.py:3947} INFO - Setting next_dagrun for dbt_transformation_pipeline to None, run_after=None
[2026-04-01T07:48:03.018+0000] {processor.py:183} INFO - Processing /opt/airflow/dags/dag-dbt-transformation-pipeline.py took 0.237 seconds
[2026-04-01T07:48:33.353+0000] {processor.py:161} INFO - Started process (PID=788) to work on /opt/airflow/dags/dag-dbt-transformation-pipeline.py
[2026-04-01T07:48:33.355+0000] {processor.py:830} INFO - Processing file /opt/airflow/dags/dag-dbt-transformation-pipeline.py for tasks to queue
[2026-04-01T07:48:33.358+0000] {logging_mixin.py:188} INFO - [2026-04-01T07:48:33.358+0000] {dagbag.py:545} INFO - Filling up the DagBag from /opt/airflow/dags/dag-dbt-transformation-pipeline.py
[2026-04-01T07:48:33.405+0000] {processor.py:840} INFO - DAG(s) 'dbt_transformation_pipeline' retrieved from /opt/airflow/dags/dag-dbt-transformation-pipeline.py
[2026-04-01T07:48:33.457+0000] {logging_mixin.py:188} INFO - [2026-04-01T07:48:33.456+0000] {dag.py:3089} INFO - Sync 1 DAGs
[2026-04-01T07:48:33.480+0000] {logging_mixin.py:188} INFO - [2026-04-01T07:48:33.480+0000] {dag.py:3947} INFO - Setting next_dagrun for dbt_transformation_pipeline to None, run_after=None
[2026-04-01T07:48:33.541+0000] {processor.py:183} INFO - Processing /opt/airflow/dags/dag-dbt-transformation-pipeline.py took 0.200 seconds
[2026-04-01T07:49:04.207+0000] {processor.py:161} INFO - Started process (PID=813) to work on /opt/airflow/dags/dag-dbt-transformation-pipeline.py
[2026-04-01T07:49:04.213+0000] {processor.py:830} INFO - Processing file /opt/airflow/dags/dag-dbt-transformation-pipeline.py for tasks to queue
[2026-04-01T07:49:04.222+0000] {logging_mixin.py:188} INFO - [2026-04-01T07:49:04.221+0000] {dagbag.py:545} INFO - Filling up the DagBag from /opt/airflow/dags/dag-dbt-transformation-pipeline.py
[2026-04-01T07:49:04.301+0000] {processor.py:840} INFO - DAG(s) 'dbt_transformation_pipeline' retrieved from /opt/airflow/dags/dag-dbt-transformation-pipeline.py
[2026-04-01T07:49:04.365+0000] {logging_mixin.py:188} INFO - [2026-04-01T07:49:04.364+0000] {dag.py:3089} INFO - Sync 1 DAGs
[2026-04-01T07:49:04.394+0000] {logging_mixin.py:188} INFO - [2026-04-01T07:49:04.393+0000] {dag.py:3947} INFO - Setting next_dagrun for dbt_transformation_pipeline to None, run_after=None
[2026-04-01T07:49:04.437+0000] {processor.py:183} INFO - Processing /opt/airflow/dags/dag-dbt-transformation-pipeline.py took 0.266 seconds
[2026-04-01T07:49:35.389+0000] {processor.py:161} INFO - Started process (PID=838) to work on /opt/airflow/dags/dag-dbt-transformation-pipeline.py
[2026-04-01T07:49:35.392+0000] {processor.py:830} INFO - Processing file /opt/airflow/dags/dag-dbt-transformation-pipeline.py for tasks to queue
[2026-04-01T07:49:35.396+0000] {logging_mixin.py:188} INFO - [2026-04-01T07:49:35.396+0000] {dagbag.py:545} INFO - Filling up the DagBag from /opt/airflow/dags/dag-dbt-transformation-pipeline.py
[2026-04-01T07:49:35.462+0000] {processor.py:840} INFO - DAG(s) 'dbt_transformation_pipeline' retrieved from /opt/airflow/dags/dag-dbt-transformation-pipeline.py
[2026-04-01T07:49:35.542+0000] {logging_mixin.py:188} INFO - [2026-04-01T07:49:35.541+0000] {dag.py:3089} INFO - Sync 1 DAGs
[2026-04-01T07:49:35.589+0000] {logging_mixin.py:188} INFO - [2026-04-01T07:49:35.588+0000] {dag.py:3947} INFO - Setting next_dagrun for dbt_transformation_pipeline to None, run_after=None
[2026-04-01T07:49:35.657+0000] {processor.py:183} INFO - Processing /opt/airflow/dags/dag-dbt-transformation-pipeline.py took 0.288 seconds
[2026-04-01T07:50:05.873+0000] {processor.py:161} INFO - Started process (PID=863) to work on /opt/airflow/dags/dag-dbt-transformation-pipeline.py
[2026-04-01T07:50:05.875+0000] {processor.py:830} INFO - Processing file /opt/airflow/dags/dag-dbt-transformation-pipeline.py for tasks to queue
[2026-04-01T07:50:05.879+0000] {logging_mixin.py:188} INFO - [2026-04-01T07:50:05.879+0000] {dagbag.py:545} INFO - Filling up the DagBag from /opt/airflow/dags/dag-dbt-transformation-pipeline.py
[2026-04-01T07:50:05.926+0000] {processor.py:840} INFO - DAG(s) 'dbt_transformation_pipeline' retrieved from /opt/airflow/dags/dag-dbt-transformation-pipeline.py
[2026-04-01T07:50:05.977+0000] {logging_mixin.py:188} INFO - [2026-04-01T07:50:05.976+0000] {dag.py:3089} INFO - Sync 1 DAGs
[2026-04-01T07:50:06.008+0000] {logging_mixin.py:188} INFO - [2026-04-01T07:50:06.008+0000] {dag.py:3947} INFO - Setting next_dagrun for dbt_transformation_pipeline to None, run_after=None
[2026-04-01T07:50:06.050+0000] {processor.py:183} INFO - Processing /opt/airflow/dags/dag-dbt-transformation-pipeline.py took 0.190 seconds
[2026-04-01T07:50:36.372+0000] {processor.py:161} INFO - Started process (PID=888) to work on /opt/airflow/dags/dag-dbt-transformation-pipeline.py
[2026-04-01T07:50:36.374+0000] {processor.py:830} INFO - Processing file /opt/airflow/dags/dag-dbt-transformation-pipeline.py for tasks to queue
[2026-04-01T07:50:36.377+0000] {logging_mixin.py:188} INFO - [2026-04-01T07:50:36.376+0000] {dagbag.py:545} INFO - Filling up the DagBag from /opt/airflow/dags/dag-dbt-transformation-pipeline.py
[2026-04-01T07:50:36.426+0000] {processor.py:840} INFO - DAG(s) 'dbt_transformation_pipeline' retrieved from /opt/airflow/dags/dag-dbt-transformation-pipeline.py
[2026-04-01T07:50:36.478+0000] {logging_mixin.py:188} INFO - [2026-04-01T07:50:36.478+0000] {dag.py:3089} INFO - Sync 1 DAGs
[2026-04-01T07:50:36.504+0000] {logging_mixin.py:188} INFO - [2026-04-01T07:50:36.504+0000] {dag.py:3947} INFO - Setting next_dagrun for dbt_transformation_pipeline to None, run_after=None
[2026-04-01T07:50:36.570+0000] {processor.py:183} INFO - Processing /opt/airflow/dags/dag-dbt-transformation-pipeline.py took 0.214 seconds
[2026-04-01T07:51:07.030+0000] {processor.py:161} INFO - Started process (PID=913) to work on /opt/airflow/dags/dag-dbt-transformation-pipeline.py
[2026-04-01T07:51:07.032+0000] {processor.py:830} INFO - Processing file /opt/airflow/dags/dag-dbt-transformation-pipeline.py for tasks to queue
[2026-04-01T07:51:07.036+0000] {logging_mixin.py:188} INFO - [2026-04-01T07:51:07.035+0000] {dagbag.py:545} INFO - Filling up the DagBag from /opt/airflow/dags/dag-dbt-transformation-pipeline.py
[2026-04-01T07:51:07.089+0000] {processor.py:840} INFO - DAG(s) 'dbt_transformation_pipeline' retrieved from /opt/airflow/dags/dag-dbt-transformation-pipeline.py
[2026-04-01T07:51:07.212+0000] {logging_mixin.py:188} INFO - [2026-04-01T07:51:07.212+0000] {dag.py:3089} INFO - Sync 1 DAGs
[2026-04-01T07:51:07.299+0000] {logging_mixin.py:188} INFO - [2026-04-01T07:51:07.298+0000] {dag.py:3947} INFO - Setting next_dagrun for dbt_transformation_pipeline to None, run_after=None
[2026-04-01T07:51:07.390+0000] {processor.py:183} INFO - Processing /opt/airflow/dags/dag-dbt-transformation-pipeline.py took 0.373 seconds
[2026-04-01T07:51:37.714+0000] {processor.py:161} INFO - Started process (PID=938) to work on /opt/airflow/dags/dag-dbt-transformation-pipeline.py
[2026-04-01T07:51:37.716+0000] {processor.py:830} INFO - Processing file /opt/airflow/dags/dag-dbt-transformation-pipeline.py for tasks to queue
[2026-04-01T07:51:37.721+0000] {logging_mixin.py:188} INFO - [2026-04-01T07:51:37.720+0000] {dagbag.py:545} INFO - Filling up the DagBag from /opt/airflow/dags/dag-dbt-transformation-pipeline.py
[2026-04-01T07:51:37.778+0000] {processor.py:840} INFO - DAG(s) 'dbt_transformation_pipeline' retrieved from /opt/airflow/dags/dag-dbt-transformation-pipeline.py
[2026-04-01T07:51:37.844+0000] {logging_mixin.py:188} INFO - [2026-04-01T07:51:37.843+0000] {dag.py:3089} INFO - Sync 1 DAGs
[2026-04-01T07:51:37.879+0000] {logging_mixin.py:188} INFO - [2026-04-01T07:51:37.878+0000] {dag.py:3947} INFO - Setting next_dagrun for dbt_transformation_pipeline to None, run_after=None
[2026-04-01T07:51:37.933+0000] {processor.py:183} INFO - Processing /opt/airflow/dags/dag-dbt-transformation-pipeline.py took 0.236 seconds
[2026-04-01T07:52:08.381+0000] {processor.py:161} INFO - Started process (PID=963) to work on /opt/airflow/dags/dag-dbt-transformation-pipeline.py
[2026-04-01T07:52:08.384+0000] {processor.py:830} INFO - Processing file /opt/airflow/dags/dag-dbt-transformation-pipeline.py for tasks to queue
[2026-04-01T07:52:08.388+0000] {logging_mixin.py:188} INFO - [2026-04-01T07:52:08.387+0000] {dagbag.py:545} INFO - Filling up the DagBag from /opt/airflow/dags/dag-dbt-transformation-pipeline.py
[2026-04-01T07:52:08.434+0000] {processor.py:840} INFO - DAG(s) 'dbt_transformation_pipeline' retrieved from /opt/airflow/dags/dag-dbt-transformation-pipeline.py
[2026-04-01T07:52:08.486+0000] {logging_mixin.py:188} INFO - [2026-04-01T07:52:08.485+0000] {dag.py:3089} INFO - Sync 1 DAGs
[2026-04-01T07:52:08.514+0000] {logging_mixin.py:188} INFO - [2026-04-01T07:52:08.514+0000] {dag.py:3947} INFO - Setting next_dagrun for dbt_transformation_pipeline to None, run_after=None
[2026-04-01T07:52:08.583+0000] {processor.py:183} INFO - Processing /opt/airflow/dags/dag-dbt-transformation-pipeline.py took 0.216 seconds
[2026-04-01T07:52:38.860+0000] {processor.py:161} INFO - Started process (PID=988) to work on /opt/airflow/dags/dag-dbt-transformation-pipeline.py
[2026-04-01T07:52:38.863+0000] {processor.py:830} INFO - Processing file /opt/airflow/dags/dag-dbt-transformation-pipeline.py for tasks to queue
[2026-04-01T07:52:38.867+0000] {logging_mixin.py:188} INFO - [2026-04-01T07:52:38.866+0000] {dagbag.py:545} INFO - Filling up the DagBag from /opt/airflow/dags/dag-dbt-transformation-pipeline.py
[2026-04-01T07:52:38.915+0000] {processor.py:840} INFO - DAG(s) 'dbt_transformation_pipeline' retrieved from /opt/airflow/dags/dag-dbt-transformation-pipeline.py
[2026-04-01T07:52:38.970+0000] {logging_mixin.py:188} INFO - [2026-04-01T07:52:38.970+0000] {dag.py:3089} INFO - Sync 1 DAGs
[2026-04-01T07:52:39.000+0000] {logging_mixin.py:188} INFO - [2026-04-01T07:52:39.000+0000] {dag.py:3947} INFO - Setting next_dagrun for dbt_transformation_pipeline to None, run_after=None
[2026-04-01T07:52:39.063+0000] {processor.py:183} INFO - Processing /opt/airflow/dags/dag-dbt-transformation-pipeline.py took 0.216 seconds
[2026-04-01T07:53:09.224+0000] {processor.py:161} INFO - Started process (PID=1013) to work on /opt/airflow/dags/dag-dbt-transformation-pipeline.py
[2026-04-01T07:53:09.226+0000] {processor.py:830} INFO - Processing file /opt/airflow/dags/dag-dbt-transformation-pipeline.py for tasks to queue
[2026-04-01T07:53:09.230+0000] {logging_mixin.py:188} INFO - [2026-04-01T07:53:09.230+0000] {dagbag.py:545} INFO - Filling up the DagBag from /opt/airflow/dags/dag-dbt-transformation-pipeline.py
[2026-04-01T07:53:09.276+0000] {processor.py:840} INFO - DAG(s) 'dbt_transformation_pipeline' retrieved from /opt/airflow/dags/dag-dbt-transformation-pipeline.py
[2026-04-01T07:53:09.325+0000] {logging_mixin.py:188} INFO - [2026-04-01T07:53:09.324+0000] {dag.py:3089} INFO - Sync 1 DAGs
[2026-04-01T07:53:09.349+0000] {logging_mixin.py:188} INFO - [2026-04-01T07:53:09.348+0000] {dag.py:3947} INFO - Setting next_dagrun for dbt_transformation_pipeline to None, run_after=None
[2026-04-01T07:53:09.389+0000] {processor.py:183} INFO - Processing /opt/airflow/dags/dag-dbt-transformation-pipeline.py took 0.180 seconds
[2026-04-01T07:53:39.902+0000] {processor.py:161} INFO - Started process (PID=1038) to work on /opt/airflow/dags/dag-dbt-transformation-pipeline.py
[2026-04-01T07:53:39.905+0000] {processor.py:830} INFO - Processing file /opt/airflow/dags/dag-dbt-transformation-pipeline.py for tasks to queue
[2026-04-01T07:53:39.910+0000] {logging_mixin.py:188} INFO - [2026-04-01T07:53:39.909+0000] {dagbag.py:545} INFO - Filling up the DagBag from /opt/airflow/dags/dag-dbt-transformation-pipeline.py
[2026-04-01T07:53:39.973+0000] {processor.py:840} INFO - DAG(s) 'dbt_transformation_pipeline' retrieved from /opt/airflow/dags/dag-dbt-transformation-pipeline.py
[2026-04-01T07:53:40.028+0000] {logging_mixin.py:188} INFO - [2026-04-01T07:53:40.027+0000] {dag.py:3089} INFO - Sync 1 DAGs
[2026-04-01T07:53:40.058+0000] {logging_mixin.py:188} INFO - [2026-04-01T07:53:40.058+0000] {dag.py:3947} INFO - Setting next_dagrun for dbt_transformation_pipeline to None, run_after=None
[2026-04-01T07:53:40.119+0000] {processor.py:183} INFO - Processing /opt/airflow/dags/dag-dbt-transformation-pipeline.py took 0.237 seconds
[2026-04-01T07:54:10.433+0000] {processor.py:161} INFO - Started process (PID=1063) to work on /opt/airflow/dags/dag-dbt-transformation-pipeline.py
[2026-04-01T07:54:10.436+0000] {processor.py:830} INFO - Processing file /opt/airflow/dags/dag-dbt-transformation-pipeline.py for tasks to queue
[2026-04-01T07:54:10.439+0000] {logging_mixin.py:188} INFO - [2026-04-01T07:54:10.439+0000] {dagbag.py:545} INFO - Filling up the DagBag from /opt/airflow/dags/dag-dbt-transformation-pipeline.py
[2026-04-01T07:54:10.487+0000] {processor.py:840} INFO - DAG(s) 'dbt_transformation_pipeline' retrieved from /opt/airflow/dags/dag-dbt-transformation-pipeline.py
[2026-04-01T07:54:10.543+0000] {logging_mixin.py:188} INFO - [2026-04-01T07:54:10.542+0000] {dag.py:3089} INFO - Sync 1 DAGs
[2026-04-01T07:54:10.572+0000] {logging_mixin.py:188} INFO - [2026-04-01T07:54:10.571+0000] {dag.py:3947} INFO - Setting next_dagrun for dbt_transformation_pipeline to None, run_after=None
[2026-04-01T07:54:10.628+0000] {processor.py:183} INFO - Processing /opt/airflow/dags/dag-dbt-transformation-pipeline.py took 0.209 seconds
[2026-04-01T07:54:40.750+0000] {processor.py:161} INFO - Started process (PID=1088) to work on /opt/airflow/dags/dag-dbt-transformation-pipeline.py
[2026-04-01T07:54:40.752+0000] {processor.py:830} INFO - Processing file /opt/airflow/dags/dag-dbt-transformation-pipeline.py for tasks to queue
[2026-04-01T07:54:40.756+0000] {logging_mixin.py:188} INFO - [2026-04-01T07:54:40.755+0000] {dagbag.py:545} INFO - Filling up the DagBag from /opt/airflow/dags/dag-dbt-transformation-pipeline.py
[2026-04-01T07:54:40.806+0000] {processor.py:840} INFO - DAG(s) 'dbt_transformation_pipeline' retrieved from /opt/airflow/dags/dag-dbt-transformation-pipeline.py
[2026-04-01T07:54:40.860+0000] {logging_mixin.py:188} INFO - [2026-04-01T07:54:40.859+0000] {dag.py:3089} INFO - Sync 1 DAGs
[2026-04-01T07:54:40.888+0000] {logging_mixin.py:188} INFO - [2026-04-01T07:54:40.887+0000] {dag.py:3947} INFO - Setting next_dagrun for dbt_transformation_pipeline to None, run_after=None
[2026-04-01T07:54:40.929+0000] {processor.py:183} INFO - Processing /opt/airflow/dags/dag-dbt-transformation-pipeline.py took 0.193 seconds
[2026-04-01T07:55:11.381+0000] {processor.py:161} INFO - Started process (PID=1113) to work on /opt/airflow/dags/dag-dbt-transformation-pipeline.py
[2026-04-01T07:55:11.383+0000] {processor.py:830} INFO - Processing file /opt/airflow/dags/dag-dbt-transformation-pipeline.py for tasks to queue
[2026-04-01T07:55:11.386+0000] {logging_mixin.py:188} INFO - [2026-04-01T07:55:11.386+0000] {dagbag.py:545} INFO - Filling up the DagBag from /opt/airflow/dags/dag-dbt-transformation-pipeline.py
[2026-04-01T07:55:11.432+0000] {processor.py:840} INFO - DAG(s) 'dbt_transformation_pipeline' retrieved from /opt/airflow/dags/dag-dbt-transformation-pipeline.py
[2026-04-01T07:55:11.484+0000] {logging_mixin.py:188} INFO - [2026-04-01T07:55:11.483+0000] {dag.py:3089} INFO - Sync 1 DAGs
[2026-04-01T07:55:11.510+0000] {logging_mixin.py:188} INFO - [2026-04-01T07:55:11.510+0000] {dag.py:3947} INFO - Setting next_dagrun for dbt_transformation_pipeline to None, run_after=None
[2026-04-01T07:55:11.551+0000] {processor.py:183} INFO - Processing /opt/airflow/dags/dag-dbt-transformation-pipeline.py took 0.184 seconds
[2026-04-01T07:55:41.900+0000] {processor.py:161} INFO - Started process (PID=1138) to work on /opt/airflow/dags/dag-dbt-transformation-pipeline.py
[2026-04-01T07:55:41.902+0000] {processor.py:830} INFO - Processing file /opt/airflow/dags/dag-dbt-transformation-pipeline.py for tasks to queue
[2026-04-01T07:55:41.906+0000] {logging_mixin.py:188} INFO - [2026-04-01T07:55:41.905+0000] {dagbag.py:545} INFO - Filling up the DagBag from /opt/airflow/dags/dag-dbt-transformation-pipeline.py
[2026-04-01T07:55:41.975+0000] {processor.py:840} INFO - DAG(s) 'dbt_transformation_pipeline' retrieved from /opt/airflow/dags/dag-dbt-transformation-pipeline.py
[2026-04-01T07:55:42.069+0000] {logging_mixin.py:188} INFO - [2026-04-01T07:55:42.068+0000] {dag.py:3089} INFO - Sync 1 DAGs
[2026-04-01T07:55:42.112+0000] {logging_mixin.py:188} INFO - [2026-04-01T07:55:42.111+0000] {dag.py:3947} INFO - Setting next_dagrun for dbt_transformation_pipeline to None, run_after=None
[2026-04-01T07:55:42.167+0000] {processor.py:183} INFO - Processing /opt/airflow/dags/dag-dbt-transformation-pipeline.py took 0.284 seconds
[2026-04-01T07:56:12.528+0000] {processor.py:161} INFO - Started process (PID=1163) to work on /opt/airflow/dags/dag-dbt-transformation-pipeline.py
[2026-04-01T07:56:12.531+0000] {processor.py:830} INFO - Processing file /opt/airflow/dags/dag-dbt-transformation-pipeline.py for tasks to queue
[2026-04-01T07:56:12.537+0000] {logging_mixin.py:188} INFO - [2026-04-01T07:56:12.536+0000] {dagbag.py:545} INFO - Filling up the DagBag from /opt/airflow/dags/dag-dbt-transformation-pipeline.py
[2026-04-01T07:56:12.605+0000] {processor.py:840} INFO - DAG(s) 'dbt_transformation_pipeline' retrieved from /opt/airflow/dags/dag-dbt-transformation-pipeline.py
[2026-04-01T07:56:12.694+0000] {logging_mixin.py:188} INFO - [2026-04-01T07:56:12.693+0000] {dag.py:3089} INFO - Sync 1 DAGs
[2026-04-01T07:56:12.776+0000] {logging_mixin.py:188} INFO - [2026-04-01T07:56:12.776+0000] {dag.py:3947} INFO - Setting next_dagrun for dbt_transformation_pipeline to None, run_after=None
[2026-04-01T07:56:12.852+0000] {processor.py:183} INFO - Processing /opt/airflow/dags/dag-dbt-transformation-pipeline.py took 0.345 seconds
[2026-04-01T07:56:43.180+0000] {processor.py:161} INFO - Started process (PID=1188) to work on /opt/airflow/dags/dag-dbt-transformation-pipeline.py
[2026-04-01T07:56:43.183+0000] {processor.py:830} INFO - Processing file /opt/airflow/dags/dag-dbt-transformation-pipeline.py for tasks to queue
[2026-04-01T07:56:43.186+0000] {logging_mixin.py:188} INFO - [2026-04-01T07:56:43.186+0000] {dagbag.py:545} INFO - Filling up the DagBag from /opt/airflow/dags/dag-dbt-transformation-pipeline.py
[2026-04-01T07:56:43.234+0000] {processor.py:840} INFO - DAG(s) 'dbt_transformation_pipeline' retrieved from /opt/airflow/dags/dag-dbt-transformation-pipeline.py
[2026-04-01T07:56:43.290+0000] {logging_mixin.py:188} INFO - [2026-04-01T07:56:43.290+0000] {dag.py:3089} INFO - Sync 1 DAGs
[2026-04-01T07:56:43.319+0000] {logging_mixin.py:188} INFO - [2026-04-01T07:56:43.319+0000] {dag.py:3947} INFO - Setting next_dagrun for dbt_transformation_pipeline to None, run_after=None
[2026-04-01T07:56:43.359+0000] {processor.py:183} INFO - Processing /opt/airflow/dags/dag-dbt-transformation-pipeline.py took 0.194 seconds
[2026-04-01T07:57:13.617+0000] {processor.py:161} INFO - Started process (PID=1213) to work on /opt/airflow/dags/dag-dbt-transformation-pipeline.py
[2026-04-01T07:57:13.620+0000] {processor.py:830} INFO - Processing file /opt/airflow/dags/dag-dbt-transformation-pipeline.py for tasks to queue
[2026-04-01T07:57:13.641+0000] {logging_mixin.py:188} INFO - [2026-04-01T07:57:13.640+0000] {dagbag.py:545} INFO - Filling up the DagBag from /opt/airflow/dags/dag-dbt-transformation-pipeline.py
[2026-04-01T07:57:13.687+0000] {processor.py:840} INFO - DAG(s) 'dbt_transformation_pipeline' retrieved from /opt/airflow/dags/dag-dbt-transformation-pipeline.py
[2026-04-01T07:57:13.755+0000] {logging_mixin.py:188} INFO - [2026-04-01T07:57:13.755+0000] {dag.py:3089} INFO - Sync 1 DAGs
[2026-04-01T07:57:13.784+0000] {logging_mixin.py:188} INFO - [2026-04-01T07:57:13.784+0000] {dag.py:3947} INFO - Setting next_dagrun for dbt_transformation_pipeline to None, run_after=None
[2026-04-01T07:57:13.830+0000] {processor.py:183} INFO - Processing /opt/airflow/dags/dag-dbt-transformation-pipeline.py took 0.223 seconds
[2026-04-01T07:57:44.117+0000] {processor.py:161} INFO - Started process (PID=1238) to work on /opt/airflow/dags/dag-dbt-transformation-pipeline.py
[2026-04-01T07:57:44.119+0000] {processor.py:830} INFO - Processing file /opt/airflow/dags/dag-dbt-transformation-pipeline.py for tasks to queue
[2026-04-01T07:57:44.122+0000] {logging_mixin.py:188} INFO - [2026-04-01T07:57:44.122+0000] {dagbag.py:545} INFO - Filling up the DagBag from /opt/airflow/dags/dag-dbt-transformation-pipeline.py
[2026-04-01T07:57:44.169+0000] {processor.py:840} INFO - DAG(s) 'dbt_transformation_pipeline' retrieved from /opt/airflow/dags/dag-dbt-transformation-pipeline.py
[2026-04-01T07:57:44.217+0000] {logging_mixin.py:188} INFO - [2026-04-01T07:57:44.217+0000] {dag.py:3089} INFO - Sync 1 DAGs
[2026-04-01T07:57:44.245+0000] {logging_mixin.py:188} INFO - [2026-04-01T07:57:44.245+0000] {dag.py:3947} INFO - Setting next_dagrun for dbt_transformation_pipeline to None, run_after=None
[2026-04-01T07:57:44.303+0000] {processor.py:183} INFO - Processing /opt/airflow/dags/dag-dbt-transformation-pipeline.py took 0.198 seconds
[2026-04-01T07:58:14.580+0000] {processor.py:161} INFO - Started process (PID=1263) to work on /opt/airflow/dags/dag-dbt-transformation-pipeline.py
[2026-04-01T07:58:14.582+0000] {processor.py:830} INFO - Processing file /opt/airflow/dags/dag-dbt-transformation-pipeline.py for tasks to queue
[2026-04-01T07:58:14.585+0000] {logging_mixin.py:188} INFO - [2026-04-01T07:58:14.584+0000] {dagbag.py:545} INFO - Filling up the DagBag from /opt/airflow/dags/dag-dbt-transformation-pipeline.py
[2026-04-01T07:58:14.632+0000] {processor.py:840} INFO - DAG(s) 'dbt_transformation_pipeline' retrieved from /opt/airflow/dags/dag-dbt-transformation-pipeline.py
[2026-04-01T07:58:14.681+0000] {logging_mixin.py:188} INFO - [2026-04-01T07:58:14.681+0000] {dag.py:3089} INFO - Sync 1 DAGs
[2026-04-01T07:58:14.707+0000] {logging_mixin.py:188} INFO - [2026-04-01T07:58:14.707+0000] {dag.py:3947} INFO - Setting next_dagrun for dbt_transformation_pipeline to None, run_after=None
[2026-04-01T07:58:14.766+0000] {processor.py:183} INFO - Processing /opt/airflow/dags/dag-dbt-transformation-pipeline.py took 0.197 seconds
[2026-04-01T07:58:45.025+0000] {processor.py:161} INFO - Started process (PID=1288) to work on /opt/airflow/dags/dag-dbt-transformation-pipeline.py
[2026-04-01T07:58:45.027+0000] {processor.py:830} INFO - Processing file /opt/airflow/dags/dag-dbt-transformation-pipeline.py for tasks to queue
[2026-04-01T07:58:45.030+0000] {logging_mixin.py:188} INFO - [2026-04-01T07:58:45.030+0000] {dagbag.py:545} INFO - Filling up the DagBag from /opt/airflow/dags/dag-dbt-transformation-pipeline.py
[2026-04-01T07:58:45.077+0000] {processor.py:840} INFO - DAG(s) 'dbt_transformation_pipeline' retrieved from /opt/airflow/dags/dag-dbt-transformation-pipeline.py
[2026-04-01T07:58:45.125+0000] {logging_mixin.py:188} INFO - [2026-04-01T07:58:45.125+0000] {dag.py:3089} INFO - Sync 1 DAGs
[2026-04-01T07:58:45.150+0000] {logging_mixin.py:188} INFO - [2026-04-01T07:58:45.150+0000] {dag.py:3947} INFO - Setting next_dagrun for dbt_transformation_pipeline to None, run_after=None
[2026-04-01T07:58:45.211+0000] {processor.py:183} INFO - Processing /opt/airflow/dags/dag-dbt-transformation-pipeline.py took 0.199 seconds
[2026-04-01T07:59:15.616+0000] {processor.py:161} INFO - Started process (PID=1313) to work on /opt/airflow/dags/dag-dbt-transformation-pipeline.py
[2026-04-01T07:59:15.619+0000] {processor.py:830} INFO - Processing file /opt/airflow/dags/dag-dbt-transformation-pipeline.py for tasks to queue
[2026-04-01T07:59:15.626+0000] {logging_mixin.py:188} INFO - [2026-04-01T07:59:15.625+0000] {dagbag.py:545} INFO - Filling up the DagBag from /opt/airflow/dags/dag-dbt-transformation-pipeline.py
[2026-04-01T07:59:15.700+0000] {processor.py:840} INFO - DAG(s) 'dbt_transformation_pipeline' retrieved from /opt/airflow/dags/dag-dbt-transformation-pipeline.py
[2026-04-01T07:59:15.787+0000] {logging_mixin.py:188} INFO - [2026-04-01T07:59:15.786+0000] {dag.py:3089} INFO - Sync 1 DAGs
[2026-04-01T07:59:15.840+0000] {logging_mixin.py:188} INFO - [2026-04-01T07:59:15.839+0000] {dag.py:3947} INFO - Setting next_dagrun for dbt_transformation_pipeline to None, run_after=None
[2026-04-01T07:59:15.911+0000] {processor.py:183} INFO - Processing /opt/airflow/dags/dag-dbt-transformation-pipeline.py took 0.318 seconds
[2026-04-01T07:59:46.275+0000] {processor.py:161} INFO - Started process (PID=1338) to work on /opt/airflow/dags/dag-dbt-transformation-pipeline.py
[2026-04-01T07:59:46.278+0000] {processor.py:830} INFO - Processing file /opt/airflow/dags/dag-dbt-transformation-pipeline.py for tasks to queue
[2026-04-01T07:59:46.281+0000] {logging_mixin.py:188} INFO - [2026-04-01T07:59:46.281+0000] {dagbag.py:545} INFO - Filling up the DagBag from /opt/airflow/dags/dag-dbt-transformation-pipeline.py
[2026-04-01T07:59:46.356+0000] {processor.py:840} INFO - DAG(s) 'dbt_transformation_pipeline' retrieved from /opt/airflow/dags/dag-dbt-transformation-pipeline.py
[2026-04-01T07:59:46.411+0000] {logging_mixin.py:188} INFO - [2026-04-01T07:59:46.410+0000] {dag.py:3089} INFO - Sync 1 DAGs
[2026-04-01T07:59:46.436+0000] {logging_mixin.py:188} INFO - [2026-04-01T07:59:46.436+0000] {dag.py:3947} INFO - Setting next_dagrun for dbt_transformation_pipeline to None, run_after=None
[2026-04-01T07:59:46.481+0000] {processor.py:183} INFO - Processing /opt/airflow/dags/dag-dbt-transformation-pipeline.py took 0.217 seconds
[2026-04-01T08:00:16.647+0000] {processor.py:161} INFO - Started process (PID=1363) to work on /opt/airflow/dags/dag-dbt-transformation-pipeline.py
[2026-04-01T08:00:16.650+0000] {processor.py:830} INFO - Processing file /opt/airflow/dags/dag-dbt-transformation-pipeline.py for tasks to queue
[2026-04-01T08:00:16.655+0000] {logging_mixin.py:188} INFO - [2026-04-01T08:00:16.654+0000] {dagbag.py:545} INFO - Filling up the DagBag from /opt/airflow/dags/dag-dbt-transformation-pipeline.py
[2026-04-01T08:00:16.709+0000] {processor.py:840} INFO - DAG(s) 'dbt_transformation_pipeline' retrieved from /opt/airflow/dags/dag-dbt-transformation-pipeline.py
[2026-04-01T08:00:16.787+0000] {logging_mixin.py:188} INFO - [2026-04-01T08:00:16.786+0000] {dag.py:3089} INFO - Sync 1 DAGs
[2026-04-01T08:00:16.835+0000] {logging_mixin.py:188} INFO - [2026-04-01T08:00:16.834+0000] {dag.py:3947} INFO - Setting next_dagrun for dbt_transformation_pipeline to None, run_after=None
[2026-04-01T08:00:16.921+0000] {processor.py:183} INFO - Processing /opt/airflow/dags/dag-dbt-transformation-pipeline.py took 0.288 seconds
[2026-04-01T08:00:47.156+0000] {processor.py:161} INFO - Started process (PID=1388) to work on /opt/airflow/dags/dag-dbt-transformation-pipeline.py
[2026-04-01T08:00:47.159+0000] {processor.py:830} INFO - Processing file /opt/airflow/dags/dag-dbt-transformation-pipeline.py for tasks to queue
[2026-04-01T08:00:47.164+0000] {logging_mixin.py:188} INFO - [2026-04-01T08:00:47.163+0000] {dagbag.py:545} INFO - Filling up the DagBag from /opt/airflow/dags/dag-dbt-transformation-pipeline.py
[2026-04-01T08:00:47.225+0000] {processor.py:840} INFO - DAG(s) 'dbt_transformation_pipeline' retrieved from /opt/airflow/dags/dag-dbt-transformation-pipeline.py
[2026-04-01T08:00:47.308+0000] {logging_mixin.py:188} INFO - [2026-04-01T08:00:47.307+0000] {dag.py:3089} INFO - Sync 1 DAGs
[2026-04-01T08:00:47.357+0000] {logging_mixin.py:188} INFO - [2026-04-01T08:00:47.357+0000] {dag.py:3947} INFO - Setting next_dagrun for dbt_transformation_pipeline to None, run_after=None
[2026-04-01T08:00:47.411+0000] {processor.py:183} INFO - Processing /opt/airflow/dags/dag-dbt-transformation-pipeline.py took 0.277 seconds
[2026-04-01T08:01:17.764+0000] {processor.py:161} INFO - Started process (PID=1413) to work on /opt/airflow/dags/dag-dbt-transformation-pipeline.py
[2026-04-01T08:01:17.766+0000] {processor.py:830} INFO - Processing file /opt/airflow/dags/dag-dbt-transformation-pipeline.py for tasks to queue
[2026-04-01T08:01:17.771+0000] {logging_mixin.py:188} INFO - [2026-04-01T08:01:17.770+0000] {dagbag.py:545} INFO - Filling up the DagBag from /opt/airflow/dags/dag-dbt-transformation-pipeline.py
[2026-04-01T08:01:17.830+0000] {processor.py:840} INFO - DAG(s) 'dbt_transformation_pipeline' retrieved from /opt/airflow/dags/dag-dbt-transformation-pipeline.py
[2026-04-01T08:01:17.899+0000] {logging_mixin.py:188} INFO - [2026-04-01T08:01:17.899+0000] {dag.py:3089} INFO - Sync 1 DAGs
[2026-04-01T08:01:17.940+0000] {logging_mixin.py:188} INFO - [2026-04-01T08:01:17.939+0000] {dag.py:3947} INFO - Setting next_dagrun for dbt_transformation_pipeline to None, run_after=None
[2026-04-01T08:01:18.016+0000] {processor.py:183} INFO - Processing /opt/airflow/dags/dag-dbt-transformation-pipeline.py took 0.269 seconds
[2026-04-01T08:01:48.326+0000] {processor.py:161} INFO - Started process (PID=1438) to work on /opt/airflow/dags/dag-dbt-transformation-pipeline.py
[2026-04-01T08:01:48.328+0000] {processor.py:830} INFO - Processing file /opt/airflow/dags/dag-dbt-transformation-pipeline.py for tasks to queue
[2026-04-01T08:01:48.332+0000] {logging_mixin.py:188} INFO - [2026-04-01T08:01:48.332+0000] {dagbag.py:545} INFO - Filling up the DagBag from /opt/airflow/dags/dag-dbt-transformation-pipeline.py
[2026-04-01T08:01:48.381+0000] {processor.py:840} INFO - DAG(s) 'dbt_transformation_pipeline' retrieved from /opt/airflow/dags/dag-dbt-transformation-pipeline.py
[2026-04-01T08:01:48.439+0000] {logging_mixin.py:188} INFO - [2026-04-01T08:01:48.439+0000] {dag.py:3089} INFO - Sync 1 DAGs
[2026-04-01T08:01:48.480+0000] {logging_mixin.py:188} INFO - [2026-04-01T08:01:48.479+0000] {dag.py:3947} INFO - Setting next_dagrun for dbt_transformation_pipeline to None, run_after=None
[2026-04-01T08:01:48.545+0000] {processor.py:183} INFO - Processing /opt/airflow/dags/dag-dbt-transformation-pipeline.py took 0.232 seconds
[2026-04-01T08:02:18.958+0000] {processor.py:161} INFO - Started process (PID=1463) to work on /opt/airflow/dags/dag-dbt-transformation-pipeline.py
[2026-04-01T08:02:18.962+0000] {processor.py:830} INFO - Processing file /opt/airflow/dags/dag-dbt-transformation-pipeline.py for tasks to queue
[2026-04-01T08:02:18.972+0000] {logging_mixin.py:188} INFO - [2026-04-01T08:02:18.970+0000] {dagbag.py:545} INFO - Filling up the DagBag from /opt/airflow/dags/dag-dbt-transformation-pipeline.py
[2026-04-01T08:02:19.079+0000] {processor.py:840} INFO - DAG(s) 'dbt_transformation_pipeline' retrieved from /opt/airflow/dags/dag-dbt-transformation-pipeline.py
[2026-04-01T08:02:19.144+0000] {logging_mixin.py:188} INFO - [2026-04-01T08:02:19.144+0000] {dag.py:3089} INFO - Sync 1 DAGs
[2026-04-01T08:02:19.182+0000] {logging_mixin.py:188} INFO - [2026-04-01T08:02:19.182+0000] {dag.py:3947} INFO - Setting next_dagrun for dbt_transformation_pipeline to None, run_after=None
[2026-04-01T08:02:19.237+0000] {processor.py:183} INFO - Processing /opt/airflow/dags/dag-dbt-transformation-pipeline.py took 0.308 seconds
[2026-04-01T08:02:49.407+0000] {processor.py:161} INFO - Started process (PID=1488) to work on /opt/airflow/dags/dag-dbt-transformation-pipeline.py
[2026-04-01T08:02:49.409+0000] {processor.py:830} INFO - Processing file /opt/airflow/dags/dag-dbt-transformation-pipeline.py for tasks to queue
[2026-04-01T08:02:49.412+0000] {logging_mixin.py:188} INFO - [2026-04-01T08:02:49.412+0000] {dagbag.py:545} INFO - Filling up the DagBag from /opt/airflow/dags/dag-dbt-transformation-pipeline.py
[2026-04-01T08:02:49.460+0000] {processor.py:840} INFO - DAG(s) 'dbt_transformation_pipeline' retrieved from /opt/airflow/dags/dag-dbt-transformation-pipeline.py
[2026-04-01T08:02:49.510+0000] {logging_mixin.py:188} INFO - [2026-04-01T08:02:49.510+0000] {dag.py:3089} INFO - Sync 1 DAGs
[2026-04-01T08:02:49.538+0000] {logging_mixin.py:188} INFO - [2026-04-01T08:02:49.538+0000] {dag.py:3947} INFO - Setting next_dagrun for dbt_transformation_pipeline to None, run_after=None
[2026-04-01T08:02:49.580+0000] {processor.py:183} INFO - Processing /opt/airflow/dags/dag-dbt-transformation-pipeline.py took 0.189 seconds
[2026-04-01T08:03:19.746+0000] {processor.py:161} INFO - Started process (PID=1513) to work on /opt/airflow/dags/dag-dbt-transformation-pipeline.py
[2026-04-01T08:03:19.748+0000] {processor.py:830} INFO - Processing file /opt/airflow/dags/dag-dbt-transformation-pipeline.py for tasks to queue
[2026-04-01T08:03:19.752+0000] {logging_mixin.py:188} INFO - [2026-04-01T08:03:19.751+0000] {dagbag.py:545} INFO - Filling up the DagBag from /opt/airflow/dags/dag-dbt-transformation-pipeline.py
[2026-04-01T08:03:19.803+0000] {processor.py:840} INFO - DAG(s) 'dbt_transformation_pipeline' retrieved from /opt/airflow/dags/dag-dbt-transformation-pipeline.py
[2026-04-01T08:03:19.864+0000] {logging_mixin.py:188} INFO - [2026-04-01T08:03:19.864+0000] {dag.py:3089} INFO - Sync 1 DAGs
[2026-04-01T08:03:19.900+0000] {logging_mixin.py:188} INFO - [2026-04-01T08:03:19.900+0000] {dag.py:3947} INFO - Setting next_dagrun for dbt_transformation_pipeline to None, run_after=None
[2026-04-01T08:03:19.958+0000] {processor.py:183} INFO - Processing /opt/airflow/dags/dag-dbt-transformation-pipeline.py took 0.224 seconds
[2026-04-01T08:03:50.107+0000] {processor.py:161} INFO - Started process (PID=1538) to work on /opt/airflow/dags/dag-dbt-transformation-pipeline.py
[2026-04-01T08:03:50.109+0000] {processor.py:830} INFO - Processing file /opt/airflow/dags/dag-dbt-transformation-pipeline.py for tasks to queue
[2026-04-01T08:03:50.113+0000] {logging_mixin.py:188} INFO - [2026-04-01T08:03:50.112+0000] {dagbag.py:545} INFO - Filling up the DagBag from /opt/airflow/dags/dag-dbt-transformation-pipeline.py
[2026-04-01T08:03:50.162+0000] {processor.py:840} INFO - DAG(s) 'dbt_transformation_pipeline' retrieved from /opt/airflow/dags/dag-dbt-transformation-pipeline.py
[2026-04-01T08:03:50.212+0000] {logging_mixin.py:188} INFO - [2026-04-01T08:03:50.212+0000] {dag.py:3089} INFO - Sync 1 DAGs
[2026-04-01T08:03:50.241+0000] {logging_mixin.py:188} INFO - [2026-04-01T08:03:50.240+0000] {dag.py:3947} INFO - Setting next_dagrun for dbt_transformation_pipeline to None, run_after=None
[2026-04-01T08:03:50.297+0000] {processor.py:183} INFO - Processing /opt/airflow/dags/dag-dbt-transformation-pipeline.py took 0.201 seconds
[2026-04-01T08:04:20.603+0000] {processor.py:161} INFO - Started process (PID=1563) to work on /opt/airflow/dags/dag-dbt-transformation-pipeline.py
[2026-04-01T08:04:20.606+0000] {processor.py:830} INFO - Processing file /opt/airflow/dags/dag-dbt-transformation-pipeline.py for tasks to queue
[2026-04-01T08:04:20.611+0000] {logging_mixin.py:188} INFO - [2026-04-01T08:04:20.610+0000] {dagbag.py:545} INFO - Filling up the DagBag from /opt/airflow/dags/dag-dbt-transformation-pipeline.py
[2026-04-01T08:04:20.664+0000] {processor.py:840} INFO - DAG(s) 'dbt_transformation_pipeline' retrieved from /opt/airflow/dags/dag-dbt-transformation-pipeline.py
[2026-04-01T08:04:20.741+0000] {logging_mixin.py:188} INFO - [2026-04-01T08:04:20.740+0000] {dag.py:3089} INFO - Sync 1 DAGs
[2026-04-01T08:04:20.775+0000] {logging_mixin.py:188} INFO - [2026-04-01T08:04:20.775+0000] {dag.py:3947} INFO - Setting next_dagrun for dbt_transformation_pipeline to None, run_after=None
[2026-04-01T08:04:20.823+0000] {processor.py:183} INFO - Processing /opt/airflow/dags/dag-dbt-transformation-pipeline.py took 0.237 seconds
[2026-04-01T08:04:51.168+0000] {processor.py:161} INFO - Started process (PID=1588) to work on /opt/airflow/dags/dag-dbt-transformation-pipeline.py
[2026-04-01T08:04:51.170+0000] {processor.py:830} INFO - Processing file /opt/airflow/dags/dag-dbt-transformation-pipeline.py for tasks to queue
[2026-04-01T08:04:51.174+0000] {logging_mixin.py:188} INFO - [2026-04-01T08:04:51.174+0000] {dagbag.py:545} INFO - Filling up the DagBag from /opt/airflow/dags/dag-dbt-transformation-pipeline.py
[2026-04-01T08:04:51.231+0000] {processor.py:840} INFO - DAG(s) 'dbt_transformation_pipeline' retrieved from /opt/airflow/dags/dag-dbt-transformation-pipeline.py
[2026-04-01T08:04:51.284+0000] {logging_mixin.py:188} INFO - [2026-04-01T08:04:51.283+0000] {dag.py:3089} INFO - Sync 1 DAGs
[2026-04-01T08:04:51.311+0000] {logging_mixin.py:188} INFO - [2026-04-01T08:04:51.310+0000] {dag.py:3947} INFO - Setting next_dagrun for dbt_transformation_pipeline to None, run_after=None
[2026-04-01T08:04:51.378+0000] {processor.py:183} INFO - Processing /opt/airflow/dags/dag-dbt-transformation-pipeline.py took 0.223 seconds
[2026-04-01T08:05:21.686+0000] {processor.py:161} INFO - Started process (PID=1613) to work on /opt/airflow/dags/dag-dbt-transformation-pipeline.py
[2026-04-01T08:05:21.688+0000] {processor.py:830} INFO - Processing file /opt/airflow/dags/dag-dbt-transformation-pipeline.py for tasks to queue
[2026-04-01T08:05:21.692+0000] {logging_mixin.py:188} INFO - [2026-04-01T08:05:21.691+0000] {dagbag.py:545} INFO - Filling up the DagBag from /opt/airflow/dags/dag-dbt-transformation-pipeline.py
[2026-04-01T08:05:21.739+0000] {processor.py:840} INFO - DAG(s) 'dbt_transformation_pipeline' retrieved from /opt/airflow/dags/dag-dbt-transformation-pipeline.py
[2026-04-01T08:05:21.785+0000] {logging_mixin.py:188} INFO - [2026-04-01T08:05:21.785+0000] {dag.py:3089} INFO - Sync 1 DAGs
[2026-04-01T08:05:21.807+0000] {logging_mixin.py:188} INFO - [2026-04-01T08:05:21.807+0000] {dag.py:3947} INFO - Setting next_dagrun for dbt_transformation_pipeline to None, run_after=None
[2026-04-01T08:05:21.862+0000] {processor.py:183} INFO - Processing /opt/airflow/dags/dag-dbt-transformation-pipeline.py took 0.186 seconds
[2026-04-01T08:05:52.544+0000] {processor.py:161} INFO - Started process (PID=1638) to work on /opt/airflow/dags/dag-dbt-transformation-pipeline.py
[2026-04-01T08:05:52.547+0000] {processor.py:830} INFO - Processing file /opt/airflow/dags/dag-dbt-transformation-pipeline.py for tasks to queue
[2026-04-01T08:05:52.553+0000] {logging_mixin.py:188} INFO - [2026-04-01T08:05:52.552+0000] {dagbag.py:545} INFO - Filling up the DagBag from /opt/airflow/dags/dag-dbt-transformation-pipeline.py
[2026-04-01T08:05:52.614+0000] {processor.py:840} INFO - DAG(s) 'dbt_transformation_pipeline' retrieved from /opt/airflow/dags/dag-dbt-transformation-pipeline.py
[2026-04-01T08:05:52.675+0000] {logging_mixin.py:188} INFO - [2026-04-01T08:05:52.675+0000] {dag.py:3089} INFO - Sync 1 DAGs
[2026-04-01T08:05:52.706+0000] {logging_mixin.py:188} INFO - [2026-04-01T08:05:52.705+0000] {dag.py:3947} INFO - Setting next_dagrun for dbt_transformation_pipeline to None, run_after=None
[2026-04-01T08:05:52.774+0000] {processor.py:183} INFO - Processing /opt/airflow/dags/dag-dbt-transformation-pipeline.py took 0.247 seconds
[2026-04-01T08:06:23.152+0000] {processor.py:161} INFO - Started process (PID=1663) to work on /opt/airflow/dags/dag-dbt-transformation-pipeline.py
[2026-04-01T08:06:23.154+0000] {processor.py:830} INFO - Processing file /opt/airflow/dags/dag-dbt-transformation-pipeline.py for tasks to queue
[2026-04-01T08:06:23.158+0000] {logging_mixin.py:188} INFO - [2026-04-01T08:06:23.157+0000] {dagbag.py:545} INFO - Filling up the DagBag from /opt/airflow/dags/dag-dbt-transformation-pipeline.py
[2026-04-01T08:06:23.210+0000] {processor.py:840} INFO - DAG(s) 'dbt_transformation_pipeline' retrieved from /opt/airflow/dags/dag-dbt-transformation-pipeline.py
[2026-04-01T08:06:23.264+0000] {logging_mixin.py:188} INFO - [2026-04-01T08:06:23.263+0000] {dag.py:3089} INFO - Sync 1 DAGs
[2026-04-01T08:06:23.293+0000] {logging_mixin.py:188} INFO - [2026-04-01T08:06:23.293+0000] {dag.py:3947} INFO - Setting next_dagrun for dbt_transformation_pipeline to None, run_after=None
[2026-04-01T08:06:23.356+0000] {processor.py:183} INFO - Processing /opt/airflow/dags/dag-dbt-transformation-pipeline.py took 0.218 seconds
[2026-04-01T08:06:53.806+0000] {processor.py:161} INFO - Started process (PID=1688) to work on /opt/airflow/dags/dag-dbt-transformation-pipeline.py
[2026-04-01T08:06:53.808+0000] {processor.py:830} INFO - Processing file /opt/airflow/dags/dag-dbt-transformation-pipeline.py for tasks to queue
[2026-04-01T08:06:53.814+0000] {logging_mixin.py:188} INFO - [2026-04-01T08:06:53.813+0000] {dagbag.py:545} INFO - Filling up the DagBag from /opt/airflow/dags/dag-dbt-transformation-pipeline.py
[2026-04-01T08:06:53.868+0000] {processor.py:840} INFO - DAG(s) 'dbt_transformation_pipeline' retrieved from /opt/airflow/dags/dag-dbt-transformation-pipeline.py
[2026-04-01T08:06:53.924+0000] {logging_mixin.py:188} INFO - [2026-04-01T08:06:53.923+0000] {dag.py:3089} INFO - Sync 1 DAGs
[2026-04-01T08:06:53.955+0000] {logging_mixin.py:188} INFO - [2026-04-01T08:06:53.954+0000] {dag.py:3947} INFO - Setting next_dagrun for dbt_transformation_pipeline to None, run_after=None
[2026-04-01T08:06:54.018+0000] {processor.py:183} INFO - Processing /opt/airflow/dags/dag-dbt-transformation-pipeline.py took 0.230 seconds
[2026-04-01T08:07:24.906+0000] {processor.py:161} INFO - Started process (PID=1713) to work on /opt/airflow/dags/dag-dbt-transformation-pipeline.py
[2026-04-01T08:07:24.908+0000] {processor.py:830} INFO - Processing file /opt/airflow/dags/dag-dbt-transformation-pipeline.py for tasks to queue
[2026-04-01T08:07:24.913+0000] {logging_mixin.py:188} INFO - [2026-04-01T08:07:24.912+0000] {dagbag.py:545} INFO - Filling up the DagBag from /opt/airflow/dags/dag-dbt-transformation-pipeline.py
[2026-04-01T08:07:24.964+0000] {processor.py:840} INFO - DAG(s) 'dbt_transformation_pipeline' retrieved from /opt/airflow/dags/dag-dbt-transformation-pipeline.py
[2026-04-01T08:07:25.035+0000] {logging_mixin.py:188} INFO - [2026-04-01T08:07:25.035+0000] {dag.py:3089} INFO - Sync 1 DAGs
[2026-04-01T08:07:25.069+0000] {logging_mixin.py:188} INFO - [2026-04-01T08:07:25.069+0000] {dag.py:3947} INFO - Setting next_dagrun for dbt_transformation_pipeline to None, run_after=None
[2026-04-01T08:07:25.121+0000] {processor.py:183} INFO - Processing /opt/airflow/dags/dag-dbt-transformation-pipeline.py took 0.237 seconds
[2026-04-01T08:07:55.461+0000] {processor.py:161} INFO - Started process (PID=1738) to work on /opt/airflow/dags/dag-dbt-transformation-pipeline.py
[2026-04-01T08:07:55.463+0000] {processor.py:830} INFO - Processing file /opt/airflow/dags/dag-dbt-transformation-pipeline.py for tasks to queue
[2026-04-01T08:07:55.466+0000] {logging_mixin.py:188} INFO - [2026-04-01T08:07:55.466+0000] {dagbag.py:545} INFO - Filling up the DagBag from /opt/airflow/dags/dag-dbt-transformation-pipeline.py
[2026-04-01T08:07:55.520+0000] {processor.py:840} INFO - DAG(s) 'dbt_transformation_pipeline' retrieved from /opt/airflow/dags/dag-dbt-transformation-pipeline.py
[2026-04-01T08:07:55.575+0000] {logging_mixin.py:188} INFO - [2026-04-01T08:07:55.575+0000] {dag.py:3089} INFO - Sync 1 DAGs
[2026-04-01T08:07:55.604+0000] {logging_mixin.py:188} INFO - [2026-04-01T08:07:55.604+0000] {dag.py:3947} INFO - Setting next_dagrun for dbt_transformation_pipeline to None, run_after=None
[2026-04-01T08:07:55.673+0000] {processor.py:183} INFO - Processing /opt/airflow/dags/dag-dbt-transformation-pipeline.py took 0.225 seconds
[2026-04-01T08:08:26.016+0000] {processor.py:161} INFO - Started process (PID=1763) to work on /opt/airflow/dags/dag-dbt-transformation-pipeline.py
[2026-04-01T08:08:26.018+0000] {processor.py:830} INFO - Processing file /opt/airflow/dags/dag-dbt-transformation-pipeline.py for tasks to queue
[2026-04-01T08:08:26.021+0000] {logging_mixin.py:188} INFO - [2026-04-01T08:08:26.021+0000] {dagbag.py:545} INFO - Filling up the DagBag from /opt/airflow/dags/dag-dbt-transformation-pipeline.py
[2026-04-01T08:08:26.070+0000] {processor.py:840} INFO - DAG(s) 'dbt_transformation_pipeline' retrieved from /opt/airflow/dags/dag-dbt-transformation-pipeline.py
[2026-04-01T08:08:26.125+0000] {logging_mixin.py:188} INFO - [2026-04-01T08:08:26.124+0000] {dag.py:3089} INFO - Sync 1 DAGs
[2026-04-01T08:08:26.151+0000] {logging_mixin.py:188} INFO - [2026-04-01T08:08:26.151+0000] {dag.py:3947} INFO - Setting next_dagrun for dbt_transformation_pipeline to None, run_after=None
[2026-04-01T08:08:26.191+0000] {processor.py:183} INFO - Processing /opt/airflow/dags/dag-dbt-transformation-pipeline.py took 0.187 seconds
[2026-04-01T08:08:56.518+0000] {processor.py:161} INFO - Started process (PID=1788) to work on /opt/airflow/dags/dag-dbt-transformation-pipeline.py
[2026-04-01T08:08:56.520+0000] {processor.py:830} INFO - Processing file /opt/airflow/dags/dag-dbt-transformation-pipeline.py for tasks to queue
[2026-04-01T08:08:56.524+0000] {logging_mixin.py:188} INFO - [2026-04-01T08:08:56.523+0000] {dagbag.py:545} INFO - Filling up the DagBag from /opt/airflow/dags/dag-dbt-transformation-pipeline.py
[2026-04-01T08:08:56.571+0000] {processor.py:840} INFO - DAG(s) 'dbt_transformation_pipeline' retrieved from /opt/airflow/dags/dag-dbt-transformation-pipeline.py
[2026-04-01T08:08:56.626+0000] {logging_mixin.py:188} INFO - [2026-04-01T08:08:56.625+0000] {dag.py:3089} INFO - Sync 1 DAGs
[2026-04-01T08:08:56.655+0000] {logging_mixin.py:188} INFO - [2026-04-01T08:08:56.654+0000] {dag.py:3947} INFO - Setting next_dagrun for dbt_transformation_pipeline to None, run_after=None
[2026-04-01T08:08:56.699+0000] {processor.py:183} INFO - Processing /opt/airflow/dags/dag-dbt-transformation-pipeline.py took 0.192 seconds
[2026-04-01T08:09:27.005+0000] {processor.py:161} INFO - Started process (PID=1813) to work on /opt/airflow/dags/dag-dbt-transformation-pipeline.py
[2026-04-01T08:09:27.009+0000] {processor.py:830} INFO - Processing file /opt/airflow/dags/dag-dbt-transformation-pipeline.py for tasks to queue
[2026-04-01T08:09:27.017+0000] {logging_mixin.py:188} INFO - [2026-04-01T08:09:27.016+0000] {dagbag.py:545} INFO - Filling up the DagBag from /opt/airflow/dags/dag-dbt-transformation-pipeline.py
[2026-04-01T08:09:27.093+0000] {processor.py:840} INFO - DAG(s) 'dbt_transformation_pipeline' retrieved from /opt/airflow/dags/dag-dbt-transformation-pipeline.py
[2026-04-01T08:09:27.200+0000] {logging_mixin.py:188} INFO - [2026-04-01T08:09:27.199+0000] {dag.py:3089} INFO - Sync 1 DAGs
[2026-04-01T08:09:27.248+0000] {logging_mixin.py:188} INFO - [2026-04-01T08:09:27.248+0000] {dag.py:3947} INFO - Setting next_dagrun for dbt_transformation_pipeline to None, run_after=None
[2026-04-01T08:09:27.314+0000] {processor.py:183} INFO - Processing /opt/airflow/dags/dag-dbt-transformation-pipeline.py took 0.330 seconds
[2026-04-01T08:09:57.573+0000] {processor.py:161} INFO - Started process (PID=1838) to work on /opt/airflow/dags/dag-dbt-transformation-pipeline.py
[2026-04-01T08:09:57.575+0000] {processor.py:830} INFO - Processing file /opt/airflow/dags/dag-dbt-transformation-pipeline.py for tasks to queue
[2026-04-01T08:09:57.580+0000] {logging_mixin.py:188} INFO - [2026-04-01T08:09:57.579+0000] {dagbag.py:545} INFO - Filling up the DagBag from /opt/airflow/dags/dag-dbt-transformation-pipeline.py
[2026-04-01T08:09:57.634+0000] {processor.py:840} INFO - DAG(s) 'dbt_transformation_pipeline' retrieved from /opt/airflow/dags/dag-dbt-transformation-pipeline.py
[2026-04-01T08:09:57.695+0000] {logging_mixin.py:188} INFO - [2026-04-01T08:09:57.695+0000] {dag.py:3089} INFO - Sync 1 DAGs
[2026-04-01T08:09:57.733+0000] {logging_mixin.py:188} INFO - [2026-04-01T08:09:57.733+0000] {dag.py:3947} INFO - Setting next_dagrun for dbt_transformation_pipeline to None, run_after=None
[2026-04-01T08:09:57.785+0000] {processor.py:183} INFO - Processing /opt/airflow/dags/dag-dbt-transformation-pipeline.py took 0.233 seconds
[2026-04-01T08:10:28.030+0000] {processor.py:161} INFO - Started process (PID=1863) to work on /opt/airflow/dags/dag-dbt-transformation-pipeline.py
[2026-04-01T08:10:28.032+0000] {processor.py:830} INFO - Processing file /opt/airflow/dags/dag-dbt-transformation-pipeline.py for tasks to queue
[2026-04-01T08:10:28.036+0000] {logging_mixin.py:188} INFO - [2026-04-01T08:10:28.035+0000] {dagbag.py:545} INFO - Filling up the DagBag from /opt/airflow/dags/dag-dbt-transformation-pipeline.py
[2026-04-01T08:10:28.085+0000] {processor.py:840} INFO - DAG(s) 'dbt_transformation_pipeline' retrieved from /opt/airflow/dags/dag-dbt-transformation-pipeline.py
[2026-04-01T08:10:28.136+0000] {logging_mixin.py:188} INFO - [2026-04-01T08:10:28.136+0000] {dag.py:3089} INFO - Sync 1 DAGs
[2026-04-01T08:10:28.167+0000] {logging_mixin.py:188} INFO - [2026-04-01T08:10:28.166+0000] {dag.py:3947} INFO - Setting next_dagrun for dbt_transformation_pipeline to None, run_after=None
[2026-04-01T08:10:28.234+0000] {processor.py:183} INFO - Processing /opt/airflow/dags/dag-dbt-transformation-pipeline.py took 0.215 seconds
[2026-04-01T08:10:58.615+0000] {processor.py:161} INFO - Started process (PID=1888) to work on /opt/airflow/dags/dag-dbt-transformation-pipeline.py
[2026-04-01T08:10:58.617+0000] {processor.py:830} INFO - Processing file /opt/airflow/dags/dag-dbt-transformation-pipeline.py for tasks to queue
[2026-04-01T08:10:58.620+0000] {logging_mixin.py:188} INFO - [2026-04-01T08:10:58.620+0000] {dagbag.py:545} INFO - Filling up the DagBag from /opt/airflow/dags/dag-dbt-transformation-pipeline.py
[2026-04-01T08:10:58.669+0000] {processor.py:840} INFO - DAG(s) 'dbt_transformation_pipeline' retrieved from /opt/airflow/dags/dag-dbt-transformation-pipeline.py
[2026-04-01T08:10:58.722+0000] {logging_mixin.py:188} INFO - [2026-04-01T08:10:58.721+0000] {dag.py:3089} INFO - Sync 1 DAGs
[2026-04-01T08:10:58.751+0000] {logging_mixin.py:188} INFO - [2026-04-01T08:10:58.751+0000] {dag.py:3947} INFO - Setting next_dagrun for dbt_transformation_pipeline to None, run_after=None
[2026-04-01T08:10:58.811+0000] {processor.py:183} INFO - Processing /opt/airflow/dags/dag-dbt-transformation-pipeline.py took 0.209 seconds
[2026-04-01T08:11:29.208+0000] {processor.py:161} INFO - Started process (PID=1913) to work on /opt/airflow/dags/dag-dbt-transformation-pipeline.py
[2026-04-01T08:11:29.210+0000] {processor.py:830} INFO - Processing file /opt/airflow/dags/dag-dbt-transformation-pipeline.py for tasks to queue
[2026-04-01T08:11:29.214+0000] {logging_mixin.py:188} INFO - [2026-04-01T08:11:29.214+0000] {dagbag.py:545} INFO - Filling up the DagBag from /opt/airflow/dags/dag-dbt-transformation-pipeline.py
[2026-04-01T08:11:29.267+0000] {processor.py:840} INFO - DAG(s) 'dbt_transformation_pipeline' retrieved from /opt/airflow/dags/dag-dbt-transformation-pipeline.py
[2026-04-01T08:11:29.334+0000] {logging_mixin.py:188} INFO - [2026-04-01T08:11:29.334+0000] {dag.py:3089} INFO - Sync 1 DAGs
[2026-04-01T08:11:29.363+0000] {logging_mixin.py:188} INFO - [2026-04-01T08:11:29.362+0000] {dag.py:3947} INFO - Setting next_dagrun for dbt_transformation_pipeline to None, run_after=None
[2026-04-01T08:11:29.411+0000] {processor.py:183} INFO - Processing /opt/airflow/dags/dag-dbt-transformation-pipeline.py took 0.216 seconds
[2026-04-01T08:11:59.737+0000] {processor.py:161} INFO - Started process (PID=1938) to work on /opt/airflow/dags/dag-dbt-transformation-pipeline.py
[2026-04-01T08:11:59.739+0000] {processor.py:830} INFO - Processing file /opt/airflow/dags/dag-dbt-transformation-pipeline.py for tasks to queue
[2026-04-01T08:11:59.742+0000] {logging_mixin.py:188} INFO - [2026-04-01T08:11:59.742+0000] {dagbag.py:545} INFO - Filling up the DagBag from /opt/airflow/dags/dag-dbt-transformation-pipeline.py
[2026-04-01T08:11:59.820+0000] {processor.py:840} INFO - DAG(s) 'dbt_transformation_pipeline' retrieved from /opt/airflow/dags/dag-dbt-transformation-pipeline.py
[2026-04-01T08:11:59.870+0000] {logging_mixin.py:188} INFO - [2026-04-01T08:11:59.869+0000] {dag.py:3089} INFO - Sync 1 DAGs
[2026-04-01T08:11:59.895+0000] {logging_mixin.py:188} INFO - [2026-04-01T08:11:59.895+0000] {dag.py:3947} INFO - Setting next_dagrun for dbt_transformation_pipeline to None, run_after=None
[2026-04-01T08:11:59.939+0000] {processor.py:183} INFO - Processing /opt/airflow/dags/dag-dbt-transformation-pipeline.py took 0.213 seconds
[2026-04-01T08:12:30.666+0000] {processor.py:161} INFO - Started process (PID=1963) to work on /opt/airflow/dags/dag-dbt-transformation-pipeline.py
[2026-04-01T08:12:30.671+0000] {processor.py:830} INFO - Processing file /opt/airflow/dags/dag-dbt-transformation-pipeline.py for tasks to queue
[2026-04-01T08:12:30.682+0000] {logging_mixin.py:188} INFO - [2026-04-01T08:12:30.681+0000] {dagbag.py:545} INFO - Filling up the DagBag from /opt/airflow/dags/dag-dbt-transformation-pipeline.py
[2026-04-01T08:12:30.751+0000] {processor.py:840} INFO - DAG(s) 'dbt_transformation_pipeline' retrieved from /opt/airflow/dags/dag-dbt-transformation-pipeline.py
[2026-04-01T08:12:30.813+0000] {logging_mixin.py:188} INFO - [2026-04-01T08:12:30.813+0000] {dag.py:3089} INFO - Sync 1 DAGs
[2026-04-01T08:12:30.844+0000] {logging_mixin.py:188} INFO - [2026-04-01T08:12:30.844+0000] {dag.py:3947} INFO - Setting next_dagrun for dbt_transformation_pipeline to None, run_after=None
[2026-04-01T08:12:30.891+0000] {processor.py:183} INFO - Processing /opt/airflow/dags/dag-dbt-transformation-pipeline.py took 0.255 seconds
[2026-04-01T08:13:01.101+0000] {processor.py:161} INFO - Started process (PID=1988) to work on /opt/airflow/dags/dag-dbt-transformation-pipeline.py
[2026-04-01T08:13:01.104+0000] {processor.py:830} INFO - Processing file /opt/airflow/dags/dag-dbt-transformation-pipeline.py for tasks to queue
[2026-04-01T08:13:01.107+0000] {logging_mixin.py:188} INFO - [2026-04-01T08:13:01.107+0000] {dagbag.py:545} INFO - Filling up the DagBag from /opt/airflow/dags/dag-dbt-transformation-pipeline.py
[2026-04-01T08:13:01.160+0000] {processor.py:840} INFO - DAG(s) 'dbt_transformation_pipeline' retrieved from /opt/airflow/dags/dag-dbt-transformation-pipeline.py
[2026-04-01T08:13:01.215+0000] {logging_mixin.py:188} INFO - [2026-04-01T08:13:01.214+0000] {dag.py:3089} INFO - Sync 1 DAGs
[2026-04-01T08:13:01.243+0000] {logging_mixin.py:188} INFO - [2026-04-01T08:13:01.243+0000] {dag.py:3947} INFO - Setting next_dagrun for dbt_transformation_pipeline to None, run_after=None
[2026-04-01T08:13:01.288+0000] {processor.py:183} INFO - Processing /opt/airflow/dags/dag-dbt-transformation-pipeline.py took 0.205 seconds
[2026-04-01T08:13:31.628+0000] {processor.py:161} INFO - Started process (PID=2013) to work on /opt/airflow/dags/dag-dbt-transformation-pipeline.py
[2026-04-01T08:13:31.632+0000] {processor.py:830} INFO - Processing file /opt/airflow/dags/dag-dbt-transformation-pipeline.py for tasks to queue
[2026-04-01T08:13:31.639+0000] {logging_mixin.py:188} INFO - [2026-04-01T08:13:31.638+0000] {dagbag.py:545} INFO - Filling up the DagBag from /opt/airflow/dags/dag-dbt-transformation-pipeline.py
[2026-04-01T08:13:31.703+0000] {processor.py:840} INFO - DAG(s) 'dbt_transformation_pipeline' retrieved from /opt/airflow/dags/dag-dbt-transformation-pipeline.py
[2026-04-01T08:13:31.773+0000] {logging_mixin.py:188} INFO - [2026-04-01T08:13:31.773+0000] {dag.py:3089} INFO - Sync 1 DAGs
[2026-04-01T08:13:31.816+0000] {logging_mixin.py:188} INFO - [2026-04-01T08:13:31.815+0000] {dag.py:3947} INFO - Setting next_dagrun for dbt_transformation_pipeline to None, run_after=None
[2026-04-01T08:13:31.892+0000] {processor.py:183} INFO - Processing /opt/airflow/dags/dag-dbt-transformation-pipeline.py took 0.290 seconds
[2026-04-01T08:14:02.166+0000] {processor.py:161} INFO - Started process (PID=2038) to work on /opt/airflow/dags/dag-dbt-transformation-pipeline.py
[2026-04-01T08:14:02.169+0000] {processor.py:830} INFO - Processing file /opt/airflow/dags/dag-dbt-transformation-pipeline.py for tasks to queue
[2026-04-01T08:14:02.173+0000] {logging_mixin.py:188} INFO - [2026-04-01T08:14:02.172+0000] {dagbag.py:545} INFO - Filling up the DagBag from /opt/airflow/dags/dag-dbt-transformation-pipeline.py
[2026-04-01T08:14:02.229+0000] {processor.py:840} INFO - DAG(s) 'dbt_transformation_pipeline' retrieved from /opt/airflow/dags/dag-dbt-transformation-pipeline.py
[2026-04-01T08:14:02.282+0000] {logging_mixin.py:188} INFO - [2026-04-01T08:14:02.282+0000] {dag.py:3089} INFO - Sync 1 DAGs
[2026-04-01T08:14:02.312+0000] {logging_mixin.py:188} INFO - [2026-04-01T08:14:02.312+0000] {dag.py:3947} INFO - Setting next_dagrun for dbt_transformation_pipeline to None, run_after=None
[2026-04-01T08:14:02.358+0000] {processor.py:183} INFO - Processing /opt/airflow/dags/dag-dbt-transformation-pipeline.py took 0.205 seconds
[2026-04-01T08:14:32.646+0000] {processor.py:161} INFO - Started process (PID=2063) to work on /opt/airflow/dags/dag-dbt-transformation-pipeline.py
[2026-04-01T08:14:32.649+0000] {processor.py:830} INFO - Processing file /opt/airflow/dags/dag-dbt-transformation-pipeline.py for tasks to queue
[2026-04-01T08:14:32.653+0000] {logging_mixin.py:188} INFO - [2026-04-01T08:14:32.652+0000] {dagbag.py:545} INFO - Filling up the DagBag from /opt/airflow/dags/dag-dbt-transformation-pipeline.py
[2026-04-01T08:14:32.712+0000] {processor.py:840} INFO - DAG(s) 'dbt_transformation_pipeline' retrieved from /opt/airflow/dags/dag-dbt-transformation-pipeline.py
[2026-04-01T08:14:32.774+0000] {logging_mixin.py:188} INFO - [2026-04-01T08:14:32.774+0000] {dag.py:3089} INFO - Sync 1 DAGs
[2026-04-01T08:14:32.806+0000] {logging_mixin.py:188} INFO - [2026-04-01T08:14:32.805+0000] {dag.py:3947} INFO - Setting next_dagrun for dbt_transformation_pipeline to None, run_after=None
[2026-04-01T08:14:32.874+0000] {processor.py:183} INFO - Processing /opt/airflow/dags/dag-dbt-transformation-pipeline.py took 0.241 seconds
[2026-04-01T08:15:03.136+0000] {processor.py:161} INFO - Started process (PID=2088) to work on /opt/airflow/dags/dag-dbt-transformation-pipeline.py
[2026-04-01T08:15:03.139+0000] {processor.py:830} INFO - Processing file /opt/airflow/dags/dag-dbt-transformation-pipeline.py for tasks to queue
[2026-04-01T08:15:03.145+0000] {logging_mixin.py:188} INFO - [2026-04-01T08:15:03.144+0000] {dagbag.py:545} INFO - Filling up the DagBag from /opt/airflow/dags/dag-dbt-transformation-pipeline.py
[2026-04-01T08:15:03.215+0000] {processor.py:840} INFO - DAG(s) 'dbt_transformation_pipeline' retrieved from /opt/airflow/dags/dag-dbt-transformation-pipeline.py
[2026-04-01T08:15:03.311+0000] {logging_mixin.py:188} INFO - [2026-04-01T08:15:03.310+0000] {dag.py:3089} INFO - Sync 1 DAGs
[2026-04-01T08:15:03.346+0000] {logging_mixin.py:188} INFO - [2026-04-01T08:15:03.346+0000] {dag.py:3947} INFO - Setting next_dagrun for dbt_transformation_pipeline to None, run_after=None
[2026-04-01T08:15:03.396+0000] {processor.py:183} INFO - Processing /opt/airflow/dags/dag-dbt-transformation-pipeline.py took 0.276 seconds
[2026-04-01T08:15:33.701+0000] {processor.py:161} INFO - Started process (PID=2113) to work on /opt/airflow/dags/dag-dbt-transformation-pipeline.py
[2026-04-01T08:15:33.704+0000] {processor.py:830} INFO - Processing file /opt/airflow/dags/dag-dbt-transformation-pipeline.py for tasks to queue
[2026-04-01T08:15:33.710+0000] {logging_mixin.py:188} INFO - [2026-04-01T08:15:33.709+0000] {dagbag.py:545} INFO - Filling up the DagBag from /opt/airflow/dags/dag-dbt-transformation-pipeline.py
[2026-04-01T08:15:33.767+0000] {processor.py:840} INFO - DAG(s) 'dbt_transformation_pipeline' retrieved from /opt/airflow/dags/dag-dbt-transformation-pipeline.py
[2026-04-01T08:15:33.833+0000] {logging_mixin.py:188} INFO - [2026-04-01T08:15:33.833+0000] {dag.py:3089} INFO - Sync 1 DAGs
[2026-04-01T08:15:33.867+0000] {logging_mixin.py:188} INFO - [2026-04-01T08:15:33.866+0000] {dag.py:3947} INFO - Setting next_dagrun for dbt_transformation_pipeline to None, run_after=None
[2026-04-01T08:15:33.915+0000] {processor.py:183} INFO - Processing /opt/airflow/dags/dag-dbt-transformation-pipeline.py took 0.234 seconds
[2026-04-01T08:16:04.508+0000] {processor.py:161} INFO - Started process (PID=2138) to work on /opt/airflow/dags/dag-dbt-transformation-pipeline.py
[2026-04-01T08:16:04.510+0000] {processor.py:830} INFO - Processing file /opt/airflow/dags/dag-dbt-transformation-pipeline.py for tasks to queue
[2026-04-01T08:16:04.514+0000] {logging_mixin.py:188} INFO - [2026-04-01T08:16:04.513+0000] {dagbag.py:545} INFO - Filling up the DagBag from /opt/airflow/dags/dag-dbt-transformation-pipeline.py
[2026-04-01T08:16:04.566+0000] {processor.py:840} INFO - DAG(s) 'dbt_transformation_pipeline' retrieved from /opt/airflow/dags/dag-dbt-transformation-pipeline.py
[2026-04-01T08:16:04.632+0000] {logging_mixin.py:188} INFO - [2026-04-01T08:16:04.632+0000] {dag.py:3089} INFO - Sync 1 DAGs
[2026-04-01T08:16:04.662+0000] {logging_mixin.py:188} INFO - [2026-04-01T08:16:04.661+0000] {dag.py:3947} INFO - Setting next_dagrun for dbt_transformation_pipeline to None, run_after=None
[2026-04-01T08:16:04.724+0000] {processor.py:183} INFO - Processing /opt/airflow/dags/dag-dbt-transformation-pipeline.py took 0.232 seconds
[2026-04-01T08:16:35.631+0000] {processor.py:161} INFO - Started process (PID=2163) to work on /opt/airflow/dags/dag-dbt-transformation-pipeline.py
[2026-04-01T08:16:35.634+0000] {processor.py:830} INFO - Processing file /opt/airflow/dags/dag-dbt-transformation-pipeline.py for tasks to queue
[2026-04-01T08:16:35.639+0000] {logging_mixin.py:188} INFO - [2026-04-01T08:16:35.638+0000] {dagbag.py:545} INFO - Filling up the DagBag from /opt/airflow/dags/dag-dbt-transformation-pipeline.py
[2026-04-01T08:16:35.693+0000] {processor.py:840} INFO - DAG(s) 'dbt_transformation_pipeline' retrieved from /opt/airflow/dags/dag-dbt-transformation-pipeline.py
[2026-04-01T08:16:35.751+0000] {logging_mixin.py:188} INFO - [2026-04-01T08:16:35.751+0000] {dag.py:3089} INFO - Sync 1 DAGs
[2026-04-01T08:16:35.780+0000] {logging_mixin.py:188} INFO - [2026-04-01T08:16:35.779+0000] {dag.py:3947} INFO - Setting next_dagrun for dbt_transformation_pipeline to None, run_after=None
[2026-04-01T08:16:35.822+0000] {processor.py:183} INFO - Processing /opt/airflow/dags/dag-dbt-transformation-pipeline.py took 0.218 seconds
[2026-04-01T08:17:06.194+0000] {processor.py:161} INFO - Started process (PID=2188) to work on /opt/airflow/dags/dag-dbt-transformation-pipeline.py
[2026-04-01T08:17:06.196+0000] {processor.py:830} INFO - Processing file /opt/airflow/dags/dag-dbt-transformation-pipeline.py for tasks to queue
[2026-04-01T08:17:06.199+0000] {logging_mixin.py:188} INFO - [2026-04-01T08:17:06.199+0000] {dagbag.py:545} INFO - Filling up the DagBag from /opt/airflow/dags/dag-dbt-transformation-pipeline.py
[2026-04-01T08:17:06.251+0000] {processor.py:840} INFO - DAG(s) 'dbt_transformation_pipeline' retrieved from /opt/airflow/dags/dag-dbt-transformation-pipeline.py
[2026-04-01T08:17:06.313+0000] {logging_mixin.py:188} INFO - [2026-04-01T08:17:06.312+0000] {dag.py:3089} INFO - Sync 1 DAGs
[2026-04-01T08:17:06.340+0000] {logging_mixin.py:188} INFO - [2026-04-01T08:17:06.339+0000] {dag.py:3947} INFO - Setting next_dagrun for dbt_transformation_pipeline to None, run_after=None
[2026-04-01T08:17:06.399+0000] {processor.py:183} INFO - Processing /opt/airflow/dags/dag-dbt-transformation-pipeline.py took 0.216 seconds
[2026-04-01T08:17:36.874+0000] {processor.py:161} INFO - Started process (PID=2213) to work on /opt/airflow/dags/dag-dbt-transformation-pipeline.py
[2026-04-01T08:17:36.878+0000] {processor.py:830} INFO - Processing file /opt/airflow/dags/dag-dbt-transformation-pipeline.py for tasks to queue
[2026-04-01T08:17:36.884+0000] {logging_mixin.py:188} INFO - [2026-04-01T08:17:36.883+0000] {dagbag.py:545} INFO - Filling up the DagBag from /opt/airflow/dags/dag-dbt-transformation-pipeline.py
[2026-04-01T08:17:36.933+0000] {processor.py:840} INFO - DAG(s) 'dbt_transformation_pipeline' retrieved from /opt/airflow/dags/dag-dbt-transformation-pipeline.py
[2026-04-01T08:17:36.997+0000] {logging_mixin.py:188} INFO - [2026-04-01T08:17:36.996+0000] {dag.py:3089} INFO - Sync 1 DAGs
[2026-04-01T08:17:37.031+0000] {logging_mixin.py:188} INFO - [2026-04-01T08:17:37.030+0000] {dag.py:3947} INFO - Setting next_dagrun for dbt_transformation_pipeline to None, run_after=None
[2026-04-01T08:17:37.079+0000] {processor.py:183} INFO - Processing /opt/airflow/dags/dag-dbt-transformation-pipeline.py took 0.225 seconds
[2026-04-01T08:18:08.150+0000] {processor.py:161} INFO - Started process (PID=2238) to work on /opt/airflow/dags/dag-dbt-transformation-pipeline.py
[2026-04-01T08:18:08.155+0000] {processor.py:830} INFO - Processing file /opt/airflow/dags/dag-dbt-transformation-pipeline.py for tasks to queue
[2026-04-01T08:18:08.164+0000] {logging_mixin.py:188} INFO - [2026-04-01T08:18:08.163+0000] {dagbag.py:545} INFO - Filling up the DagBag from /opt/airflow/dags/dag-dbt-transformation-pipeline.py
[2026-04-01T08:18:08.271+0000] {processor.py:840} INFO - DAG(s) 'dbt_transformation_pipeline' retrieved from /opt/airflow/dags/dag-dbt-transformation-pipeline.py
[2026-04-01T08:18:08.380+0000] {logging_mixin.py:188} INFO - [2026-04-01T08:18:08.379+0000] {dag.py:3089} INFO - Sync 1 DAGs
[2026-04-01T08:18:08.421+0000] {logging_mixin.py:188} INFO - [2026-04-01T08:18:08.420+0000] {dag.py:3947} INFO - Setting next_dagrun for dbt_transformation_pipeline to None, run_after=None
[2026-04-01T08:18:08.501+0000] {processor.py:183} INFO - Processing /opt/airflow/dags/dag-dbt-transformation-pipeline.py took 0.383 seconds
[2026-04-01T08:18:38.784+0000] {processor.py:161} INFO - Started process (PID=2263) to work on /opt/airflow/dags/dag-dbt-transformation-pipeline.py
[2026-04-01T08:18:38.786+0000] {processor.py:830} INFO - Processing file /opt/airflow/dags/dag-dbt-transformation-pipeline.py for tasks to queue
[2026-04-01T08:18:38.791+0000] {logging_mixin.py:188} INFO - [2026-04-01T08:18:38.790+0000] {dagbag.py:545} INFO - Filling up the DagBag from /opt/airflow/dags/dag-dbt-transformation-pipeline.py
[2026-04-01T08:18:38.843+0000] {processor.py:840} INFO - DAG(s) 'dbt_transformation_pipeline' retrieved from /opt/airflow/dags/dag-dbt-transformation-pipeline.py
[2026-04-01T08:18:38.902+0000] {logging_mixin.py:188} INFO - [2026-04-01T08:18:38.902+0000] {dag.py:3089} INFO - Sync 1 DAGs
[2026-04-01T08:18:38.936+0000] {logging_mixin.py:188} INFO - [2026-04-01T08:18:38.936+0000] {dag.py:3947} INFO - Setting next_dagrun for dbt_transformation_pipeline to None, run_after=None
[2026-04-01T08:18:38.999+0000] {processor.py:183} INFO - Processing /opt/airflow/dags/dag-dbt-transformation-pipeline.py took 0.231 seconds
[2026-04-01T08:19:09.158+0000] {processor.py:161} INFO - Started process (PID=2288) to work on /opt/airflow/dags/dag-dbt-transformation-pipeline.py
[2026-04-01T08:19:09.160+0000] {processor.py:830} INFO - Processing file /opt/airflow/dags/dag-dbt-transformation-pipeline.py for tasks to queue
[2026-04-01T08:19:09.164+0000] {logging_mixin.py:188} INFO - [2026-04-01T08:19:09.163+0000] {dagbag.py:545} INFO - Filling up the DagBag from /opt/airflow/dags/dag-dbt-transformation-pipeline.py
[2026-04-01T08:19:09.208+0000] {processor.py:840} INFO - DAG(s) 'dbt_transformation_pipeline' retrieved from /opt/airflow/dags/dag-dbt-transformation-pipeline.py
[2026-04-01T08:19:09.267+0000] {logging_mixin.py:188} INFO - [2026-04-01T08:19:09.266+0000] {dag.py:3089} INFO - Sync 1 DAGs
[2026-04-01T08:19:09.294+0000] {logging_mixin.py:188} INFO - [2026-04-01T08:19:09.294+0000] {dag.py:3947} INFO - Setting next_dagrun for dbt_transformation_pipeline to None, run_after=None
[2026-04-01T08:19:09.335+0000] {processor.py:183} INFO - Processing /opt/airflow/dags/dag-dbt-transformation-pipeline.py took 0.192 seconds
[2026-04-01T08:19:39.468+0000] {processor.py:161} INFO - Started process (PID=2313) to work on /opt/airflow/dags/dag-dbt-transformation-pipeline.py
[2026-04-01T08:19:39.470+0000] {processor.py:830} INFO - Processing file /opt/airflow/dags/dag-dbt-transformation-pipeline.py for tasks to queue
[2026-04-01T08:19:39.473+0000] {logging_mixin.py:188} INFO - [2026-04-01T08:19:39.473+0000] {dagbag.py:545} INFO - Filling up the DagBag from /opt/airflow/dags/dag-dbt-transformation-pipeline.py
[2026-04-01T08:19:39.522+0000] {processor.py:840} INFO - DAG(s) 'dbt_transformation_pipeline' retrieved from /opt/airflow/dags/dag-dbt-transformation-pipeline.py
[2026-04-01T08:19:39.577+0000] {logging_mixin.py:188} INFO - [2026-04-01T08:19:39.577+0000] {dag.py:3089} INFO - Sync 1 DAGs
[2026-04-01T08:19:39.609+0000] {logging_mixin.py:188} INFO - [2026-04-01T08:19:39.608+0000] {dag.py:3947} INFO - Setting next_dagrun for dbt_transformation_pipeline to None, run_after=None
[2026-04-01T08:19:39.651+0000] {processor.py:183} INFO - Processing /opt/airflow/dags/dag-dbt-transformation-pipeline.py took 0.198 seconds
[2026-04-01T08:20:09.922+0000] {processor.py:161} INFO - Started process (PID=2338) to work on /opt/airflow/dags/dag-dbt-transformation-pipeline.py
[2026-04-01T08:20:09.924+0000] {processor.py:830} INFO - Processing file /opt/airflow/dags/dag-dbt-transformation-pipeline.py for tasks to queue
[2026-04-01T08:20:09.928+0000] {logging_mixin.py:188} INFO - [2026-04-01T08:20:09.927+0000] {dagbag.py:545} INFO - Filling up the DagBag from /opt/airflow/dags/dag-dbt-transformation-pipeline.py
[2026-04-01T08:20:09.978+0000] {processor.py:840} INFO - DAG(s) 'dbt_transformation_pipeline' retrieved from /opt/airflow/dags/dag-dbt-transformation-pipeline.py
[2026-04-01T08:20:10.037+0000] {logging_mixin.py:188} INFO - [2026-04-01T08:20:10.037+0000] {dag.py:3089} INFO - Sync 1 DAGs
[2026-04-01T08:20:10.065+0000] {logging_mixin.py:188} INFO - [2026-04-01T08:20:10.064+0000] {dag.py:3947} INFO - Setting next_dagrun for dbt_transformation_pipeline to None, run_after=None
[2026-04-01T08:20:10.105+0000] {processor.py:183} INFO - Processing /opt/airflow/dags/dag-dbt-transformation-pipeline.py took 0.193 seconds
[2026-04-01T08:20:40.371+0000] {processor.py:161} INFO - Started process (PID=2363) to work on /opt/airflow/dags/dag-dbt-transformation-pipeline.py
[2026-04-01T08:20:40.373+0000] {processor.py:830} INFO - Processing file /opt/airflow/dags/dag-dbt-transformation-pipeline.py for tasks to queue
[2026-04-01T08:20:40.377+0000] {logging_mixin.py:188} INFO - [2026-04-01T08:20:40.377+0000] {dagbag.py:545} INFO - Filling up the DagBag from /opt/airflow/dags/dag-dbt-transformation-pipeline.py
[2026-04-01T08:20:40.421+0000] {processor.py:840} INFO - DAG(s) 'dbt_transformation_pipeline' retrieved from /opt/airflow/dags/dag-dbt-transformation-pipeline.py
[2026-04-01T08:20:40.475+0000] {logging_mixin.py:188} INFO - [2026-04-01T08:20:40.474+0000] {dag.py:3089} INFO - Sync 1 DAGs
[2026-04-01T08:20:40.506+0000] {logging_mixin.py:188} INFO - [2026-04-01T08:20:40.505+0000] {dag.py:3947} INFO - Setting next_dagrun for dbt_transformation_pipeline to None, run_after=None
[2026-04-01T08:20:40.565+0000] {processor.py:183} INFO - Processing /opt/airflow/dags/dag-dbt-transformation-pipeline.py took 0.204 seconds
[2026-04-01T08:21:10.712+0000] {processor.py:161} INFO - Started process (PID=2388) to work on /opt/airflow/dags/dag-dbt-transformation-pipeline.py
[2026-04-01T08:21:10.714+0000] {processor.py:830} INFO - Processing file /opt/airflow/dags/dag-dbt-transformation-pipeline.py for tasks to queue
[2026-04-01T08:21:10.719+0000] {logging_mixin.py:188} INFO - [2026-04-01T08:21:10.718+0000] {dagbag.py:545} INFO - Filling up the DagBag from /opt/airflow/dags/dag-dbt-transformation-pipeline.py
[2026-04-01T08:21:10.769+0000] {processor.py:840} INFO - DAG(s) 'dbt_transformation_pipeline' retrieved from /opt/airflow/dags/dag-dbt-transformation-pipeline.py
[2026-04-01T08:21:10.829+0000] {logging_mixin.py:188} INFO - [2026-04-01T08:21:10.829+0000] {dag.py:3089} INFO - Sync 1 DAGs
[2026-04-01T08:21:10.859+0000] {logging_mixin.py:188} INFO - [2026-04-01T08:21:10.858+0000] {dag.py:3947} INFO - Setting next_dagrun for dbt_transformation_pipeline to None, run_after=None
[2026-04-01T08:21:10.927+0000] {processor.py:183} INFO - Processing /opt/airflow/dags/dag-dbt-transformation-pipeline.py took 0.232 seconds
[2026-04-01T08:21:41.093+0000] {processor.py:161} INFO - Started process (PID=2413) to work on /opt/airflow/dags/dag-dbt-transformation-pipeline.py
[2026-04-01T08:21:41.095+0000] {processor.py:830} INFO - Processing file /opt/airflow/dags/dag-dbt-transformation-pipeline.py for tasks to queue
[2026-04-01T08:21:41.100+0000] {logging_mixin.py:188} INFO - [2026-04-01T08:21:41.099+0000] {dagbag.py:545} INFO - Filling up the DagBag from /opt/airflow/dags/dag-dbt-transformation-pipeline.py
[2026-04-01T08:21:41.149+0000] {processor.py:840} INFO - DAG(s) 'dbt_transformation_pipeline' retrieved from /opt/airflow/dags/dag-dbt-transformation-pipeline.py
[2026-04-01T08:21:41.204+0000] {logging_mixin.py:188} INFO - [2026-04-01T08:21:41.203+0000] {dag.py:3089} INFO - Sync 1 DAGs
[2026-04-01T08:21:41.234+0000] {logging_mixin.py:188} INFO - [2026-04-01T08:21:41.233+0000] {dag.py:3947} INFO - Setting next_dagrun for dbt_transformation_pipeline to None, run_after=None
[2026-04-01T08:21:41.294+0000] {processor.py:183} INFO - Processing /opt/airflow/dags/dag-dbt-transformation-pipeline.py took 0.214 seconds
[2026-04-01T08:22:11.525+0000] {processor.py:161} INFO - Started process (PID=2438) to work on /opt/airflow/dags/dag-dbt-transformation-pipeline.py
[2026-04-01T08:22:11.527+0000] {processor.py:830} INFO - Processing file /opt/airflow/dags/dag-dbt-transformation-pipeline.py for tasks to queue
[2026-04-01T08:22:11.532+0000] {logging_mixin.py:188} INFO - [2026-04-01T08:22:11.531+0000] {dagbag.py:545} INFO - Filling up the DagBag from /opt/airflow/dags/dag-dbt-transformation-pipeline.py
[2026-04-01T08:22:11.579+0000] {processor.py:840} INFO - DAG(s) 'dbt_transformation_pipeline' retrieved from /opt/airflow/dags/dag-dbt-transformation-pipeline.py
[2026-04-01T08:22:11.635+0000] {logging_mixin.py:188} INFO - [2026-04-01T08:22:11.634+0000] {dag.py:3089} INFO - Sync 1 DAGs
[2026-04-01T08:22:11.660+0000] {logging_mixin.py:188} INFO - [2026-04-01T08:22:11.660+0000] {dag.py:3947} INFO - Setting next_dagrun for dbt_transformation_pipeline to None, run_after=None
[2026-04-01T08:22:11.719+0000] {processor.py:183} INFO - Processing /opt/airflow/dags/dag-dbt-transformation-pipeline.py took 0.207 seconds
[2026-04-01T08:22:42.542+0000] {processor.py:161} INFO - Started process (PID=2463) to work on /opt/airflow/dags/dag-dbt-transformation-pipeline.py
[2026-04-01T08:22:42.545+0000] {processor.py:830} INFO - Processing file /opt/airflow/dags/dag-dbt-transformation-pipeline.py for tasks to queue
[2026-04-01T08:22:42.549+0000] {logging_mixin.py:188} INFO - [2026-04-01T08:22:42.548+0000] {dagbag.py:545} INFO - Filling up the DagBag from /opt/airflow/dags/dag-dbt-transformation-pipeline.py
[2026-04-01T08:22:42.593+0000] {processor.py:840} INFO - DAG(s) 'dbt_transformation_pipeline' retrieved from /opt/airflow/dags/dag-dbt-transformation-pipeline.py
[2026-04-01T08:22:42.652+0000] {logging_mixin.py:188} INFO - [2026-04-01T08:22:42.651+0000] {dag.py:3089} INFO - Sync 1 DAGs
[2026-04-01T08:22:42.683+0000] {logging_mixin.py:188} INFO - [2026-04-01T08:22:42.682+0000] {dag.py:3947} INFO - Setting next_dagrun for dbt_transformation_pipeline to None, run_after=None
[2026-04-01T08:22:42.748+0000] {processor.py:183} INFO - Processing /opt/airflow/dags/dag-dbt-transformation-pipeline.py took 0.219 seconds
[2026-04-01T08:23:13.010+0000] {processor.py:161} INFO - Started process (PID=2488) to work on /opt/airflow/dags/dag-dbt-transformation-pipeline.py
[2026-04-01T08:23:13.013+0000] {processor.py:830} INFO - Processing file /opt/airflow/dags/dag-dbt-transformation-pipeline.py for tasks to queue
[2026-04-01T08:23:13.019+0000] {logging_mixin.py:188} INFO - [2026-04-01T08:23:13.018+0000] {dagbag.py:545} INFO - Filling up the DagBag from /opt/airflow/dags/dag-dbt-transformation-pipeline.py
[2026-04-01T08:23:13.089+0000] {processor.py:840} INFO - DAG(s) 'dbt_transformation_pipeline' retrieved from /opt/airflow/dags/dag-dbt-transformation-pipeline.py
[2026-04-01T08:23:13.177+0000] {logging_mixin.py:188} INFO - [2026-04-01T08:23:13.177+0000] {dag.py:3089} INFO - Sync 1 DAGs
[2026-04-01T08:23:13.222+0000] {logging_mixin.py:188} INFO - [2026-04-01T08:23:13.220+0000] {dag.py:3947} INFO - Setting next_dagrun for dbt_transformation_pipeline to None, run_after=None
[2026-04-01T08:23:13.299+0000] {processor.py:183} INFO - Processing /opt/airflow/dags/dag-dbt-transformation-pipeline.py took 0.307 seconds
[2026-04-01T08:23:43.480+0000] {processor.py:161} INFO - Started process (PID=2513) to work on /opt/airflow/dags/dag-dbt-transformation-pipeline.py
[2026-04-01T08:23:43.482+0000] {processor.py:830} INFO - Processing file /opt/airflow/dags/dag-dbt-transformation-pipeline.py for tasks to queue
[2026-04-01T08:23:43.486+0000] {logging_mixin.py:188} INFO - [2026-04-01T08:23:43.485+0000] {dagbag.py:545} INFO - Filling up the DagBag from /opt/airflow/dags/dag-dbt-transformation-pipeline.py
[2026-04-01T08:23:43.534+0000] {processor.py:840} INFO - DAG(s) 'dbt_transformation_pipeline' retrieved from /opt/airflow/dags/dag-dbt-transformation-pipeline.py
[2026-04-01T08:23:43.592+0000] {logging_mixin.py:188} INFO - [2026-04-01T08:23:43.592+0000] {dag.py:3089} INFO - Sync 1 DAGs
[2026-04-01T08:23:43.624+0000] {logging_mixin.py:188} INFO - [2026-04-01T08:23:43.623+0000] {dag.py:3947} INFO - Setting next_dagrun for dbt_transformation_pipeline to None, run_after=None
[2026-04-01T08:23:43.686+0000] {processor.py:183} INFO - Processing /opt/airflow/dags/dag-dbt-transformation-pipeline.py took 0.221 seconds
[2026-04-01T08:24:13.889+0000] {processor.py:161} INFO - Started process (PID=2538) to work on /opt/airflow/dags/dag-dbt-transformation-pipeline.py
[2026-04-01T08:24:13.894+0000] {processor.py:830} INFO - Processing file /opt/airflow/dags/dag-dbt-transformation-pipeline.py for tasks to queue
[2026-04-01T08:24:13.898+0000] {logging_mixin.py:188} INFO - [2026-04-01T08:24:13.898+0000] {dagbag.py:545} INFO - Filling up the DagBag from /opt/airflow/dags/dag-dbt-transformation-pipeline.py
[2026-04-01T08:24:13.964+0000] {processor.py:840} INFO - DAG(s) 'dbt_transformation_pipeline' retrieved from /opt/airflow/dags/dag-dbt-transformation-pipeline.py
[2026-04-01T08:24:14.052+0000] {logging_mixin.py:188} INFO - [2026-04-01T08:24:14.052+0000] {dag.py:3089} INFO - Sync 1 DAGs
[2026-04-01T08:24:14.102+0000] {logging_mixin.py:188} INFO - [2026-04-01T08:24:14.102+0000] {dag.py:3947} INFO - Setting next_dagrun for dbt_transformation_pipeline to None, run_after=None
[2026-04-01T08:24:14.171+0000] {processor.py:183} INFO - Processing /opt/airflow/dags/dag-dbt-transformation-pipeline.py took 0.302 seconds
[2026-04-01T08:24:44.317+0000] {processor.py:161} INFO - Started process (PID=2563) to work on /opt/airflow/dags/dag-dbt-transformation-pipeline.py
[2026-04-01T08:24:44.319+0000] {processor.py:830} INFO - Processing file /opt/airflow/dags/dag-dbt-transformation-pipeline.py for tasks to queue
[2026-04-01T08:24:44.322+0000] {logging_mixin.py:188} INFO - [2026-04-01T08:24:44.322+0000] {dagbag.py:545} INFO - Filling up the DagBag from /opt/airflow/dags/dag-dbt-transformation-pipeline.py
[2026-04-01T08:24:44.378+0000] {processor.py:840} INFO - DAG(s) 'dbt_transformation_pipeline' retrieved from /opt/airflow/dags/dag-dbt-transformation-pipeline.py
[2026-04-01T08:24:44.444+0000] {logging_mixin.py:188} INFO - [2026-04-01T08:24:44.444+0000] {dag.py:3089} INFO - Sync 1 DAGs
[2026-04-01T08:24:44.477+0000] {logging_mixin.py:188} INFO - [2026-04-01T08:24:44.476+0000] {dag.py:3947} INFO - Setting next_dagrun for dbt_transformation_pipeline to None, run_after=None
[2026-04-01T08:24:44.552+0000] {processor.py:183} INFO - Processing /opt/airflow/dags/dag-dbt-transformation-pipeline.py took 0.253 seconds
[2026-04-01T08:25:14.692+0000] {processor.py:161} INFO - Started process (PID=2588) to work on /opt/airflow/dags/dag-dbt-transformation-pipeline.py
[2026-04-01T08:25:14.695+0000] {processor.py:830} INFO - Processing file /opt/airflow/dags/dag-dbt-transformation-pipeline.py for tasks to queue
[2026-04-01T08:25:14.700+0000] {logging_mixin.py:188} INFO - [2026-04-01T08:25:14.699+0000] {dagbag.py:545} INFO - Filling up the DagBag from /opt/airflow/dags/dag-dbt-transformation-pipeline.py
[2026-04-01T08:25:14.753+0000] {processor.py:840} INFO - DAG(s) 'dbt_transformation_pipeline' retrieved from /opt/airflow/dags/dag-dbt-transformation-pipeline.py
[2026-04-01T08:25:14.818+0000] {logging_mixin.py:188} INFO - [2026-04-01T08:25:14.818+0000] {dag.py:3089} INFO - Sync 1 DAGs
[2026-04-01T08:25:14.854+0000] {logging_mixin.py:188} INFO - [2026-04-01T08:25:14.854+0000] {dag.py:3947} INFO - Setting next_dagrun for dbt_transformation_pipeline to None, run_after=None
[2026-04-01T08:25:14.903+0000] {processor.py:183} INFO - Processing /opt/airflow/dags/dag-dbt-transformation-pipeline.py took 0.226 seconds
[2026-04-01T08:25:45.092+0000] {processor.py:161} INFO - Started process (PID=2613) to work on /opt/airflow/dags/dag-dbt-transformation-pipeline.py
[2026-04-01T08:25:45.095+0000] {processor.py:830} INFO - Processing file /opt/airflow/dags/dag-dbt-transformation-pipeline.py for tasks to queue
[2026-04-01T08:25:45.099+0000] {logging_mixin.py:188} INFO - [2026-04-01T08:25:45.098+0000] {dagbag.py:545} INFO - Filling up the DagBag from /opt/airflow/dags/dag-dbt-transformation-pipeline.py
[2026-04-01T08:25:45.147+0000] {processor.py:840} INFO - DAG(s) 'dbt_transformation_pipeline' retrieved from /opt/airflow/dags/dag-dbt-transformation-pipeline.py
[2026-04-01T08:25:45.200+0000] {logging_mixin.py:188} INFO - [2026-04-01T08:25:45.199+0000] {dag.py:3089} INFO - Sync 1 DAGs
[2026-04-01T08:25:45.227+0000] {logging_mixin.py:188} INFO - [2026-04-01T08:25:45.227+0000] {dag.py:3947} INFO - Setting next_dagrun for dbt_transformation_pipeline to None, run_after=None
[2026-04-01T08:25:45.289+0000] {processor.py:183} INFO - Processing /opt/airflow/dags/dag-dbt-transformation-pipeline.py took 0.209 seconds
[2026-04-01T08:26:15.557+0000] {processor.py:161} INFO - Started process (PID=2638) to work on /opt/airflow/dags/dag-dbt-transformation-pipeline.py
[2026-04-01T08:26:15.559+0000] {processor.py:830} INFO - Processing file /opt/airflow/dags/dag-dbt-transformation-pipeline.py for tasks to queue
[2026-04-01T08:26:15.563+0000] {logging_mixin.py:188} INFO - [2026-04-01T08:26:15.562+0000] {dagbag.py:545} INFO - Filling up the DagBag from /opt/airflow/dags/dag-dbt-transformation-pipeline.py
[2026-04-01T08:26:15.620+0000] {processor.py:840} INFO - DAG(s) 'dbt_transformation_pipeline' retrieved from /opt/airflow/dags/dag-dbt-transformation-pipeline.py
[2026-04-01T08:26:15.694+0000] {logging_mixin.py:188} INFO - [2026-04-01T08:26:15.694+0000] {dag.py:3089} INFO - Sync 1 DAGs
[2026-04-01T08:26:15.730+0000] {logging_mixin.py:188} INFO - [2026-04-01T08:26:15.729+0000] {dag.py:3947} INFO - Setting next_dagrun for dbt_transformation_pipeline to None, run_after=None
[2026-04-01T08:26:15.796+0000] {processor.py:183} INFO - Processing /opt/airflow/dags/dag-dbt-transformation-pipeline.py took 0.253 seconds
[2026-04-01T08:26:46.215+0000] {processor.py:161} INFO - Started process (PID=2663) to work on /opt/airflow/dags/dag-dbt-transformation-pipeline.py
[2026-04-01T08:26:46.218+0000] {processor.py:830} INFO - Processing file /opt/airflow/dags/dag-dbt-transformation-pipeline.py for tasks to queue
[2026-04-01T08:26:46.223+0000] {logging_mixin.py:188} INFO - [2026-04-01T08:26:46.222+0000] {dagbag.py:545} INFO - Filling up the DagBag from /opt/airflow/dags/dag-dbt-transformation-pipeline.py
[2026-04-01T08:26:46.279+0000] {processor.py:840} INFO - DAG(s) 'dbt_transformation_pipeline' retrieved from /opt/airflow/dags/dag-dbt-transformation-pipeline.py
[2026-04-01T08:26:46.360+0000] {logging_mixin.py:188} INFO - [2026-04-01T08:26:46.360+0000] {dag.py:3089} INFO - Sync 1 DAGs
[2026-04-01T08:26:46.405+0000] {logging_mixin.py:188} INFO - [2026-04-01T08:26:46.404+0000] {dag.py:3947} INFO - Setting next_dagrun for dbt_transformation_pipeline to None, run_after=None
[2026-04-01T08:26:46.482+0000] {processor.py:183} INFO - Processing /opt/airflow/dags/dag-dbt-transformation-pipeline.py took 0.284 seconds
[2026-04-01T08:27:17.527+0000] {processor.py:161} INFO - Started process (PID=2688) to work on /opt/airflow/dags/dag-dbt-transformation-pipeline.py
[2026-04-01T08:27:17.530+0000] {processor.py:830} INFO - Processing file /opt/airflow/dags/dag-dbt-transformation-pipeline.py for tasks to queue
[2026-04-01T08:27:17.537+0000] {logging_mixin.py:188} INFO - [2026-04-01T08:27:17.536+0000] {dagbag.py:545} INFO - Filling up the DagBag from /opt/airflow/dags/dag-dbt-transformation-pipeline.py
[2026-04-01T08:27:17.584+0000] {processor.py:840} INFO - DAG(s) 'dbt_transformation_pipeline' retrieved from /opt/airflow/dags/dag-dbt-transformation-pipeline.py
[2026-04-01T08:27:17.642+0000] {logging_mixin.py:188} INFO - [2026-04-01T08:27:17.642+0000] {dag.py:3089} INFO - Sync 1 DAGs
[2026-04-01T08:27:17.679+0000] {logging_mixin.py:188} INFO - [2026-04-01T08:27:17.678+0000] {dag.py:3947} INFO - Setting next_dagrun for dbt_transformation_pipeline to None, run_after=None
[2026-04-01T08:27:17.721+0000] {processor.py:183} INFO - Processing /opt/airflow/dags/dag-dbt-transformation-pipeline.py took 0.209 seconds
[2026-04-01T08:27:48.134+0000] {processor.py:161} INFO - Started process (PID=2713) to work on /opt/airflow/dags/dag-dbt-transformation-pipeline.py
[2026-04-01T08:27:48.136+0000] {processor.py:830} INFO - Processing file /opt/airflow/dags/dag-dbt-transformation-pipeline.py for tasks to queue
[2026-04-01T08:27:48.140+0000] {logging_mixin.py:188} INFO - [2026-04-01T08:27:48.139+0000] {dagbag.py:545} INFO - Filling up the DagBag from /opt/airflow/dags/dag-dbt-transformation-pipeline.py
[2026-04-01T08:27:48.188+0000] {processor.py:840} INFO - DAG(s) 'dbt_transformation_pipeline' retrieved from /opt/airflow/dags/dag-dbt-transformation-pipeline.py
[2026-04-01T08:27:48.239+0000] {logging_mixin.py:188} INFO - [2026-04-01T08:27:48.238+0000] {dag.py:3089} INFO - Sync 1 DAGs
[2026-04-01T08:27:48.267+0000] {logging_mixin.py:188} INFO - [2026-04-01T08:27:48.266+0000] {dag.py:3947} INFO - Setting next_dagrun for dbt_transformation_pipeline to None, run_after=None
[2026-04-01T08:27:48.332+0000] {processor.py:183} INFO - Processing /opt/airflow/dags/dag-dbt-transformation-pipeline.py took 0.211 seconds
[2026-04-01T08:28:18.489+0000] {processor.py:161} INFO - Started process (PID=2738) to work on /opt/airflow/dags/dag-dbt-transformation-pipeline.py
[2026-04-01T08:28:18.491+0000] {processor.py:830} INFO - Processing file /opt/airflow/dags/dag-dbt-transformation-pipeline.py for tasks to queue
[2026-04-01T08:28:18.494+0000] {logging_mixin.py:188} INFO - [2026-04-01T08:28:18.494+0000] {dagbag.py:545} INFO - Filling up the DagBag from /opt/airflow/dags/dag-dbt-transformation-pipeline.py
[2026-04-01T08:28:18.540+0000] {processor.py:840} INFO - DAG(s) 'dbt_transformation_pipeline' retrieved from /opt/airflow/dags/dag-dbt-transformation-pipeline.py
[2026-04-01T08:28:18.596+0000] {logging_mixin.py:188} INFO - [2026-04-01T08:28:18.595+0000] {dag.py:3089} INFO - Sync 1 DAGs
[2026-04-01T08:28:18.622+0000] {logging_mixin.py:188} INFO - [2026-04-01T08:28:18.621+0000] {dag.py:3947} INFO - Setting next_dagrun for dbt_transformation_pipeline to None, run_after=None
[2026-04-01T08:28:18.667+0000] {processor.py:183} INFO - Processing /opt/airflow/dags/dag-dbt-transformation-pipeline.py took 0.189 seconds
[2026-04-01T08:28:48.929+0000] {processor.py:161} INFO - Started process (PID=2763) to work on /opt/airflow/dags/dag-dbt-transformation-pipeline.py
[2026-04-01T08:28:48.931+0000] {processor.py:830} INFO - Processing file /opt/airflow/dags/dag-dbt-transformation-pipeline.py for tasks to queue
[2026-04-01T08:28:48.934+0000] {logging_mixin.py:188} INFO - [2026-04-01T08:28:48.934+0000] {dagbag.py:545} INFO - Filling up the DagBag from /opt/airflow/dags/dag-dbt-transformation-pipeline.py
[2026-04-01T08:28:48.980+0000] {processor.py:840} INFO - DAG(s) 'dbt_transformation_pipeline' retrieved from /opt/airflow/dags/dag-dbt-transformation-pipeline.py
[2026-04-01T08:28:49.042+0000] {logging_mixin.py:188} INFO - [2026-04-01T08:28:49.041+0000] {dag.py:3089} INFO - Sync 1 DAGs
[2026-04-01T08:28:49.068+0000] {logging_mixin.py:188} INFO - [2026-04-01T08:28:49.068+0000] {dag.py:3947} INFO - Setting next_dagrun for dbt_transformation_pipeline to None, run_after=None
[2026-04-01T08:28:49.106+0000] {processor.py:183} INFO - Processing /opt/airflow/dags/dag-dbt-transformation-pipeline.py took 0.190 seconds
[2026-04-01T08:29:19.419+0000] {processor.py:161} INFO - Started process (PID=2788) to work on /opt/airflow/dags/dag-dbt-transformation-pipeline.py
[2026-04-01T08:29:19.421+0000] {processor.py:830} INFO - Processing file /opt/airflow/dags/dag-dbt-transformation-pipeline.py for tasks to queue
[2026-04-01T08:29:19.425+0000] {logging_mixin.py:188} INFO - [2026-04-01T08:29:19.424+0000] {dagbag.py:545} INFO - Filling up the DagBag from /opt/airflow/dags/dag-dbt-transformation-pipeline.py
[2026-04-01T08:29:19.470+0000] {processor.py:840} INFO - DAG(s) 'dbt_transformation_pipeline' retrieved from /opt/airflow/dags/dag-dbt-transformation-pipeline.py
[2026-04-01T08:29:19.524+0000] {logging_mixin.py:188} INFO - [2026-04-01T08:29:19.524+0000] {dag.py:3089} INFO - Sync 1 DAGs
[2026-04-01T08:29:19.551+0000] {logging_mixin.py:188} INFO - [2026-04-01T08:29:19.551+0000] {dag.py:3947} INFO - Setting next_dagrun for dbt_transformation_pipeline to None, run_after=None
[2026-04-01T08:29:19.607+0000] {processor.py:183} INFO - Processing /opt/airflow/dags/dag-dbt-transformation-pipeline.py took 0.205 seconds
[2026-04-01T08:29:49.806+0000] {processor.py:161} INFO - Started process (PID=2813) to work on /opt/airflow/dags/dag-dbt-transformation-pipeline.py
[2026-04-01T08:29:49.808+0000] {processor.py:830} INFO - Processing file /opt/airflow/dags/dag-dbt-transformation-pipeline.py for tasks to queue
[2026-04-01T08:29:49.812+0000] {logging_mixin.py:188} INFO - [2026-04-01T08:29:49.811+0000] {dagbag.py:545} INFO - Filling up the DagBag from /opt/airflow/dags/dag-dbt-transformation-pipeline.py
[2026-04-01T08:29:49.863+0000] {processor.py:840} INFO - DAG(s) 'dbt_transformation_pipeline' retrieved from /opt/airflow/dags/dag-dbt-transformation-pipeline.py
[2026-04-01T08:29:49.926+0000] {logging_mixin.py:188} INFO - [2026-04-01T08:29:49.925+0000] {dag.py:3089} INFO - Sync 1 DAGs
[2026-04-01T08:29:49.955+0000] {logging_mixin.py:188} INFO - [2026-04-01T08:29:49.955+0000] {dag.py:3947} INFO - Setting next_dagrun for dbt_transformation_pipeline to None, run_after=None
[2026-04-01T08:29:49.997+0000] {processor.py:183} INFO - Processing /opt/airflow/dags/dag-dbt-transformation-pipeline.py took 0.211 seconds
[2026-04-01T08:30:20.200+0000] {processor.py:161} INFO - Started process (PID=2838) to work on /opt/airflow/dags/dag-dbt-transformation-pipeline.py
[2026-04-01T08:30:20.202+0000] {processor.py:830} INFO - Processing file /opt/airflow/dags/dag-dbt-transformation-pipeline.py for tasks to queue
[2026-04-01T08:30:20.205+0000] {logging_mixin.py:188} INFO - [2026-04-01T08:30:20.204+0000] {dagbag.py:545} INFO - Filling up the DagBag from /opt/airflow/dags/dag-dbt-transformation-pipeline.py
[2026-04-01T08:30:20.256+0000] {processor.py:840} INFO - DAG(s) 'dbt_transformation_pipeline' retrieved from /opt/airflow/dags/dag-dbt-transformation-pipeline.py
[2026-04-01T08:30:20.308+0000] {logging_mixin.py:188} INFO - [2026-04-01T08:30:20.308+0000] {dag.py:3089} INFO - Sync 1 DAGs
[2026-04-01T08:30:20.337+0000] {logging_mixin.py:188} INFO - [2026-04-01T08:30:20.337+0000] {dag.py:3947} INFO - Setting next_dagrun for dbt_transformation_pipeline to None, run_after=None
[2026-04-01T08:30:20.376+0000] {processor.py:183} INFO - Processing /opt/airflow/dags/dag-dbt-transformation-pipeline.py took 0.189 seconds
[2026-04-01T08:30:51.086+0000] {processor.py:161} INFO - Started process (PID=2863) to work on /opt/airflow/dags/dag-dbt-transformation-pipeline.py
[2026-04-01T08:30:51.089+0000] {processor.py:830} INFO - Processing file /opt/airflow/dags/dag-dbt-transformation-pipeline.py for tasks to queue
[2026-04-01T08:30:51.093+0000] {logging_mixin.py:188} INFO - [2026-04-01T08:30:51.093+0000] {dagbag.py:545} INFO - Filling up the DagBag from /opt/airflow/dags/dag-dbt-transformation-pipeline.py
[2026-04-01T08:30:51.144+0000] {processor.py:840} INFO - DAG(s) 'dbt_transformation_pipeline' retrieved from /opt/airflow/dags/dag-dbt-transformation-pipeline.py
[2026-04-01T08:30:51.199+0000] {logging_mixin.py:188} INFO - [2026-04-01T08:30:51.198+0000] {dag.py:3089} INFO - Sync 1 DAGs
[2026-04-01T08:30:51.224+0000] {logging_mixin.py:188} INFO - [2026-04-01T08:30:51.223+0000] {dag.py:3947} INFO - Setting next_dagrun for dbt_transformation_pipeline to None, run_after=None
[2026-04-01T08:30:51.283+0000] {processor.py:183} INFO - Processing /opt/airflow/dags/dag-dbt-transformation-pipeline.py took 0.213 seconds
[2026-04-01T08:31:21.442+0000] {processor.py:161} INFO - Started process (PID=2888) to work on /opt/airflow/dags/dag-dbt-transformation-pipeline.py
[2026-04-01T08:31:21.445+0000] {processor.py:830} INFO - Processing file /opt/airflow/dags/dag-dbt-transformation-pipeline.py for tasks to queue
[2026-04-01T08:31:21.448+0000] {logging_mixin.py:188} INFO - [2026-04-01T08:31:21.447+0000] {dagbag.py:545} INFO - Filling up the DagBag from /opt/airflow/dags/dag-dbt-transformation-pipeline.py
[2026-04-01T08:31:21.494+0000] {processor.py:840} INFO - DAG(s) 'dbt_transformation_pipeline' retrieved from /opt/airflow/dags/dag-dbt-transformation-pipeline.py
[2026-04-01T08:31:21.549+0000] {logging_mixin.py:188} INFO - [2026-04-01T08:31:21.548+0000] {dag.py:3089} INFO - Sync 1 DAGs
[2026-04-01T08:31:21.577+0000] {logging_mixin.py:188} INFO - [2026-04-01T08:31:21.576+0000] {dag.py:3947} INFO - Setting next_dagrun for dbt_transformation_pipeline to None, run_after=None
[2026-04-01T08:31:21.636+0000] {processor.py:183} INFO - Processing /opt/airflow/dags/dag-dbt-transformation-pipeline.py took 0.205 seconds
[2026-04-01T08:31:51.789+0000] {processor.py:161} INFO - Started process (PID=2913) to work on /opt/airflow/dags/dag-dbt-transformation-pipeline.py
[2026-04-01T08:31:51.791+0000] {processor.py:830} INFO - Processing file /opt/airflow/dags/dag-dbt-transformation-pipeline.py for tasks to queue
[2026-04-01T08:31:51.796+0000] {logging_mixin.py:188} INFO - [2026-04-01T08:31:51.795+0000] {dagbag.py:545} INFO - Filling up the DagBag from /opt/airflow/dags/dag-dbt-transformation-pipeline.py
[2026-04-01T08:31:51.842+0000] {processor.py:840} INFO - DAG(s) 'dbt_transformation_pipeline' retrieved from /opt/airflow/dags/dag-dbt-transformation-pipeline.py
[2026-04-01T08:31:51.894+0000] {logging_mixin.py:188} INFO - [2026-04-01T08:31:51.894+0000] {dag.py:3089} INFO - Sync 1 DAGs
[2026-04-01T08:31:51.925+0000] {logging_mixin.py:188} INFO - [2026-04-01T08:31:51.924+0000] {dag.py:3947} INFO - Setting next_dagrun for dbt_transformation_pipeline to None, run_after=None
[2026-04-01T08:31:51.985+0000] {processor.py:183} INFO - Processing /opt/airflow/dags/dag-dbt-transformation-pipeline.py took 0.208 seconds
[2026-04-01T08:32:22.163+0000] {processor.py:161} INFO - Started process (PID=2938) to work on /opt/airflow/dags/dag-dbt-transformation-pipeline.py
[2026-04-01T08:32:22.165+0000] {processor.py:830} INFO - Processing file /opt/airflow/dags/dag-dbt-transformation-pipeline.py for tasks to queue
[2026-04-01T08:32:22.169+0000] {logging_mixin.py:188} INFO - [2026-04-01T08:32:22.168+0000] {dagbag.py:545} INFO - Filling up the DagBag from /opt/airflow/dags/dag-dbt-transformation-pipeline.py
[2026-04-01T08:32:22.216+0000] {processor.py:840} INFO - DAG(s) 'dbt_transformation_pipeline' retrieved from /opt/airflow/dags/dag-dbt-transformation-pipeline.py
[2026-04-01T08:32:22.265+0000] {logging_mixin.py:188} INFO - [2026-04-01T08:32:22.264+0000] {dag.py:3089} INFO - Sync 1 DAGs
[2026-04-01T08:32:22.289+0000] {logging_mixin.py:188} INFO - [2026-04-01T08:32:22.289+0000] {dag.py:3947} INFO - Setting next_dagrun for dbt_transformation_pipeline to None, run_after=None
[2026-04-01T08:32:22.352+0000] {processor.py:183} INFO - Processing /opt/airflow/dags/dag-dbt-transformation-pipeline.py took 0.201 seconds
[2026-04-01T08:32:52.635+0000] {processor.py:161} INFO - Started process (PID=2963) to work on /opt/airflow/dags/dag-dbt-transformation-pipeline.py
[2026-04-01T08:32:52.638+0000] {processor.py:830} INFO - Processing file /opt/airflow/dags/dag-dbt-transformation-pipeline.py for tasks to queue
[2026-04-01T08:32:52.661+0000] {logging_mixin.py:188} INFO - [2026-04-01T08:32:52.660+0000] {dagbag.py:545} INFO - Filling up the DagBag from /opt/airflow/dags/dag-dbt-transformation-pipeline.py
[2026-04-01T08:32:52.708+0000] {processor.py:840} INFO - DAG(s) 'dbt_transformation_pipeline' retrieved from /opt/airflow/dags/dag-dbt-transformation-pipeline.py
[2026-04-01T08:32:52.761+0000] {logging_mixin.py:188} INFO - [2026-04-01T08:32:52.760+0000] {dag.py:3089} INFO - Sync 1 DAGs
[2026-04-01T08:32:52.788+0000] {logging_mixin.py:188} INFO - [2026-04-01T08:32:52.787+0000] {dag.py:3947} INFO - Setting next_dagrun for dbt_transformation_pipeline to None, run_after=None
[2026-04-01T08:32:52.832+0000] {processor.py:183} INFO - Processing /opt/airflow/dags/dag-dbt-transformation-pipeline.py took 0.211 seconds
[2026-04-01T08:33:22.935+0000] {processor.py:161} INFO - Started process (PID=2988) to work on /opt/airflow/dags/dag-dbt-transformation-pipeline.py
[2026-04-01T08:33:22.937+0000] {processor.py:830} INFO - Processing file /opt/airflow/dags/dag-dbt-transformation-pipeline.py for tasks to queue
[2026-04-01T08:33:22.941+0000] {logging_mixin.py:188} INFO - [2026-04-01T08:33:22.940+0000] {dagbag.py:545} INFO - Filling up the DagBag from /opt/airflow/dags/dag-dbt-transformation-pipeline.py
[2026-04-01T08:33:22.990+0000] {processor.py:840} INFO - DAG(s) 'dbt_transformation_pipeline' retrieved from /opt/airflow/dags/dag-dbt-transformation-pipeline.py
[2026-04-01T08:33:23.046+0000] {logging_mixin.py:188} INFO - [2026-04-01T08:33:23.045+0000] {dag.py:3089} INFO - Sync 1 DAGs
[2026-04-01T08:33:23.073+0000] {logging_mixin.py:188} INFO - [2026-04-01T08:33:23.073+0000] {dag.py:3947} INFO - Setting next_dagrun for dbt_transformation_pipeline to None, run_after=None
[2026-04-01T08:33:23.134+0000] {processor.py:183} INFO - Processing /opt/airflow/dags/dag-dbt-transformation-pipeline.py took 0.213 seconds
[2026-04-01T08:33:53.844+0000] {processor.py:161} INFO - Started process (PID=3013) to work on /opt/airflow/dags/dag-dbt-transformation-pipeline.py
[2026-04-01T08:33:53.846+0000] {processor.py:830} INFO - Processing file /opt/airflow/dags/dag-dbt-transformation-pipeline.py for tasks to queue
[2026-04-01T08:33:53.849+0000] {logging_mixin.py:188} INFO - [2026-04-01T08:33:53.849+0000] {dagbag.py:545} INFO - Filling up the DagBag from /opt/airflow/dags/dag-dbt-transformation-pipeline.py
[2026-04-01T08:33:53.896+0000] {processor.py:840} INFO - DAG(s) 'dbt_transformation_pipeline' retrieved from /opt/airflow/dags/dag-dbt-transformation-pipeline.py
[2026-04-01T08:33:53.949+0000] {logging_mixin.py:188} INFO - [2026-04-01T08:33:53.948+0000] {dag.py:3089} INFO - Sync 1 DAGs
[2026-04-01T08:33:53.974+0000] {logging_mixin.py:188} INFO - [2026-04-01T08:33:53.974+0000] {dag.py:3947} INFO - Setting next_dagrun for dbt_transformation_pipeline to None, run_after=None
[2026-04-01T08:33:54.028+0000] {processor.py:183} INFO - Processing /opt/airflow/dags/dag-dbt-transformation-pipeline.py took 0.198 seconds
[2026-04-01T08:34:24.459+0000] {processor.py:161} INFO - Started process (PID=3038) to work on /opt/airflow/dags/dag-dbt-transformation-pipeline.py
[2026-04-01T08:34:24.461+0000] {processor.py:830} INFO - Processing file /opt/airflow/dags/dag-dbt-transformation-pipeline.py for tasks to queue
[2026-04-01T08:34:24.465+0000] {logging_mixin.py:188} INFO - [2026-04-01T08:34:24.465+0000] {dagbag.py:545} INFO - Filling up the DagBag from /opt/airflow/dags/dag-dbt-transformation-pipeline.py
[2026-04-01T08:34:24.514+0000] {processor.py:840} INFO - DAG(s) 'dbt_transformation_pipeline' retrieved from /opt/airflow/dags/dag-dbt-transformation-pipeline.py
[2026-04-01T08:34:24.569+0000] {logging_mixin.py:188} INFO - [2026-04-01T08:34:24.568+0000] {dag.py:3089} INFO - Sync 1 DAGs
[2026-04-01T08:34:24.593+0000] {logging_mixin.py:188} INFO - [2026-04-01T08:34:24.592+0000] {dag.py:3947} INFO - Setting next_dagrun for dbt_transformation_pipeline to None, run_after=None
[2026-04-01T08:34:24.652+0000] {processor.py:183} INFO - Processing /opt/airflow/dags/dag-dbt-transformation-pipeline.py took 0.207 seconds
[2026-04-01T08:34:54.769+0000] {processor.py:161} INFO - Started process (PID=3063) to work on /opt/airflow/dags/dag-dbt-transformation-pipeline.py
[2026-04-01T08:34:54.771+0000] {processor.py:830} INFO - Processing file /opt/airflow/dags/dag-dbt-transformation-pipeline.py for tasks to queue
[2026-04-01T08:34:54.775+0000] {logging_mixin.py:188} INFO - [2026-04-01T08:34:54.774+0000] {dagbag.py:545} INFO - Filling up the DagBag from /opt/airflow/dags/dag-dbt-transformation-pipeline.py
[2026-04-01T08:34:54.822+0000] {processor.py:840} INFO - DAG(s) 'dbt_transformation_pipeline' retrieved from /opt/airflow/dags/dag-dbt-transformation-pipeline.py
[2026-04-01T08:34:54.875+0000] {logging_mixin.py:188} INFO - [2026-04-01T08:34:54.874+0000] {dag.py:3089} INFO - Sync 1 DAGs
[2026-04-01T08:34:54.904+0000] {logging_mixin.py:188} INFO - [2026-04-01T08:34:54.904+0000] {dag.py:3947} INFO - Setting next_dagrun for dbt_transformation_pipeline to None, run_after=None
[2026-04-01T08:34:54.965+0000] {processor.py:183} INFO - Processing /opt/airflow/dags/dag-dbt-transformation-pipeline.py took 0.208 seconds
[2026-04-01T08:35:25.100+0000] {processor.py:161} INFO - Started process (PID=3088) to work on /opt/airflow/dags/dag-dbt-transformation-pipeline.py
[2026-04-01T08:35:25.103+0000] {processor.py:830} INFO - Processing file /opt/airflow/dags/dag-dbt-transformation-pipeline.py for tasks to queue
[2026-04-01T08:35:25.107+0000] {logging_mixin.py:188} INFO - [2026-04-01T08:35:25.106+0000] {dagbag.py:545} INFO - Filling up the DagBag from /opt/airflow/dags/dag-dbt-transformation-pipeline.py
[2026-04-01T08:35:25.161+0000] {processor.py:840} INFO - DAG(s) 'dbt_transformation_pipeline' retrieved from /opt/airflow/dags/dag-dbt-transformation-pipeline.py
[2026-04-01T08:35:25.210+0000] {logging_mixin.py:188} INFO - [2026-04-01T08:35:25.209+0000] {dag.py:3089} INFO - Sync 1 DAGs
[2026-04-01T08:35:25.232+0000] {logging_mixin.py:188} INFO - [2026-04-01T08:35:25.232+0000] {dag.py:3947} INFO - Setting next_dagrun for dbt_transformation_pipeline to None, run_after=None
[2026-04-01T08:35:25.289+0000] {processor.py:183} INFO - Processing /opt/airflow/dags/dag-dbt-transformation-pipeline.py took 0.201 seconds
[2026-04-01T08:35:55.611+0000] {processor.py:161} INFO - Started process (PID=3113) to work on /opt/airflow/dags/dag-dbt-transformation-pipeline.py
[2026-04-01T08:35:55.613+0000] {processor.py:830} INFO - Processing file /opt/airflow/dags/dag-dbt-transformation-pipeline.py for tasks to queue
[2026-04-01T08:35:55.618+0000] {logging_mixin.py:188} INFO - [2026-04-01T08:35:55.617+0000] {dagbag.py:545} INFO - Filling up the DagBag from /opt/airflow/dags/dag-dbt-transformation-pipeline.py
[2026-04-01T08:35:55.660+0000] {processor.py:840} INFO - DAG(s) 'dbt_transformation_pipeline' retrieved from /opt/airflow/dags/dag-dbt-transformation-pipeline.py
[2026-04-01T08:35:55.715+0000] {logging_mixin.py:188} INFO - [2026-04-01T08:35:55.714+0000] {dag.py:3089} INFO - Sync 1 DAGs
[2026-04-01T08:35:55.742+0000] {logging_mixin.py:188} INFO - [2026-04-01T08:35:55.742+0000] {dag.py:3947} INFO - Setting next_dagrun for dbt_transformation_pipeline to None, run_after=None
[2026-04-01T08:35:55.804+0000] {processor.py:183} INFO - Processing /opt/airflow/dags/dag-dbt-transformation-pipeline.py took 0.207 seconds
[2026-04-01T08:36:26.113+0000] {processor.py:161} INFO - Started process (PID=3138) to work on /opt/airflow/dags/dag-dbt-transformation-pipeline.py
[2026-04-01T08:36:26.115+0000] {processor.py:830} INFO - Processing file /opt/airflow/dags/dag-dbt-transformation-pipeline.py for tasks to queue
[2026-04-01T08:36:26.122+0000] {logging_mixin.py:188} INFO - [2026-04-01T08:36:26.121+0000] {dagbag.py:545} INFO - Filling up the DagBag from /opt/airflow/dags/dag-dbt-transformation-pipeline.py
[2026-04-01T08:36:26.173+0000] {processor.py:840} INFO - DAG(s) 'dbt_transformation_pipeline' retrieved from /opt/airflow/dags/dag-dbt-transformation-pipeline.py
[2026-04-01T08:36:26.236+0000] {logging_mixin.py:188} INFO - [2026-04-01T08:36:26.235+0000] {dag.py:3089} INFO - Sync 1 DAGs
[2026-04-01T08:36:26.269+0000] {logging_mixin.py:188} INFO - [2026-04-01T08:36:26.268+0000] {dag.py:3947} INFO - Setting next_dagrun for dbt_transformation_pipeline to None, run_after=None
[2026-04-01T08:36:26.331+0000] {processor.py:183} INFO - Processing /opt/airflow/dags/dag-dbt-transformation-pipeline.py took 0.234 seconds
[2026-04-01T08:36:56.702+0000] {processor.py:161} INFO - Started process (PID=3163) to work on /opt/airflow/dags/dag-dbt-transformation-pipeline.py
[2026-04-01T08:36:56.704+0000] {processor.py:830} INFO - Processing file /opt/airflow/dags/dag-dbt-transformation-pipeline.py for tasks to queue
[2026-04-01T08:36:56.708+0000] {logging_mixin.py:188} INFO - [2026-04-01T08:36:56.708+0000] {dagbag.py:545} INFO - Filling up the DagBag from /opt/airflow/dags/dag-dbt-transformation-pipeline.py
[2026-04-01T08:36:56.761+0000] {processor.py:840} INFO - DAG(s) 'dbt_transformation_pipeline' retrieved from /opt/airflow/dags/dag-dbt-transformation-pipeline.py
[2026-04-01T08:36:56.835+0000] {logging_mixin.py:188} INFO - [2026-04-01T08:36:56.835+0000] {dag.py:3089} INFO - Sync 1 DAGs
[2026-04-01T08:36:56.882+0000] {logging_mixin.py:188} INFO - [2026-04-01T08:36:56.882+0000] {dag.py:3947} INFO - Setting next_dagrun for dbt_transformation_pipeline to None, run_after=None
[2026-04-01T08:36:56.954+0000] {processor.py:183} INFO - Processing /opt/airflow/dags/dag-dbt-transformation-pipeline.py took 0.268 seconds
[2026-04-01T08:37:27.994+0000] {processor.py:161} INFO - Started process (PID=3188) to work on /opt/airflow/dags/dag-dbt-transformation-pipeline.py
[2026-04-01T08:37:27.997+0000] {processor.py:830} INFO - Processing file /opt/airflow/dags/dag-dbt-transformation-pipeline.py for tasks to queue
[2026-04-01T08:37:28.003+0000] {logging_mixin.py:188} INFO - [2026-04-01T08:37:28.001+0000] {dagbag.py:545} INFO - Filling up the DagBag from /opt/airflow/dags/dag-dbt-transformation-pipeline.py
[2026-04-01T08:37:28.058+0000] {processor.py:840} INFO - DAG(s) 'dbt_transformation_pipeline' retrieved from /opt/airflow/dags/dag-dbt-transformation-pipeline.py
[2026-04-01T08:37:28.129+0000] {logging_mixin.py:188} INFO - [2026-04-01T08:37:28.129+0000] {dag.py:3089} INFO - Sync 1 DAGs
[2026-04-01T08:37:28.163+0000] {logging_mixin.py:188} INFO - [2026-04-01T08:37:28.162+0000] {dag.py:3947} INFO - Setting next_dagrun for dbt_transformation_pipeline to None, run_after=None
[2026-04-01T08:37:28.232+0000] {processor.py:183} INFO - Processing /opt/airflow/dags/dag-dbt-transformation-pipeline.py took 0.257 seconds
[2026-04-01T08:37:58.481+0000] {processor.py:161} INFO - Started process (PID=3213) to work on /opt/airflow/dags/dag-dbt-transformation-pipeline.py
[2026-04-01T08:37:58.483+0000] {processor.py:830} INFO - Processing file /opt/airflow/dags/dag-dbt-transformation-pipeline.py for tasks to queue
[2026-04-01T08:37:58.486+0000] {logging_mixin.py:188} INFO - [2026-04-01T08:37:58.486+0000] {dagbag.py:545} INFO - Filling up the DagBag from /opt/airflow/dags/dag-dbt-transformation-pipeline.py
[2026-04-01T08:37:58.531+0000] {processor.py:840} INFO - DAG(s) 'dbt_transformation_pipeline' retrieved from /opt/airflow/dags/dag-dbt-transformation-pipeline.py
[2026-04-01T08:37:58.579+0000] {logging_mixin.py:188} INFO - [2026-04-01T08:37:58.579+0000] {dag.py:3089} INFO - Sync 1 DAGs
[2026-04-01T08:37:58.604+0000] {logging_mixin.py:188} INFO - [2026-04-01T08:37:58.604+0000] {dag.py:3947} INFO - Setting next_dagrun for dbt_transformation_pipeline to None, run_after=None
[2026-04-01T08:37:58.665+0000] {processor.py:183} INFO - Processing /opt/airflow/dags/dag-dbt-transformation-pipeline.py took 0.196 seconds
[2026-04-01T08:38:29.006+0000] {processor.py:161} INFO - Started process (PID=3238) to work on /opt/airflow/dags/dag-dbt-transformation-pipeline.py
[2026-04-01T08:38:29.008+0000] {processor.py:830} INFO - Processing file /opt/airflow/dags/dag-dbt-transformation-pipeline.py for tasks to queue
[2026-04-01T08:38:29.012+0000] {logging_mixin.py:188} INFO - [2026-04-01T08:38:29.012+0000] {dagbag.py:545} INFO - Filling up the DagBag from /opt/airflow/dags/dag-dbt-transformation-pipeline.py
[2026-04-01T08:38:29.061+0000] {processor.py:840} INFO - DAG(s) 'dbt_transformation_pipeline' retrieved from /opt/airflow/dags/dag-dbt-transformation-pipeline.py
[2026-04-01T08:38:29.113+0000] {logging_mixin.py:188} INFO - [2026-04-01T08:38:29.112+0000] {dag.py:3089} INFO - Sync 1 DAGs
[2026-04-01T08:38:29.137+0000] {logging_mixin.py:188} INFO - [2026-04-01T08:38:29.136+0000] {dag.py:3947} INFO - Setting next_dagrun for dbt_transformation_pipeline to None, run_after=None
[2026-04-01T08:38:29.175+0000] {processor.py:183} INFO - Processing /opt/airflow/dags/dag-dbt-transformation-pipeline.py took 0.179 seconds
[2026-04-01T08:38:59.386+0000] {processor.py:161} INFO - Started process (PID=3263) to work on /opt/airflow/dags/dag-dbt-transformation-pipeline.py
[2026-04-01T08:38:59.388+0000] {processor.py:830} INFO - Processing file /opt/airflow/dags/dag-dbt-transformation-pipeline.py for tasks to queue
[2026-04-01T08:38:59.391+0000] {logging_mixin.py:188} INFO - [2026-04-01T08:38:59.391+0000] {dagbag.py:545} INFO - Filling up the DagBag from /opt/airflow/dags/dag-dbt-transformation-pipeline.py
[2026-04-01T08:38:59.439+0000] {processor.py:840} INFO - DAG(s) 'dbt_transformation_pipeline' retrieved from /opt/airflow/dags/dag-dbt-transformation-pipeline.py
[2026-04-01T08:38:59.488+0000] {logging_mixin.py:188} INFO - [2026-04-01T08:38:59.487+0000] {dag.py:3089} INFO - Sync 1 DAGs
[2026-04-01T08:38:59.513+0000] {logging_mixin.py:188} INFO - [2026-04-01T08:38:59.513+0000] {dag.py:3947} INFO - Setting next_dagrun for dbt_transformation_pipeline to None, run_after=None
[2026-04-01T08:38:59.574+0000] {processor.py:183} INFO - Processing /opt/airflow/dags/dag-dbt-transformation-pipeline.py took 0.201 seconds
[2026-04-01T08:39:29.835+0000] {processor.py:161} INFO - Started process (PID=3288) to work on /opt/airflow/dags/dag-dbt-transformation-pipeline.py
[2026-04-01T08:39:29.837+0000] {processor.py:830} INFO - Processing file /opt/airflow/dags/dag-dbt-transformation-pipeline.py for tasks to queue
[2026-04-01T08:39:29.840+0000] {logging_mixin.py:188} INFO - [2026-04-01T08:39:29.840+0000] {dagbag.py:545} INFO - Filling up the DagBag from /opt/airflow/dags/dag-dbt-transformation-pipeline.py
[2026-04-01T08:39:29.886+0000] {processor.py:840} INFO - DAG(s) 'dbt_transformation_pipeline' retrieved from /opt/airflow/dags/dag-dbt-transformation-pipeline.py
[2026-04-01T08:39:29.937+0000] {logging_mixin.py:188} INFO - [2026-04-01T08:39:29.936+0000] {dag.py:3089} INFO - Sync 1 DAGs
[2026-04-01T08:39:29.963+0000] {logging_mixin.py:188} INFO - [2026-04-01T08:39:29.963+0000] {dag.py:3947} INFO - Setting next_dagrun for dbt_transformation_pipeline to None, run_after=None
[2026-04-01T08:39:30.004+0000] {processor.py:183} INFO - Processing /opt/airflow/dags/dag-dbt-transformation-pipeline.py took 0.182 seconds
[2026-04-01T08:40:00.339+0000] {processor.py:161} INFO - Started process (PID=3313) to work on /opt/airflow/dags/dag-dbt-transformation-pipeline.py
[2026-04-01T08:40:00.342+0000] {processor.py:830} INFO - Processing file /opt/airflow/dags/dag-dbt-transformation-pipeline.py for tasks to queue
[2026-04-01T08:40:00.346+0000] {logging_mixin.py:188} INFO - [2026-04-01T08:40:00.346+0000] {dagbag.py:545} INFO - Filling up the DagBag from /opt/airflow/dags/dag-dbt-transformation-pipeline.py
[2026-04-01T08:40:00.401+0000] {processor.py:840} INFO - DAG(s) 'dbt_transformation_pipeline' retrieved from /opt/airflow/dags/dag-dbt-transformation-pipeline.py
[2026-04-01T08:40:00.478+0000] {logging_mixin.py:188} INFO - [2026-04-01T08:40:00.478+0000] {dag.py:3089} INFO - Sync 1 DAGs
[2026-04-01T08:40:00.511+0000] {logging_mixin.py:188} INFO - [2026-04-01T08:40:00.511+0000] {dag.py:3947} INFO - Setting next_dagrun for dbt_transformation_pipeline to None, run_after=None
[2026-04-01T08:40:00.574+0000] {processor.py:183} INFO - Processing /opt/airflow/dags/dag-dbt-transformation-pipeline.py took 0.252 seconds
[2026-04-01T08:40:30.943+0000] {processor.py:161} INFO - Started process (PID=3338) to work on /opt/airflow/dags/dag-dbt-transformation-pipeline.py
[2026-04-01T08:40:30.945+0000] {processor.py:830} INFO - Processing file /opt/airflow/dags/dag-dbt-transformation-pipeline.py for tasks to queue
[2026-04-01T08:40:30.949+0000] {logging_mixin.py:188} INFO - [2026-04-01T08:40:30.948+0000] {dagbag.py:545} INFO - Filling up the DagBag from /opt/airflow/dags/dag-dbt-transformation-pipeline.py
[2026-04-01T08:40:30.994+0000] {processor.py:840} INFO - DAG(s) 'dbt_transformation_pipeline' retrieved from /opt/airflow/dags/dag-dbt-transformation-pipeline.py
[2026-04-01T08:40:31.042+0000] {logging_mixin.py:188} INFO - [2026-04-01T08:40:31.041+0000] {dag.py:3089} INFO - Sync 1 DAGs
[2026-04-01T08:40:31.068+0000] {logging_mixin.py:188} INFO - [2026-04-01T08:40:31.068+0000] {dag.py:3947} INFO - Setting next_dagrun for dbt_transformation_pipeline to None, run_after=None
[2026-04-01T08:40:31.127+0000] {processor.py:183} INFO - Processing /opt/airflow/dags/dag-dbt-transformation-pipeline.py took 0.195 seconds
[2026-04-01T08:41:01.566+0000] {processor.py:161} INFO - Started process (PID=3363) to work on /opt/airflow/dags/dag-dbt-transformation-pipeline.py
[2026-04-01T08:41:01.569+0000] {processor.py:830} INFO - Processing file /opt/airflow/dags/dag-dbt-transformation-pipeline.py for tasks to queue
[2026-04-01T08:41:01.575+0000] {logging_mixin.py:188} INFO - [2026-04-01T08:41:01.574+0000] {dagbag.py:545} INFO - Filling up the DagBag from /opt/airflow/dags/dag-dbt-transformation-pipeline.py
[2026-04-01T08:41:01.636+0000] {processor.py:840} INFO - DAG(s) 'dbt_transformation_pipeline' retrieved from /opt/airflow/dags/dag-dbt-transformation-pipeline.py
[2026-04-01T08:41:01.712+0000] {logging_mixin.py:188} INFO - [2026-04-01T08:41:01.712+0000] {dag.py:3089} INFO - Sync 1 DAGs
[2026-04-01T08:41:01.752+0000] {logging_mixin.py:188} INFO - [2026-04-01T08:41:01.752+0000] {dag.py:3947} INFO - Setting next_dagrun for dbt_transformation_pipeline to None, run_after=None
[2026-04-01T08:41:01.843+0000] {processor.py:183} INFO - Processing /opt/airflow/dags/dag-dbt-transformation-pipeline.py took 0.297 seconds
[2026-04-01T08:41:32.103+0000] {processor.py:161} INFO - Started process (PID=3388) to work on /opt/airflow/dags/dag-dbt-transformation-pipeline.py
[2026-04-01T08:41:32.105+0000] {processor.py:830} INFO - Processing file /opt/airflow/dags/dag-dbt-transformation-pipeline.py for tasks to queue
[2026-04-01T08:41:32.109+0000] {logging_mixin.py:188} INFO - [2026-04-01T08:41:32.108+0000] {dagbag.py:545} INFO - Filling up the DagBag from /opt/airflow/dags/dag-dbt-transformation-pipeline.py
[2026-04-01T08:41:32.159+0000] {processor.py:840} INFO - DAG(s) 'dbt_transformation_pipeline' retrieved from /opt/airflow/dags/dag-dbt-transformation-pipeline.py
[2026-04-01T08:41:32.213+0000] {logging_mixin.py:188} INFO - [2026-04-01T08:41:32.212+0000] {dag.py:3089} INFO - Sync 1 DAGs
[2026-04-01T08:41:32.244+0000] {logging_mixin.py:188} INFO - [2026-04-01T08:41:32.243+0000] {dag.py:3947} INFO - Setting next_dagrun for dbt_transformation_pipeline to None, run_after=None
[2026-04-01T08:41:32.306+0000] {processor.py:183} INFO - Processing /opt/airflow/dags/dag-dbt-transformation-pipeline.py took 0.217 seconds
[2026-04-01T08:42:02.455+0000] {processor.py:161} INFO - Started process (PID=3413) to work on /opt/airflow/dags/dag-dbt-transformation-pipeline.py
[2026-04-01T08:42:02.457+0000] {processor.py:830} INFO - Processing file /opt/airflow/dags/dag-dbt-transformation-pipeline.py for tasks to queue
[2026-04-01T08:42:02.461+0000] {logging_mixin.py:188} INFO - [2026-04-01T08:42:02.460+0000] {dagbag.py:545} INFO - Filling up the DagBag from /opt/airflow/dags/dag-dbt-transformation-pipeline.py
[2026-04-01T08:42:02.505+0000] {processor.py:840} INFO - DAG(s) 'dbt_transformation_pipeline' retrieved from /opt/airflow/dags/dag-dbt-transformation-pipeline.py
[2026-04-01T08:42:02.557+0000] {logging_mixin.py:188} INFO - [2026-04-01T08:42:02.557+0000] {dag.py:3089} INFO - Sync 1 DAGs
[2026-04-01T08:42:02.585+0000] {logging_mixin.py:188} INFO - [2026-04-01T08:42:02.585+0000] {dag.py:3947} INFO - Setting next_dagrun for dbt_transformation_pipeline to None, run_after=None
[2026-04-01T08:42:02.644+0000] {processor.py:183} INFO - Processing /opt/airflow/dags/dag-dbt-transformation-pipeline.py took 0.200 seconds
[2026-04-01T08:42:32.820+0000] {processor.py:161} INFO - Started process (PID=3438) to work on /opt/airflow/dags/dag-dbt-transformation-pipeline.py
[2026-04-01T08:42:32.822+0000] {processor.py:830} INFO - Processing file /opt/airflow/dags/dag-dbt-transformation-pipeline.py for tasks to queue
[2026-04-01T08:42:32.826+0000] {logging_mixin.py:188} INFO - [2026-04-01T08:42:32.825+0000] {dagbag.py:545} INFO - Filling up the DagBag from /opt/airflow/dags/dag-dbt-transformation-pipeline.py
[2026-04-01T08:42:32.871+0000] {processor.py:840} INFO - DAG(s) 'dbt_transformation_pipeline' retrieved from /opt/airflow/dags/dag-dbt-transformation-pipeline.py
[2026-04-01T08:42:32.924+0000] {logging_mixin.py:188} INFO - [2026-04-01T08:42:32.924+0000] {dag.py:3089} INFO - Sync 1 DAGs
[2026-04-01T08:42:32.952+0000] {logging_mixin.py:188} INFO - [2026-04-01T08:42:32.952+0000] {dag.py:3947} INFO - Setting next_dagrun for dbt_transformation_pipeline to None, run_after=None
[2026-04-01T08:42:33.012+0000] {processor.py:183} INFO - Processing /opt/airflow/dags/dag-dbt-transformation-pipeline.py took 0.206 seconds
[2026-04-01T08:43:03.974+0000] {processor.py:161} INFO - Started process (PID=3463) to work on /opt/airflow/dags/dag-dbt-transformation-pipeline.py
[2026-04-01T08:43:03.976+0000] {processor.py:830} INFO - Processing file /opt/airflow/dags/dag-dbt-transformation-pipeline.py for tasks to queue
[2026-04-01T08:43:03.980+0000] {logging_mixin.py:188} INFO - [2026-04-01T08:43:03.979+0000] {dagbag.py:545} INFO - Filling up the DagBag from /opt/airflow/dags/dag-dbt-transformation-pipeline.py
[2026-04-01T08:43:04.023+0000] {processor.py:840} INFO - DAG(s) 'dbt_transformation_pipeline' retrieved from /opt/airflow/dags/dag-dbt-transformation-pipeline.py
[2026-04-01T08:43:04.076+0000] {logging_mixin.py:188} INFO - [2026-04-01T08:43:04.075+0000] {dag.py:3089} INFO - Sync 1 DAGs
[2026-04-01T08:43:04.104+0000] {logging_mixin.py:188} INFO - [2026-04-01T08:43:04.104+0000] {dag.py:3947} INFO - Setting next_dagrun for dbt_transformation_pipeline to None, run_after=None
[2026-04-01T08:43:04.148+0000] {processor.py:183} INFO - Processing /opt/airflow/dags/dag-dbt-transformation-pipeline.py took 0.189 seconds
[2026-04-01T08:43:34.309+0000] {processor.py:161} INFO - Started process (PID=3488) to work on /opt/airflow/dags/dag-dbt-transformation-pipeline.py
[2026-04-01T08:43:34.311+0000] {processor.py:830} INFO - Processing file /opt/airflow/dags/dag-dbt-transformation-pipeline.py for tasks to queue
[2026-04-01T08:43:34.315+0000] {logging_mixin.py:188} INFO - [2026-04-01T08:43:34.315+0000] {dagbag.py:545} INFO - Filling up the DagBag from /opt/airflow/dags/dag-dbt-transformation-pipeline.py
[2026-04-01T08:43:34.353+0000] {processor.py:840} INFO - DAG(s) 'dbt_transformation_pipeline' retrieved from /opt/airflow/dags/dag-dbt-transformation-pipeline.py
[2026-04-01T08:43:34.407+0000] {logging_mixin.py:188} INFO - [2026-04-01T08:43:34.407+0000] {dag.py:3089} INFO - Sync 1 DAGs
[2026-04-01T08:43:34.440+0000] {logging_mixin.py:188} INFO - [2026-04-01T08:43:34.439+0000] {dag.py:3947} INFO - Setting next_dagrun for dbt_transformation_pipeline to None, run_after=None
[2026-04-01T08:43:34.567+0000] {processor.py:183} INFO - Processing /opt/airflow/dags/dag-dbt-transformation-pipeline.py took 0.270 seconds
[2026-04-01T08:44:04.916+0000] {processor.py:161} INFO - Started process (PID=3513) to work on /opt/airflow/dags/dag-dbt-transformation-pipeline.py
[2026-04-01T08:44:04.918+0000] {processor.py:830} INFO - Processing file /opt/airflow/dags/dag-dbt-transformation-pipeline.py for tasks to queue
[2026-04-01T08:44:04.923+0000] {logging_mixin.py:188} INFO - [2026-04-01T08:44:04.923+0000] {dagbag.py:545} INFO - Filling up the DagBag from /opt/airflow/dags/dag-dbt-transformation-pipeline.py
[2026-04-01T08:44:04.983+0000] {processor.py:840} INFO - DAG(s) 'dbt_transformation_pipeline' retrieved from /opt/airflow/dags/dag-dbt-transformation-pipeline.py
[2026-04-01T08:44:05.056+0000] {logging_mixin.py:188} INFO - [2026-04-01T08:44:05.055+0000] {dag.py:3089} INFO - Sync 1 DAGs
[2026-04-01T08:44:05.087+0000] {logging_mixin.py:188} INFO - [2026-04-01T08:44:05.087+0000] {dag.py:3947} INFO - Setting next_dagrun for dbt_transformation_pipeline to None, run_after=None
[2026-04-01T08:44:05.156+0000] {processor.py:183} INFO - Processing /opt/airflow/dags/dag-dbt-transformation-pipeline.py took 0.257 seconds
[2026-04-01T08:44:35.628+0000] {processor.py:161} INFO - Started process (PID=3538) to work on /opt/airflow/dags/dag-dbt-transformation-pipeline.py
[2026-04-01T08:44:35.630+0000] {processor.py:830} INFO - Processing file /opt/airflow/dags/dag-dbt-transformation-pipeline.py for tasks to queue
[2026-04-01T08:44:35.634+0000] {logging_mixin.py:188} INFO - [2026-04-01T08:44:35.633+0000] {dagbag.py:545} INFO - Filling up the DagBag from /opt/airflow/dags/dag-dbt-transformation-pipeline.py
[2026-04-01T08:44:35.687+0000] {processor.py:840} INFO - DAG(s) 'dbt_transformation_pipeline' retrieved from /opt/airflow/dags/dag-dbt-transformation-pipeline.py
[2026-04-01T08:44:35.762+0000] {logging_mixin.py:188} INFO - [2026-04-01T08:44:35.761+0000] {dag.py:3089} INFO - Sync 1 DAGs
[2026-04-01T08:44:35.797+0000] {logging_mixin.py:188} INFO - [2026-04-01T08:44:35.797+0000] {dag.py:3947} INFO - Setting next_dagrun for dbt_transformation_pipeline to None, run_after=None
[2026-04-01T08:44:35.851+0000] {processor.py:183} INFO - Processing /opt/airflow/dags/dag-dbt-transformation-pipeline.py took 0.238 seconds
[2026-04-01T08:45:06.102+0000] {processor.py:161} INFO - Started process (PID=3563) to work on /opt/airflow/dags/dag-dbt-transformation-pipeline.py
[2026-04-01T08:45:06.104+0000] {processor.py:830} INFO - Processing file /opt/airflow/dags/dag-dbt-transformation-pipeline.py for tasks to queue
[2026-04-01T08:45:06.108+0000] {logging_mixin.py:188} INFO - [2026-04-01T08:45:06.108+0000] {dagbag.py:545} INFO - Filling up the DagBag from /opt/airflow/dags/dag-dbt-transformation-pipeline.py
[2026-04-01T08:45:06.155+0000] {processor.py:840} INFO - DAG(s) 'dbt_transformation_pipeline' retrieved from /opt/airflow/dags/dag-dbt-transformation-pipeline.py
[2026-04-01T08:45:06.207+0000] {logging_mixin.py:188} INFO - [2026-04-01T08:45:06.206+0000] {dag.py:3089} INFO - Sync 1 DAGs
[2026-04-01T08:45:06.234+0000] {logging_mixin.py:188} INFO - [2026-04-01T08:45:06.234+0000] {dag.py:3947} INFO - Setting next_dagrun for dbt_transformation_pipeline to None, run_after=None
[2026-04-01T08:45:06.301+0000] {processor.py:183} INFO - Processing /opt/airflow/dags/dag-dbt-transformation-pipeline.py took 0.213 seconds
[2026-04-01T08:45:36.583+0000] {processor.py:161} INFO - Started process (PID=3588) to work on /opt/airflow/dags/dag-dbt-transformation-pipeline.py
[2026-04-01T08:45:36.584+0000] {processor.py:830} INFO - Processing file /opt/airflow/dags/dag-dbt-transformation-pipeline.py for tasks to queue
[2026-04-01T08:45:36.588+0000] {logging_mixin.py:188} INFO - [2026-04-01T08:45:36.587+0000] {dagbag.py:545} INFO - Filling up the DagBag from /opt/airflow/dags/dag-dbt-transformation-pipeline.py
[2026-04-01T08:45:36.638+0000] {processor.py:840} INFO - DAG(s) 'dbt_transformation_pipeline' retrieved from /opt/airflow/dags/dag-dbt-transformation-pipeline.py
[2026-04-01T08:45:36.685+0000] {logging_mixin.py:188} INFO - [2026-04-01T08:45:36.685+0000] {dag.py:3089} INFO - Sync 1 DAGs
[2026-04-01T08:45:36.711+0000] {logging_mixin.py:188} INFO - [2026-04-01T08:45:36.711+0000] {dag.py:3947} INFO - Setting next_dagrun for dbt_transformation_pipeline to None, run_after=None
[2026-04-01T08:45:36.778+0000] {processor.py:183} INFO - Processing /opt/airflow/dags/dag-dbt-transformation-pipeline.py took 0.208 seconds
[2026-04-01T08:46:07.276+0000] {processor.py:161} INFO - Started process (PID=3613) to work on /opt/airflow/dags/dag-dbt-transformation-pipeline.py
[2026-04-01T08:46:07.278+0000] {processor.py:830} INFO - Processing file /opt/airflow/dags/dag-dbt-transformation-pipeline.py for tasks to queue
[2026-04-01T08:46:07.282+0000] {logging_mixin.py:188} INFO - [2026-04-01T08:46:07.281+0000] {dagbag.py:545} INFO - Filling up the DagBag from /opt/airflow/dags/dag-dbt-transformation-pipeline.py
[2026-04-01T08:46:07.326+0000] {processor.py:840} INFO - DAG(s) 'dbt_transformation_pipeline' retrieved from /opt/airflow/dags/dag-dbt-transformation-pipeline.py
[2026-04-01T08:46:07.376+0000] {logging_mixin.py:188} INFO - [2026-04-01T08:46:07.376+0000] {dag.py:3089} INFO - Sync 1 DAGs
[2026-04-01T08:46:07.401+0000] {logging_mixin.py:188} INFO - [2026-04-01T08:46:07.400+0000] {dag.py:3947} INFO - Setting next_dagrun for dbt_transformation_pipeline to None, run_after=None
[2026-04-01T08:46:07.442+0000] {processor.py:183} INFO - Processing /opt/airflow/dags/dag-dbt-transformation-pipeline.py took 0.179 seconds
[2026-04-01T08:46:37.821+0000] {processor.py:161} INFO - Started process (PID=3638) to work on /opt/airflow/dags/dag-dbt-transformation-pipeline.py
[2026-04-01T08:46:37.826+0000] {processor.py:830} INFO - Processing file /opt/airflow/dags/dag-dbt-transformation-pipeline.py for tasks to queue
[2026-04-01T08:46:37.834+0000] {logging_mixin.py:188} INFO - [2026-04-01T08:46:37.833+0000] {dagbag.py:545} INFO - Filling up the DagBag from /opt/airflow/dags/dag-dbt-transformation-pipeline.py
[2026-04-01T08:46:37.906+0000] {processor.py:840} INFO - DAG(s) 'dbt_transformation_pipeline' retrieved from /opt/airflow/dags/dag-dbt-transformation-pipeline.py
[2026-04-01T08:46:37.997+0000] {logging_mixin.py:188} INFO - [2026-04-01T08:46:37.997+0000] {dag.py:3089} INFO - Sync 1 DAGs
[2026-04-01T08:46:38.037+0000] {logging_mixin.py:188} INFO - [2026-04-01T08:46:38.036+0000] {dag.py:3947} INFO - Setting next_dagrun for dbt_transformation_pipeline to None, run_after=None
[2026-04-01T08:46:38.109+0000] {processor.py:183} INFO - Processing /opt/airflow/dags/dag-dbt-transformation-pipeline.py took 0.317 seconds
[2026-04-01T08:47:08.493+0000] {processor.py:161} INFO - Started process (PID=3663) to work on /opt/airflow/dags/dag-dbt-transformation-pipeline.py
[2026-04-01T08:47:08.496+0000] {processor.py:830} INFO - Processing file /opt/airflow/dags/dag-dbt-transformation-pipeline.py for tasks to queue
[2026-04-01T08:47:08.502+0000] {logging_mixin.py:188} INFO - [2026-04-01T08:47:08.501+0000] {dagbag.py:545} INFO - Filling up the DagBag from /opt/airflow/dags/dag-dbt-transformation-pipeline.py
[2026-04-01T08:47:08.570+0000] {processor.py:840} INFO - DAG(s) 'dbt_transformation_pipeline' retrieved from /opt/airflow/dags/dag-dbt-transformation-pipeline.py
[2026-04-01T08:47:08.663+0000] {logging_mixin.py:188} INFO - [2026-04-01T08:47:08.663+0000] {dag.py:3089} INFO - Sync 1 DAGs
[2026-04-01T08:47:08.717+0000] {logging_mixin.py:188} INFO - [2026-04-01T08:47:08.716+0000] {dag.py:3947} INFO - Setting next_dagrun for dbt_transformation_pipeline to None, run_after=None
[2026-04-01T08:47:08.791+0000] {processor.py:183} INFO - Processing /opt/airflow/dags/dag-dbt-transformation-pipeline.py took 0.318 seconds
[2026-04-01T08:47:39.288+0000] {processor.py:161} INFO - Started process (PID=3688) to work on /opt/airflow/dags/dag-dbt-transformation-pipeline.py
[2026-04-01T08:47:39.289+0000] {processor.py:830} INFO - Processing file /opt/airflow/dags/dag-dbt-transformation-pipeline.py for tasks to queue
[2026-04-01T08:47:39.293+0000] {logging_mixin.py:188} INFO - [2026-04-01T08:47:39.293+0000] {dagbag.py:545} INFO - Filling up the DagBag from /opt/airflow/dags/dag-dbt-transformation-pipeline.py
[2026-04-01T08:47:39.353+0000] {processor.py:840} INFO - DAG(s) 'dbt_transformation_pipeline' retrieved from /opt/airflow/dags/dag-dbt-transformation-pipeline.py
[2026-04-01T08:47:39.430+0000] {logging_mixin.py:188} INFO - [2026-04-01T08:47:39.429+0000] {dag.py:3089} INFO - Sync 1 DAGs
[2026-04-01T08:47:39.473+0000] {logging_mixin.py:188} INFO - [2026-04-01T08:47:39.472+0000] {dag.py:3947} INFO - Setting next_dagrun for dbt_transformation_pipeline to None, run_after=None
[2026-04-01T08:47:39.529+0000] {processor.py:183} INFO - Processing /opt/airflow/dags/dag-dbt-transformation-pipeline.py took 0.255 seconds
[2026-04-01T08:48:09.973+0000] {processor.py:161} INFO - Started process (PID=3713) to work on /opt/airflow/dags/dag-dbt-transformation-pipeline.py
[2026-04-01T08:48:09.975+0000] {processor.py:830} INFO - Processing file /opt/airflow/dags/dag-dbt-transformation-pipeline.py for tasks to queue
[2026-04-01T08:48:09.979+0000] {logging_mixin.py:188} INFO - [2026-04-01T08:48:09.978+0000] {dagbag.py:545} INFO - Filling up the DagBag from /opt/airflow/dags/dag-dbt-transformation-pipeline.py
[2026-04-01T08:48:10.025+0000] {processor.py:840} INFO - DAG(s) 'dbt_transformation_pipeline' retrieved from /opt/airflow/dags/dag-dbt-transformation-pipeline.py
[2026-04-01T08:48:10.072+0000] {logging_mixin.py:188} INFO - [2026-04-01T08:48:10.072+0000] {dag.py:3089} INFO - Sync 1 DAGs
[2026-04-01T08:48:10.099+0000] {logging_mixin.py:188} INFO - [2026-04-01T08:48:10.098+0000] {dag.py:3947} INFO - Setting next_dagrun for dbt_transformation_pipeline to None, run_after=None
[2026-04-01T08:48:10.160+0000] {processor.py:183} INFO - Processing /opt/airflow/dags/dag-dbt-transformation-pipeline.py took 0.199 seconds
[2026-04-01T08:48:40.278+0000] {processor.py:161} INFO - Started process (PID=3738) to work on /opt/airflow/dags/dag-dbt-transformation-pipeline.py
[2026-04-01T08:48:40.280+0000] {processor.py:830} INFO - Processing file /opt/airflow/dags/dag-dbt-transformation-pipeline.py for tasks to queue
[2026-04-01T08:48:40.284+0000] {logging_mixin.py:188} INFO - [2026-04-01T08:48:40.283+0000] {dagbag.py:545} INFO - Filling up the DagBag from /opt/airflow/dags/dag-dbt-transformation-pipeline.py
[2026-04-01T08:48:40.329+0000] {processor.py:840} INFO - DAG(s) 'dbt_transformation_pipeline' retrieved from /opt/airflow/dags/dag-dbt-transformation-pipeline.py
[2026-04-01T08:48:40.380+0000] {logging_mixin.py:188} INFO - [2026-04-01T08:48:40.380+0000] {dag.py:3089} INFO - Sync 1 DAGs
[2026-04-01T08:48:40.407+0000] {logging_mixin.py:188} INFO - [2026-04-01T08:48:40.407+0000] {dag.py:3947} INFO - Setting next_dagrun for dbt_transformation_pipeline to None, run_after=None
[2026-04-01T08:48:40.468+0000] {processor.py:183} INFO - Processing /opt/airflow/dags/dag-dbt-transformation-pipeline.py took 0.202 seconds
[2026-04-01T08:49:10.694+0000] {processor.py:161} INFO - Started process (PID=3763) to work on /opt/airflow/dags/dag-dbt-transformation-pipeline.py
[2026-04-01T08:49:10.697+0000] {processor.py:830} INFO - Processing file /opt/airflow/dags/dag-dbt-transformation-pipeline.py for tasks to queue
[2026-04-01T08:49:10.701+0000] {logging_mixin.py:188} INFO - [2026-04-01T08:49:10.701+0000] {dagbag.py:545} INFO - Filling up the DagBag from /opt/airflow/dags/dag-dbt-transformation-pipeline.py
[2026-04-01T08:49:10.763+0000] {processor.py:840} INFO - DAG(s) 'dbt_transformation_pipeline' retrieved from /opt/airflow/dags/dag-dbt-transformation-pipeline.py
[2026-04-01T08:49:10.839+0000] {logging_mixin.py:188} INFO - [2026-04-01T08:49:10.839+0000] {dag.py:3089} INFO - Sync 1 DAGs
[2026-04-01T08:49:10.880+0000] {logging_mixin.py:188} INFO - [2026-04-01T08:49:10.879+0000] {dag.py:3947} INFO - Setting next_dagrun for dbt_transformation_pipeline to None, run_after=None
[2026-04-01T08:49:10.935+0000] {processor.py:183} INFO - Processing /opt/airflow/dags/dag-dbt-transformation-pipeline.py took 0.259 seconds
[2026-04-01T08:49:41.372+0000] {processor.py:161} INFO - Started process (PID=3788) to work on /opt/airflow/dags/dag-dbt-transformation-pipeline.py
[2026-04-01T08:49:41.374+0000] {processor.py:830} INFO - Processing file /opt/airflow/dags/dag-dbt-transformation-pipeline.py for tasks to queue
[2026-04-01T08:49:41.378+0000] {logging_mixin.py:188} INFO - [2026-04-01T08:49:41.377+0000] {dagbag.py:545} INFO - Filling up the DagBag from /opt/airflow/dags/dag-dbt-transformation-pipeline.py
[2026-04-01T08:49:41.424+0000] {processor.py:840} INFO - DAG(s) 'dbt_transformation_pipeline' retrieved from /opt/airflow/dags/dag-dbt-transformation-pipeline.py
[2026-04-01T08:49:41.488+0000] {logging_mixin.py:188} INFO - [2026-04-01T08:49:41.487+0000] {dag.py:3089} INFO - Sync 1 DAGs
[2026-04-01T08:49:41.511+0000] {logging_mixin.py:188} INFO - [2026-04-01T08:49:41.510+0000] {dag.py:3947} INFO - Setting next_dagrun for dbt_transformation_pipeline to None, run_after=None
[2026-04-01T08:49:41.552+0000] {processor.py:183} INFO - Processing /opt/airflow/dags/dag-dbt-transformation-pipeline.py took 0.194 seconds
[2026-04-01T08:50:11.937+0000] {processor.py:161} INFO - Started process (PID=3813) to work on /opt/airflow/dags/dag-dbt-transformation-pipeline.py
[2026-04-01T08:50:11.940+0000] {processor.py:830} INFO - Processing file /opt/airflow/dags/dag-dbt-transformation-pipeline.py for tasks to queue
[2026-04-01T08:50:11.946+0000] {logging_mixin.py:188} INFO - [2026-04-01T08:50:11.945+0000] {dagbag.py:545} INFO - Filling up the DagBag from /opt/airflow/dags/dag-dbt-transformation-pipeline.py
[2026-04-01T08:50:12.001+0000] {processor.py:840} INFO - DAG(s) 'dbt_transformation_pipeline' retrieved from /opt/airflow/dags/dag-dbt-transformation-pipeline.py
[2026-04-01T08:50:12.054+0000] {logging_mixin.py:188} INFO - [2026-04-01T08:50:12.054+0000] {dag.py:3089} INFO - Sync 1 DAGs
[2026-04-01T08:50:12.083+0000] {logging_mixin.py:188} INFO - [2026-04-01T08:50:12.083+0000] {dag.py:3947} INFO - Setting next_dagrun for dbt_transformation_pipeline to None, run_after=None
[2026-04-01T08:50:12.144+0000] {processor.py:183} INFO - Processing /opt/airflow/dags/dag-dbt-transformation-pipeline.py took 0.226 seconds
[2026-04-01T08:50:42.358+0000] {processor.py:161} INFO - Started process (PID=3838) to work on /opt/airflow/dags/dag-dbt-transformation-pipeline.py
[2026-04-01T08:50:42.361+0000] {processor.py:830} INFO - Processing file /opt/airflow/dags/dag-dbt-transformation-pipeline.py for tasks to queue
[2026-04-01T08:50:42.365+0000] {logging_mixin.py:188} INFO - [2026-04-01T08:50:42.364+0000] {dagbag.py:545} INFO - Filling up the DagBag from /opt/airflow/dags/dag-dbt-transformation-pipeline.py
[2026-04-01T08:50:42.413+0000] {processor.py:840} INFO - DAG(s) 'dbt_transformation_pipeline' retrieved from /opt/airflow/dags/dag-dbt-transformation-pipeline.py
[2026-04-01T08:50:42.464+0000] {logging_mixin.py:188} INFO - [2026-04-01T08:50:42.464+0000] {dag.py:3089} INFO - Sync 1 DAGs
[2026-04-01T08:50:42.493+0000] {logging_mixin.py:188} INFO - [2026-04-01T08:50:42.492+0000] {dag.py:3947} INFO - Setting next_dagrun for dbt_transformation_pipeline to None, run_after=None
[2026-04-01T08:50:42.536+0000] {processor.py:183} INFO - Processing /opt/airflow/dags/dag-dbt-transformation-pipeline.py took 0.194 seconds
[2026-04-01T08:51:12.923+0000] {processor.py:161} INFO - Started process (PID=3863) to work on /opt/airflow/dags/dag-dbt-transformation-pipeline.py
[2026-04-01T08:51:12.927+0000] {processor.py:830} INFO - Processing file /opt/airflow/dags/dag-dbt-transformation-pipeline.py for tasks to queue
[2026-04-01T08:51:12.948+0000] {logging_mixin.py:188} INFO - [2026-04-01T08:51:12.943+0000] {dagbag.py:545} INFO - Filling up the DagBag from /opt/airflow/dags/dag-dbt-transformation-pipeline.py
[2026-04-01T08:51:13.001+0000] {processor.py:840} INFO - DAG(s) 'dbt_transformation_pipeline' retrieved from /opt/airflow/dags/dag-dbt-transformation-pipeline.py
[2026-04-01T08:51:13.066+0000] {logging_mixin.py:188} INFO - [2026-04-01T08:51:13.065+0000] {dag.py:3089} INFO - Sync 1 DAGs
[2026-04-01T08:51:13.096+0000] {logging_mixin.py:188} INFO - [2026-04-01T08:51:13.096+0000] {dag.py:3947} INFO - Setting next_dagrun for dbt_transformation_pipeline to None, run_after=None
[2026-04-01T08:51:13.157+0000] {processor.py:183} INFO - Processing /opt/airflow/dags/dag-dbt-transformation-pipeline.py took 0.257 seconds
[2026-04-01T08:51:43.584+0000] {processor.py:161} INFO - Started process (PID=3888) to work on /opt/airflow/dags/dag-dbt-transformation-pipeline.py
[2026-04-01T08:51:43.588+0000] {processor.py:830} INFO - Processing file /opt/airflow/dags/dag-dbt-transformation-pipeline.py for tasks to queue
[2026-04-01T08:51:43.595+0000] {logging_mixin.py:188} INFO - [2026-04-01T08:51:43.594+0000] {dagbag.py:545} INFO - Filling up the DagBag from /opt/airflow/dags/dag-dbt-transformation-pipeline.py
[2026-04-01T08:51:43.666+0000] {processor.py:840} INFO - DAG(s) 'dbt_transformation_pipeline' retrieved from /opt/airflow/dags/dag-dbt-transformation-pipeline.py
[2026-04-01T08:51:43.750+0000] {logging_mixin.py:188} INFO - [2026-04-01T08:51:43.749+0000] {dag.py:3089} INFO - Sync 1 DAGs
[2026-04-01T08:51:43.795+0000] {logging_mixin.py:188} INFO - [2026-04-01T08:51:43.794+0000] {dag.py:3947} INFO - Setting next_dagrun for dbt_transformation_pipeline to None, run_after=None
[2026-04-01T08:51:43.863+0000] {processor.py:183} INFO - Processing /opt/airflow/dags/dag-dbt-transformation-pipeline.py took 0.300 seconds
[2026-04-01T08:52:14.126+0000] {processor.py:161} INFO - Started process (PID=3913) to work on /opt/airflow/dags/dag-dbt-transformation-pipeline.py
[2026-04-01T08:52:14.129+0000] {processor.py:830} INFO - Processing file /opt/airflow/dags/dag-dbt-transformation-pipeline.py for tasks to queue
[2026-04-01T08:52:14.135+0000] {logging_mixin.py:188} INFO - [2026-04-01T08:52:14.135+0000] {dagbag.py:545} INFO - Filling up the DagBag from /opt/airflow/dags/dag-dbt-transformation-pipeline.py
[2026-04-01T08:52:14.187+0000] {processor.py:840} INFO - DAG(s) 'dbt_transformation_pipeline' retrieved from /opt/airflow/dags/dag-dbt-transformation-pipeline.py
[2026-04-01T08:52:14.258+0000] {logging_mixin.py:188} INFO - [2026-04-01T08:52:14.258+0000] {dag.py:3089} INFO - Sync 1 DAGs
[2026-04-01T08:52:14.289+0000] {logging_mixin.py:188} INFO - [2026-04-01T08:52:14.289+0000] {dag.py:3947} INFO - Setting next_dagrun for dbt_transformation_pipeline to None, run_after=None
[2026-04-01T08:52:14.339+0000] {processor.py:183} INFO - Processing /opt/airflow/dags/dag-dbt-transformation-pipeline.py took 0.227 seconds
[2026-04-01T08:52:44.682+0000] {processor.py:161} INFO - Started process (PID=3938) to work on /opt/airflow/dags/dag-dbt-transformation-pipeline.py
[2026-04-01T08:52:44.685+0000] {processor.py:830} INFO - Processing file /opt/airflow/dags/dag-dbt-transformation-pipeline.py for tasks to queue
[2026-04-01T08:52:44.691+0000] {logging_mixin.py:188} INFO - [2026-04-01T08:52:44.690+0000] {dagbag.py:545} INFO - Filling up the DagBag from /opt/airflow/dags/dag-dbt-transformation-pipeline.py
[2026-04-01T08:52:44.756+0000] {processor.py:840} INFO - DAG(s) 'dbt_transformation_pipeline' retrieved from /opt/airflow/dags/dag-dbt-transformation-pipeline.py
[2026-04-01T08:52:44.831+0000] {logging_mixin.py:188} INFO - [2026-04-01T08:52:44.831+0000] {dag.py:3089} INFO - Sync 1 DAGs
[2026-04-01T08:52:44.872+0000] {logging_mixin.py:188} INFO - [2026-04-01T08:52:44.871+0000] {dag.py:3947} INFO - Setting next_dagrun for dbt_transformation_pipeline to None, run_after=None
[2026-04-01T08:52:44.957+0000] {processor.py:183} INFO - Processing /opt/airflow/dags/dag-dbt-transformation-pipeline.py took 0.293 seconds
[2026-04-01T08:53:15.338+0000] {processor.py:161} INFO - Started process (PID=3963) to work on /opt/airflow/dags/dag-dbt-transformation-pipeline.py
[2026-04-01T08:53:15.341+0000] {processor.py:830} INFO - Processing file /opt/airflow/dags/dag-dbt-transformation-pipeline.py for tasks to queue
[2026-04-01T08:53:15.345+0000] {logging_mixin.py:188} INFO - [2026-04-01T08:53:15.344+0000] {dagbag.py:545} INFO - Filling up the DagBag from /opt/airflow/dags/dag-dbt-transformation-pipeline.py
[2026-04-01T08:53:15.393+0000] {processor.py:840} INFO - DAG(s) 'dbt_transformation_pipeline' retrieved from /opt/airflow/dags/dag-dbt-transformation-pipeline.py
[2026-04-01T08:53:15.447+0000] {logging_mixin.py:188} INFO - [2026-04-01T08:53:15.447+0000] {dag.py:3089} INFO - Sync 1 DAGs
[2026-04-01T08:53:15.474+0000] {logging_mixin.py:188} INFO - [2026-04-01T08:53:15.474+0000] {dag.py:3947} INFO - Setting next_dagrun for dbt_transformation_pipeline to None, run_after=None
[2026-04-01T08:53:15.518+0000] {processor.py:183} INFO - Processing /opt/airflow/dags/dag-dbt-transformation-pipeline.py took 0.192 seconds
[2026-04-01T08:53:45.800+0000] {processor.py:161} INFO - Started process (PID=3988) to work on /opt/airflow/dags/dag-dbt-transformation-pipeline.py
[2026-04-01T08:53:45.802+0000] {processor.py:830} INFO - Processing file /opt/airflow/dags/dag-dbt-transformation-pipeline.py for tasks to queue
[2026-04-01T08:53:45.807+0000] {logging_mixin.py:188} INFO - [2026-04-01T08:53:45.806+0000] {dagbag.py:545} INFO - Filling up the DagBag from /opt/airflow/dags/dag-dbt-transformation-pipeline.py
[2026-04-01T08:53:45.851+0000] {processor.py:840} INFO - DAG(s) 'dbt_transformation_pipeline' retrieved from /opt/airflow/dags/dag-dbt-transformation-pipeline.py
[2026-04-01T08:53:45.906+0000] {logging_mixin.py:188} INFO - [2026-04-01T08:53:45.905+0000] {dag.py:3089} INFO - Sync 1 DAGs
[2026-04-01T08:53:45.936+0000] {logging_mixin.py:188} INFO - [2026-04-01T08:53:45.935+0000] {dag.py:3947} INFO - Setting next_dagrun for dbt_transformation_pipeline to None, run_after=None
[2026-04-01T08:53:45.979+0000] {processor.py:183} INFO - Processing /opt/airflow/dags/dag-dbt-transformation-pipeline.py took 0.193 seconds
[2026-04-01T08:54:16.369+0000] {processor.py:161} INFO - Started process (PID=4013) to work on /opt/airflow/dags/dag-dbt-transformation-pipeline.py
[2026-04-01T08:54:16.371+0000] {processor.py:830} INFO - Processing file /opt/airflow/dags/dag-dbt-transformation-pipeline.py for tasks to queue
[2026-04-01T08:54:16.374+0000] {logging_mixin.py:188} INFO - [2026-04-01T08:54:16.374+0000] {dagbag.py:545} INFO - Filling up the DagBag from /opt/airflow/dags/dag-dbt-transformation-pipeline.py
[2026-04-01T08:54:16.424+0000] {processor.py:840} INFO - DAG(s) 'dbt_transformation_pipeline' retrieved from /opt/airflow/dags/dag-dbt-transformation-pipeline.py
[2026-04-01T08:54:16.479+0000] {logging_mixin.py:188} INFO - [2026-04-01T08:54:16.478+0000] {dag.py:3089} INFO - Sync 1 DAGs
[2026-04-01T08:54:16.516+0000] {logging_mixin.py:188} INFO - [2026-04-01T08:54:16.515+0000] {dag.py:3947} INFO - Setting next_dagrun for dbt_transformation_pipeline to None, run_after=None
[2026-04-01T08:54:16.560+0000] {processor.py:183} INFO - Processing /opt/airflow/dags/dag-dbt-transformation-pipeline.py took 0.205 seconds
[2026-04-01T08:54:46.862+0000] {processor.py:161} INFO - Started process (PID=4038) to work on /opt/airflow/dags/dag-dbt-transformation-pipeline.py
[2026-04-01T08:54:46.865+0000] {processor.py:830} INFO - Processing file /opt/airflow/dags/dag-dbt-transformation-pipeline.py for tasks to queue
[2026-04-01T08:54:46.868+0000] {logging_mixin.py:188} INFO - [2026-04-01T08:54:46.867+0000] {dagbag.py:545} INFO - Filling up the DagBag from /opt/airflow/dags/dag-dbt-transformation-pipeline.py
[2026-04-01T08:54:46.915+0000] {processor.py:840} INFO - DAG(s) 'dbt_transformation_pipeline' retrieved from /opt/airflow/dags/dag-dbt-transformation-pipeline.py
[2026-04-01T08:54:46.973+0000] {logging_mixin.py:188} INFO - [2026-04-01T08:54:46.972+0000] {dag.py:3089} INFO - Sync 1 DAGs
[2026-04-01T08:54:46.999+0000] {logging_mixin.py:188} INFO - [2026-04-01T08:54:46.999+0000] {dag.py:3947} INFO - Setting next_dagrun for dbt_transformation_pipeline to None, run_after=None
[2026-04-01T08:54:47.039+0000] {processor.py:183} INFO - Processing /opt/airflow/dags/dag-dbt-transformation-pipeline.py took 0.191 seconds
[2026-04-01T08:55:17.415+0000] {processor.py:161} INFO - Started process (PID=4063) to work on /opt/airflow/dags/dag-dbt-transformation-pipeline.py
[2026-04-01T08:55:17.417+0000] {processor.py:830} INFO - Processing file /opt/airflow/dags/dag-dbt-transformation-pipeline.py for tasks to queue
[2026-04-01T08:55:17.420+0000] {logging_mixin.py:188} INFO - [2026-04-01T08:55:17.419+0000] {dagbag.py:545} INFO - Filling up the DagBag from /opt/airflow/dags/dag-dbt-transformation-pipeline.py
[2026-04-01T08:55:17.470+0000] {processor.py:840} INFO - DAG(s) 'dbt_transformation_pipeline' retrieved from /opt/airflow/dags/dag-dbt-transformation-pipeline.py
[2026-04-01T08:55:17.528+0000] {logging_mixin.py:188} INFO - [2026-04-01T08:55:17.527+0000] {dag.py:3089} INFO - Sync 1 DAGs
[2026-04-01T08:55:17.562+0000] {logging_mixin.py:188} INFO - [2026-04-01T08:55:17.561+0000] {dag.py:3947} INFO - Setting next_dagrun for dbt_transformation_pipeline to None, run_after=None
[2026-04-01T08:55:17.612+0000] {processor.py:183} INFO - Processing /opt/airflow/dags/dag-dbt-transformation-pipeline.py took 0.211 seconds
[2026-04-01T08:55:47.868+0000] {processor.py:161} INFO - Started process (PID=4088) to work on /opt/airflow/dags/dag-dbt-transformation-pipeline.py
[2026-04-01T08:55:47.871+0000] {processor.py:830} INFO - Processing file /opt/airflow/dags/dag-dbt-transformation-pipeline.py for tasks to queue
[2026-04-01T08:55:47.875+0000] {logging_mixin.py:188} INFO - [2026-04-01T08:55:47.874+0000] {dagbag.py:545} INFO - Filling up the DagBag from /opt/airflow/dags/dag-dbt-transformation-pipeline.py
[2026-04-01T08:55:47.923+0000] {processor.py:840} INFO - DAG(s) 'dbt_transformation_pipeline' retrieved from /opt/airflow/dags/dag-dbt-transformation-pipeline.py
[2026-04-01T08:55:47.977+0000] {logging_mixin.py:188} INFO - [2026-04-01T08:55:47.976+0000] {dag.py:3089} INFO - Sync 1 DAGs
[2026-04-01T08:55:48.002+0000] {logging_mixin.py:188} INFO - [2026-04-01T08:55:48.001+0000] {dag.py:3947} INFO - Setting next_dagrun for dbt_transformation_pipeline to None, run_after=None
[2026-04-01T08:55:48.045+0000] {processor.py:183} INFO - Processing /opt/airflow/dags/dag-dbt-transformation-pipeline.py took 0.192 seconds
[2026-04-01T08:56:18.318+0000] {processor.py:161} INFO - Started process (PID=4113) to work on /opt/airflow/dags/dag-dbt-transformation-pipeline.py
[2026-04-01T08:56:18.320+0000] {processor.py:830} INFO - Processing file /opt/airflow/dags/dag-dbt-transformation-pipeline.py for tasks to queue
[2026-04-01T08:56:18.324+0000] {logging_mixin.py:188} INFO - [2026-04-01T08:56:18.323+0000] {dagbag.py:545} INFO - Filling up the DagBag from /opt/airflow/dags/dag-dbt-transformation-pipeline.py
[2026-04-01T08:56:18.379+0000] {processor.py:840} INFO - DAG(s) 'dbt_transformation_pipeline' retrieved from /opt/airflow/dags/dag-dbt-transformation-pipeline.py
[2026-04-01T08:56:18.437+0000] {logging_mixin.py:188} INFO - [2026-04-01T08:56:18.436+0000] {dag.py:3089} INFO - Sync 1 DAGs
[2026-04-01T08:56:18.466+0000] {logging_mixin.py:188} INFO - [2026-04-01T08:56:18.466+0000] {dag.py:3947} INFO - Setting next_dagrun for dbt_transformation_pipeline to None, run_after=None
[2026-04-01T08:56:18.527+0000] {processor.py:183} INFO - Processing /opt/airflow/dags/dag-dbt-transformation-pipeline.py took 0.230 seconds
[2026-04-01T08:56:48.880+0000] {processor.py:161} INFO - Started process (PID=4138) to work on /opt/airflow/dags/dag-dbt-transformation-pipeline.py
[2026-04-01T08:56:48.882+0000] {processor.py:830} INFO - Processing file /opt/airflow/dags/dag-dbt-transformation-pipeline.py for tasks to queue
[2026-04-01T08:56:48.885+0000] {logging_mixin.py:188} INFO - [2026-04-01T08:56:48.885+0000] {dagbag.py:545} INFO - Filling up the DagBag from /opt/airflow/dags/dag-dbt-transformation-pipeline.py
[2026-04-01T08:56:48.932+0000] {processor.py:840} INFO - DAG(s) 'dbt_transformation_pipeline' retrieved from /opt/airflow/dags/dag-dbt-transformation-pipeline.py
[2026-04-01T08:56:48.987+0000] {logging_mixin.py:188} INFO - [2026-04-01T08:56:48.987+0000] {dag.py:3089} INFO - Sync 1 DAGs
[2026-04-01T08:56:49.019+0000] {logging_mixin.py:188} INFO - [2026-04-01T08:56:49.019+0000] {dag.py:3947} INFO - Setting next_dagrun for dbt_transformation_pipeline to None, run_after=None
[2026-04-01T08:56:49.062+0000] {processor.py:183} INFO - Processing /opt/airflow/dags/dag-dbt-transformation-pipeline.py took 0.197 seconds
[2026-04-01T08:57:19.220+0000] {processor.py:161} INFO - Started process (PID=4163) to work on /opt/airflow/dags/dag-dbt-transformation-pipeline.py
[2026-04-01T08:57:19.222+0000] {processor.py:830} INFO - Processing file /opt/airflow/dags/dag-dbt-transformation-pipeline.py for tasks to queue
[2026-04-01T08:57:19.226+0000] {logging_mixin.py:188} INFO - [2026-04-01T08:57:19.226+0000] {dagbag.py:545} INFO - Filling up the DagBag from /opt/airflow/dags/dag-dbt-transformation-pipeline.py
[2026-04-01T08:57:19.278+0000] {processor.py:840} INFO - DAG(s) 'dbt_transformation_pipeline' retrieved from /opt/airflow/dags/dag-dbt-transformation-pipeline.py
[2026-04-01T08:57:19.330+0000] {logging_mixin.py:188} INFO - [2026-04-01T08:57:19.330+0000] {dag.py:3089} INFO - Sync 1 DAGs
[2026-04-01T08:57:19.357+0000] {logging_mixin.py:188} INFO - [2026-04-01T08:57:19.357+0000] {dag.py:3947} INFO - Setting next_dagrun for dbt_transformation_pipeline to None, run_after=None
[2026-04-01T08:57:19.398+0000] {processor.py:183} INFO - Processing /opt/airflow/dags/dag-dbt-transformation-pipeline.py took 0.193 seconds
[2026-04-01T08:57:49.757+0000] {processor.py:161} INFO - Started process (PID=4188) to work on /opt/airflow/dags/dag-dbt-transformation-pipeline.py
[2026-04-01T08:57:49.760+0000] {processor.py:830} INFO - Processing file /opt/airflow/dags/dag-dbt-transformation-pipeline.py for tasks to queue
[2026-04-01T08:57:49.764+0000] {logging_mixin.py:188} INFO - [2026-04-01T08:57:49.763+0000] {dagbag.py:545} INFO - Filling up the DagBag from /opt/airflow/dags/dag-dbt-transformation-pipeline.py
[2026-04-01T08:57:49.810+0000] {processor.py:840} INFO - DAG(s) 'dbt_transformation_pipeline' retrieved from /opt/airflow/dags/dag-dbt-transformation-pipeline.py
[2026-04-01T08:57:49.862+0000] {logging_mixin.py:188} INFO - [2026-04-01T08:57:49.861+0000] {dag.py:3089} INFO - Sync 1 DAGs
[2026-04-01T08:57:49.891+0000] {logging_mixin.py:188} INFO - [2026-04-01T08:57:49.891+0000] {dag.py:3947} INFO - Setting next_dagrun for dbt_transformation_pipeline to None, run_after=None
[2026-04-01T08:57:49.934+0000] {processor.py:183} INFO - Processing /opt/airflow/dags/dag-dbt-transformation-pipeline.py took 0.192 seconds
[2026-04-01T08:58:20.172+0000] {processor.py:161} INFO - Started process (PID=4213) to work on /opt/airflow/dags/dag-dbt-transformation-pipeline.py
[2026-04-01T08:58:20.174+0000] {processor.py:830} INFO - Processing file /opt/airflow/dags/dag-dbt-transformation-pipeline.py for tasks to queue
[2026-04-01T08:58:20.179+0000] {logging_mixin.py:188} INFO - [2026-04-01T08:58:20.178+0000] {dagbag.py:545} INFO - Filling up the DagBag from /opt/airflow/dags/dag-dbt-transformation-pipeline.py
[2026-04-01T08:58:20.229+0000] {processor.py:840} INFO - DAG(s) 'dbt_transformation_pipeline' retrieved from /opt/airflow/dags/dag-dbt-transformation-pipeline.py
[2026-04-01T08:58:20.286+0000] {logging_mixin.py:188} INFO - [2026-04-01T08:58:20.285+0000] {dag.py:3089} INFO - Sync 1 DAGs
[2026-04-01T08:58:20.313+0000] {logging_mixin.py:188} INFO - [2026-04-01T08:58:20.313+0000] {dag.py:3947} INFO - Setting next_dagrun for dbt_transformation_pipeline to None, run_after=None
[2026-04-01T08:58:20.355+0000] {processor.py:183} INFO - Processing /opt/airflow/dags/dag-dbt-transformation-pipeline.py took 0.199 seconds
[2026-04-01T08:58:50.583+0000] {processor.py:161} INFO - Started process (PID=4238) to work on /opt/airflow/dags/dag-dbt-transformation-pipeline.py
[2026-04-01T08:58:50.585+0000] {processor.py:830} INFO - Processing file /opt/airflow/dags/dag-dbt-transformation-pipeline.py for tasks to queue
[2026-04-01T08:58:50.590+0000] {logging_mixin.py:188} INFO - [2026-04-01T08:58:50.590+0000] {dagbag.py:545} INFO - Filling up the DagBag from /opt/airflow/dags/dag-dbt-transformation-pipeline.py
[2026-04-01T08:58:50.643+0000] {processor.py:840} INFO - DAG(s) 'dbt_transformation_pipeline' retrieved from /opt/airflow/dags/dag-dbt-transformation-pipeline.py
[2026-04-01T08:58:50.704+0000] {logging_mixin.py:188} INFO - [2026-04-01T08:58:50.704+0000] {dag.py:3089} INFO - Sync 1 DAGs
[2026-04-01T08:58:50.735+0000] {logging_mixin.py:188} INFO - [2026-04-01T08:58:50.734+0000] {dag.py:3947} INFO - Setting next_dagrun for dbt_transformation_pipeline to None, run_after=None
[2026-04-01T08:58:50.800+0000] {processor.py:183} INFO - Processing /opt/airflow/dags/dag-dbt-transformation-pipeline.py took 0.234 seconds
[2026-04-01T08:59:21.050+0000] {processor.py:161} INFO - Started process (PID=4263) to work on /opt/airflow/dags/dag-dbt-transformation-pipeline.py
[2026-04-01T08:59:21.053+0000] {processor.py:830} INFO - Processing file /opt/airflow/dags/dag-dbt-transformation-pipeline.py for tasks to queue
[2026-04-01T08:59:21.058+0000] {logging_mixin.py:188} INFO - [2026-04-01T08:59:21.057+0000] {dagbag.py:545} INFO - Filling up the DagBag from /opt/airflow/dags/dag-dbt-transformation-pipeline.py
[2026-04-01T08:59:21.109+0000] {processor.py:840} INFO - DAG(s) 'dbt_transformation_pipeline' retrieved from /opt/airflow/dags/dag-dbt-transformation-pipeline.py
[2026-04-01T08:59:21.166+0000] {logging_mixin.py:188} INFO - [2026-04-01T08:59:21.165+0000] {dag.py:3089} INFO - Sync 1 DAGs
[2026-04-01T08:59:21.191+0000] {logging_mixin.py:188} INFO - [2026-04-01T08:59:21.191+0000] {dag.py:3947} INFO - Setting next_dagrun for dbt_transformation_pipeline to None, run_after=None
[2026-04-01T08:59:21.240+0000] {processor.py:183} INFO - Processing /opt/airflow/dags/dag-dbt-transformation-pipeline.py took 0.205 seconds
[2026-04-01T08:59:51.377+0000] {processor.py:161} INFO - Started process (PID=4288) to work on /opt/airflow/dags/dag-dbt-transformation-pipeline.py
[2026-04-01T08:59:51.379+0000] {processor.py:830} INFO - Processing file /opt/airflow/dags/dag-dbt-transformation-pipeline.py for tasks to queue
[2026-04-01T08:59:51.384+0000] {logging_mixin.py:188} INFO - [2026-04-01T08:59:51.383+0000] {dagbag.py:545} INFO - Filling up the DagBag from /opt/airflow/dags/dag-dbt-transformation-pipeline.py
[2026-04-01T08:59:51.433+0000] {processor.py:840} INFO - DAG(s) 'dbt_transformation_pipeline' retrieved from /opt/airflow/dags/dag-dbt-transformation-pipeline.py
[2026-04-01T08:59:51.489+0000] {logging_mixin.py:188} INFO - [2026-04-01T08:59:51.488+0000] {dag.py:3089} INFO - Sync 1 DAGs
[2026-04-01T08:59:51.522+0000] {logging_mixin.py:188} INFO - [2026-04-01T08:59:51.522+0000] {dag.py:3947} INFO - Setting next_dagrun for dbt_transformation_pipeline to None, run_after=None
[2026-04-01T08:59:51.584+0000] {processor.py:183} INFO - Processing /opt/airflow/dags/dag-dbt-transformation-pipeline.py took 0.222 seconds
[2026-04-01T09:00:22.188+0000] {processor.py:161} INFO - Started process (PID=4313) to work on /opt/airflow/dags/dag-dbt-transformation-pipeline.py
[2026-04-01T09:00:22.190+0000] {processor.py:830} INFO - Processing file /opt/airflow/dags/dag-dbt-transformation-pipeline.py for tasks to queue
[2026-04-01T09:00:22.194+0000] {logging_mixin.py:188} INFO - [2026-04-01T09:00:22.194+0000] {dagbag.py:545} INFO - Filling up the DagBag from /opt/airflow/dags/dag-dbt-transformation-pipeline.py
[2026-04-01T09:00:22.244+0000] {processor.py:840} INFO - DAG(s) 'dbt_transformation_pipeline' retrieved from /opt/airflow/dags/dag-dbt-transformation-pipeline.py
[2026-04-01T09:00:22.298+0000] {logging_mixin.py:188} INFO - [2026-04-01T09:00:22.298+0000] {dag.py:3089} INFO - Sync 1 DAGs
[2026-04-01T09:00:22.325+0000] {logging_mixin.py:188} INFO - [2026-04-01T09:00:22.325+0000] {dag.py:3947} INFO - Setting next_dagrun for dbt_transformation_pipeline to None, run_after=None
[2026-04-01T09:00:22.387+0000] {processor.py:183} INFO - Processing /opt/airflow/dags/dag-dbt-transformation-pipeline.py took 0.214 seconds
[2026-04-01T09:00:53.091+0000] {processor.py:161} INFO - Started process (PID=4338) to work on /opt/airflow/dags/dag-dbt-transformation-pipeline.py
[2026-04-01T09:00:53.094+0000] {processor.py:830} INFO - Processing file /opt/airflow/dags/dag-dbt-transformation-pipeline.py for tasks to queue
[2026-04-01T09:00:53.098+0000] {logging_mixin.py:188} INFO - [2026-04-01T09:00:53.097+0000] {dagbag.py:545} INFO - Filling up the DagBag from /opt/airflow/dags/dag-dbt-transformation-pipeline.py
[2026-04-01T09:00:53.146+0000] {processor.py:840} INFO - DAG(s) 'dbt_transformation_pipeline' retrieved from /opt/airflow/dags/dag-dbt-transformation-pipeline.py
[2026-04-01T09:00:53.202+0000] {logging_mixin.py:188} INFO - [2026-04-01T09:00:53.201+0000] {dag.py:3089} INFO - Sync 1 DAGs
[2026-04-01T09:00:53.230+0000] {logging_mixin.py:188} INFO - [2026-04-01T09:00:53.230+0000] {dag.py:3947} INFO - Setting next_dagrun for dbt_transformation_pipeline to None, run_after=None
[2026-04-01T09:00:53.272+0000] {processor.py:183} INFO - Processing /opt/airflow/dags/dag-dbt-transformation-pipeline.py took 0.194 seconds
[2026-04-01T09:01:23.453+0000] {processor.py:161} INFO - Started process (PID=4363) to work on /opt/airflow/dags/dag-dbt-transformation-pipeline.py
[2026-04-01T09:01:23.455+0000] {processor.py:830} INFO - Processing file /opt/airflow/dags/dag-dbt-transformation-pipeline.py for tasks to queue
[2026-04-01T09:01:23.458+0000] {logging_mixin.py:188} INFO - [2026-04-01T09:01:23.458+0000] {dagbag.py:545} INFO - Filling up the DagBag from /opt/airflow/dags/dag-dbt-transformation-pipeline.py
[2026-04-01T09:01:23.506+0000] {processor.py:840} INFO - DAG(s) 'dbt_transformation_pipeline' retrieved from /opt/airflow/dags/dag-dbt-transformation-pipeline.py
[2026-04-01T09:01:23.569+0000] {logging_mixin.py:188} INFO - [2026-04-01T09:01:23.568+0000] {dag.py:3089} INFO - Sync 1 DAGs
[2026-04-01T09:01:23.610+0000] {logging_mixin.py:188} INFO - [2026-04-01T09:01:23.609+0000] {dag.py:3947} INFO - Setting next_dagrun for dbt_transformation_pipeline to None, run_after=None
[2026-04-01T09:01:23.673+0000] {processor.py:183} INFO - Processing /opt/airflow/dags/dag-dbt-transformation-pipeline.py took 0.236 seconds
[2026-04-01T09:01:53.891+0000] {processor.py:161} INFO - Started process (PID=4388) to work on /opt/airflow/dags/dag-dbt-transformation-pipeline.py
[2026-04-01T09:01:53.894+0000] {processor.py:830} INFO - Processing file /opt/airflow/dags/dag-dbt-transformation-pipeline.py for tasks to queue
[2026-04-01T09:01:53.899+0000] {logging_mixin.py:188} INFO - [2026-04-01T09:01:53.898+0000] {dagbag.py:545} INFO - Filling up the DagBag from /opt/airflow/dags/dag-dbt-transformation-pipeline.py
[2026-04-01T09:01:53.962+0000] {processor.py:840} INFO - DAG(s) 'dbt_transformation_pipeline' retrieved from /opt/airflow/dags/dag-dbt-transformation-pipeline.py
[2026-04-01T09:01:54.040+0000] {logging_mixin.py:188} INFO - [2026-04-01T09:01:54.039+0000] {dag.py:3089} INFO - Sync 1 DAGs
[2026-04-01T09:01:54.074+0000] {logging_mixin.py:188} INFO - [2026-04-01T09:01:54.074+0000] {dag.py:3947} INFO - Setting next_dagrun for dbt_transformation_pipeline to None, run_after=None
[2026-04-01T09:01:54.116+0000] {processor.py:183} INFO - Processing /opt/airflow/dags/dag-dbt-transformation-pipeline.py took 0.252 seconds
[2026-04-01T09:02:24.589+0000] {processor.py:161} INFO - Started process (PID=4413) to work on /opt/airflow/dags/dag-dbt-transformation-pipeline.py
[2026-04-01T09:02:24.591+0000] {processor.py:830} INFO - Processing file /opt/airflow/dags/dag-dbt-transformation-pipeline.py for tasks to queue
[2026-04-01T09:02:24.595+0000] {logging_mixin.py:188} INFO - [2026-04-01T09:02:24.594+0000] {dagbag.py:545} INFO - Filling up the DagBag from /opt/airflow/dags/dag-dbt-transformation-pipeline.py
[2026-04-01T09:02:24.638+0000] {processor.py:840} INFO - DAG(s) 'dbt_transformation_pipeline' retrieved from /opt/airflow/dags/dag-dbt-transformation-pipeline.py
[2026-04-01T09:02:24.685+0000] {logging_mixin.py:188} INFO - [2026-04-01T09:02:24.685+0000] {dag.py:3089} INFO - Sync 1 DAGs
[2026-04-01T09:02:24.714+0000] {logging_mixin.py:188} INFO - [2026-04-01T09:02:24.714+0000] {dag.py:3947} INFO - Setting next_dagrun for dbt_transformation_pipeline to None, run_after=None
[2026-04-01T09:02:24.772+0000] {processor.py:183} INFO - Processing /opt/airflow/dags/dag-dbt-transformation-pipeline.py took 0.196 seconds
[2026-04-01T09:02:54.992+0000] {processor.py:161} INFO - Started process (PID=4438) to work on /opt/airflow/dags/dag-dbt-transformation-pipeline.py
[2026-04-01T09:02:54.995+0000] {processor.py:830} INFO - Processing file /opt/airflow/dags/dag-dbt-transformation-pipeline.py for tasks to queue
[2026-04-01T09:02:54.999+0000] {logging_mixin.py:188} INFO - [2026-04-01T09:02:54.998+0000] {dagbag.py:545} INFO - Filling up the DagBag from /opt/airflow/dags/dag-dbt-transformation-pipeline.py
[2026-04-01T09:02:55.046+0000] {processor.py:840} INFO - DAG(s) 'dbt_transformation_pipeline' retrieved from /opt/airflow/dags/dag-dbt-transformation-pipeline.py
[2026-04-01T09:02:55.105+0000] {logging_mixin.py:188} INFO - [2026-04-01T09:02:55.105+0000] {dag.py:3089} INFO - Sync 1 DAGs
[2026-04-01T09:02:55.135+0000] {logging_mixin.py:188} INFO - [2026-04-01T09:02:55.135+0000] {dag.py:3947} INFO - Setting next_dagrun for dbt_transformation_pipeline to None, run_after=None
[2026-04-01T09:02:55.176+0000] {processor.py:183} INFO - Processing /opt/airflow/dags/dag-dbt-transformation-pipeline.py took 0.199 seconds
[2026-04-01T09:03:25.426+0000] {processor.py:161} INFO - Started process (PID=4463) to work on /opt/airflow/dags/dag-dbt-transformation-pipeline.py
[2026-04-01T09:03:25.429+0000] {processor.py:830} INFO - Processing file /opt/airflow/dags/dag-dbt-transformation-pipeline.py for tasks to queue
[2026-04-01T09:03:25.434+0000] {logging_mixin.py:188} INFO - [2026-04-01T09:03:25.433+0000] {dagbag.py:545} INFO - Filling up the DagBag from /opt/airflow/dags/dag-dbt-transformation-pipeline.py
[2026-04-01T09:03:25.489+0000] {processor.py:840} INFO - DAG(s) 'dbt_transformation_pipeline' retrieved from /opt/airflow/dags/dag-dbt-transformation-pipeline.py
[2026-04-01T09:03:25.549+0000] {logging_mixin.py:188} INFO - [2026-04-01T09:03:25.549+0000] {dag.py:3089} INFO - Sync 1 DAGs
[2026-04-01T09:03:25.579+0000] {logging_mixin.py:188} INFO - [2026-04-01T09:03:25.578+0000] {dag.py:3947} INFO - Setting next_dagrun for dbt_transformation_pipeline to None, run_after=None
[2026-04-01T09:03:25.644+0000] {processor.py:183} INFO - Processing /opt/airflow/dags/dag-dbt-transformation-pipeline.py took 0.236 seconds
[2026-04-01T09:03:56.070+0000] {processor.py:161} INFO - Started process (PID=4488) to work on /opt/airflow/dags/dag-dbt-transformation-pipeline.py
[2026-04-01T09:03:56.072+0000] {processor.py:830} INFO - Processing file /opt/airflow/dags/dag-dbt-transformation-pipeline.py for tasks to queue
[2026-04-01T09:03:56.075+0000] {logging_mixin.py:188} INFO - [2026-04-01T09:03:56.075+0000] {dagbag.py:545} INFO - Filling up the DagBag from /opt/airflow/dags/dag-dbt-transformation-pipeline.py
[2026-04-01T09:03:56.121+0000] {processor.py:840} INFO - DAG(s) 'dbt_transformation_pipeline' retrieved from /opt/airflow/dags/dag-dbt-transformation-pipeline.py
[2026-04-01T09:03:56.169+0000] {logging_mixin.py:188} INFO - [2026-04-01T09:03:56.168+0000] {dag.py:3089} INFO - Sync 1 DAGs
[2026-04-01T09:03:56.199+0000] {logging_mixin.py:188} INFO - [2026-04-01T09:03:56.199+0000] {dag.py:3947} INFO - Setting next_dagrun for dbt_transformation_pipeline to None, run_after=None
[2026-04-01T09:03:56.241+0000] {processor.py:183} INFO - Processing /opt/airflow/dags/dag-dbt-transformation-pipeline.py took 0.183 seconds
