[2026-04-01T07:35:50.074+0000] {processor.py:161} INFO - Started process (PID=181) to work on /opt/airflow/dags/postgres-airflow-ingestion-dag.py
[2026-04-01T07:35:50.077+0000] {processor.py:830} INFO - Processing file /opt/airflow/dags/postgres-airflow-ingestion-dag.py for tasks to queue
[2026-04-01T07:35:50.083+0000] {logging_mixin.py:188} INFO - [2026-04-01T07:35:50.082+0000] {dagbag.py:545} INFO - Filling up the DagBag from /opt/airflow/dags/postgres-airflow-ingestion-dag.py
[2026-04-01T07:35:50.118+0000] {processor.py:840} INFO - DAG(s) 'spark_streaming_pipeline' retrieved from /opt/airflow/dags/postgres-airflow-ingestion-dag.py
[2026-04-01T07:35:50.355+0000] {logging_mixin.py:188} INFO - [2026-04-01T07:35:50.354+0000] {override.py:1858} INFO - Created Permission View: can delete on DAG:spark_streaming_pipeline
[2026-04-01T07:35:50.378+0000] {logging_mixin.py:188} INFO - [2026-04-01T07:35:50.377+0000] {override.py:1858} INFO - Created Permission View: can read on DAG:spark_streaming_pipeline
[2026-04-01T07:35:50.391+0000] {logging_mixin.py:188} INFO - [2026-04-01T07:35:50.390+0000] {override.py:1858} INFO - Created Permission View: can edit on DAG:spark_streaming_pipeline
[2026-04-01T07:35:50.392+0000] {logging_mixin.py:188} INFO - [2026-04-01T07:35:50.392+0000] {dag.py:3089} INFO - Sync 1 DAGs
[2026-04-01T07:35:50.413+0000] {logging_mixin.py:188} INFO - [2026-04-01T07:35:50.412+0000] {dag.py:3111} INFO - Creating ORM DAG for spark_streaming_pipeline
[2026-04-01T07:35:50.415+0000] {logging_mixin.py:188} INFO - [2026-04-01T07:35:50.414+0000] {dag.py:3947} INFO - Setting next_dagrun for spark_streaming_pipeline to None, run_after=None
[2026-04-01T07:35:50.453+0000] {processor.py:183} INFO - Processing /opt/airflow/dags/postgres-airflow-ingestion-dag.py took 0.391 seconds
[2026-04-01T07:36:21.285+0000] {processor.py:161} INFO - Started process (PID=206) to work on /opt/airflow/dags/postgres-airflow-ingestion-dag.py
[2026-04-01T07:36:21.287+0000] {processor.py:830} INFO - Processing file /opt/airflow/dags/postgres-airflow-ingestion-dag.py for tasks to queue
[2026-04-01T07:36:21.292+0000] {logging_mixin.py:188} INFO - [2026-04-01T07:36:21.292+0000] {dagbag.py:545} INFO - Filling up the DagBag from /opt/airflow/dags/postgres-airflow-ingestion-dag.py
[2026-04-01T07:36:21.351+0000] {processor.py:840} INFO - DAG(s) 'spark_streaming_pipeline' retrieved from /opt/airflow/dags/postgres-airflow-ingestion-dag.py
[2026-04-01T07:36:21.417+0000] {logging_mixin.py:188} INFO - [2026-04-01T07:36:21.417+0000] {dag.py:3089} INFO - Sync 1 DAGs
[2026-04-01T07:36:21.452+0000] {logging_mixin.py:188} INFO - [2026-04-01T07:36:21.451+0000] {dag.py:3947} INFO - Setting next_dagrun for spark_streaming_pipeline to None, run_after=None
[2026-04-01T07:36:21.524+0000] {processor.py:183} INFO - Processing /opt/airflow/dags/postgres-airflow-ingestion-dag.py took 0.257 seconds
[2026-04-01T07:36:51.709+0000] {processor.py:161} INFO - Started process (PID=231) to work on /opt/airflow/dags/postgres-airflow-ingestion-dag.py
[2026-04-01T07:36:51.711+0000] {processor.py:830} INFO - Processing file /opt/airflow/dags/postgres-airflow-ingestion-dag.py for tasks to queue
[2026-04-01T07:36:51.716+0000] {logging_mixin.py:188} INFO - [2026-04-01T07:36:51.715+0000] {dagbag.py:545} INFO - Filling up the DagBag from /opt/airflow/dags/postgres-airflow-ingestion-dag.py
[2026-04-01T07:36:51.762+0000] {processor.py:840} INFO - DAG(s) 'spark_streaming_pipeline' retrieved from /opt/airflow/dags/postgres-airflow-ingestion-dag.py
[2026-04-01T07:36:51.815+0000] {logging_mixin.py:188} INFO - [2026-04-01T07:36:51.814+0000] {dag.py:3089} INFO - Sync 1 DAGs
[2026-04-01T07:36:51.844+0000] {logging_mixin.py:188} INFO - [2026-04-01T07:36:51.844+0000] {dag.py:3947} INFO - Setting next_dagrun for spark_streaming_pipeline to None, run_after=None
[2026-04-01T07:36:51.888+0000] {processor.py:183} INFO - Processing /opt/airflow/dags/postgres-airflow-ingestion-dag.py took 0.191 seconds
[2026-04-01T07:37:22.290+0000] {processor.py:161} INFO - Started process (PID=256) to work on /opt/airflow/dags/postgres-airflow-ingestion-dag.py
[2026-04-01T07:37:22.293+0000] {processor.py:830} INFO - Processing file /opt/airflow/dags/postgres-airflow-ingestion-dag.py for tasks to queue
[2026-04-01T07:37:22.298+0000] {logging_mixin.py:188} INFO - [2026-04-01T07:37:22.297+0000] {dagbag.py:545} INFO - Filling up the DagBag from /opt/airflow/dags/postgres-airflow-ingestion-dag.py
[2026-04-01T07:37:22.353+0000] {processor.py:840} INFO - DAG(s) 'spark_streaming_pipeline' retrieved from /opt/airflow/dags/postgres-airflow-ingestion-dag.py
[2026-04-01T07:37:22.424+0000] {logging_mixin.py:188} INFO - [2026-04-01T07:37:22.423+0000] {dag.py:3089} INFO - Sync 1 DAGs
[2026-04-01T07:37:22.458+0000] {logging_mixin.py:188} INFO - [2026-04-01T07:37:22.458+0000] {dag.py:3947} INFO - Setting next_dagrun for spark_streaming_pipeline to None, run_after=None
[2026-04-01T07:37:22.534+0000] {processor.py:183} INFO - Processing /opt/airflow/dags/postgres-airflow-ingestion-dag.py took 0.258 seconds
[2026-04-01T07:37:52.886+0000] {processor.py:161} INFO - Started process (PID=281) to work on /opt/airflow/dags/postgres-airflow-ingestion-dag.py
[2026-04-01T07:37:52.889+0000] {processor.py:830} INFO - Processing file /opt/airflow/dags/postgres-airflow-ingestion-dag.py for tasks to queue
[2026-04-01T07:37:52.894+0000] {logging_mixin.py:188} INFO - [2026-04-01T07:37:52.893+0000] {dagbag.py:545} INFO - Filling up the DagBag from /opt/airflow/dags/postgres-airflow-ingestion-dag.py
[2026-04-01T07:37:52.940+0000] {processor.py:840} INFO - DAG(s) 'spark_streaming_pipeline' retrieved from /opt/airflow/dags/postgres-airflow-ingestion-dag.py
[2026-04-01T07:37:52.988+0000] {logging_mixin.py:188} INFO - [2026-04-01T07:37:52.988+0000] {dag.py:3089} INFO - Sync 1 DAGs
[2026-04-01T07:37:53.015+0000] {logging_mixin.py:188} INFO - [2026-04-01T07:37:53.014+0000] {dag.py:3947} INFO - Setting next_dagrun for spark_streaming_pipeline to None, run_after=None
[2026-04-01T07:37:53.071+0000] {processor.py:183} INFO - Processing /opt/airflow/dags/postgres-airflow-ingestion-dag.py took 0.197 seconds
[2026-04-01T07:38:23.392+0000] {processor.py:161} INFO - Started process (PID=306) to work on /opt/airflow/dags/postgres-airflow-ingestion-dag.py
[2026-04-01T07:38:23.394+0000] {processor.py:830} INFO - Processing file /opt/airflow/dags/postgres-airflow-ingestion-dag.py for tasks to queue
[2026-04-01T07:38:23.399+0000] {logging_mixin.py:188} INFO - [2026-04-01T07:38:23.398+0000] {dagbag.py:545} INFO - Filling up the DagBag from /opt/airflow/dags/postgres-airflow-ingestion-dag.py
[2026-04-01T07:38:23.441+0000] {processor.py:840} INFO - DAG(s) 'spark_streaming_pipeline' retrieved from /opt/airflow/dags/postgres-airflow-ingestion-dag.py
[2026-04-01T07:38:23.483+0000] {logging_mixin.py:188} INFO - [2026-04-01T07:38:23.483+0000] {dag.py:3089} INFO - Sync 1 DAGs
[2026-04-01T07:38:23.508+0000] {logging_mixin.py:188} INFO - [2026-04-01T07:38:23.507+0000] {dag.py:3947} INFO - Setting next_dagrun for spark_streaming_pipeline to None, run_after=None
[2026-04-01T07:38:23.573+0000] {processor.py:183} INFO - Processing /opt/airflow/dags/postgres-airflow-ingestion-dag.py took 0.191 seconds
[2026-04-01T07:38:53.771+0000] {processor.py:161} INFO - Started process (PID=331) to work on /opt/airflow/dags/postgres-airflow-ingestion-dag.py
[2026-04-01T07:38:53.774+0000] {processor.py:830} INFO - Processing file /opt/airflow/dags/postgres-airflow-ingestion-dag.py for tasks to queue
[2026-04-01T07:38:53.780+0000] {logging_mixin.py:188} INFO - [2026-04-01T07:38:53.779+0000] {dagbag.py:545} INFO - Filling up the DagBag from /opt/airflow/dags/postgres-airflow-ingestion-dag.py
[2026-04-01T07:38:53.826+0000] {processor.py:840} INFO - DAG(s) 'spark_streaming_pipeline' retrieved from /opt/airflow/dags/postgres-airflow-ingestion-dag.py
[2026-04-01T07:38:53.893+0000] {logging_mixin.py:188} INFO - [2026-04-01T07:38:53.892+0000] {dag.py:3089} INFO - Sync 1 DAGs
[2026-04-01T07:38:53.936+0000] {logging_mixin.py:188} INFO - [2026-04-01T07:38:53.935+0000] {dag.py:3947} INFO - Setting next_dagrun for spark_streaming_pipeline to None, run_after=None
[2026-04-01T07:38:53.980+0000] {processor.py:183} INFO - Processing /opt/airflow/dags/postgres-airflow-ingestion-dag.py took 0.232 seconds
[2026-04-01T07:39:24.265+0000] {processor.py:161} INFO - Started process (PID=356) to work on /opt/airflow/dags/postgres-airflow-ingestion-dag.py
[2026-04-01T07:39:24.266+0000] {processor.py:830} INFO - Processing file /opt/airflow/dags/postgres-airflow-ingestion-dag.py for tasks to queue
[2026-04-01T07:39:24.271+0000] {logging_mixin.py:188} INFO - [2026-04-01T07:39:24.270+0000] {dagbag.py:545} INFO - Filling up the DagBag from /opt/airflow/dags/postgres-airflow-ingestion-dag.py
[2026-04-01T07:39:24.330+0000] {processor.py:840} INFO - DAG(s) 'spark_streaming_pipeline' retrieved from /opt/airflow/dags/postgres-airflow-ingestion-dag.py
[2026-04-01T07:39:24.379+0000] {logging_mixin.py:188} INFO - [2026-04-01T07:39:24.378+0000] {dag.py:3089} INFO - Sync 1 DAGs
[2026-04-01T07:39:24.400+0000] {logging_mixin.py:188} INFO - [2026-04-01T07:39:24.400+0000] {dag.py:3947} INFO - Setting next_dagrun for spark_streaming_pipeline to None, run_after=None
[2026-04-01T07:39:24.442+0000] {processor.py:183} INFO - Processing /opt/airflow/dags/postgres-airflow-ingestion-dag.py took 0.189 seconds
[2026-04-01T07:39:54.775+0000] {processor.py:161} INFO - Started process (PID=381) to work on /opt/airflow/dags/postgres-airflow-ingestion-dag.py
[2026-04-01T07:39:54.778+0000] {processor.py:830} INFO - Processing file /opt/airflow/dags/postgres-airflow-ingestion-dag.py for tasks to queue
[2026-04-01T07:39:54.783+0000] {logging_mixin.py:188} INFO - [2026-04-01T07:39:54.782+0000] {dagbag.py:545} INFO - Filling up the DagBag from /opt/airflow/dags/postgres-airflow-ingestion-dag.py
[2026-04-01T07:39:54.830+0000] {processor.py:840} INFO - DAG(s) 'spark_streaming_pipeline' retrieved from /opt/airflow/dags/postgres-airflow-ingestion-dag.py
[2026-04-01T07:39:54.885+0000] {logging_mixin.py:188} INFO - [2026-04-01T07:39:54.884+0000] {dag.py:3089} INFO - Sync 1 DAGs
[2026-04-01T07:39:54.916+0000] {logging_mixin.py:188} INFO - [2026-04-01T07:39:54.916+0000] {dag.py:3947} INFO - Setting next_dagrun for spark_streaming_pipeline to None, run_after=None
[2026-04-01T07:39:54.963+0000] {processor.py:183} INFO - Processing /opt/airflow/dags/postgres-airflow-ingestion-dag.py took 0.202 seconds
[2026-04-01T07:40:25.274+0000] {processor.py:161} INFO - Started process (PID=406) to work on /opt/airflow/dags/postgres-airflow-ingestion-dag.py
[2026-04-01T07:40:25.277+0000] {processor.py:830} INFO - Processing file /opt/airflow/dags/postgres-airflow-ingestion-dag.py for tasks to queue
[2026-04-01T07:40:25.281+0000] {logging_mixin.py:188} INFO - [2026-04-01T07:40:25.280+0000] {dagbag.py:545} INFO - Filling up the DagBag from /opt/airflow/dags/postgres-airflow-ingestion-dag.py
[2026-04-01T07:40:25.325+0000] {processor.py:840} INFO - DAG(s) 'spark_streaming_pipeline' retrieved from /opt/airflow/dags/postgres-airflow-ingestion-dag.py
[2026-04-01T07:40:25.386+0000] {logging_mixin.py:188} INFO - [2026-04-01T07:40:25.386+0000] {dag.py:3089} INFO - Sync 1 DAGs
[2026-04-01T07:40:25.422+0000] {logging_mixin.py:188} INFO - [2026-04-01T07:40:25.421+0000] {dag.py:3947} INFO - Setting next_dagrun for spark_streaming_pipeline to None, run_after=None
[2026-04-01T07:40:25.482+0000] {processor.py:183} INFO - Processing /opt/airflow/dags/postgres-airflow-ingestion-dag.py took 0.221 seconds
[2026-04-01T07:40:55.936+0000] {processor.py:161} INFO - Started process (PID=431) to work on /opt/airflow/dags/postgres-airflow-ingestion-dag.py
[2026-04-01T07:40:55.938+0000] {processor.py:830} INFO - Processing file /opt/airflow/dags/postgres-airflow-ingestion-dag.py for tasks to queue
[2026-04-01T07:40:55.942+0000] {logging_mixin.py:188} INFO - [2026-04-01T07:40:55.941+0000] {dagbag.py:545} INFO - Filling up the DagBag from /opt/airflow/dags/postgres-airflow-ingestion-dag.py
[2026-04-01T07:40:55.990+0000] {processor.py:840} INFO - DAG(s) 'spark_streaming_pipeline' retrieved from /opt/airflow/dags/postgres-airflow-ingestion-dag.py
[2026-04-01T07:40:56.039+0000] {logging_mixin.py:188} INFO - [2026-04-01T07:40:56.038+0000] {dag.py:3089} INFO - Sync 1 DAGs
[2026-04-01T07:40:56.060+0000] {logging_mixin.py:188} INFO - [2026-04-01T07:40:56.060+0000] {dag.py:3947} INFO - Setting next_dagrun for spark_streaming_pipeline to None, run_after=None
[2026-04-01T07:40:56.096+0000] {processor.py:183} INFO - Processing /opt/airflow/dags/postgres-airflow-ingestion-dag.py took 0.172 seconds
[2026-04-01T07:41:26.407+0000] {processor.py:161} INFO - Started process (PID=456) to work on /opt/airflow/dags/postgres-airflow-ingestion-dag.py
[2026-04-01T07:41:26.410+0000] {processor.py:830} INFO - Processing file /opt/airflow/dags/postgres-airflow-ingestion-dag.py for tasks to queue
[2026-04-01T07:41:26.414+0000] {logging_mixin.py:188} INFO - [2026-04-01T07:41:26.413+0000] {dagbag.py:545} INFO - Filling up the DagBag from /opt/airflow/dags/postgres-airflow-ingestion-dag.py
[2026-04-01T07:41:26.457+0000] {processor.py:840} INFO - DAG(s) 'spark_streaming_pipeline' retrieved from /opt/airflow/dags/postgres-airflow-ingestion-dag.py
[2026-04-01T07:41:26.505+0000] {logging_mixin.py:188} INFO - [2026-04-01T07:41:26.504+0000] {dag.py:3089} INFO - Sync 1 DAGs
[2026-04-01T07:41:26.527+0000] {logging_mixin.py:188} INFO - [2026-04-01T07:41:26.527+0000] {dag.py:3947} INFO - Setting next_dagrun for spark_streaming_pipeline to None, run_after=None
[2026-04-01T07:41:26.564+0000] {processor.py:183} INFO - Processing /opt/airflow/dags/postgres-airflow-ingestion-dag.py took 0.170 seconds
[2026-04-01T07:41:56.844+0000] {processor.py:161} INFO - Started process (PID=481) to work on /opt/airflow/dags/postgres-airflow-ingestion-dag.py
[2026-04-01T07:41:56.846+0000] {processor.py:830} INFO - Processing file /opt/airflow/dags/postgres-airflow-ingestion-dag.py for tasks to queue
[2026-04-01T07:41:56.850+0000] {logging_mixin.py:188} INFO - [2026-04-01T07:41:56.850+0000] {dagbag.py:545} INFO - Filling up the DagBag from /opt/airflow/dags/postgres-airflow-ingestion-dag.py
[2026-04-01T07:41:56.894+0000] {processor.py:840} INFO - DAG(s) 'spark_streaming_pipeline' retrieved from /opt/airflow/dags/postgres-airflow-ingestion-dag.py
[2026-04-01T07:41:56.937+0000] {logging_mixin.py:188} INFO - [2026-04-01T07:41:56.937+0000] {dag.py:3089} INFO - Sync 1 DAGs
[2026-04-01T07:41:56.958+0000] {logging_mixin.py:188} INFO - [2026-04-01T07:41:56.957+0000] {dag.py:3947} INFO - Setting next_dagrun for spark_streaming_pipeline to None, run_after=None
[2026-04-01T07:41:57.017+0000] {processor.py:183} INFO - Processing /opt/airflow/dags/postgres-airflow-ingestion-dag.py took 0.183 seconds
[2026-04-01T07:42:27.354+0000] {processor.py:161} INFO - Started process (PID=506) to work on /opt/airflow/dags/postgres-airflow-ingestion-dag.py
[2026-04-01T07:42:27.356+0000] {processor.py:830} INFO - Processing file /opt/airflow/dags/postgres-airflow-ingestion-dag.py for tasks to queue
[2026-04-01T07:42:27.360+0000] {logging_mixin.py:188} INFO - [2026-04-01T07:42:27.360+0000] {dagbag.py:545} INFO - Filling up the DagBag from /opt/airflow/dags/postgres-airflow-ingestion-dag.py
[2026-04-01T07:42:27.404+0000] {processor.py:840} INFO - DAG(s) 'spark_streaming_pipeline' retrieved from /opt/airflow/dags/postgres-airflow-ingestion-dag.py
[2026-04-01T07:42:27.447+0000] {logging_mixin.py:188} INFO - [2026-04-01T07:42:27.447+0000] {dag.py:3089} INFO - Sync 1 DAGs
[2026-04-01T07:42:27.472+0000] {logging_mixin.py:188} INFO - [2026-04-01T07:42:27.472+0000] {dag.py:3947} INFO - Setting next_dagrun for spark_streaming_pipeline to None, run_after=None
[2026-04-01T07:42:27.555+0000] {processor.py:183} INFO - Processing /opt/airflow/dags/postgres-airflow-ingestion-dag.py took 0.214 seconds
[2026-04-01T07:42:57.894+0000] {processor.py:161} INFO - Started process (PID=531) to work on /opt/airflow/dags/postgres-airflow-ingestion-dag.py
[2026-04-01T07:42:57.895+0000] {processor.py:830} INFO - Processing file /opt/airflow/dags/postgres-airflow-ingestion-dag.py for tasks to queue
[2026-04-01T07:42:57.899+0000] {logging_mixin.py:188} INFO - [2026-04-01T07:42:57.899+0000] {dagbag.py:545} INFO - Filling up the DagBag from /opt/airflow/dags/postgres-airflow-ingestion-dag.py
[2026-04-01T07:42:57.942+0000] {processor.py:840} INFO - DAG(s) 'spark_streaming_pipeline' retrieved from /opt/airflow/dags/postgres-airflow-ingestion-dag.py
[2026-04-01T07:42:57.986+0000] {logging_mixin.py:188} INFO - [2026-04-01T07:42:57.986+0000] {dag.py:3089} INFO - Sync 1 DAGs
[2026-04-01T07:42:58.010+0000] {logging_mixin.py:188} INFO - [2026-04-01T07:42:58.010+0000] {dag.py:3947} INFO - Setting next_dagrun for spark_streaming_pipeline to None, run_after=None
[2026-04-01T07:42:58.069+0000] {processor.py:183} INFO - Processing /opt/airflow/dags/postgres-airflow-ingestion-dag.py took 0.188 seconds
[2026-04-01T07:43:28.407+0000] {processor.py:161} INFO - Started process (PID=556) to work on /opt/airflow/dags/postgres-airflow-ingestion-dag.py
[2026-04-01T07:43:28.410+0000] {processor.py:830} INFO - Processing file /opt/airflow/dags/postgres-airflow-ingestion-dag.py for tasks to queue
[2026-04-01T07:43:28.415+0000] {logging_mixin.py:188} INFO - [2026-04-01T07:43:28.415+0000] {dagbag.py:545} INFO - Filling up the DagBag from /opt/airflow/dags/postgres-airflow-ingestion-dag.py
[2026-04-01T07:43:28.464+0000] {processor.py:840} INFO - DAG(s) 'spark_streaming_pipeline' retrieved from /opt/airflow/dags/postgres-airflow-ingestion-dag.py
[2026-04-01T07:43:28.510+0000] {logging_mixin.py:188} INFO - [2026-04-01T07:43:28.510+0000] {dag.py:3089} INFO - Sync 1 DAGs
[2026-04-01T07:43:28.537+0000] {logging_mixin.py:188} INFO - [2026-04-01T07:43:28.537+0000] {dag.py:3947} INFO - Setting next_dagrun for spark_streaming_pipeline to None, run_after=None
[2026-04-01T07:43:28.596+0000] {processor.py:183} INFO - Processing /opt/airflow/dags/postgres-airflow-ingestion-dag.py took 0.202 seconds
[2026-04-01T07:43:59.149+0000] {processor.py:161} INFO - Started process (PID=581) to work on /opt/airflow/dags/postgres-airflow-ingestion-dag.py
[2026-04-01T07:43:59.151+0000] {processor.py:830} INFO - Processing file /opt/airflow/dags/postgres-airflow-ingestion-dag.py for tasks to queue
[2026-04-01T07:43:59.155+0000] {logging_mixin.py:188} INFO - [2026-04-01T07:43:59.154+0000] {dagbag.py:545} INFO - Filling up the DagBag from /opt/airflow/dags/postgres-airflow-ingestion-dag.py
[2026-04-01T07:43:59.199+0000] {processor.py:840} INFO - DAG(s) 'spark_streaming_pipeline' retrieved from /opt/airflow/dags/postgres-airflow-ingestion-dag.py
[2026-04-01T07:43:59.247+0000] {logging_mixin.py:188} INFO - [2026-04-01T07:43:59.246+0000] {dag.py:3089} INFO - Sync 1 DAGs
[2026-04-01T07:43:59.273+0000] {logging_mixin.py:188} INFO - [2026-04-01T07:43:59.273+0000] {dag.py:3947} INFO - Setting next_dagrun for spark_streaming_pipeline to None, run_after=None
[2026-04-01T07:43:59.334+0000] {processor.py:183} INFO - Processing /opt/airflow/dags/postgres-airflow-ingestion-dag.py took 0.197 seconds
[2026-04-01T07:44:29.671+0000] {processor.py:161} INFO - Started process (PID=606) to work on /opt/airflow/dags/postgres-airflow-ingestion-dag.py
[2026-04-01T07:44:29.673+0000] {processor.py:830} INFO - Processing file /opt/airflow/dags/postgres-airflow-ingestion-dag.py for tasks to queue
[2026-04-01T07:44:29.677+0000] {logging_mixin.py:188} INFO - [2026-04-01T07:44:29.676+0000] {dagbag.py:545} INFO - Filling up the DagBag from /opt/airflow/dags/postgres-airflow-ingestion-dag.py
[2026-04-01T07:44:29.721+0000] {processor.py:840} INFO - DAG(s) 'spark_streaming_pipeline' retrieved from /opt/airflow/dags/postgres-airflow-ingestion-dag.py
[2026-04-01T07:44:29.767+0000] {logging_mixin.py:188} INFO - [2026-04-01T07:44:29.766+0000] {dag.py:3089} INFO - Sync 1 DAGs
[2026-04-01T07:44:29.810+0000] {logging_mixin.py:188} INFO - [2026-04-01T07:44:29.809+0000] {dag.py:3947} INFO - Setting next_dagrun for spark_streaming_pipeline to None, run_after=None
[2026-04-01T07:44:29.870+0000] {processor.py:183} INFO - Processing /opt/airflow/dags/postgres-airflow-ingestion-dag.py took 0.211 seconds
[2026-04-01T07:45:00.079+0000] {processor.py:161} INFO - Started process (PID=631) to work on /opt/airflow/dags/postgres-airflow-ingestion-dag.py
[2026-04-01T07:45:00.081+0000] {processor.py:830} INFO - Processing file /opt/airflow/dags/postgres-airflow-ingestion-dag.py for tasks to queue
[2026-04-01T07:45:00.086+0000] {logging_mixin.py:188} INFO - [2026-04-01T07:45:00.085+0000] {dagbag.py:545} INFO - Filling up the DagBag from /opt/airflow/dags/postgres-airflow-ingestion-dag.py
[2026-04-01T07:45:00.128+0000] {processor.py:840} INFO - DAG(s) 'spark_streaming_pipeline' retrieved from /opt/airflow/dags/postgres-airflow-ingestion-dag.py
[2026-04-01T07:45:00.176+0000] {logging_mixin.py:188} INFO - [2026-04-01T07:45:00.176+0000] {dag.py:3089} INFO - Sync 1 DAGs
[2026-04-01T07:45:00.200+0000] {logging_mixin.py:188} INFO - [2026-04-01T07:45:00.200+0000] {dag.py:3947} INFO - Setting next_dagrun for spark_streaming_pipeline to None, run_after=None
[2026-04-01T07:45:00.258+0000] {processor.py:183} INFO - Processing /opt/airflow/dags/postgres-airflow-ingestion-dag.py took 0.193 seconds
[2026-04-01T07:45:30.544+0000] {processor.py:161} INFO - Started process (PID=656) to work on /opt/airflow/dags/postgres-airflow-ingestion-dag.py
[2026-04-01T07:45:30.547+0000] {processor.py:830} INFO - Processing file /opt/airflow/dags/postgres-airflow-ingestion-dag.py for tasks to queue
[2026-04-01T07:45:30.551+0000] {logging_mixin.py:188} INFO - [2026-04-01T07:45:30.550+0000] {dagbag.py:545} INFO - Filling up the DagBag from /opt/airflow/dags/postgres-airflow-ingestion-dag.py
[2026-04-01T07:45:30.595+0000] {processor.py:840} INFO - DAG(s) 'spark_streaming_pipeline' retrieved from /opt/airflow/dags/postgres-airflow-ingestion-dag.py
[2026-04-01T07:45:30.645+0000] {logging_mixin.py:188} INFO - [2026-04-01T07:45:30.644+0000] {dag.py:3089} INFO - Sync 1 DAGs
[2026-04-01T07:45:30.668+0000] {logging_mixin.py:188} INFO - [2026-04-01T07:45:30.668+0000] {dag.py:3947} INFO - Setting next_dagrun for spark_streaming_pipeline to None, run_after=None
[2026-04-01T07:45:30.726+0000] {processor.py:183} INFO - Processing /opt/airflow/dags/postgres-airflow-ingestion-dag.py took 0.192 seconds
[2026-04-01T07:46:01.139+0000] {processor.py:161} INFO - Started process (PID=681) to work on /opt/airflow/dags/postgres-airflow-ingestion-dag.py
[2026-04-01T07:46:01.141+0000] {processor.py:830} INFO - Processing file /opt/airflow/dags/postgres-airflow-ingestion-dag.py for tasks to queue
[2026-04-01T07:46:01.146+0000] {logging_mixin.py:188} INFO - [2026-04-01T07:46:01.146+0000] {dagbag.py:545} INFO - Filling up the DagBag from /opt/airflow/dags/postgres-airflow-ingestion-dag.py
[2026-04-01T07:46:01.200+0000] {processor.py:840} INFO - DAG(s) 'spark_streaming_pipeline' retrieved from /opt/airflow/dags/postgres-airflow-ingestion-dag.py
[2026-04-01T07:46:01.269+0000] {logging_mixin.py:188} INFO - [2026-04-01T07:46:01.268+0000] {dag.py:3089} INFO - Sync 1 DAGs
[2026-04-01T07:46:01.307+0000] {logging_mixin.py:188} INFO - [2026-04-01T07:46:01.307+0000] {dag.py:3947} INFO - Setting next_dagrun for spark_streaming_pipeline to None, run_after=None
[2026-04-01T07:46:01.391+0000] {processor.py:183} INFO - Processing /opt/airflow/dags/postgres-airflow-ingestion-dag.py took 0.267 seconds
[2026-04-01T07:46:31.787+0000] {processor.py:161} INFO - Started process (PID=706) to work on /opt/airflow/dags/postgres-airflow-ingestion-dag.py
[2026-04-01T07:46:31.788+0000] {processor.py:830} INFO - Processing file /opt/airflow/dags/postgres-airflow-ingestion-dag.py for tasks to queue
[2026-04-01T07:46:31.792+0000] {logging_mixin.py:188} INFO - [2026-04-01T07:46:31.791+0000] {dagbag.py:545} INFO - Filling up the DagBag from /opt/airflow/dags/postgres-airflow-ingestion-dag.py
[2026-04-01T07:46:31.840+0000] {processor.py:840} INFO - DAG(s) 'spark_streaming_pipeline' retrieved from /opt/airflow/dags/postgres-airflow-ingestion-dag.py
[2026-04-01T07:46:31.901+0000] {logging_mixin.py:188} INFO - [2026-04-01T07:46:31.901+0000] {dag.py:3089} INFO - Sync 1 DAGs
[2026-04-01T07:46:31.936+0000] {logging_mixin.py:188} INFO - [2026-04-01T07:46:31.935+0000] {dag.py:3947} INFO - Setting next_dagrun for spark_streaming_pipeline to None, run_after=None
[2026-04-01T07:46:32.004+0000] {processor.py:183} INFO - Processing /opt/airflow/dags/postgres-airflow-ingestion-dag.py took 0.230 seconds
[2026-04-01T07:47:02.264+0000] {processor.py:161} INFO - Started process (PID=731) to work on /opt/airflow/dags/postgres-airflow-ingestion-dag.py
[2026-04-01T07:47:02.266+0000] {processor.py:830} INFO - Processing file /opt/airflow/dags/postgres-airflow-ingestion-dag.py for tasks to queue
[2026-04-01T07:47:02.270+0000] {logging_mixin.py:188} INFO - [2026-04-01T07:47:02.269+0000] {dagbag.py:545} INFO - Filling up the DagBag from /opt/airflow/dags/postgres-airflow-ingestion-dag.py
[2026-04-01T07:47:02.316+0000] {processor.py:840} INFO - DAG(s) 'spark_streaming_pipeline' retrieved from /opt/airflow/dags/postgres-airflow-ingestion-dag.py
[2026-04-01T07:47:02.365+0000] {logging_mixin.py:188} INFO - [2026-04-01T07:47:02.364+0000] {dag.py:3089} INFO - Sync 1 DAGs
[2026-04-01T07:47:02.389+0000] {logging_mixin.py:188} INFO - [2026-04-01T07:47:02.389+0000] {dag.py:3947} INFO - Setting next_dagrun for spark_streaming_pipeline to None, run_after=None
[2026-04-01T07:47:02.446+0000] {processor.py:183} INFO - Processing /opt/airflow/dags/postgres-airflow-ingestion-dag.py took 0.193 seconds
[2026-04-01T07:47:32.607+0000] {processor.py:161} INFO - Started process (PID=756) to work on /opt/airflow/dags/postgres-airflow-ingestion-dag.py
[2026-04-01T07:47:32.609+0000] {processor.py:830} INFO - Processing file /opt/airflow/dags/postgres-airflow-ingestion-dag.py for tasks to queue
[2026-04-01T07:47:32.613+0000] {logging_mixin.py:188} INFO - [2026-04-01T07:47:32.612+0000] {dagbag.py:545} INFO - Filling up the DagBag from /opt/airflow/dags/postgres-airflow-ingestion-dag.py
[2026-04-01T07:47:32.659+0000] {processor.py:840} INFO - DAG(s) 'spark_streaming_pipeline' retrieved from /opt/airflow/dags/postgres-airflow-ingestion-dag.py
[2026-04-01T07:47:32.714+0000] {logging_mixin.py:188} INFO - [2026-04-01T07:47:32.713+0000] {dag.py:3089} INFO - Sync 1 DAGs
[2026-04-01T07:47:32.743+0000] {logging_mixin.py:188} INFO - [2026-04-01T07:47:32.743+0000] {dag.py:3947} INFO - Setting next_dagrun for spark_streaming_pipeline to None, run_after=None
[2026-04-01T07:47:32.789+0000] {processor.py:183} INFO - Processing /opt/airflow/dags/postgres-airflow-ingestion-dag.py took 0.194 seconds
[2026-04-01T07:48:03.527+0000] {processor.py:161} INFO - Started process (PID=781) to work on /opt/airflow/dags/postgres-airflow-ingestion-dag.py
[2026-04-01T07:48:03.530+0000] {processor.py:830} INFO - Processing file /opt/airflow/dags/postgres-airflow-ingestion-dag.py for tasks to queue
[2026-04-01T07:48:03.536+0000] {logging_mixin.py:188} INFO - [2026-04-01T07:48:03.535+0000] {dagbag.py:545} INFO - Filling up the DagBag from /opt/airflow/dags/postgres-airflow-ingestion-dag.py
[2026-04-01T07:48:03.596+0000] {processor.py:840} INFO - DAG(s) 'spark_streaming_pipeline' retrieved from /opt/airflow/dags/postgres-airflow-ingestion-dag.py
[2026-04-01T07:48:03.666+0000] {logging_mixin.py:188} INFO - [2026-04-01T07:48:03.665+0000] {dag.py:3089} INFO - Sync 1 DAGs
[2026-04-01T07:48:03.704+0000] {logging_mixin.py:188} INFO - [2026-04-01T07:48:03.704+0000] {dag.py:3947} INFO - Setting next_dagrun for spark_streaming_pipeline to None, run_after=None
[2026-04-01T07:48:03.762+0000] {processor.py:183} INFO - Processing /opt/airflow/dags/postgres-airflow-ingestion-dag.py took 0.250 seconds
[2026-04-01T07:48:33.996+0000] {processor.py:161} INFO - Started process (PID=806) to work on /opt/airflow/dags/postgres-airflow-ingestion-dag.py
[2026-04-01T07:48:33.998+0000] {processor.py:830} INFO - Processing file /opt/airflow/dags/postgres-airflow-ingestion-dag.py for tasks to queue
[2026-04-01T07:48:34.002+0000] {logging_mixin.py:188} INFO - [2026-04-01T07:48:34.001+0000] {dagbag.py:545} INFO - Filling up the DagBag from /opt/airflow/dags/postgres-airflow-ingestion-dag.py
[2026-04-01T07:48:34.044+0000] {processor.py:840} INFO - DAG(s) 'spark_streaming_pipeline' retrieved from /opt/airflow/dags/postgres-airflow-ingestion-dag.py
[2026-04-01T07:48:34.088+0000] {logging_mixin.py:188} INFO - [2026-04-01T07:48:34.088+0000] {dag.py:3089} INFO - Sync 1 DAGs
[2026-04-01T07:48:34.118+0000] {logging_mixin.py:188} INFO - [2026-04-01T07:48:34.117+0000] {dag.py:3947} INFO - Setting next_dagrun for spark_streaming_pipeline to None, run_after=None
[2026-04-01T07:48:34.155+0000] {processor.py:183} INFO - Processing /opt/airflow/dags/postgres-airflow-ingestion-dag.py took 0.171 seconds
[2026-04-01T07:49:04.919+0000] {processor.py:161} INFO - Started process (PID=831) to work on /opt/airflow/dags/postgres-airflow-ingestion-dag.py
[2026-04-01T07:49:04.922+0000] {processor.py:830} INFO - Processing file /opt/airflow/dags/postgres-airflow-ingestion-dag.py for tasks to queue
[2026-04-01T07:49:04.927+0000] {logging_mixin.py:188} INFO - [2026-04-01T07:49:04.927+0000] {dagbag.py:545} INFO - Filling up the DagBag from /opt/airflow/dags/postgres-airflow-ingestion-dag.py
[2026-04-01T07:49:04.989+0000] {processor.py:840} INFO - DAG(s) 'spark_streaming_pipeline' retrieved from /opt/airflow/dags/postgres-airflow-ingestion-dag.py
[2026-04-01T07:49:05.050+0000] {logging_mixin.py:188} INFO - [2026-04-01T07:49:05.049+0000] {dag.py:3089} INFO - Sync 1 DAGs
[2026-04-01T07:49:05.073+0000] {logging_mixin.py:188} INFO - [2026-04-01T07:49:05.073+0000] {dag.py:3947} INFO - Setting next_dagrun for spark_streaming_pipeline to None, run_after=None
[2026-04-01T07:49:05.113+0000] {processor.py:183} INFO - Processing /opt/airflow/dags/postgres-airflow-ingestion-dag.py took 0.212 seconds
[2026-04-01T07:49:36.217+0000] {processor.py:161} INFO - Started process (PID=856) to work on /opt/airflow/dags/postgres-airflow-ingestion-dag.py
[2026-04-01T07:49:36.221+0000] {processor.py:830} INFO - Processing file /opt/airflow/dags/postgres-airflow-ingestion-dag.py for tasks to queue
[2026-04-01T07:49:36.226+0000] {logging_mixin.py:188} INFO - [2026-04-01T07:49:36.225+0000] {dagbag.py:545} INFO - Filling up the DagBag from /opt/airflow/dags/postgres-airflow-ingestion-dag.py
[2026-04-01T07:49:36.291+0000] {processor.py:840} INFO - DAG(s) 'spark_streaming_pipeline' retrieved from /opt/airflow/dags/postgres-airflow-ingestion-dag.py
[2026-04-01T07:49:36.348+0000] {logging_mixin.py:188} INFO - [2026-04-01T07:49:36.348+0000] {dag.py:3089} INFO - Sync 1 DAGs
[2026-04-01T07:49:36.379+0000] {logging_mixin.py:188} INFO - [2026-04-01T07:49:36.378+0000] {dag.py:3947} INFO - Setting next_dagrun for spark_streaming_pipeline to None, run_after=None
[2026-04-01T07:49:36.444+0000] {processor.py:183} INFO - Processing /opt/airflow/dags/postgres-airflow-ingestion-dag.py took 0.248 seconds
[2026-04-01T07:50:07.269+0000] {processor.py:161} INFO - Started process (PID=881) to work on /opt/airflow/dags/postgres-airflow-ingestion-dag.py
[2026-04-01T07:50:07.271+0000] {processor.py:830} INFO - Processing file /opt/airflow/dags/postgres-airflow-ingestion-dag.py for tasks to queue
[2026-04-01T07:50:07.276+0000] {logging_mixin.py:188} INFO - [2026-04-01T07:50:07.275+0000] {dagbag.py:545} INFO - Filling up the DagBag from /opt/airflow/dags/postgres-airflow-ingestion-dag.py
[2026-04-01T07:50:07.329+0000] {processor.py:840} INFO - DAG(s) 'spark_streaming_pipeline' retrieved from /opt/airflow/dags/postgres-airflow-ingestion-dag.py
[2026-04-01T07:50:07.391+0000] {logging_mixin.py:188} INFO - [2026-04-01T07:50:07.390+0000] {dag.py:3089} INFO - Sync 1 DAGs
[2026-04-01T07:50:07.418+0000] {logging_mixin.py:188} INFO - [2026-04-01T07:50:07.418+0000] {dag.py:3947} INFO - Setting next_dagrun for spark_streaming_pipeline to None, run_after=None
[2026-04-01T07:50:07.453+0000] {processor.py:183} INFO - Processing /opt/airflow/dags/postgres-airflow-ingestion-dag.py took 0.203 seconds
[2026-04-01T07:50:37.742+0000] {processor.py:161} INFO - Started process (PID=906) to work on /opt/airflow/dags/postgres-airflow-ingestion-dag.py
[2026-04-01T07:50:37.744+0000] {processor.py:830} INFO - Processing file /opt/airflow/dags/postgres-airflow-ingestion-dag.py for tasks to queue
[2026-04-01T07:50:37.748+0000] {logging_mixin.py:188} INFO - [2026-04-01T07:50:37.748+0000] {dagbag.py:545} INFO - Filling up the DagBag from /opt/airflow/dags/postgres-airflow-ingestion-dag.py
[2026-04-01T07:50:37.796+0000] {processor.py:840} INFO - DAG(s) 'spark_streaming_pipeline' retrieved from /opt/airflow/dags/postgres-airflow-ingestion-dag.py
[2026-04-01T07:50:37.842+0000] {logging_mixin.py:188} INFO - [2026-04-01T07:50:37.842+0000] {dag.py:3089} INFO - Sync 1 DAGs
[2026-04-01T07:50:37.866+0000] {logging_mixin.py:188} INFO - [2026-04-01T07:50:37.866+0000] {dag.py:3947} INFO - Setting next_dagrun for spark_streaming_pipeline to None, run_after=None
[2026-04-01T07:50:37.908+0000] {processor.py:183} INFO - Processing /opt/airflow/dags/postgres-airflow-ingestion-dag.py took 0.181 seconds
[2026-04-01T07:51:08.636+0000] {processor.py:161} INFO - Started process (PID=931) to work on /opt/airflow/dags/postgres-airflow-ingestion-dag.py
[2026-04-01T07:51:08.639+0000] {processor.py:830} INFO - Processing file /opt/airflow/dags/postgres-airflow-ingestion-dag.py for tasks to queue
[2026-04-01T07:51:08.646+0000] {logging_mixin.py:188} INFO - [2026-04-01T07:51:08.645+0000] {dagbag.py:545} INFO - Filling up the DagBag from /opt/airflow/dags/postgres-airflow-ingestion-dag.py
[2026-04-01T07:51:08.693+0000] {processor.py:840} INFO - DAG(s) 'spark_streaming_pipeline' retrieved from /opt/airflow/dags/postgres-airflow-ingestion-dag.py
[2026-04-01T07:51:08.746+0000] {logging_mixin.py:188} INFO - [2026-04-01T07:51:08.745+0000] {dag.py:3089} INFO - Sync 1 DAGs
[2026-04-01T07:51:08.775+0000] {logging_mixin.py:188} INFO - [2026-04-01T07:51:08.775+0000] {dag.py:3947} INFO - Setting next_dagrun for spark_streaming_pipeline to None, run_after=None
[2026-04-01T07:51:08.817+0000] {processor.py:183} INFO - Processing /opt/airflow/dags/postgres-airflow-ingestion-dag.py took 0.194 seconds
[2026-04-01T07:51:39.128+0000] {processor.py:161} INFO - Started process (PID=956) to work on /opt/airflow/dags/postgres-airflow-ingestion-dag.py
[2026-04-01T07:51:39.130+0000] {processor.py:830} INFO - Processing file /opt/airflow/dags/postgres-airflow-ingestion-dag.py for tasks to queue
[2026-04-01T07:51:39.135+0000] {logging_mixin.py:188} INFO - [2026-04-01T07:51:39.134+0000] {dagbag.py:545} INFO - Filling up the DagBag from /opt/airflow/dags/postgres-airflow-ingestion-dag.py
[2026-04-01T07:51:39.183+0000] {processor.py:840} INFO - DAG(s) 'spark_streaming_pipeline' retrieved from /opt/airflow/dags/postgres-airflow-ingestion-dag.py
[2026-04-01T07:51:39.232+0000] {logging_mixin.py:188} INFO - [2026-04-01T07:51:39.231+0000] {dag.py:3089} INFO - Sync 1 DAGs
[2026-04-01T07:51:39.259+0000] {logging_mixin.py:188} INFO - [2026-04-01T07:51:39.258+0000] {dag.py:3947} INFO - Setting next_dagrun for spark_streaming_pipeline to None, run_after=None
[2026-04-01T07:51:39.327+0000] {processor.py:183} INFO - Processing /opt/airflow/dags/postgres-airflow-ingestion-dag.py took 0.212 seconds
[2026-04-01T07:52:09.744+0000] {processor.py:161} INFO - Started process (PID=981) to work on /opt/airflow/dags/postgres-airflow-ingestion-dag.py
[2026-04-01T07:52:09.747+0000] {processor.py:830} INFO - Processing file /opt/airflow/dags/postgres-airflow-ingestion-dag.py for tasks to queue
[2026-04-01T07:52:09.752+0000] {logging_mixin.py:188} INFO - [2026-04-01T07:52:09.751+0000] {dagbag.py:545} INFO - Filling up the DagBag from /opt/airflow/dags/postgres-airflow-ingestion-dag.py
[2026-04-01T07:52:09.794+0000] {processor.py:840} INFO - DAG(s) 'spark_streaming_pipeline' retrieved from /opt/airflow/dags/postgres-airflow-ingestion-dag.py
[2026-04-01T07:52:09.841+0000] {logging_mixin.py:188} INFO - [2026-04-01T07:52:09.841+0000] {dag.py:3089} INFO - Sync 1 DAGs
[2026-04-01T07:52:09.866+0000] {logging_mixin.py:188} INFO - [2026-04-01T07:52:09.866+0000] {dag.py:3947} INFO - Setting next_dagrun for spark_streaming_pipeline to None, run_after=None
[2026-04-01T07:52:09.934+0000] {processor.py:183} INFO - Processing /opt/airflow/dags/postgres-airflow-ingestion-dag.py took 0.201 seconds
[2026-04-01T07:52:40.256+0000] {processor.py:161} INFO - Started process (PID=1006) to work on /opt/airflow/dags/postgres-airflow-ingestion-dag.py
[2026-04-01T07:52:40.259+0000] {processor.py:830} INFO - Processing file /opt/airflow/dags/postgres-airflow-ingestion-dag.py for tasks to queue
[2026-04-01T07:52:40.262+0000] {logging_mixin.py:188} INFO - [2026-04-01T07:52:40.261+0000] {dagbag.py:545} INFO - Filling up the DagBag from /opt/airflow/dags/postgres-airflow-ingestion-dag.py
[2026-04-01T07:52:40.305+0000] {processor.py:840} INFO - DAG(s) 'spark_streaming_pipeline' retrieved from /opt/airflow/dags/postgres-airflow-ingestion-dag.py
[2026-04-01T07:52:40.349+0000] {logging_mixin.py:188} INFO - [2026-04-01T07:52:40.349+0000] {dag.py:3089} INFO - Sync 1 DAGs
[2026-04-01T07:52:40.370+0000] {logging_mixin.py:188} INFO - [2026-04-01T07:52:40.370+0000] {dag.py:3947} INFO - Setting next_dagrun for spark_streaming_pipeline to None, run_after=None
[2026-04-01T07:52:40.438+0000] {processor.py:183} INFO - Processing /opt/airflow/dags/postgres-airflow-ingestion-dag.py took 0.194 seconds
[2026-04-01T07:53:10.813+0000] {processor.py:161} INFO - Started process (PID=1031) to work on /opt/airflow/dags/postgres-airflow-ingestion-dag.py
[2026-04-01T07:53:10.815+0000] {processor.py:830} INFO - Processing file /opt/airflow/dags/postgres-airflow-ingestion-dag.py for tasks to queue
[2026-04-01T07:53:10.820+0000] {logging_mixin.py:188} INFO - [2026-04-01T07:53:10.819+0000] {dagbag.py:545} INFO - Filling up the DagBag from /opt/airflow/dags/postgres-airflow-ingestion-dag.py
[2026-04-01T07:53:10.865+0000] {processor.py:840} INFO - DAG(s) 'spark_streaming_pipeline' retrieved from /opt/airflow/dags/postgres-airflow-ingestion-dag.py
[2026-04-01T07:53:10.910+0000] {logging_mixin.py:188} INFO - [2026-04-01T07:53:10.909+0000] {dag.py:3089} INFO - Sync 1 DAGs
[2026-04-01T07:53:10.940+0000] {logging_mixin.py:188} INFO - [2026-04-01T07:53:10.939+0000] {dag.py:3947} INFO - Setting next_dagrun for spark_streaming_pipeline to None, run_after=None
[2026-04-01T07:53:10.982+0000] {processor.py:183} INFO - Processing /opt/airflow/dags/postgres-airflow-ingestion-dag.py took 0.180 seconds
[2026-04-01T07:53:41.310+0000] {processor.py:161} INFO - Started process (PID=1056) to work on /opt/airflow/dags/postgres-airflow-ingestion-dag.py
[2026-04-01T07:53:41.312+0000] {processor.py:830} INFO - Processing file /opt/airflow/dags/postgres-airflow-ingestion-dag.py for tasks to queue
[2026-04-01T07:53:41.316+0000] {logging_mixin.py:188} INFO - [2026-04-01T07:53:41.316+0000] {dagbag.py:545} INFO - Filling up the DagBag from /opt/airflow/dags/postgres-airflow-ingestion-dag.py
[2026-04-01T07:53:41.363+0000] {processor.py:840} INFO - DAG(s) 'spark_streaming_pipeline' retrieved from /opt/airflow/dags/postgres-airflow-ingestion-dag.py
[2026-04-01T07:53:41.407+0000] {logging_mixin.py:188} INFO - [2026-04-01T07:53:41.406+0000] {dag.py:3089} INFO - Sync 1 DAGs
[2026-04-01T07:53:41.429+0000] {logging_mixin.py:188} INFO - [2026-04-01T07:53:41.429+0000] {dag.py:3947} INFO - Setting next_dagrun for spark_streaming_pipeline to None, run_after=None
[2026-04-01T07:53:41.491+0000] {processor.py:183} INFO - Processing /opt/airflow/dags/postgres-airflow-ingestion-dag.py took 0.195 seconds
[2026-04-01T07:54:11.825+0000] {processor.py:161} INFO - Started process (PID=1081) to work on /opt/airflow/dags/postgres-airflow-ingestion-dag.py
[2026-04-01T07:54:11.827+0000] {processor.py:830} INFO - Processing file /opt/airflow/dags/postgres-airflow-ingestion-dag.py for tasks to queue
[2026-04-01T07:54:11.831+0000] {logging_mixin.py:188} INFO - [2026-04-01T07:54:11.831+0000] {dagbag.py:545} INFO - Filling up the DagBag from /opt/airflow/dags/postgres-airflow-ingestion-dag.py
[2026-04-01T07:54:11.874+0000] {processor.py:840} INFO - DAG(s) 'spark_streaming_pipeline' retrieved from /opt/airflow/dags/postgres-airflow-ingestion-dag.py
[2026-04-01T07:54:11.916+0000] {logging_mixin.py:188} INFO - [2026-04-01T07:54:11.916+0000] {dag.py:3089} INFO - Sync 1 DAGs
[2026-04-01T07:54:11.956+0000] {logging_mixin.py:188} INFO - [2026-04-01T07:54:11.955+0000] {dag.py:3947} INFO - Setting next_dagrun for spark_streaming_pipeline to None, run_after=None
[2026-04-01T07:54:12.016+0000] {processor.py:183} INFO - Processing /opt/airflow/dags/postgres-airflow-ingestion-dag.py took 0.201 seconds
[2026-04-01T07:54:42.283+0000] {processor.py:161} INFO - Started process (PID=1106) to work on /opt/airflow/dags/postgres-airflow-ingestion-dag.py
[2026-04-01T07:54:42.285+0000] {processor.py:830} INFO - Processing file /opt/airflow/dags/postgres-airflow-ingestion-dag.py for tasks to queue
[2026-04-01T07:54:42.289+0000] {logging_mixin.py:188} INFO - [2026-04-01T07:54:42.288+0000] {dagbag.py:545} INFO - Filling up the DagBag from /opt/airflow/dags/postgres-airflow-ingestion-dag.py
[2026-04-01T07:54:42.348+0000] {processor.py:840} INFO - DAG(s) 'spark_streaming_pipeline' retrieved from /opt/airflow/dags/postgres-airflow-ingestion-dag.py
[2026-04-01T07:54:42.402+0000] {logging_mixin.py:188} INFO - [2026-04-01T07:54:42.402+0000] {dag.py:3089} INFO - Sync 1 DAGs
[2026-04-01T07:54:42.452+0000] {logging_mixin.py:188} INFO - [2026-04-01T07:54:42.452+0000] {dag.py:3947} INFO - Setting next_dagrun for spark_streaming_pipeline to None, run_after=None
[2026-04-01T07:54:42.504+0000] {processor.py:183} INFO - Processing /opt/airflow/dags/postgres-airflow-ingestion-dag.py took 0.239 seconds
[2026-04-01T07:55:12.812+0000] {processor.py:161} INFO - Started process (PID=1131) to work on /opt/airflow/dags/postgres-airflow-ingestion-dag.py
[2026-04-01T07:55:12.814+0000] {processor.py:830} INFO - Processing file /opt/airflow/dags/postgres-airflow-ingestion-dag.py for tasks to queue
[2026-04-01T07:55:12.818+0000] {logging_mixin.py:188} INFO - [2026-04-01T07:55:12.817+0000] {dagbag.py:545} INFO - Filling up the DagBag from /opt/airflow/dags/postgres-airflow-ingestion-dag.py
[2026-04-01T07:55:12.853+0000] {processor.py:840} INFO - DAG(s) 'spark_streaming_pipeline' retrieved from /opt/airflow/dags/postgres-airflow-ingestion-dag.py
[2026-04-01T07:55:12.900+0000] {logging_mixin.py:188} INFO - [2026-04-01T07:55:12.900+0000] {dag.py:3089} INFO - Sync 1 DAGs
[2026-04-01T07:55:12.930+0000] {logging_mixin.py:188} INFO - [2026-04-01T07:55:12.929+0000] {dag.py:3947} INFO - Setting next_dagrun for spark_streaming_pipeline to None, run_after=None
[2026-04-01T07:55:12.967+0000] {processor.py:183} INFO - Processing /opt/airflow/dags/postgres-airflow-ingestion-dag.py took 0.168 seconds
[2026-04-01T07:55:43.431+0000] {processor.py:161} INFO - Started process (PID=1158) to work on /opt/airflow/dags/postgres-airflow-ingestion-dag.py
[2026-04-01T07:55:43.434+0000] {processor.py:830} INFO - Processing file /opt/airflow/dags/postgres-airflow-ingestion-dag.py for tasks to queue
[2026-04-01T07:55:43.439+0000] {logging_mixin.py:188} INFO - [2026-04-01T07:55:43.438+0000] {dagbag.py:545} INFO - Filling up the DagBag from /opt/airflow/dags/postgres-airflow-ingestion-dag.py
[2026-04-01T07:55:43.499+0000] {processor.py:840} INFO - DAG(s) 'spark_streaming_pipeline' retrieved from /opt/airflow/dags/postgres-airflow-ingestion-dag.py
[2026-04-01T07:55:43.558+0000] {logging_mixin.py:188} INFO - [2026-04-01T07:55:43.558+0000] {dag.py:3089} INFO - Sync 1 DAGs
[2026-04-01T07:55:43.579+0000] {logging_mixin.py:188} INFO - [2026-04-01T07:55:43.579+0000] {dag.py:3947} INFO - Setting next_dagrun for spark_streaming_pipeline to None, run_after=None
[2026-04-01T07:55:43.623+0000] {processor.py:183} INFO - Processing /opt/airflow/dags/postgres-airflow-ingestion-dag.py took 0.208 seconds
[2026-04-01T07:56:14.102+0000] {processor.py:161} INFO - Started process (PID=1183) to work on /opt/airflow/dags/postgres-airflow-ingestion-dag.py
[2026-04-01T07:56:14.107+0000] {processor.py:830} INFO - Processing file /opt/airflow/dags/postgres-airflow-ingestion-dag.py for tasks to queue
[2026-04-01T07:56:14.112+0000] {logging_mixin.py:188} INFO - [2026-04-01T07:56:14.111+0000] {dagbag.py:545} INFO - Filling up the DagBag from /opt/airflow/dags/postgres-airflow-ingestion-dag.py
[2026-04-01T07:56:14.159+0000] {processor.py:840} INFO - DAG(s) 'spark_streaming_pipeline' retrieved from /opt/airflow/dags/postgres-airflow-ingestion-dag.py
[2026-04-01T07:56:14.210+0000] {logging_mixin.py:188} INFO - [2026-04-01T07:56:14.209+0000] {dag.py:3089} INFO - Sync 1 DAGs
[2026-04-01T07:56:14.240+0000] {logging_mixin.py:188} INFO - [2026-04-01T07:56:14.239+0000] {dag.py:3947} INFO - Setting next_dagrun for spark_streaming_pipeline to None, run_after=None
[2026-04-01T07:56:14.317+0000] {processor.py:183} INFO - Processing /opt/airflow/dags/postgres-airflow-ingestion-dag.py took 0.234 seconds
[2026-04-01T07:56:44.822+0000] {processor.py:161} INFO - Started process (PID=1208) to work on /opt/airflow/dags/postgres-airflow-ingestion-dag.py
[2026-04-01T07:56:44.826+0000] {processor.py:830} INFO - Processing file /opt/airflow/dags/postgres-airflow-ingestion-dag.py for tasks to queue
[2026-04-01T07:56:44.833+0000] {logging_mixin.py:188} INFO - [2026-04-01T07:56:44.832+0000] {dagbag.py:545} INFO - Filling up the DagBag from /opt/airflow/dags/postgres-airflow-ingestion-dag.py
[2026-04-01T07:56:44.900+0000] {processor.py:840} INFO - DAG(s) 'spark_streaming_pipeline' retrieved from /opt/airflow/dags/postgres-airflow-ingestion-dag.py
[2026-04-01T07:56:44.977+0000] {logging_mixin.py:188} INFO - [2026-04-01T07:56:44.976+0000] {dag.py:3089} INFO - Sync 1 DAGs
[2026-04-01T07:56:45.019+0000] {logging_mixin.py:188} INFO - [2026-04-01T07:56:45.018+0000] {dag.py:3947} INFO - Setting next_dagrun for spark_streaming_pipeline to None, run_after=None
[2026-04-01T07:56:45.066+0000] {processor.py:183} INFO - Processing /opt/airflow/dags/postgres-airflow-ingestion-dag.py took 0.267 seconds
[2026-04-01T07:57:15.349+0000] {processor.py:161} INFO - Started process (PID=1233) to work on /opt/airflow/dags/postgres-airflow-ingestion-dag.py
[2026-04-01T07:57:15.351+0000] {processor.py:830} INFO - Processing file /opt/airflow/dags/postgres-airflow-ingestion-dag.py for tasks to queue
[2026-04-01T07:57:15.355+0000] {logging_mixin.py:188} INFO - [2026-04-01T07:57:15.354+0000] {dagbag.py:545} INFO - Filling up the DagBag from /opt/airflow/dags/postgres-airflow-ingestion-dag.py
[2026-04-01T07:57:15.399+0000] {processor.py:840} INFO - DAG(s) 'spark_streaming_pipeline' retrieved from /opt/airflow/dags/postgres-airflow-ingestion-dag.py
[2026-04-01T07:57:15.446+0000] {logging_mixin.py:188} INFO - [2026-04-01T07:57:15.446+0000] {dag.py:3089} INFO - Sync 1 DAGs
[2026-04-01T07:57:15.467+0000] {logging_mixin.py:188} INFO - [2026-04-01T07:57:15.467+0000] {dag.py:3947} INFO - Setting next_dagrun for spark_streaming_pipeline to None, run_after=None
[2026-04-01T07:57:15.530+0000] {processor.py:183} INFO - Processing /opt/airflow/dags/postgres-airflow-ingestion-dag.py took 0.193 seconds
[2026-04-01T07:57:45.763+0000] {processor.py:161} INFO - Started process (PID=1258) to work on /opt/airflow/dags/postgres-airflow-ingestion-dag.py
[2026-04-01T07:57:45.765+0000] {processor.py:830} INFO - Processing file /opt/airflow/dags/postgres-airflow-ingestion-dag.py for tasks to queue
[2026-04-01T07:57:45.770+0000] {logging_mixin.py:188} INFO - [2026-04-01T07:57:45.769+0000] {dagbag.py:545} INFO - Filling up the DagBag from /opt/airflow/dags/postgres-airflow-ingestion-dag.py
[2026-04-01T07:57:45.829+0000] {processor.py:840} INFO - DAG(s) 'spark_streaming_pipeline' retrieved from /opt/airflow/dags/postgres-airflow-ingestion-dag.py
[2026-04-01T07:57:45.868+0000] {logging_mixin.py:188} INFO - [2026-04-01T07:57:45.867+0000] {dag.py:3089} INFO - Sync 1 DAGs
[2026-04-01T07:57:45.889+0000] {logging_mixin.py:188} INFO - [2026-04-01T07:57:45.888+0000] {dag.py:3947} INFO - Setting next_dagrun for spark_streaming_pipeline to None, run_after=None
[2026-04-01T07:57:45.951+0000] {processor.py:183} INFO - Processing /opt/airflow/dags/postgres-airflow-ingestion-dag.py took 0.200 seconds
[2026-04-01T07:58:16.249+0000] {processor.py:161} INFO - Started process (PID=1283) to work on /opt/airflow/dags/postgres-airflow-ingestion-dag.py
[2026-04-01T07:58:16.251+0000] {processor.py:830} INFO - Processing file /opt/airflow/dags/postgres-airflow-ingestion-dag.py for tasks to queue
[2026-04-01T07:58:16.257+0000] {logging_mixin.py:188} INFO - [2026-04-01T07:58:16.256+0000] {dagbag.py:545} INFO - Filling up the DagBag from /opt/airflow/dags/postgres-airflow-ingestion-dag.py
[2026-04-01T07:58:16.310+0000] {processor.py:840} INFO - DAG(s) 'spark_streaming_pipeline' retrieved from /opt/airflow/dags/postgres-airflow-ingestion-dag.py
[2026-04-01T07:58:16.366+0000] {logging_mixin.py:188} INFO - [2026-04-01T07:58:16.366+0000] {dag.py:3089} INFO - Sync 1 DAGs
[2026-04-01T07:58:16.392+0000] {logging_mixin.py:188} INFO - [2026-04-01T07:58:16.391+0000] {dag.py:3947} INFO - Setting next_dagrun for spark_streaming_pipeline to None, run_after=None
[2026-04-01T07:58:16.432+0000] {processor.py:183} INFO - Processing /opt/airflow/dags/postgres-airflow-ingestion-dag.py took 0.197 seconds
[2026-04-01T07:58:46.744+0000] {processor.py:161} INFO - Started process (PID=1308) to work on /opt/airflow/dags/postgres-airflow-ingestion-dag.py
[2026-04-01T07:58:46.746+0000] {processor.py:830} INFO - Processing file /opt/airflow/dags/postgres-airflow-ingestion-dag.py for tasks to queue
[2026-04-01T07:58:46.752+0000] {logging_mixin.py:188} INFO - [2026-04-01T07:58:46.751+0000] {dagbag.py:545} INFO - Filling up the DagBag from /opt/airflow/dags/postgres-airflow-ingestion-dag.py
[2026-04-01T07:58:46.806+0000] {processor.py:840} INFO - DAG(s) 'spark_streaming_pipeline' retrieved from /opt/airflow/dags/postgres-airflow-ingestion-dag.py
[2026-04-01T07:58:46.875+0000] {logging_mixin.py:188} INFO - [2026-04-01T07:58:46.874+0000] {dag.py:3089} INFO - Sync 1 DAGs
[2026-04-01T07:58:46.918+0000] {logging_mixin.py:188} INFO - [2026-04-01T07:58:46.917+0000] {dag.py:3947} INFO - Setting next_dagrun for spark_streaming_pipeline to None, run_after=None
[2026-04-01T07:58:47.004+0000] {processor.py:183} INFO - Processing /opt/airflow/dags/postgres-airflow-ingestion-dag.py took 0.278 seconds
[2026-04-01T07:59:17.436+0000] {processor.py:161} INFO - Started process (PID=1333) to work on /opt/airflow/dags/postgres-airflow-ingestion-dag.py
[2026-04-01T07:59:17.440+0000] {processor.py:830} INFO - Processing file /opt/airflow/dags/postgres-airflow-ingestion-dag.py for tasks to queue
[2026-04-01T07:59:17.446+0000] {logging_mixin.py:188} INFO - [2026-04-01T07:59:17.445+0000] {dagbag.py:545} INFO - Filling up the DagBag from /opt/airflow/dags/postgres-airflow-ingestion-dag.py
[2026-04-01T07:59:17.486+0000] {processor.py:840} INFO - DAG(s) 'spark_streaming_pipeline' retrieved from /opt/airflow/dags/postgres-airflow-ingestion-dag.py
[2026-04-01T07:59:17.538+0000] {logging_mixin.py:188} INFO - [2026-04-01T07:59:17.538+0000] {dag.py:3089} INFO - Sync 1 DAGs
[2026-04-01T07:59:17.564+0000] {logging_mixin.py:188} INFO - [2026-04-01T07:59:17.564+0000] {dag.py:3947} INFO - Setting next_dagrun for spark_streaming_pipeline to None, run_after=None
[2026-04-01T07:59:17.626+0000] {processor.py:183} INFO - Processing /opt/airflow/dags/postgres-airflow-ingestion-dag.py took 0.209 seconds
[2026-04-01T07:59:47.911+0000] {processor.py:161} INFO - Started process (PID=1358) to work on /opt/airflow/dags/postgres-airflow-ingestion-dag.py
[2026-04-01T07:59:47.913+0000] {processor.py:830} INFO - Processing file /opt/airflow/dags/postgres-airflow-ingestion-dag.py for tasks to queue
[2026-04-01T07:59:47.916+0000] {logging_mixin.py:188} INFO - [2026-04-01T07:59:47.916+0000] {dagbag.py:545} INFO - Filling up the DagBag from /opt/airflow/dags/postgres-airflow-ingestion-dag.py
[2026-04-01T07:59:47.957+0000] {processor.py:840} INFO - DAG(s) 'spark_streaming_pipeline' retrieved from /opt/airflow/dags/postgres-airflow-ingestion-dag.py
[2026-04-01T07:59:47.997+0000] {logging_mixin.py:188} INFO - [2026-04-01T07:59:47.996+0000] {dag.py:3089} INFO - Sync 1 DAGs
[2026-04-01T07:59:48.020+0000] {logging_mixin.py:188} INFO - [2026-04-01T07:59:48.020+0000] {dag.py:3947} INFO - Setting next_dagrun for spark_streaming_pipeline to None, run_after=None
[2026-04-01T07:59:48.087+0000] {processor.py:183} INFO - Processing /opt/airflow/dags/postgres-airflow-ingestion-dag.py took 0.186 seconds
[2026-04-01T08:00:18.470+0000] {processor.py:161} INFO - Started process (PID=1383) to work on /opt/airflow/dags/postgres-airflow-ingestion-dag.py
[2026-04-01T08:00:18.473+0000] {processor.py:830} INFO - Processing file /opt/airflow/dags/postgres-airflow-ingestion-dag.py for tasks to queue
[2026-04-01T08:00:18.479+0000] {logging_mixin.py:188} INFO - [2026-04-01T08:00:18.477+0000] {dagbag.py:545} INFO - Filling up the DagBag from /opt/airflow/dags/postgres-airflow-ingestion-dag.py
[2026-04-01T08:00:18.542+0000] {processor.py:840} INFO - DAG(s) 'spark_streaming_pipeline' retrieved from /opt/airflow/dags/postgres-airflow-ingestion-dag.py
[2026-04-01T08:00:18.609+0000] {logging_mixin.py:188} INFO - [2026-04-01T08:00:18.608+0000] {dag.py:3089} INFO - Sync 1 DAGs
[2026-04-01T08:00:18.641+0000] {logging_mixin.py:188} INFO - [2026-04-01T08:00:18.641+0000] {dag.py:3947} INFO - Setting next_dagrun for spark_streaming_pipeline to None, run_after=None
[2026-04-01T08:00:18.688+0000] {processor.py:183} INFO - Processing /opt/airflow/dags/postgres-airflow-ingestion-dag.py took 0.234 seconds
[2026-04-01T08:00:48.973+0000] {processor.py:161} INFO - Started process (PID=1408) to work on /opt/airflow/dags/postgres-airflow-ingestion-dag.py
[2026-04-01T08:00:48.976+0000] {processor.py:830} INFO - Processing file /opt/airflow/dags/postgres-airflow-ingestion-dag.py for tasks to queue
[2026-04-01T08:00:48.982+0000] {logging_mixin.py:188} INFO - [2026-04-01T08:00:48.981+0000] {dagbag.py:545} INFO - Filling up the DagBag from /opt/airflow/dags/postgres-airflow-ingestion-dag.py
[2026-04-01T08:00:49.047+0000] {processor.py:840} INFO - DAG(s) 'spark_streaming_pipeline' retrieved from /opt/airflow/dags/postgres-airflow-ingestion-dag.py
[2026-04-01T08:00:49.158+0000] {logging_mixin.py:188} INFO - [2026-04-01T08:00:49.157+0000] {dag.py:3089} INFO - Sync 1 DAGs
[2026-04-01T08:00:49.229+0000] {logging_mixin.py:188} INFO - [2026-04-01T08:00:49.228+0000] {dag.py:3947} INFO - Setting next_dagrun for spark_streaming_pipeline to None, run_after=None
[2026-04-01T08:00:49.346+0000] {processor.py:183} INFO - Processing /opt/airflow/dags/postgres-airflow-ingestion-dag.py took 0.390 seconds
[2026-04-01T08:01:19.508+0000] {processor.py:161} INFO - Started process (PID=1433) to work on /opt/airflow/dags/postgres-airflow-ingestion-dag.py
[2026-04-01T08:01:19.512+0000] {processor.py:830} INFO - Processing file /opt/airflow/dags/postgres-airflow-ingestion-dag.py for tasks to queue
[2026-04-01T08:01:19.517+0000] {logging_mixin.py:188} INFO - [2026-04-01T08:01:19.516+0000] {dagbag.py:545} INFO - Filling up the DagBag from /opt/airflow/dags/postgres-airflow-ingestion-dag.py
[2026-04-01T08:01:19.564+0000] {processor.py:840} INFO - DAG(s) 'spark_streaming_pipeline' retrieved from /opt/airflow/dags/postgres-airflow-ingestion-dag.py
[2026-04-01T08:01:19.620+0000] {logging_mixin.py:188} INFO - [2026-04-01T08:01:19.620+0000] {dag.py:3089} INFO - Sync 1 DAGs
[2026-04-01T08:01:19.661+0000] {logging_mixin.py:188} INFO - [2026-04-01T08:01:19.660+0000] {dag.py:3947} INFO - Setting next_dagrun for spark_streaming_pipeline to None, run_after=None
[2026-04-01T08:01:19.726+0000] {processor.py:183} INFO - Processing /opt/airflow/dags/postgres-airflow-ingestion-dag.py took 0.231 seconds
[2026-04-01T08:01:49.993+0000] {processor.py:161} INFO - Started process (PID=1456) to work on /opt/airflow/dags/postgres-airflow-ingestion-dag.py
[2026-04-01T08:01:50.013+0000] {processor.py:830} INFO - Processing file /opt/airflow/dags/postgres-airflow-ingestion-dag.py for tasks to queue
[2026-04-01T08:01:50.020+0000] {logging_mixin.py:188} INFO - [2026-04-01T08:01:50.018+0000] {dagbag.py:545} INFO - Filling up the DagBag from /opt/airflow/dags/postgres-airflow-ingestion-dag.py
[2026-04-01T08:01:50.075+0000] {processor.py:840} INFO - DAG(s) 'spark_streaming_pipeline' retrieved from /opt/airflow/dags/postgres-airflow-ingestion-dag.py
[2026-04-01T08:01:50.141+0000] {logging_mixin.py:188} INFO - [2026-04-01T08:01:50.140+0000] {dag.py:3089} INFO - Sync 1 DAGs
[2026-04-01T08:01:50.174+0000] {logging_mixin.py:188} INFO - [2026-04-01T08:01:50.173+0000] {dag.py:3947} INFO - Setting next_dagrun for spark_streaming_pipeline to None, run_after=None
[2026-04-01T08:01:50.272+0000] {processor.py:183} INFO - Processing /opt/airflow/dags/postgres-airflow-ingestion-dag.py took 0.311 seconds
[2026-04-01T08:02:20.501+0000] {processor.py:161} INFO - Started process (PID=1483) to work on /opt/airflow/dags/postgres-airflow-ingestion-dag.py
[2026-04-01T08:02:20.503+0000] {processor.py:830} INFO - Processing file /opt/airflow/dags/postgres-airflow-ingestion-dag.py for tasks to queue
[2026-04-01T08:02:20.508+0000] {logging_mixin.py:188} INFO - [2026-04-01T08:02:20.507+0000] {dagbag.py:545} INFO - Filling up the DagBag from /opt/airflow/dags/postgres-airflow-ingestion-dag.py
[2026-04-01T08:02:20.561+0000] {processor.py:840} INFO - DAG(s) 'spark_streaming_pipeline' retrieved from /opt/airflow/dags/postgres-airflow-ingestion-dag.py
[2026-04-01T08:02:20.614+0000] {logging_mixin.py:188} INFO - [2026-04-01T08:02:20.614+0000] {dag.py:3089} INFO - Sync 1 DAGs
[2026-04-01T08:02:20.645+0000] {logging_mixin.py:188} INFO - [2026-04-01T08:02:20.644+0000] {dag.py:3947} INFO - Setting next_dagrun for spark_streaming_pipeline to None, run_after=None
[2026-04-01T08:02:20.685+0000] {processor.py:183} INFO - Processing /opt/airflow/dags/postgres-airflow-ingestion-dag.py took 0.199 seconds
[2026-04-01T08:02:51.094+0000] {processor.py:161} INFO - Started process (PID=1508) to work on /opt/airflow/dags/postgres-airflow-ingestion-dag.py
[2026-04-01T08:02:51.095+0000] {processor.py:830} INFO - Processing file /opt/airflow/dags/postgres-airflow-ingestion-dag.py for tasks to queue
[2026-04-01T08:02:51.099+0000] {logging_mixin.py:188} INFO - [2026-04-01T08:02:51.098+0000] {dagbag.py:545} INFO - Filling up the DagBag from /opt/airflow/dags/postgres-airflow-ingestion-dag.py
[2026-04-01T08:02:51.149+0000] {processor.py:840} INFO - DAG(s) 'spark_streaming_pipeline' retrieved from /opt/airflow/dags/postgres-airflow-ingestion-dag.py
[2026-04-01T08:02:51.223+0000] {logging_mixin.py:188} INFO - [2026-04-01T08:02:51.223+0000] {dag.py:3089} INFO - Sync 1 DAGs
[2026-04-01T08:02:51.281+0000] {logging_mixin.py:188} INFO - [2026-04-01T08:02:51.280+0000] {dag.py:3947} INFO - Setting next_dagrun for spark_streaming_pipeline to None, run_after=None
[2026-04-01T08:02:51.371+0000] {processor.py:183} INFO - Processing /opt/airflow/dags/postgres-airflow-ingestion-dag.py took 0.288 seconds
[2026-04-01T08:03:22.306+0000] {processor.py:161} INFO - Started process (PID=1533) to work on /opt/airflow/dags/postgres-airflow-ingestion-dag.py
[2026-04-01T08:03:22.309+0000] {processor.py:830} INFO - Processing file /opt/airflow/dags/postgres-airflow-ingestion-dag.py for tasks to queue
[2026-04-01T08:03:22.313+0000] {logging_mixin.py:188} INFO - [2026-04-01T08:03:22.312+0000] {dagbag.py:545} INFO - Filling up the DagBag from /opt/airflow/dags/postgres-airflow-ingestion-dag.py
[2026-04-01T08:03:22.379+0000] {processor.py:840} INFO - DAG(s) 'spark_streaming_pipeline' retrieved from /opt/airflow/dags/postgres-airflow-ingestion-dag.py
[2026-04-01T08:03:22.447+0000] {logging_mixin.py:188} INFO - [2026-04-01T08:03:22.447+0000] {dag.py:3089} INFO - Sync 1 DAGs
[2026-04-01T08:03:22.489+0000] {logging_mixin.py:188} INFO - [2026-04-01T08:03:22.488+0000] {dag.py:3947} INFO - Setting next_dagrun for spark_streaming_pipeline to None, run_after=None
[2026-04-01T08:03:22.560+0000] {processor.py:183} INFO - Processing /opt/airflow/dags/postgres-airflow-ingestion-dag.py took 0.268 seconds
[2026-04-01T08:03:52.879+0000] {processor.py:161} INFO - Started process (PID=1558) to work on /opt/airflow/dags/postgres-airflow-ingestion-dag.py
[2026-04-01T08:03:52.904+0000] {processor.py:830} INFO - Processing file /opt/airflow/dags/postgres-airflow-ingestion-dag.py for tasks to queue
[2026-04-01T08:03:52.915+0000] {logging_mixin.py:188} INFO - [2026-04-01T08:03:52.914+0000] {dagbag.py:545} INFO - Filling up the DagBag from /opt/airflow/dags/postgres-airflow-ingestion-dag.py
[2026-04-01T08:03:52.988+0000] {processor.py:840} INFO - DAG(s) 'spark_streaming_pipeline' retrieved from /opt/airflow/dags/postgres-airflow-ingestion-dag.py
[2026-04-01T08:03:53.033+0000] {logging_mixin.py:188} INFO - [2026-04-01T08:03:53.032+0000] {dag.py:3089} INFO - Sync 1 DAGs
[2026-04-01T08:03:53.058+0000] {logging_mixin.py:188} INFO - [2026-04-01T08:03:53.058+0000] {dag.py:3947} INFO - Setting next_dagrun for spark_streaming_pipeline to None, run_after=None
[2026-04-01T08:03:53.100+0000] {processor.py:183} INFO - Processing /opt/airflow/dags/postgres-airflow-ingestion-dag.py took 0.236 seconds
[2026-04-01T08:04:23.382+0000] {processor.py:161} INFO - Started process (PID=1583) to work on /opt/airflow/dags/postgres-airflow-ingestion-dag.py
[2026-04-01T08:04:23.384+0000] {processor.py:830} INFO - Processing file /opt/airflow/dags/postgres-airflow-ingestion-dag.py for tasks to queue
[2026-04-01T08:04:23.389+0000] {logging_mixin.py:188} INFO - [2026-04-01T08:04:23.388+0000] {dagbag.py:545} INFO - Filling up the DagBag from /opt/airflow/dags/postgres-airflow-ingestion-dag.py
[2026-04-01T08:04:23.446+0000] {processor.py:840} INFO - DAG(s) 'spark_streaming_pipeline' retrieved from /opt/airflow/dags/postgres-airflow-ingestion-dag.py
[2026-04-01T08:04:23.519+0000] {logging_mixin.py:188} INFO - [2026-04-01T08:04:23.519+0000] {dag.py:3089} INFO - Sync 1 DAGs
[2026-04-01T08:04:23.560+0000] {logging_mixin.py:188} INFO - [2026-04-01T08:04:23.559+0000] {dag.py:3947} INFO - Setting next_dagrun for spark_streaming_pipeline to None, run_after=None
[2026-04-01T08:04:23.622+0000] {processor.py:183} INFO - Processing /opt/airflow/dags/postgres-airflow-ingestion-dag.py took 0.255 seconds
[2026-04-01T08:04:53.940+0000] {processor.py:161} INFO - Started process (PID=1608) to work on /opt/airflow/dags/postgres-airflow-ingestion-dag.py
[2026-04-01T08:04:53.942+0000] {processor.py:830} INFO - Processing file /opt/airflow/dags/postgres-airflow-ingestion-dag.py for tasks to queue
[2026-04-01T08:04:53.947+0000] {logging_mixin.py:188} INFO - [2026-04-01T08:04:53.947+0000] {dagbag.py:545} INFO - Filling up the DagBag from /opt/airflow/dags/postgres-airflow-ingestion-dag.py
[2026-04-01T08:04:54.003+0000] {processor.py:840} INFO - DAG(s) 'spark_streaming_pipeline' retrieved from /opt/airflow/dags/postgres-airflow-ingestion-dag.py
[2026-04-01T08:04:54.060+0000] {logging_mixin.py:188} INFO - [2026-04-01T08:04:54.059+0000] {dag.py:3089} INFO - Sync 1 DAGs
[2026-04-01T08:04:54.079+0000] {logging_mixin.py:188} INFO - [2026-04-01T08:04:54.079+0000] {dag.py:3947} INFO - Setting next_dagrun for spark_streaming_pipeline to None, run_after=None
[2026-04-01T08:04:54.141+0000] {processor.py:183} INFO - Processing /opt/airflow/dags/postgres-airflow-ingestion-dag.py took 0.216 seconds
[2026-04-01T08:05:24.427+0000] {processor.py:161} INFO - Started process (PID=1633) to work on /opt/airflow/dags/postgres-airflow-ingestion-dag.py
[2026-04-01T08:05:24.430+0000] {processor.py:830} INFO - Processing file /opt/airflow/dags/postgres-airflow-ingestion-dag.py for tasks to queue
[2026-04-01T08:05:24.435+0000] {logging_mixin.py:188} INFO - [2026-04-01T08:05:24.434+0000] {dagbag.py:545} INFO - Filling up the DagBag from /opt/airflow/dags/postgres-airflow-ingestion-dag.py
[2026-04-01T08:05:24.499+0000] {processor.py:840} INFO - DAG(s) 'spark_streaming_pipeline' retrieved from /opt/airflow/dags/postgres-airflow-ingestion-dag.py
[2026-04-01T08:05:24.557+0000] {logging_mixin.py:188} INFO - [2026-04-01T08:05:24.557+0000] {dag.py:3089} INFO - Sync 1 DAGs
[2026-04-01T08:05:24.579+0000] {logging_mixin.py:188} INFO - [2026-04-01T08:05:24.579+0000] {dag.py:3947} INFO - Setting next_dagrun for spark_streaming_pipeline to None, run_after=None
[2026-04-01T08:05:24.641+0000] {processor.py:183} INFO - Processing /opt/airflow/dags/postgres-airflow-ingestion-dag.py took 0.231 seconds
[2026-04-01T08:05:55.016+0000] {processor.py:161} INFO - Started process (PID=1658) to work on /opt/airflow/dags/postgres-airflow-ingestion-dag.py
[2026-04-01T08:05:55.019+0000] {processor.py:830} INFO - Processing file /opt/airflow/dags/postgres-airflow-ingestion-dag.py for tasks to queue
[2026-04-01T08:05:55.023+0000] {logging_mixin.py:188} INFO - [2026-04-01T08:05:55.022+0000] {dagbag.py:545} INFO - Filling up the DagBag from /opt/airflow/dags/postgres-airflow-ingestion-dag.py
[2026-04-01T08:05:55.091+0000] {processor.py:840} INFO - DAG(s) 'spark_streaming_pipeline' retrieved from /opt/airflow/dags/postgres-airflow-ingestion-dag.py
[2026-04-01T08:05:55.155+0000] {logging_mixin.py:188} INFO - [2026-04-01T08:05:55.155+0000] {dag.py:3089} INFO - Sync 1 DAGs
[2026-04-01T08:05:55.183+0000] {logging_mixin.py:188} INFO - [2026-04-01T08:05:55.182+0000] {dag.py:3947} INFO - Setting next_dagrun for spark_streaming_pipeline to None, run_after=None
[2026-04-01T08:05:55.255+0000] {processor.py:183} INFO - Processing /opt/airflow/dags/postgres-airflow-ingestion-dag.py took 0.250 seconds
[2026-04-01T08:06:25.656+0000] {processor.py:161} INFO - Started process (PID=1683) to work on /opt/airflow/dags/postgres-airflow-ingestion-dag.py
[2026-04-01T08:06:25.659+0000] {processor.py:830} INFO - Processing file /opt/airflow/dags/postgres-airflow-ingestion-dag.py for tasks to queue
[2026-04-01T08:06:25.667+0000] {logging_mixin.py:188} INFO - [2026-04-01T08:06:25.665+0000] {dagbag.py:545} INFO - Filling up the DagBag from /opt/airflow/dags/postgres-airflow-ingestion-dag.py
[2026-04-01T08:06:25.754+0000] {processor.py:840} INFO - DAG(s) 'spark_streaming_pipeline' retrieved from /opt/airflow/dags/postgres-airflow-ingestion-dag.py
[2026-04-01T08:06:25.812+0000] {logging_mixin.py:188} INFO - [2026-04-01T08:06:25.811+0000] {dag.py:3089} INFO - Sync 1 DAGs
[2026-04-01T08:06:25.847+0000] {logging_mixin.py:188} INFO - [2026-04-01T08:06:25.847+0000] {dag.py:3947} INFO - Setting next_dagrun for spark_streaming_pipeline to None, run_after=None
[2026-04-01T08:06:25.905+0000] {processor.py:183} INFO - Processing /opt/airflow/dags/postgres-airflow-ingestion-dag.py took 0.269 seconds
[2026-04-01T08:06:56.302+0000] {processor.py:161} INFO - Started process (PID=1708) to work on /opt/airflow/dags/postgres-airflow-ingestion-dag.py
[2026-04-01T08:06:56.304+0000] {processor.py:830} INFO - Processing file /opt/airflow/dags/postgres-airflow-ingestion-dag.py for tasks to queue
[2026-04-01T08:06:56.309+0000] {logging_mixin.py:188} INFO - [2026-04-01T08:06:56.309+0000] {dagbag.py:545} INFO - Filling up the DagBag from /opt/airflow/dags/postgres-airflow-ingestion-dag.py
[2026-04-01T08:06:56.349+0000] {processor.py:840} INFO - DAG(s) 'spark_streaming_pipeline' retrieved from /opt/airflow/dags/postgres-airflow-ingestion-dag.py
[2026-04-01T08:06:56.399+0000] {logging_mixin.py:188} INFO - [2026-04-01T08:06:56.398+0000] {dag.py:3089} INFO - Sync 1 DAGs
[2026-04-01T08:06:56.426+0000] {logging_mixin.py:188} INFO - [2026-04-01T08:06:56.425+0000] {dag.py:3947} INFO - Setting next_dagrun for spark_streaming_pipeline to None, run_after=None
[2026-04-01T08:06:56.488+0000] {processor.py:183} INFO - Processing /opt/airflow/dags/postgres-airflow-ingestion-dag.py took 0.200 seconds
[2026-04-01T08:07:27.708+0000] {processor.py:161} INFO - Started process (PID=1733) to work on /opt/airflow/dags/postgres-airflow-ingestion-dag.py
[2026-04-01T08:07:27.711+0000] {processor.py:830} INFO - Processing file /opt/airflow/dags/postgres-airflow-ingestion-dag.py for tasks to queue
[2026-04-01T08:07:27.718+0000] {logging_mixin.py:188} INFO - [2026-04-01T08:07:27.717+0000] {dagbag.py:545} INFO - Filling up the DagBag from /opt/airflow/dags/postgres-airflow-ingestion-dag.py
[2026-04-01T08:07:27.796+0000] {processor.py:840} INFO - DAG(s) 'spark_streaming_pipeline' retrieved from /opt/airflow/dags/postgres-airflow-ingestion-dag.py
[2026-04-01T08:07:27.877+0000] {logging_mixin.py:188} INFO - [2026-04-01T08:07:27.876+0000] {dag.py:3089} INFO - Sync 1 DAGs
[2026-04-01T08:07:27.903+0000] {logging_mixin.py:188} INFO - [2026-04-01T08:07:27.903+0000] {dag.py:3947} INFO - Setting next_dagrun for spark_streaming_pipeline to None, run_after=None
[2026-04-01T08:07:27.943+0000] {processor.py:183} INFO - Processing /opt/airflow/dags/postgres-airflow-ingestion-dag.py took 0.261 seconds
[2026-04-01T08:07:58.206+0000] {processor.py:161} INFO - Started process (PID=1758) to work on /opt/airflow/dags/postgres-airflow-ingestion-dag.py
[2026-04-01T08:07:58.209+0000] {processor.py:830} INFO - Processing file /opt/airflow/dags/postgres-airflow-ingestion-dag.py for tasks to queue
[2026-04-01T08:07:58.214+0000] {logging_mixin.py:188} INFO - [2026-04-01T08:07:58.213+0000] {dagbag.py:545} INFO - Filling up the DagBag from /opt/airflow/dags/postgres-airflow-ingestion-dag.py
[2026-04-01T08:07:58.265+0000] {processor.py:840} INFO - DAG(s) 'spark_streaming_pipeline' retrieved from /opt/airflow/dags/postgres-airflow-ingestion-dag.py
[2026-04-01T08:07:58.308+0000] {logging_mixin.py:188} INFO - [2026-04-01T08:07:58.308+0000] {dag.py:3089} INFO - Sync 1 DAGs
[2026-04-01T08:07:58.341+0000] {logging_mixin.py:188} INFO - [2026-04-01T08:07:58.341+0000] {dag.py:3947} INFO - Setting next_dagrun for spark_streaming_pipeline to None, run_after=None
[2026-04-01T08:07:58.417+0000] {processor.py:183} INFO - Processing /opt/airflow/dags/postgres-airflow-ingestion-dag.py took 0.226 seconds
[2026-04-01T08:08:28.834+0000] {processor.py:161} INFO - Started process (PID=1783) to work on /opt/airflow/dags/postgres-airflow-ingestion-dag.py
[2026-04-01T08:08:28.837+0000] {processor.py:830} INFO - Processing file /opt/airflow/dags/postgres-airflow-ingestion-dag.py for tasks to queue
[2026-04-01T08:08:28.843+0000] {logging_mixin.py:188} INFO - [2026-04-01T08:08:28.842+0000] {dagbag.py:545} INFO - Filling up the DagBag from /opt/airflow/dags/postgres-airflow-ingestion-dag.py
[2026-04-01T08:08:28.911+0000] {processor.py:840} INFO - DAG(s) 'spark_streaming_pipeline' retrieved from /opt/airflow/dags/postgres-airflow-ingestion-dag.py
[2026-04-01T08:08:28.980+0000] {logging_mixin.py:188} INFO - [2026-04-01T08:08:28.980+0000] {dag.py:3089} INFO - Sync 1 DAGs
[2026-04-01T08:08:29.020+0000] {logging_mixin.py:188} INFO - [2026-04-01T08:08:29.019+0000] {dag.py:3947} INFO - Setting next_dagrun for spark_streaming_pipeline to None, run_after=None
[2026-04-01T08:08:29.098+0000] {processor.py:183} INFO - Processing /opt/airflow/dags/postgres-airflow-ingestion-dag.py took 0.281 seconds
[2026-04-01T08:08:59.976+0000] {processor.py:161} INFO - Started process (PID=1808) to work on /opt/airflow/dags/postgres-airflow-ingestion-dag.py
[2026-04-01T08:08:59.979+0000] {processor.py:830} INFO - Processing file /opt/airflow/dags/postgres-airflow-ingestion-dag.py for tasks to queue
[2026-04-01T08:08:59.983+0000] {logging_mixin.py:188} INFO - [2026-04-01T08:08:59.983+0000] {dagbag.py:545} INFO - Filling up the DagBag from /opt/airflow/dags/postgres-airflow-ingestion-dag.py
[2026-04-01T08:09:00.039+0000] {processor.py:840} INFO - DAG(s) 'spark_streaming_pipeline' retrieved from /opt/airflow/dags/postgres-airflow-ingestion-dag.py
[2026-04-01T08:09:00.087+0000] {logging_mixin.py:188} INFO - [2026-04-01T08:09:00.087+0000] {dag.py:3089} INFO - Sync 1 DAGs
[2026-04-01T08:09:00.112+0000] {logging_mixin.py:188} INFO - [2026-04-01T08:09:00.112+0000] {dag.py:3947} INFO - Setting next_dagrun for spark_streaming_pipeline to None, run_after=None
[2026-04-01T08:09:00.179+0000] {processor.py:183} INFO - Processing /opt/airflow/dags/postgres-airflow-ingestion-dag.py took 0.218 seconds
[2026-04-01T08:09:30.858+0000] {processor.py:161} INFO - Started process (PID=1833) to work on /opt/airflow/dags/postgres-airflow-ingestion-dag.py
[2026-04-01T08:09:30.860+0000] {processor.py:830} INFO - Processing file /opt/airflow/dags/postgres-airflow-ingestion-dag.py for tasks to queue
[2026-04-01T08:09:30.864+0000] {logging_mixin.py:188} INFO - [2026-04-01T08:09:30.863+0000] {dagbag.py:545} INFO - Filling up the DagBag from /opt/airflow/dags/postgres-airflow-ingestion-dag.py
[2026-04-01T08:09:30.913+0000] {processor.py:840} INFO - DAG(s) 'spark_streaming_pipeline' retrieved from /opt/airflow/dags/postgres-airflow-ingestion-dag.py
[2026-04-01T08:09:30.963+0000] {logging_mixin.py:188} INFO - [2026-04-01T08:09:30.963+0000] {dag.py:3089} INFO - Sync 1 DAGs
[2026-04-01T08:09:30.996+0000] {logging_mixin.py:188} INFO - [2026-04-01T08:09:30.995+0000] {dag.py:3947} INFO - Setting next_dagrun for spark_streaming_pipeline to None, run_after=None
[2026-04-01T08:09:31.057+0000] {processor.py:183} INFO - Processing /opt/airflow/dags/postgres-airflow-ingestion-dag.py took 0.212 seconds
[2026-04-01T08:10:01.435+0000] {processor.py:161} INFO - Started process (PID=1858) to work on /opt/airflow/dags/postgres-airflow-ingestion-dag.py
[2026-04-01T08:10:01.437+0000] {processor.py:830} INFO - Processing file /opt/airflow/dags/postgres-airflow-ingestion-dag.py for tasks to queue
[2026-04-01T08:10:01.442+0000] {logging_mixin.py:188} INFO - [2026-04-01T08:10:01.441+0000] {dagbag.py:545} INFO - Filling up the DagBag from /opt/airflow/dags/postgres-airflow-ingestion-dag.py
[2026-04-01T08:10:01.492+0000] {processor.py:840} INFO - DAG(s) 'spark_streaming_pipeline' retrieved from /opt/airflow/dags/postgres-airflow-ingestion-dag.py
[2026-04-01T08:10:01.543+0000] {logging_mixin.py:188} INFO - [2026-04-01T08:10:01.543+0000] {dag.py:3089} INFO - Sync 1 DAGs
[2026-04-01T08:10:01.571+0000] {logging_mixin.py:188} INFO - [2026-04-01T08:10:01.570+0000] {dag.py:3947} INFO - Setting next_dagrun for spark_streaming_pipeline to None, run_after=None
[2026-04-01T08:10:01.615+0000] {processor.py:183} INFO - Processing /opt/airflow/dags/postgres-airflow-ingestion-dag.py took 0.193 seconds
[2026-04-01T08:10:32.439+0000] {processor.py:161} INFO - Started process (PID=1883) to work on /opt/airflow/dags/postgres-airflow-ingestion-dag.py
[2026-04-01T08:10:32.442+0000] {processor.py:830} INFO - Processing file /opt/airflow/dags/postgres-airflow-ingestion-dag.py for tasks to queue
[2026-04-01T08:10:32.446+0000] {logging_mixin.py:188} INFO - [2026-04-01T08:10:32.445+0000] {dagbag.py:545} INFO - Filling up the DagBag from /opt/airflow/dags/postgres-airflow-ingestion-dag.py
[2026-04-01T08:10:32.498+0000] {processor.py:840} INFO - DAG(s) 'spark_streaming_pipeline' retrieved from /opt/airflow/dags/postgres-airflow-ingestion-dag.py
[2026-04-01T08:10:32.551+0000] {logging_mixin.py:188} INFO - [2026-04-01T08:10:32.550+0000] {dag.py:3089} INFO - Sync 1 DAGs
[2026-04-01T08:10:32.579+0000] {logging_mixin.py:188} INFO - [2026-04-01T08:10:32.579+0000] {dag.py:3947} INFO - Setting next_dagrun for spark_streaming_pipeline to None, run_after=None
[2026-04-01T08:10:32.620+0000] {processor.py:183} INFO - Processing /opt/airflow/dags/postgres-airflow-ingestion-dag.py took 0.195 seconds
[2026-04-01T08:11:03.112+0000] {processor.py:161} INFO - Started process (PID=1908) to work on /opt/airflow/dags/postgres-airflow-ingestion-dag.py
[2026-04-01T08:11:03.117+0000] {processor.py:830} INFO - Processing file /opt/airflow/dags/postgres-airflow-ingestion-dag.py for tasks to queue
[2026-04-01T08:11:03.126+0000] {logging_mixin.py:188} INFO - [2026-04-01T08:11:03.124+0000] {dagbag.py:545} INFO - Filling up the DagBag from /opt/airflow/dags/postgres-airflow-ingestion-dag.py
[2026-04-01T08:11:03.224+0000] {processor.py:840} INFO - DAG(s) 'spark_streaming_pipeline' retrieved from /opt/airflow/dags/postgres-airflow-ingestion-dag.py
[2026-04-01T08:11:03.278+0000] {logging_mixin.py:188} INFO - [2026-04-01T08:11:03.277+0000] {dag.py:3089} INFO - Sync 1 DAGs
[2026-04-01T08:11:03.302+0000] {logging_mixin.py:188} INFO - [2026-04-01T08:11:03.302+0000] {dag.py:3947} INFO - Setting next_dagrun for spark_streaming_pipeline to None, run_after=None
[2026-04-01T08:11:03.360+0000] {processor.py:183} INFO - Processing /opt/airflow/dags/postgres-airflow-ingestion-dag.py took 0.278 seconds
[2026-04-01T08:11:33.806+0000] {processor.py:161} INFO - Started process (PID=1933) to work on /opt/airflow/dags/postgres-airflow-ingestion-dag.py
[2026-04-01T08:11:33.812+0000] {processor.py:830} INFO - Processing file /opt/airflow/dags/postgres-airflow-ingestion-dag.py for tasks to queue
[2026-04-01T08:11:33.822+0000] {logging_mixin.py:188} INFO - [2026-04-01T08:11:33.820+0000] {dagbag.py:545} INFO - Filling up the DagBag from /opt/airflow/dags/postgres-airflow-ingestion-dag.py
[2026-04-01T08:11:33.934+0000] {processor.py:840} INFO - DAG(s) 'spark_streaming_pipeline' retrieved from /opt/airflow/dags/postgres-airflow-ingestion-dag.py
[2026-04-01T08:11:34.059+0000] {logging_mixin.py:188} INFO - [2026-04-01T08:11:34.057+0000] {dag.py:3089} INFO - Sync 1 DAGs
[2026-04-01T08:11:34.128+0000] {logging_mixin.py:188} INFO - [2026-04-01T08:11:34.127+0000] {dag.py:3947} INFO - Setting next_dagrun for spark_streaming_pipeline to None, run_after=None
[2026-04-01T08:11:34.230+0000] {processor.py:183} INFO - Processing /opt/airflow/dags/postgres-airflow-ingestion-dag.py took 0.454 seconds
[2026-04-01T08:12:04.767+0000] {processor.py:161} INFO - Started process (PID=1958) to work on /opt/airflow/dags/postgres-airflow-ingestion-dag.py
[2026-04-01T08:12:04.769+0000] {processor.py:830} INFO - Processing file /opt/airflow/dags/postgres-airflow-ingestion-dag.py for tasks to queue
[2026-04-01T08:12:04.773+0000] {logging_mixin.py:188} INFO - [2026-04-01T08:12:04.773+0000] {dagbag.py:545} INFO - Filling up the DagBag from /opt/airflow/dags/postgres-airflow-ingestion-dag.py
[2026-04-01T08:12:04.836+0000] {processor.py:840} INFO - DAG(s) 'spark_streaming_pipeline' retrieved from /opt/airflow/dags/postgres-airflow-ingestion-dag.py
[2026-04-01T08:12:04.882+0000] {logging_mixin.py:188} INFO - [2026-04-01T08:12:04.881+0000] {dag.py:3089} INFO - Sync 1 DAGs
[2026-04-01T08:12:04.916+0000] {logging_mixin.py:188} INFO - [2026-04-01T08:12:04.916+0000] {dag.py:3947} INFO - Setting next_dagrun for spark_streaming_pipeline to None, run_after=None
[2026-04-01T08:12:04.987+0000] {processor.py:183} INFO - Processing /opt/airflow/dags/postgres-airflow-ingestion-dag.py took 0.233 seconds
[2026-04-01T08:12:35.189+0000] {processor.py:161} INFO - Started process (PID=1983) to work on /opt/airflow/dags/postgres-airflow-ingestion-dag.py
[2026-04-01T08:12:35.191+0000] {processor.py:830} INFO - Processing file /opt/airflow/dags/postgres-airflow-ingestion-dag.py for tasks to queue
[2026-04-01T08:12:35.195+0000] {logging_mixin.py:188} INFO - [2026-04-01T08:12:35.195+0000] {dagbag.py:545} INFO - Filling up the DagBag from /opt/airflow/dags/postgres-airflow-ingestion-dag.py
[2026-04-01T08:12:35.253+0000] {processor.py:840} INFO - DAG(s) 'spark_streaming_pipeline' retrieved from /opt/airflow/dags/postgres-airflow-ingestion-dag.py
[2026-04-01T08:12:35.302+0000] {logging_mixin.py:188} INFO - [2026-04-01T08:12:35.301+0000] {dag.py:3089} INFO - Sync 1 DAGs
[2026-04-01T08:12:35.325+0000] {logging_mixin.py:188} INFO - [2026-04-01T08:12:35.324+0000] {dag.py:3947} INFO - Setting next_dagrun for spark_streaming_pipeline to None, run_after=None
[2026-04-01T08:12:35.366+0000] {processor.py:183} INFO - Processing /opt/airflow/dags/postgres-airflow-ingestion-dag.py took 0.192 seconds
[2026-04-01T08:13:05.605+0000] {processor.py:161} INFO - Started process (PID=2008) to work on /opt/airflow/dags/postgres-airflow-ingestion-dag.py
[2026-04-01T08:13:05.607+0000] {processor.py:830} INFO - Processing file /opt/airflow/dags/postgres-airflow-ingestion-dag.py for tasks to queue
[2026-04-01T08:13:05.610+0000] {logging_mixin.py:188} INFO - [2026-04-01T08:13:05.610+0000] {dagbag.py:545} INFO - Filling up the DagBag from /opt/airflow/dags/postgres-airflow-ingestion-dag.py
[2026-04-01T08:13:05.667+0000] {processor.py:840} INFO - DAG(s) 'spark_streaming_pipeline' retrieved from /opt/airflow/dags/postgres-airflow-ingestion-dag.py
[2026-04-01T08:13:05.730+0000] {logging_mixin.py:188} INFO - [2026-04-01T08:13:05.729+0000] {dag.py:3089} INFO - Sync 1 DAGs
[2026-04-01T08:13:05.757+0000] {logging_mixin.py:188} INFO - [2026-04-01T08:13:05.757+0000] {dag.py:3947} INFO - Setting next_dagrun for spark_streaming_pipeline to None, run_after=None
[2026-04-01T08:13:05.819+0000] {processor.py:183} INFO - Processing /opt/airflow/dags/postgres-airflow-ingestion-dag.py took 0.230 seconds
[2026-04-01T08:13:36.438+0000] {processor.py:161} INFO - Started process (PID=2033) to work on /opt/airflow/dags/postgres-airflow-ingestion-dag.py
[2026-04-01T08:13:36.441+0000] {processor.py:830} INFO - Processing file /opt/airflow/dags/postgres-airflow-ingestion-dag.py for tasks to queue
[2026-04-01T08:13:36.444+0000] {logging_mixin.py:188} INFO - [2026-04-01T08:13:36.444+0000] {dagbag.py:545} INFO - Filling up the DagBag from /opt/airflow/dags/postgres-airflow-ingestion-dag.py
[2026-04-01T08:13:36.489+0000] {processor.py:840} INFO - DAG(s) 'spark_streaming_pipeline' retrieved from /opt/airflow/dags/postgres-airflow-ingestion-dag.py
[2026-04-01T08:13:36.533+0000] {logging_mixin.py:188} INFO - [2026-04-01T08:13:36.533+0000] {dag.py:3089} INFO - Sync 1 DAGs
[2026-04-01T08:13:36.552+0000] {logging_mixin.py:188} INFO - [2026-04-01T08:13:36.552+0000] {dag.py:3947} INFO - Setting next_dagrun for spark_streaming_pipeline to None, run_after=None
[2026-04-01T08:13:36.588+0000] {processor.py:183} INFO - Processing /opt/airflow/dags/postgres-airflow-ingestion-dag.py took 0.162 seconds
[2026-04-01T08:14:06.869+0000] {processor.py:161} INFO - Started process (PID=2058) to work on /opt/airflow/dags/postgres-airflow-ingestion-dag.py
[2026-04-01T08:14:06.871+0000] {processor.py:830} INFO - Processing file /opt/airflow/dags/postgres-airflow-ingestion-dag.py for tasks to queue
[2026-04-01T08:14:06.876+0000] {logging_mixin.py:188} INFO - [2026-04-01T08:14:06.875+0000] {dagbag.py:545} INFO - Filling up the DagBag from /opt/airflow/dags/postgres-airflow-ingestion-dag.py
[2026-04-01T08:14:06.921+0000] {processor.py:840} INFO - DAG(s) 'spark_streaming_pipeline' retrieved from /opt/airflow/dags/postgres-airflow-ingestion-dag.py
[2026-04-01T08:14:06.964+0000] {logging_mixin.py:188} INFO - [2026-04-01T08:14:06.964+0000] {dag.py:3089} INFO - Sync 1 DAGs
[2026-04-01T08:14:06.994+0000] {logging_mixin.py:188} INFO - [2026-04-01T08:14:06.994+0000] {dag.py:3947} INFO - Setting next_dagrun for spark_streaming_pipeline to None, run_after=None
[2026-04-01T08:14:07.054+0000] {processor.py:183} INFO - Processing /opt/airflow/dags/postgres-airflow-ingestion-dag.py took 0.196 seconds
[2026-04-01T08:14:37.382+0000] {processor.py:161} INFO - Started process (PID=2083) to work on /opt/airflow/dags/postgres-airflow-ingestion-dag.py
[2026-04-01T08:14:37.384+0000] {processor.py:830} INFO - Processing file /opt/airflow/dags/postgres-airflow-ingestion-dag.py for tasks to queue
[2026-04-01T08:14:37.388+0000] {logging_mixin.py:188} INFO - [2026-04-01T08:14:37.388+0000] {dagbag.py:545} INFO - Filling up the DagBag from /opt/airflow/dags/postgres-airflow-ingestion-dag.py
[2026-04-01T08:14:37.437+0000] {processor.py:840} INFO - DAG(s) 'spark_streaming_pipeline' retrieved from /opt/airflow/dags/postgres-airflow-ingestion-dag.py
[2026-04-01T08:14:37.487+0000] {logging_mixin.py:188} INFO - [2026-04-01T08:14:37.487+0000] {dag.py:3089} INFO - Sync 1 DAGs
[2026-04-01T08:14:37.513+0000] {logging_mixin.py:188} INFO - [2026-04-01T08:14:37.513+0000] {dag.py:3947} INFO - Setting next_dagrun for spark_streaming_pipeline to None, run_after=None
[2026-04-01T08:14:37.573+0000] {processor.py:183} INFO - Processing /opt/airflow/dags/postgres-airflow-ingestion-dag.py took 0.202 seconds
[2026-04-01T08:15:07.709+0000] {processor.py:161} INFO - Started process (PID=2108) to work on /opt/airflow/dags/postgres-airflow-ingestion-dag.py
[2026-04-01T08:15:07.711+0000] {processor.py:830} INFO - Processing file /opt/airflow/dags/postgres-airflow-ingestion-dag.py for tasks to queue
[2026-04-01T08:15:07.715+0000] {logging_mixin.py:188} INFO - [2026-04-01T08:15:07.715+0000] {dagbag.py:545} INFO - Filling up the DagBag from /opt/airflow/dags/postgres-airflow-ingestion-dag.py
[2026-04-01T08:15:07.769+0000] {processor.py:840} INFO - DAG(s) 'spark_streaming_pipeline' retrieved from /opt/airflow/dags/postgres-airflow-ingestion-dag.py
[2026-04-01T08:15:07.831+0000] {logging_mixin.py:188} INFO - [2026-04-01T08:15:07.831+0000] {dag.py:3089} INFO - Sync 1 DAGs
[2026-04-01T08:15:07.866+0000] {logging_mixin.py:188} INFO - [2026-04-01T08:15:07.865+0000] {dag.py:3947} INFO - Setting next_dagrun for spark_streaming_pipeline to None, run_after=None
[2026-04-01T08:15:07.906+0000] {processor.py:183} INFO - Processing /opt/airflow/dags/postgres-airflow-ingestion-dag.py took 0.209 seconds
[2026-04-01T08:15:38.204+0000] {processor.py:161} INFO - Started process (PID=2133) to work on /opt/airflow/dags/postgres-airflow-ingestion-dag.py
[2026-04-01T08:15:38.208+0000] {processor.py:830} INFO - Processing file /opt/airflow/dags/postgres-airflow-ingestion-dag.py for tasks to queue
[2026-04-01T08:15:38.213+0000] {logging_mixin.py:188} INFO - [2026-04-01T08:15:38.212+0000] {dagbag.py:545} INFO - Filling up the DagBag from /opt/airflow/dags/postgres-airflow-ingestion-dag.py
[2026-04-01T08:15:38.390+0000] {processor.py:840} INFO - DAG(s) 'spark_streaming_pipeline' retrieved from /opt/airflow/dags/postgres-airflow-ingestion-dag.py
[2026-04-01T08:15:38.476+0000] {logging_mixin.py:188} INFO - [2026-04-01T08:15:38.475+0000] {dag.py:3089} INFO - Sync 1 DAGs
[2026-04-01T08:15:38.519+0000] {logging_mixin.py:188} INFO - [2026-04-01T08:15:38.519+0000] {dag.py:3947} INFO - Setting next_dagrun for spark_streaming_pipeline to None, run_after=None
[2026-04-01T08:15:38.640+0000] {processor.py:183} INFO - Processing /opt/airflow/dags/postgres-airflow-ingestion-dag.py took 0.463 seconds
[2026-04-01T08:16:09.030+0000] {processor.py:161} INFO - Started process (PID=2158) to work on /opt/airflow/dags/postgres-airflow-ingestion-dag.py
[2026-04-01T08:16:09.033+0000] {processor.py:830} INFO - Processing file /opt/airflow/dags/postgres-airflow-ingestion-dag.py for tasks to queue
[2026-04-01T08:16:09.038+0000] {logging_mixin.py:188} INFO - [2026-04-01T08:16:09.037+0000] {dagbag.py:545} INFO - Filling up the DagBag from /opt/airflow/dags/postgres-airflow-ingestion-dag.py
[2026-04-01T08:16:09.095+0000] {processor.py:840} INFO - DAG(s) 'spark_streaming_pipeline' retrieved from /opt/airflow/dags/postgres-airflow-ingestion-dag.py
[2026-04-01T08:16:09.135+0000] {logging_mixin.py:188} INFO - [2026-04-01T08:16:09.135+0000] {dag.py:3089} INFO - Sync 1 DAGs
[2026-04-01T08:16:09.156+0000] {logging_mixin.py:188} INFO - [2026-04-01T08:16:09.156+0000] {dag.py:3947} INFO - Setting next_dagrun for spark_streaming_pipeline to None, run_after=None
[2026-04-01T08:16:09.200+0000] {processor.py:183} INFO - Processing /opt/airflow/dags/postgres-airflow-ingestion-dag.py took 0.184 seconds
[2026-04-01T08:16:39.360+0000] {processor.py:161} INFO - Started process (PID=2183) to work on /opt/airflow/dags/postgres-airflow-ingestion-dag.py
[2026-04-01T08:16:39.363+0000] {processor.py:830} INFO - Processing file /opt/airflow/dags/postgres-airflow-ingestion-dag.py for tasks to queue
[2026-04-01T08:16:39.367+0000] {logging_mixin.py:188} INFO - [2026-04-01T08:16:39.366+0000] {dagbag.py:545} INFO - Filling up the DagBag from /opt/airflow/dags/postgres-airflow-ingestion-dag.py
[2026-04-01T08:16:39.420+0000] {processor.py:840} INFO - DAG(s) 'spark_streaming_pipeline' retrieved from /opt/airflow/dags/postgres-airflow-ingestion-dag.py
[2026-04-01T08:16:39.473+0000] {logging_mixin.py:188} INFO - [2026-04-01T08:16:39.473+0000] {dag.py:3089} INFO - Sync 1 DAGs
[2026-04-01T08:16:39.498+0000] {logging_mixin.py:188} INFO - [2026-04-01T08:16:39.498+0000] {dag.py:3947} INFO - Setting next_dagrun for spark_streaming_pipeline to None, run_after=None
[2026-04-01T08:16:39.567+0000] {processor.py:183} INFO - Processing /opt/airflow/dags/postgres-airflow-ingestion-dag.py took 0.223 seconds
[2026-04-01T08:17:09.873+0000] {processor.py:161} INFO - Started process (PID=2208) to work on /opt/airflow/dags/postgres-airflow-ingestion-dag.py
[2026-04-01T08:17:09.876+0000] {processor.py:830} INFO - Processing file /opt/airflow/dags/postgres-airflow-ingestion-dag.py for tasks to queue
[2026-04-01T08:17:09.880+0000] {logging_mixin.py:188} INFO - [2026-04-01T08:17:09.879+0000] {dagbag.py:545} INFO - Filling up the DagBag from /opt/airflow/dags/postgres-airflow-ingestion-dag.py
[2026-04-01T08:17:09.934+0000] {processor.py:840} INFO - DAG(s) 'spark_streaming_pipeline' retrieved from /opt/airflow/dags/postgres-airflow-ingestion-dag.py
[2026-04-01T08:17:09.994+0000] {logging_mixin.py:188} INFO - [2026-04-01T08:17:09.993+0000] {dag.py:3089} INFO - Sync 1 DAGs
[2026-04-01T08:17:10.025+0000] {logging_mixin.py:188} INFO - [2026-04-01T08:17:10.024+0000] {dag.py:3947} INFO - Setting next_dagrun for spark_streaming_pipeline to None, run_after=None
[2026-04-01T08:17:10.097+0000] {processor.py:183} INFO - Processing /opt/airflow/dags/postgres-airflow-ingestion-dag.py took 0.236 seconds
[2026-04-01T08:17:40.251+0000] {processor.py:161} INFO - Started process (PID=2233) to work on /opt/airflow/dags/postgres-airflow-ingestion-dag.py
[2026-04-01T08:17:40.254+0000] {processor.py:830} INFO - Processing file /opt/airflow/dags/postgres-airflow-ingestion-dag.py for tasks to queue
[2026-04-01T08:17:40.258+0000] {logging_mixin.py:188} INFO - [2026-04-01T08:17:40.258+0000] {dagbag.py:545} INFO - Filling up the DagBag from /opt/airflow/dags/postgres-airflow-ingestion-dag.py
[2026-04-01T08:17:40.301+0000] {processor.py:840} INFO - DAG(s) 'spark_streaming_pipeline' retrieved from /opt/airflow/dags/postgres-airflow-ingestion-dag.py
[2026-04-01T08:17:40.345+0000] {logging_mixin.py:188} INFO - [2026-04-01T08:17:40.344+0000] {dag.py:3089} INFO - Sync 1 DAGs
[2026-04-01T08:17:40.370+0000] {logging_mixin.py:188} INFO - [2026-04-01T08:17:40.369+0000] {dag.py:3947} INFO - Setting next_dagrun for spark_streaming_pipeline to None, run_after=None
[2026-04-01T08:17:40.404+0000] {processor.py:183} INFO - Processing /opt/airflow/dags/postgres-airflow-ingestion-dag.py took 0.172 seconds
[2026-04-01T08:18:10.763+0000] {processor.py:161} INFO - Started process (PID=2258) to work on /opt/airflow/dags/postgres-airflow-ingestion-dag.py
[2026-04-01T08:18:10.765+0000] {processor.py:830} INFO - Processing file /opt/airflow/dags/postgres-airflow-ingestion-dag.py for tasks to queue
[2026-04-01T08:18:10.768+0000] {logging_mixin.py:188} INFO - [2026-04-01T08:18:10.768+0000] {dagbag.py:545} INFO - Filling up the DagBag from /opt/airflow/dags/postgres-airflow-ingestion-dag.py
[2026-04-01T08:18:10.812+0000] {processor.py:840} INFO - DAG(s) 'spark_streaming_pipeline' retrieved from /opt/airflow/dags/postgres-airflow-ingestion-dag.py
[2026-04-01T08:18:10.868+0000] {logging_mixin.py:188} INFO - [2026-04-01T08:18:10.867+0000] {dag.py:3089} INFO - Sync 1 DAGs
[2026-04-01T08:18:10.888+0000] {logging_mixin.py:188} INFO - [2026-04-01T08:18:10.887+0000] {dag.py:3947} INFO - Setting next_dagrun for spark_streaming_pipeline to None, run_after=None
[2026-04-01T08:18:10.960+0000] {processor.py:183} INFO - Processing /opt/airflow/dags/postgres-airflow-ingestion-dag.py took 0.209 seconds
[2026-04-01T08:18:41.233+0000] {processor.py:161} INFO - Started process (PID=2283) to work on /opt/airflow/dags/postgres-airflow-ingestion-dag.py
[2026-04-01T08:18:41.235+0000] {processor.py:830} INFO - Processing file /opt/airflow/dags/postgres-airflow-ingestion-dag.py for tasks to queue
[2026-04-01T08:18:41.239+0000] {logging_mixin.py:188} INFO - [2026-04-01T08:18:41.239+0000] {dagbag.py:545} INFO - Filling up the DagBag from /opt/airflow/dags/postgres-airflow-ingestion-dag.py
[2026-04-01T08:18:41.291+0000] {processor.py:840} INFO - DAG(s) 'spark_streaming_pipeline' retrieved from /opt/airflow/dags/postgres-airflow-ingestion-dag.py
[2026-04-01T08:18:41.347+0000] {logging_mixin.py:188} INFO - [2026-04-01T08:18:41.346+0000] {dag.py:3089} INFO - Sync 1 DAGs
[2026-04-01T08:18:41.370+0000] {logging_mixin.py:188} INFO - [2026-04-01T08:18:41.370+0000] {dag.py:3947} INFO - Setting next_dagrun for spark_streaming_pipeline to None, run_after=None
[2026-04-01T08:18:41.433+0000] {processor.py:183} INFO - Processing /opt/airflow/dags/postgres-airflow-ingestion-dag.py took 0.216 seconds
[2026-04-01T08:19:11.882+0000] {processor.py:161} INFO - Started process (PID=2308) to work on /opt/airflow/dags/postgres-airflow-ingestion-dag.py
[2026-04-01T08:19:11.885+0000] {processor.py:830} INFO - Processing file /opt/airflow/dags/postgres-airflow-ingestion-dag.py for tasks to queue
[2026-04-01T08:19:11.890+0000] {logging_mixin.py:188} INFO - [2026-04-01T08:19:11.889+0000] {dagbag.py:545} INFO - Filling up the DagBag from /opt/airflow/dags/postgres-airflow-ingestion-dag.py
[2026-04-01T08:19:11.951+0000] {processor.py:840} INFO - DAG(s) 'spark_streaming_pipeline' retrieved from /opt/airflow/dags/postgres-airflow-ingestion-dag.py
[2026-04-01T08:19:12.005+0000] {logging_mixin.py:188} INFO - [2026-04-01T08:19:12.005+0000] {dag.py:3089} INFO - Sync 1 DAGs
[2026-04-01T08:19:12.030+0000] {logging_mixin.py:188} INFO - [2026-04-01T08:19:12.030+0000] {dag.py:3947} INFO - Setting next_dagrun for spark_streaming_pipeline to None, run_after=None
[2026-04-01T08:19:12.068+0000] {processor.py:183} INFO - Processing /opt/airflow/dags/postgres-airflow-ingestion-dag.py took 0.213 seconds
[2026-04-01T08:19:43.106+0000] {processor.py:161} INFO - Started process (PID=2333) to work on /opt/airflow/dags/postgres-airflow-ingestion-dag.py
[2026-04-01T08:19:43.108+0000] {processor.py:830} INFO - Processing file /opt/airflow/dags/postgres-airflow-ingestion-dag.py for tasks to queue
[2026-04-01T08:19:43.111+0000] {logging_mixin.py:188} INFO - [2026-04-01T08:19:43.111+0000] {dagbag.py:545} INFO - Filling up the DagBag from /opt/airflow/dags/postgres-airflow-ingestion-dag.py
[2026-04-01T08:19:43.157+0000] {processor.py:840} INFO - DAG(s) 'spark_streaming_pipeline' retrieved from /opt/airflow/dags/postgres-airflow-ingestion-dag.py
[2026-04-01T08:19:43.199+0000] {logging_mixin.py:188} INFO - [2026-04-01T08:19:43.198+0000] {dag.py:3089} INFO - Sync 1 DAGs
[2026-04-01T08:19:43.223+0000] {logging_mixin.py:188} INFO - [2026-04-01T08:19:43.222+0000] {dag.py:3947} INFO - Setting next_dagrun for spark_streaming_pipeline to None, run_after=None
[2026-04-01T08:19:43.276+0000] {processor.py:183} INFO - Processing /opt/airflow/dags/postgres-airflow-ingestion-dag.py took 0.180 seconds
[2026-04-01T08:20:13.722+0000] {processor.py:161} INFO - Started process (PID=2358) to work on /opt/airflow/dags/postgres-airflow-ingestion-dag.py
[2026-04-01T08:20:13.726+0000] {processor.py:830} INFO - Processing file /opt/airflow/dags/postgres-airflow-ingestion-dag.py for tasks to queue
[2026-04-01T08:20:13.731+0000] {logging_mixin.py:188} INFO - [2026-04-01T08:20:13.730+0000] {dagbag.py:545} INFO - Filling up the DagBag from /opt/airflow/dags/postgres-airflow-ingestion-dag.py
[2026-04-01T08:20:13.803+0000] {processor.py:840} INFO - DAG(s) 'spark_streaming_pipeline' retrieved from /opt/airflow/dags/postgres-airflow-ingestion-dag.py
[2026-04-01T08:20:13.882+0000] {logging_mixin.py:188} INFO - [2026-04-01T08:20:13.882+0000] {dag.py:3089} INFO - Sync 1 DAGs
[2026-04-01T08:20:13.930+0000] {logging_mixin.py:188} INFO - [2026-04-01T08:20:13.929+0000] {dag.py:3947} INFO - Setting next_dagrun for spark_streaming_pipeline to None, run_after=None
[2026-04-01T08:20:14.016+0000] {processor.py:183} INFO - Processing /opt/airflow/dags/postgres-airflow-ingestion-dag.py took 0.331 seconds
[2026-04-01T08:20:44.793+0000] {processor.py:161} INFO - Started process (PID=2383) to work on /opt/airflow/dags/postgres-airflow-ingestion-dag.py
[2026-04-01T08:20:44.795+0000] {processor.py:830} INFO - Processing file /opt/airflow/dags/postgres-airflow-ingestion-dag.py for tasks to queue
[2026-04-01T08:20:44.799+0000] {logging_mixin.py:188} INFO - [2026-04-01T08:20:44.798+0000] {dagbag.py:545} INFO - Filling up the DagBag from /opt/airflow/dags/postgres-airflow-ingestion-dag.py
[2026-04-01T08:20:44.845+0000] {processor.py:840} INFO - DAG(s) 'spark_streaming_pipeline' retrieved from /opt/airflow/dags/postgres-airflow-ingestion-dag.py
[2026-04-01T08:20:44.887+0000] {logging_mixin.py:188} INFO - [2026-04-01T08:20:44.886+0000] {dag.py:3089} INFO - Sync 1 DAGs
[2026-04-01T08:20:44.909+0000] {logging_mixin.py:188} INFO - [2026-04-01T08:20:44.909+0000] {dag.py:3947} INFO - Setting next_dagrun for spark_streaming_pipeline to None, run_after=None
[2026-04-01T08:20:44.944+0000] {processor.py:183} INFO - Processing /opt/airflow/dags/postgres-airflow-ingestion-dag.py took 0.161 seconds
[2026-04-01T08:21:15.253+0000] {processor.py:161} INFO - Started process (PID=2408) to work on /opt/airflow/dags/postgres-airflow-ingestion-dag.py
[2026-04-01T08:21:15.258+0000] {processor.py:830} INFO - Processing file /opt/airflow/dags/postgres-airflow-ingestion-dag.py for tasks to queue
[2026-04-01T08:21:15.267+0000] {logging_mixin.py:188} INFO - [2026-04-01T08:21:15.265+0000] {dagbag.py:545} INFO - Filling up the DagBag from /opt/airflow/dags/postgres-airflow-ingestion-dag.py
[2026-04-01T08:21:15.372+0000] {processor.py:840} INFO - DAG(s) 'spark_streaming_pipeline' retrieved from /opt/airflow/dags/postgres-airflow-ingestion-dag.py
[2026-04-01T08:21:15.420+0000] {logging_mixin.py:188} INFO - [2026-04-01T08:21:15.420+0000] {dag.py:3089} INFO - Sync 1 DAGs
[2026-04-01T08:21:15.443+0000] {logging_mixin.py:188} INFO - [2026-04-01T08:21:15.442+0000] {dag.py:3947} INFO - Setting next_dagrun for spark_streaming_pipeline to None, run_after=None
[2026-04-01T08:21:15.477+0000] {processor.py:183} INFO - Processing /opt/airflow/dags/postgres-airflow-ingestion-dag.py took 0.253 seconds
[2026-04-01T08:21:45.637+0000] {processor.py:161} INFO - Started process (PID=2433) to work on /opt/airflow/dags/postgres-airflow-ingestion-dag.py
[2026-04-01T08:21:45.639+0000] {processor.py:830} INFO - Processing file /opt/airflow/dags/postgres-airflow-ingestion-dag.py for tasks to queue
[2026-04-01T08:21:45.643+0000] {logging_mixin.py:188} INFO - [2026-04-01T08:21:45.642+0000] {dagbag.py:545} INFO - Filling up the DagBag from /opt/airflow/dags/postgres-airflow-ingestion-dag.py
[2026-04-01T08:21:45.699+0000] {processor.py:840} INFO - DAG(s) 'spark_streaming_pipeline' retrieved from /opt/airflow/dags/postgres-airflow-ingestion-dag.py
[2026-04-01T08:21:45.749+0000] {logging_mixin.py:188} INFO - [2026-04-01T08:21:45.749+0000] {dag.py:3089} INFO - Sync 1 DAGs
[2026-04-01T08:21:45.773+0000] {logging_mixin.py:188} INFO - [2026-04-01T08:21:45.773+0000] {dag.py:3947} INFO - Setting next_dagrun for spark_streaming_pipeline to None, run_after=None
[2026-04-01T08:21:45.831+0000] {processor.py:183} INFO - Processing /opt/airflow/dags/postgres-airflow-ingestion-dag.py took 0.208 seconds
[2026-04-01T08:22:15.959+0000] {processor.py:161} INFO - Started process (PID=2458) to work on /opt/airflow/dags/postgres-airflow-ingestion-dag.py
[2026-04-01T08:22:15.961+0000] {processor.py:830} INFO - Processing file /opt/airflow/dags/postgres-airflow-ingestion-dag.py for tasks to queue
[2026-04-01T08:22:15.965+0000] {logging_mixin.py:188} INFO - [2026-04-01T08:22:15.964+0000] {dagbag.py:545} INFO - Filling up the DagBag from /opt/airflow/dags/postgres-airflow-ingestion-dag.py
[2026-04-01T08:22:16.010+0000] {processor.py:840} INFO - DAG(s) 'spark_streaming_pipeline' retrieved from /opt/airflow/dags/postgres-airflow-ingestion-dag.py
[2026-04-01T08:22:16.060+0000] {logging_mixin.py:188} INFO - [2026-04-01T08:22:16.060+0000] {dag.py:3089} INFO - Sync 1 DAGs
[2026-04-01T08:22:16.080+0000] {logging_mixin.py:188} INFO - [2026-04-01T08:22:16.080+0000] {dag.py:3947} INFO - Setting next_dagrun for spark_streaming_pipeline to None, run_after=None
[2026-04-01T08:22:16.122+0000] {processor.py:183} INFO - Processing /opt/airflow/dags/postgres-airflow-ingestion-dag.py took 0.175 seconds
[2026-04-01T08:22:46.960+0000] {processor.py:161} INFO - Started process (PID=2483) to work on /opt/airflow/dags/postgres-airflow-ingestion-dag.py
[2026-04-01T08:22:46.964+0000] {processor.py:830} INFO - Processing file /opt/airflow/dags/postgres-airflow-ingestion-dag.py for tasks to queue
[2026-04-01T08:22:46.970+0000] {logging_mixin.py:188} INFO - [2026-04-01T08:22:46.969+0000] {dagbag.py:545} INFO - Filling up the DagBag from /opt/airflow/dags/postgres-airflow-ingestion-dag.py
[2026-04-01T08:22:47.019+0000] {processor.py:840} INFO - DAG(s) 'spark_streaming_pipeline' retrieved from /opt/airflow/dags/postgres-airflow-ingestion-dag.py
[2026-04-01T08:22:47.078+0000] {logging_mixin.py:188} INFO - [2026-04-01T08:22:47.078+0000] {dag.py:3089} INFO - Sync 1 DAGs
[2026-04-01T08:22:47.118+0000] {logging_mixin.py:188} INFO - [2026-04-01T08:22:47.117+0000] {dag.py:3947} INFO - Setting next_dagrun for spark_streaming_pipeline to None, run_after=None
[2026-04-01T08:22:47.202+0000] {processor.py:183} INFO - Processing /opt/airflow/dags/postgres-airflow-ingestion-dag.py took 0.256 seconds
[2026-04-01T08:23:17.538+0000] {processor.py:161} INFO - Started process (PID=2508) to work on /opt/airflow/dags/postgres-airflow-ingestion-dag.py
[2026-04-01T08:23:17.540+0000] {processor.py:830} INFO - Processing file /opt/airflow/dags/postgres-airflow-ingestion-dag.py for tasks to queue
[2026-04-01T08:23:17.543+0000] {logging_mixin.py:188} INFO - [2026-04-01T08:23:17.542+0000] {dagbag.py:545} INFO - Filling up the DagBag from /opt/airflow/dags/postgres-airflow-ingestion-dag.py
[2026-04-01T08:23:17.588+0000] {processor.py:840} INFO - DAG(s) 'spark_streaming_pipeline' retrieved from /opt/airflow/dags/postgres-airflow-ingestion-dag.py
[2026-04-01T08:23:17.643+0000] {logging_mixin.py:188} INFO - [2026-04-01T08:23:17.642+0000] {dag.py:3089} INFO - Sync 1 DAGs
[2026-04-01T08:23:17.673+0000] {logging_mixin.py:188} INFO - [2026-04-01T08:23:17.673+0000] {dag.py:3947} INFO - Setting next_dagrun for spark_streaming_pipeline to None, run_after=None
[2026-04-01T08:23:17.728+0000] {processor.py:183} INFO - Processing /opt/airflow/dags/postgres-airflow-ingestion-dag.py took 0.202 seconds
[2026-04-01T08:23:48.009+0000] {processor.py:161} INFO - Started process (PID=2533) to work on /opt/airflow/dags/postgres-airflow-ingestion-dag.py
[2026-04-01T08:23:48.011+0000] {processor.py:830} INFO - Processing file /opt/airflow/dags/postgres-airflow-ingestion-dag.py for tasks to queue
[2026-04-01T08:23:48.015+0000] {logging_mixin.py:188} INFO - [2026-04-01T08:23:48.014+0000] {dagbag.py:545} INFO - Filling up the DagBag from /opt/airflow/dags/postgres-airflow-ingestion-dag.py
[2026-04-01T08:23:48.057+0000] {processor.py:840} INFO - DAG(s) 'spark_streaming_pipeline' retrieved from /opt/airflow/dags/postgres-airflow-ingestion-dag.py
[2026-04-01T08:23:48.102+0000] {logging_mixin.py:188} INFO - [2026-04-01T08:23:48.102+0000] {dag.py:3089} INFO - Sync 1 DAGs
[2026-04-01T08:23:48.126+0000] {logging_mixin.py:188} INFO - [2026-04-01T08:23:48.126+0000] {dag.py:3947} INFO - Setting next_dagrun for spark_streaming_pipeline to None, run_after=None
[2026-04-01T08:23:48.162+0000] {processor.py:183} INFO - Processing /opt/airflow/dags/postgres-airflow-ingestion-dag.py took 0.168 seconds
[2026-04-01T08:24:18.549+0000] {processor.py:161} INFO - Started process (PID=2558) to work on /opt/airflow/dags/postgres-airflow-ingestion-dag.py
[2026-04-01T08:24:18.559+0000] {processor.py:830} INFO - Processing file /opt/airflow/dags/postgres-airflow-ingestion-dag.py for tasks to queue
[2026-04-01T08:24:18.575+0000] {logging_mixin.py:188} INFO - [2026-04-01T08:24:18.574+0000] {dagbag.py:545} INFO - Filling up the DagBag from /opt/airflow/dags/postgres-airflow-ingestion-dag.py
[2026-04-01T08:24:18.642+0000] {processor.py:840} INFO - DAG(s) 'spark_streaming_pipeline' retrieved from /opt/airflow/dags/postgres-airflow-ingestion-dag.py
[2026-04-01T08:24:18.702+0000] {logging_mixin.py:188} INFO - [2026-04-01T08:24:18.702+0000] {dag.py:3089} INFO - Sync 1 DAGs
[2026-04-01T08:24:18.727+0000] {logging_mixin.py:188} INFO - [2026-04-01T08:24:18.726+0000] {dag.py:3947} INFO - Setting next_dagrun for spark_streaming_pipeline to None, run_after=None
[2026-04-01T08:24:18.768+0000] {processor.py:183} INFO - Processing /opt/airflow/dags/postgres-airflow-ingestion-dag.py took 0.254 seconds
[2026-04-01T08:24:49.035+0000] {processor.py:161} INFO - Started process (PID=2583) to work on /opt/airflow/dags/postgres-airflow-ingestion-dag.py
[2026-04-01T08:24:49.037+0000] {processor.py:830} INFO - Processing file /opt/airflow/dags/postgres-airflow-ingestion-dag.py for tasks to queue
[2026-04-01T08:24:49.040+0000] {logging_mixin.py:188} INFO - [2026-04-01T08:24:49.040+0000] {dagbag.py:545} INFO - Filling up the DagBag from /opt/airflow/dags/postgres-airflow-ingestion-dag.py
[2026-04-01T08:24:49.084+0000] {processor.py:840} INFO - DAG(s) 'spark_streaming_pipeline' retrieved from /opt/airflow/dags/postgres-airflow-ingestion-dag.py
[2026-04-01T08:24:49.125+0000] {logging_mixin.py:188} INFO - [2026-04-01T08:24:49.125+0000] {dag.py:3089} INFO - Sync 1 DAGs
[2026-04-01T08:24:49.149+0000] {logging_mixin.py:188} INFO - [2026-04-01T08:24:49.149+0000] {dag.py:3947} INFO - Setting next_dagrun for spark_streaming_pipeline to None, run_after=None
[2026-04-01T08:24:49.205+0000] {processor.py:183} INFO - Processing /opt/airflow/dags/postgres-airflow-ingestion-dag.py took 0.179 seconds
[2026-04-01T08:25:19.488+0000] {processor.py:161} INFO - Started process (PID=2608) to work on /opt/airflow/dags/postgres-airflow-ingestion-dag.py
[2026-04-01T08:25:19.492+0000] {processor.py:830} INFO - Processing file /opt/airflow/dags/postgres-airflow-ingestion-dag.py for tasks to queue
[2026-04-01T08:25:19.497+0000] {logging_mixin.py:188} INFO - [2026-04-01T08:25:19.496+0000] {dagbag.py:545} INFO - Filling up the DagBag from /opt/airflow/dags/postgres-airflow-ingestion-dag.py
[2026-04-01T08:25:19.552+0000] {processor.py:840} INFO - DAG(s) 'spark_streaming_pipeline' retrieved from /opt/airflow/dags/postgres-airflow-ingestion-dag.py
[2026-04-01T08:25:19.601+0000] {logging_mixin.py:188} INFO - [2026-04-01T08:25:19.600+0000] {dag.py:3089} INFO - Sync 1 DAGs
[2026-04-01T08:25:19.625+0000] {logging_mixin.py:188} INFO - [2026-04-01T08:25:19.625+0000] {dag.py:3947} INFO - Setting next_dagrun for spark_streaming_pipeline to None, run_after=None
[2026-04-01T08:25:19.689+0000] {processor.py:183} INFO - Processing /opt/airflow/dags/postgres-airflow-ingestion-dag.py took 0.229 seconds
[2026-04-01T08:25:50.774+0000] {processor.py:161} INFO - Started process (PID=2633) to work on /opt/airflow/dags/postgres-airflow-ingestion-dag.py
[2026-04-01T08:25:50.776+0000] {processor.py:830} INFO - Processing file /opt/airflow/dags/postgres-airflow-ingestion-dag.py for tasks to queue
[2026-04-01T08:25:50.783+0000] {logging_mixin.py:188} INFO - [2026-04-01T08:25:50.783+0000] {dagbag.py:545} INFO - Filling up the DagBag from /opt/airflow/dags/postgres-airflow-ingestion-dag.py
[2026-04-01T08:25:50.842+0000] {processor.py:840} INFO - DAG(s) 'spark_streaming_pipeline' retrieved from /opt/airflow/dags/postgres-airflow-ingestion-dag.py
[2026-04-01T08:25:50.889+0000] {logging_mixin.py:188} INFO - [2026-04-01T08:25:50.889+0000] {dag.py:3089} INFO - Sync 1 DAGs
[2026-04-01T08:25:50.914+0000] {logging_mixin.py:188} INFO - [2026-04-01T08:25:50.914+0000] {dag.py:3947} INFO - Setting next_dagrun for spark_streaming_pipeline to None, run_after=None
[2026-04-01T08:25:50.983+0000] {processor.py:183} INFO - Processing /opt/airflow/dags/postgres-airflow-ingestion-dag.py took 0.219 seconds
[2026-04-01T08:26:21.128+0000] {processor.py:161} INFO - Started process (PID=2658) to work on /opt/airflow/dags/postgres-airflow-ingestion-dag.py
[2026-04-01T08:26:21.129+0000] {processor.py:830} INFO - Processing file /opt/airflow/dags/postgres-airflow-ingestion-dag.py for tasks to queue
[2026-04-01T08:26:21.132+0000] {logging_mixin.py:188} INFO - [2026-04-01T08:26:21.132+0000] {dagbag.py:545} INFO - Filling up the DagBag from /opt/airflow/dags/postgres-airflow-ingestion-dag.py
[2026-04-01T08:26:21.178+0000] {processor.py:840} INFO - DAG(s) 'spark_streaming_pipeline' retrieved from /opt/airflow/dags/postgres-airflow-ingestion-dag.py
[2026-04-01T08:26:21.223+0000] {logging_mixin.py:188} INFO - [2026-04-01T08:26:21.222+0000] {dag.py:3089} INFO - Sync 1 DAGs
[2026-04-01T08:26:21.247+0000] {logging_mixin.py:188} INFO - [2026-04-01T08:26:21.247+0000] {dag.py:3947} INFO - Setting next_dagrun for spark_streaming_pipeline to None, run_after=None
[2026-04-01T08:26:21.303+0000] {processor.py:183} INFO - Processing /opt/airflow/dags/postgres-airflow-ingestion-dag.py took 0.187 seconds
[2026-04-01T08:26:51.521+0000] {processor.py:161} INFO - Started process (PID=2683) to work on /opt/airflow/dags/postgres-airflow-ingestion-dag.py
[2026-04-01T08:26:51.523+0000] {processor.py:830} INFO - Processing file /opt/airflow/dags/postgres-airflow-ingestion-dag.py for tasks to queue
[2026-04-01T08:26:51.527+0000] {logging_mixin.py:188} INFO - [2026-04-01T08:26:51.527+0000] {dagbag.py:545} INFO - Filling up the DagBag from /opt/airflow/dags/postgres-airflow-ingestion-dag.py
[2026-04-01T08:26:51.572+0000] {processor.py:840} INFO - DAG(s) 'spark_streaming_pipeline' retrieved from /opt/airflow/dags/postgres-airflow-ingestion-dag.py
[2026-04-01T08:26:51.617+0000] {logging_mixin.py:188} INFO - [2026-04-01T08:26:51.616+0000] {dag.py:3089} INFO - Sync 1 DAGs
[2026-04-01T08:26:51.642+0000] {logging_mixin.py:188} INFO - [2026-04-01T08:26:51.641+0000] {dag.py:3947} INFO - Setting next_dagrun for spark_streaming_pipeline to None, run_after=None
[2026-04-01T08:26:51.707+0000] {processor.py:183} INFO - Processing /opt/airflow/dags/postgres-airflow-ingestion-dag.py took 0.208 seconds
[2026-04-01T08:27:22.053+0000] {processor.py:161} INFO - Started process (PID=2708) to work on /opt/airflow/dags/postgres-airflow-ingestion-dag.py
[2026-04-01T08:27:22.055+0000] {processor.py:830} INFO - Processing file /opt/airflow/dags/postgres-airflow-ingestion-dag.py for tasks to queue
[2026-04-01T08:27:22.058+0000] {logging_mixin.py:188} INFO - [2026-04-01T08:27:22.057+0000] {dagbag.py:545} INFO - Filling up the DagBag from /opt/airflow/dags/postgres-airflow-ingestion-dag.py
[2026-04-01T08:27:22.101+0000] {processor.py:840} INFO - DAG(s) 'spark_streaming_pipeline' retrieved from /opt/airflow/dags/postgres-airflow-ingestion-dag.py
[2026-04-01T08:27:22.151+0000] {logging_mixin.py:188} INFO - [2026-04-01T08:27:22.150+0000] {dag.py:3089} INFO - Sync 1 DAGs
[2026-04-01T08:27:22.178+0000] {logging_mixin.py:188} INFO - [2026-04-01T08:27:22.178+0000] {dag.py:3947} INFO - Setting next_dagrun for spark_streaming_pipeline to None, run_after=None
[2026-04-01T08:27:22.246+0000] {processor.py:183} INFO - Processing /opt/airflow/dags/postgres-airflow-ingestion-dag.py took 0.203 seconds
[2026-04-01T08:27:52.668+0000] {processor.py:161} INFO - Started process (PID=2733) to work on /opt/airflow/dags/postgres-airflow-ingestion-dag.py
[2026-04-01T08:27:52.670+0000] {processor.py:830} INFO - Processing file /opt/airflow/dags/postgres-airflow-ingestion-dag.py for tasks to queue
[2026-04-01T08:27:52.674+0000] {logging_mixin.py:188} INFO - [2026-04-01T08:27:52.674+0000] {dagbag.py:545} INFO - Filling up the DagBag from /opt/airflow/dags/postgres-airflow-ingestion-dag.py
[2026-04-01T08:27:52.727+0000] {processor.py:840} INFO - DAG(s) 'spark_streaming_pipeline' retrieved from /opt/airflow/dags/postgres-airflow-ingestion-dag.py
[2026-04-01T08:27:52.780+0000] {logging_mixin.py:188} INFO - [2026-04-01T08:27:52.780+0000] {dag.py:3089} INFO - Sync 1 DAGs
[2026-04-01T08:27:52.800+0000] {logging_mixin.py:188} INFO - [2026-04-01T08:27:52.799+0000] {dag.py:3947} INFO - Setting next_dagrun for spark_streaming_pipeline to None, run_after=None
[2026-04-01T08:27:52.842+0000] {processor.py:183} INFO - Processing /opt/airflow/dags/postgres-airflow-ingestion-dag.py took 0.191 seconds
[2026-04-01T08:28:23.252+0000] {processor.py:161} INFO - Started process (PID=2758) to work on /opt/airflow/dags/postgres-airflow-ingestion-dag.py
[2026-04-01T08:28:23.254+0000] {processor.py:830} INFO - Processing file /opt/airflow/dags/postgres-airflow-ingestion-dag.py for tasks to queue
[2026-04-01T08:28:23.258+0000] {logging_mixin.py:188} INFO - [2026-04-01T08:28:23.258+0000] {dagbag.py:545} INFO - Filling up the DagBag from /opt/airflow/dags/postgres-airflow-ingestion-dag.py
[2026-04-01T08:28:23.318+0000] {processor.py:840} INFO - DAG(s) 'spark_streaming_pipeline' retrieved from /opt/airflow/dags/postgres-airflow-ingestion-dag.py
[2026-04-01T08:28:23.369+0000] {logging_mixin.py:188} INFO - [2026-04-01T08:28:23.369+0000] {dag.py:3089} INFO - Sync 1 DAGs
[2026-04-01T08:28:23.391+0000] {logging_mixin.py:188} INFO - [2026-04-01T08:28:23.391+0000] {dag.py:3947} INFO - Setting next_dagrun for spark_streaming_pipeline to None, run_after=None
[2026-04-01T08:28:23.422+0000] {processor.py:183} INFO - Processing /opt/airflow/dags/postgres-airflow-ingestion-dag.py took 0.186 seconds
[2026-04-01T08:28:53.613+0000] {processor.py:161} INFO - Started process (PID=2783) to work on /opt/airflow/dags/postgres-airflow-ingestion-dag.py
[2026-04-01T08:28:53.615+0000] {processor.py:830} INFO - Processing file /opt/airflow/dags/postgres-airflow-ingestion-dag.py for tasks to queue
[2026-04-01T08:28:53.622+0000] {logging_mixin.py:188} INFO - [2026-04-01T08:28:53.621+0000] {dagbag.py:545} INFO - Filling up the DagBag from /opt/airflow/dags/postgres-airflow-ingestion-dag.py
[2026-04-01T08:28:53.752+0000] {processor.py:840} INFO - DAG(s) 'spark_streaming_pipeline' retrieved from /opt/airflow/dags/postgres-airflow-ingestion-dag.py
[2026-04-01T08:28:53.797+0000] {logging_mixin.py:188} INFO - [2026-04-01T08:28:53.797+0000] {dag.py:3089} INFO - Sync 1 DAGs
[2026-04-01T08:28:53.822+0000] {logging_mixin.py:188} INFO - [2026-04-01T08:28:53.821+0000] {dag.py:3947} INFO - Setting next_dagrun for spark_streaming_pipeline to None, run_after=None
[2026-04-01T08:28:53.876+0000] {processor.py:183} INFO - Processing /opt/airflow/dags/postgres-airflow-ingestion-dag.py took 0.283 seconds
[2026-04-01T08:29:24.097+0000] {processor.py:161} INFO - Started process (PID=2808) to work on /opt/airflow/dags/postgres-airflow-ingestion-dag.py
[2026-04-01T08:29:24.099+0000] {processor.py:830} INFO - Processing file /opt/airflow/dags/postgres-airflow-ingestion-dag.py for tasks to queue
[2026-04-01T08:29:24.104+0000] {logging_mixin.py:188} INFO - [2026-04-01T08:29:24.104+0000] {dagbag.py:545} INFO - Filling up the DagBag from /opt/airflow/dags/postgres-airflow-ingestion-dag.py
[2026-04-01T08:29:24.153+0000] {processor.py:840} INFO - DAG(s) 'spark_streaming_pipeline' retrieved from /opt/airflow/dags/postgres-airflow-ingestion-dag.py
[2026-04-01T08:29:24.226+0000] {logging_mixin.py:188} INFO - [2026-04-01T08:29:24.225+0000] {dag.py:3089} INFO - Sync 1 DAGs
[2026-04-01T08:29:24.263+0000] {logging_mixin.py:188} INFO - [2026-04-01T08:29:24.263+0000] {dag.py:3947} INFO - Setting next_dagrun for spark_streaming_pipeline to None, run_after=None
[2026-04-01T08:29:24.310+0000] {processor.py:183} INFO - Processing /opt/airflow/dags/postgres-airflow-ingestion-dag.py took 0.232 seconds
[2026-04-01T08:29:54.594+0000] {processor.py:161} INFO - Started process (PID=2833) to work on /opt/airflow/dags/postgres-airflow-ingestion-dag.py
[2026-04-01T08:29:54.596+0000] {processor.py:830} INFO - Processing file /opt/airflow/dags/postgres-airflow-ingestion-dag.py for tasks to queue
[2026-04-01T08:29:54.599+0000] {logging_mixin.py:188} INFO - [2026-04-01T08:29:54.598+0000] {dagbag.py:545} INFO - Filling up the DagBag from /opt/airflow/dags/postgres-airflow-ingestion-dag.py
[2026-04-01T08:29:54.641+0000] {processor.py:840} INFO - DAG(s) 'spark_streaming_pipeline' retrieved from /opt/airflow/dags/postgres-airflow-ingestion-dag.py
[2026-04-01T08:29:54.689+0000] {logging_mixin.py:188} INFO - [2026-04-01T08:29:54.688+0000] {dag.py:3089} INFO - Sync 1 DAGs
[2026-04-01T08:29:54.713+0000] {logging_mixin.py:188} INFO - [2026-04-01T08:29:54.713+0000] {dag.py:3947} INFO - Setting next_dagrun for spark_streaming_pipeline to None, run_after=None
[2026-04-01T08:29:54.748+0000] {processor.py:183} INFO - Processing /opt/airflow/dags/postgres-airflow-ingestion-dag.py took 0.164 seconds
[2026-04-01T08:30:25.021+0000] {processor.py:161} INFO - Started process (PID=2858) to work on /opt/airflow/dags/postgres-airflow-ingestion-dag.py
[2026-04-01T08:30:25.023+0000] {processor.py:830} INFO - Processing file /opt/airflow/dags/postgres-airflow-ingestion-dag.py for tasks to queue
[2026-04-01T08:30:25.027+0000] {logging_mixin.py:188} INFO - [2026-04-01T08:30:25.027+0000] {dagbag.py:545} INFO - Filling up the DagBag from /opt/airflow/dags/postgres-airflow-ingestion-dag.py
[2026-04-01T08:30:25.078+0000] {processor.py:840} INFO - DAG(s) 'spark_streaming_pipeline' retrieved from /opt/airflow/dags/postgres-airflow-ingestion-dag.py
[2026-04-01T08:30:25.120+0000] {logging_mixin.py:188} INFO - [2026-04-01T08:30:25.120+0000] {dag.py:3089} INFO - Sync 1 DAGs
[2026-04-01T08:30:25.141+0000] {logging_mixin.py:188} INFO - [2026-04-01T08:30:25.141+0000] {dag.py:3947} INFO - Setting next_dagrun for spark_streaming_pipeline to None, run_after=None
[2026-04-01T08:30:25.176+0000] {processor.py:183} INFO - Processing /opt/airflow/dags/postgres-airflow-ingestion-dag.py took 0.169 seconds
[2026-04-01T08:30:55.483+0000] {processor.py:161} INFO - Started process (PID=2883) to work on /opt/airflow/dags/postgres-airflow-ingestion-dag.py
[2026-04-01T08:30:55.485+0000] {processor.py:830} INFO - Processing file /opt/airflow/dags/postgres-airflow-ingestion-dag.py for tasks to queue
[2026-04-01T08:30:55.490+0000] {logging_mixin.py:188} INFO - [2026-04-01T08:30:55.490+0000] {dagbag.py:545} INFO - Filling up the DagBag from /opt/airflow/dags/postgres-airflow-ingestion-dag.py
[2026-04-01T08:30:55.538+0000] {processor.py:840} INFO - DAG(s) 'spark_streaming_pipeline' retrieved from /opt/airflow/dags/postgres-airflow-ingestion-dag.py
[2026-04-01T08:30:55.581+0000] {logging_mixin.py:188} INFO - [2026-04-01T08:30:55.581+0000] {dag.py:3089} INFO - Sync 1 DAGs
[2026-04-01T08:30:55.615+0000] {logging_mixin.py:188} INFO - [2026-04-01T08:30:55.614+0000] {dag.py:3947} INFO - Setting next_dagrun for spark_streaming_pipeline to None, run_after=None
[2026-04-01T08:30:55.684+0000] {processor.py:183} INFO - Processing /opt/airflow/dags/postgres-airflow-ingestion-dag.py took 0.213 seconds
[2026-04-01T08:31:25.827+0000] {processor.py:161} INFO - Started process (PID=2908) to work on /opt/airflow/dags/postgres-airflow-ingestion-dag.py
[2026-04-01T08:31:25.829+0000] {processor.py:830} INFO - Processing file /opt/airflow/dags/postgres-airflow-ingestion-dag.py for tasks to queue
[2026-04-01T08:31:25.833+0000] {logging_mixin.py:188} INFO - [2026-04-01T08:31:25.832+0000] {dagbag.py:545} INFO - Filling up the DagBag from /opt/airflow/dags/postgres-airflow-ingestion-dag.py
[2026-04-01T08:31:25.881+0000] {processor.py:840} INFO - DAG(s) 'spark_streaming_pipeline' retrieved from /opt/airflow/dags/postgres-airflow-ingestion-dag.py
[2026-04-01T08:31:25.925+0000] {logging_mixin.py:188} INFO - [2026-04-01T08:31:25.924+0000] {dag.py:3089} INFO - Sync 1 DAGs
[2026-04-01T08:31:25.949+0000] {logging_mixin.py:188} INFO - [2026-04-01T08:31:25.949+0000] {dag.py:3947} INFO - Setting next_dagrun for spark_streaming_pipeline to None, run_after=None
[2026-04-01T08:31:26.011+0000] {processor.py:183} INFO - Processing /opt/airflow/dags/postgres-airflow-ingestion-dag.py took 0.196 seconds
[2026-04-01T08:31:56.343+0000] {processor.py:161} INFO - Started process (PID=2933) to work on /opt/airflow/dags/postgres-airflow-ingestion-dag.py
[2026-04-01T08:31:56.345+0000] {processor.py:830} INFO - Processing file /opt/airflow/dags/postgres-airflow-ingestion-dag.py for tasks to queue
[2026-04-01T08:31:56.348+0000] {logging_mixin.py:188} INFO - [2026-04-01T08:31:56.348+0000] {dagbag.py:545} INFO - Filling up the DagBag from /opt/airflow/dags/postgres-airflow-ingestion-dag.py
[2026-04-01T08:31:56.391+0000] {processor.py:840} INFO - DAG(s) 'spark_streaming_pipeline' retrieved from /opt/airflow/dags/postgres-airflow-ingestion-dag.py
[2026-04-01T08:31:56.436+0000] {logging_mixin.py:188} INFO - [2026-04-01T08:31:56.435+0000] {dag.py:3089} INFO - Sync 1 DAGs
[2026-04-01T08:31:56.457+0000] {logging_mixin.py:188} INFO - [2026-04-01T08:31:56.457+0000] {dag.py:3947} INFO - Setting next_dagrun for spark_streaming_pipeline to None, run_after=None
[2026-04-01T08:31:56.512+0000] {processor.py:183} INFO - Processing /opt/airflow/dags/postgres-airflow-ingestion-dag.py took 0.179 seconds
[2026-04-01T08:32:26.643+0000] {processor.py:161} INFO - Started process (PID=2958) to work on /opt/airflow/dags/postgres-airflow-ingestion-dag.py
[2026-04-01T08:32:26.645+0000] {processor.py:830} INFO - Processing file /opt/airflow/dags/postgres-airflow-ingestion-dag.py for tasks to queue
[2026-04-01T08:32:26.653+0000] {logging_mixin.py:188} INFO - [2026-04-01T08:32:26.652+0000] {dagbag.py:545} INFO - Filling up the DagBag from /opt/airflow/dags/postgres-airflow-ingestion-dag.py
[2026-04-01T08:32:26.718+0000] {processor.py:840} INFO - DAG(s) 'spark_streaming_pipeline' retrieved from /opt/airflow/dags/postgres-airflow-ingestion-dag.py
[2026-04-01T08:32:26.795+0000] {logging_mixin.py:188} INFO - [2026-04-01T08:32:26.795+0000] {dag.py:3089} INFO - Sync 1 DAGs
[2026-04-01T08:32:26.833+0000] {logging_mixin.py:188} INFO - [2026-04-01T08:32:26.832+0000] {dag.py:3947} INFO - Setting next_dagrun for spark_streaming_pipeline to None, run_after=None
[2026-04-01T08:32:26.877+0000] {processor.py:183} INFO - Processing /opt/airflow/dags/postgres-airflow-ingestion-dag.py took 0.251 seconds
[2026-04-01T08:32:57.108+0000] {processor.py:161} INFO - Started process (PID=2983) to work on /opt/airflow/dags/postgres-airflow-ingestion-dag.py
[2026-04-01T08:32:57.111+0000] {processor.py:830} INFO - Processing file /opt/airflow/dags/postgres-airflow-ingestion-dag.py for tasks to queue
[2026-04-01T08:32:57.116+0000] {logging_mixin.py:188} INFO - [2026-04-01T08:32:57.115+0000] {dagbag.py:545} INFO - Filling up the DagBag from /opt/airflow/dags/postgres-airflow-ingestion-dag.py
[2026-04-01T08:32:57.176+0000] {processor.py:840} INFO - DAG(s) 'spark_streaming_pipeline' retrieved from /opt/airflow/dags/postgres-airflow-ingestion-dag.py
[2026-04-01T08:32:57.236+0000] {logging_mixin.py:188} INFO - [2026-04-01T08:32:57.236+0000] {dag.py:3089} INFO - Sync 1 DAGs
[2026-04-01T08:32:57.264+0000] {logging_mixin.py:188} INFO - [2026-04-01T08:32:57.264+0000] {dag.py:3947} INFO - Setting next_dagrun for spark_streaming_pipeline to None, run_after=None
[2026-04-01T08:32:57.324+0000] {processor.py:183} INFO - Processing /opt/airflow/dags/postgres-airflow-ingestion-dag.py took 0.232 seconds
[2026-04-01T08:33:27.702+0000] {processor.py:161} INFO - Started process (PID=3008) to work on /opt/airflow/dags/postgres-airflow-ingestion-dag.py
[2026-04-01T08:33:27.704+0000] {processor.py:830} INFO - Processing file /opt/airflow/dags/postgres-airflow-ingestion-dag.py for tasks to queue
[2026-04-01T08:33:27.709+0000] {logging_mixin.py:188} INFO - [2026-04-01T08:33:27.709+0000] {dagbag.py:545} INFO - Filling up the DagBag from /opt/airflow/dags/postgres-airflow-ingestion-dag.py
[2026-04-01T08:33:27.771+0000] {processor.py:840} INFO - DAG(s) 'spark_streaming_pipeline' retrieved from /opt/airflow/dags/postgres-airflow-ingestion-dag.py
[2026-04-01T08:33:27.829+0000] {logging_mixin.py:188} INFO - [2026-04-01T08:33:27.829+0000] {dag.py:3089} INFO - Sync 1 DAGs
[2026-04-01T08:33:27.850+0000] {logging_mixin.py:188} INFO - [2026-04-01T08:33:27.849+0000] {dag.py:3947} INFO - Setting next_dagrun for spark_streaming_pipeline to None, run_after=None
[2026-04-01T08:33:27.926+0000] {processor.py:183} INFO - Processing /opt/airflow/dags/postgres-airflow-ingestion-dag.py took 0.241 seconds
[2026-04-01T08:33:58.397+0000] {processor.py:161} INFO - Started process (PID=3033) to work on /opt/airflow/dags/postgres-airflow-ingestion-dag.py
[2026-04-01T08:33:58.399+0000] {processor.py:830} INFO - Processing file /opt/airflow/dags/postgres-airflow-ingestion-dag.py for tasks to queue
[2026-04-01T08:33:58.403+0000] {logging_mixin.py:188} INFO - [2026-04-01T08:33:58.403+0000] {dagbag.py:545} INFO - Filling up the DagBag from /opt/airflow/dags/postgres-airflow-ingestion-dag.py
[2026-04-01T08:33:58.460+0000] {processor.py:840} INFO - DAG(s) 'spark_streaming_pipeline' retrieved from /opt/airflow/dags/postgres-airflow-ingestion-dag.py
[2026-04-01T08:33:58.518+0000] {logging_mixin.py:188} INFO - [2026-04-01T08:33:58.518+0000] {dag.py:3089} INFO - Sync 1 DAGs
[2026-04-01T08:33:58.542+0000] {logging_mixin.py:188} INFO - [2026-04-01T08:33:58.542+0000] {dag.py:3947} INFO - Setting next_dagrun for spark_streaming_pipeline to None, run_after=None
[2026-04-01T08:33:58.605+0000] {processor.py:183} INFO - Processing /opt/airflow/dags/postgres-airflow-ingestion-dag.py took 0.222 seconds
[2026-04-01T08:34:28.884+0000] {processor.py:161} INFO - Started process (PID=3058) to work on /opt/airflow/dags/postgres-airflow-ingestion-dag.py
[2026-04-01T08:34:28.886+0000] {processor.py:830} INFO - Processing file /opt/airflow/dags/postgres-airflow-ingestion-dag.py for tasks to queue
[2026-04-01T08:34:28.890+0000] {logging_mixin.py:188} INFO - [2026-04-01T08:34:28.890+0000] {dagbag.py:545} INFO - Filling up the DagBag from /opt/airflow/dags/postgres-airflow-ingestion-dag.py
[2026-04-01T08:34:28.933+0000] {processor.py:840} INFO - DAG(s) 'spark_streaming_pipeline' retrieved from /opt/airflow/dags/postgres-airflow-ingestion-dag.py
[2026-04-01T08:34:28.977+0000] {logging_mixin.py:188} INFO - [2026-04-01T08:34:28.977+0000] {dag.py:3089} INFO - Sync 1 DAGs
[2026-04-01T08:34:29.000+0000] {logging_mixin.py:188} INFO - [2026-04-01T08:34:29.000+0000] {dag.py:3947} INFO - Setting next_dagrun for spark_streaming_pipeline to None, run_after=None
[2026-04-01T08:34:29.037+0000] {processor.py:183} INFO - Processing /opt/airflow/dags/postgres-airflow-ingestion-dag.py took 0.169 seconds
[2026-04-01T08:34:59.214+0000] {processor.py:161} INFO - Started process (PID=3083) to work on /opt/airflow/dags/postgres-airflow-ingestion-dag.py
[2026-04-01T08:34:59.216+0000] {processor.py:830} INFO - Processing file /opt/airflow/dags/postgres-airflow-ingestion-dag.py for tasks to queue
[2026-04-01T08:34:59.219+0000] {logging_mixin.py:188} INFO - [2026-04-01T08:34:59.219+0000] {dagbag.py:545} INFO - Filling up the DagBag from /opt/airflow/dags/postgres-airflow-ingestion-dag.py
[2026-04-01T08:34:59.264+0000] {processor.py:840} INFO - DAG(s) 'spark_streaming_pipeline' retrieved from /opt/airflow/dags/postgres-airflow-ingestion-dag.py
[2026-04-01T08:34:59.309+0000] {logging_mixin.py:188} INFO - [2026-04-01T08:34:59.308+0000] {dag.py:3089} INFO - Sync 1 DAGs
[2026-04-01T08:34:59.333+0000] {logging_mixin.py:188} INFO - [2026-04-01T08:34:59.333+0000] {dag.py:3947} INFO - Setting next_dagrun for spark_streaming_pipeline to None, run_after=None
[2026-04-01T08:34:59.401+0000] {processor.py:183} INFO - Processing /opt/airflow/dags/postgres-airflow-ingestion-dag.py took 0.197 seconds
[2026-04-01T08:35:29.659+0000] {processor.py:161} INFO - Started process (PID=3108) to work on /opt/airflow/dags/postgres-airflow-ingestion-dag.py
[2026-04-01T08:35:29.662+0000] {processor.py:830} INFO - Processing file /opt/airflow/dags/postgres-airflow-ingestion-dag.py for tasks to queue
[2026-04-01T08:35:29.667+0000] {logging_mixin.py:188} INFO - [2026-04-01T08:35:29.666+0000] {dagbag.py:545} INFO - Filling up the DagBag from /opt/airflow/dags/postgres-airflow-ingestion-dag.py
[2026-04-01T08:35:29.736+0000] {processor.py:840} INFO - DAG(s) 'spark_streaming_pipeline' retrieved from /opt/airflow/dags/postgres-airflow-ingestion-dag.py
[2026-04-01T08:35:29.782+0000] {logging_mixin.py:188} INFO - [2026-04-01T08:35:29.782+0000] {dag.py:3089} INFO - Sync 1 DAGs
[2026-04-01T08:35:29.805+0000] {logging_mixin.py:188} INFO - [2026-04-01T08:35:29.804+0000] {dag.py:3947} INFO - Setting next_dagrun for spark_streaming_pipeline to None, run_after=None
[2026-04-01T08:35:29.849+0000] {processor.py:183} INFO - Processing /opt/airflow/dags/postgres-airflow-ingestion-dag.py took 0.210 seconds
[2026-04-01T08:36:00.142+0000] {processor.py:161} INFO - Started process (PID=3133) to work on /opt/airflow/dags/postgres-airflow-ingestion-dag.py
[2026-04-01T08:36:00.146+0000] {processor.py:830} INFO - Processing file /opt/airflow/dags/postgres-airflow-ingestion-dag.py for tasks to queue
[2026-04-01T08:36:00.157+0000] {logging_mixin.py:188} INFO - [2026-04-01T08:36:00.155+0000] {dagbag.py:545} INFO - Filling up the DagBag from /opt/airflow/dags/postgres-airflow-ingestion-dag.py
[2026-04-01T08:36:00.208+0000] {processor.py:840} INFO - DAG(s) 'spark_streaming_pipeline' retrieved from /opt/airflow/dags/postgres-airflow-ingestion-dag.py
[2026-04-01T08:36:00.284+0000] {logging_mixin.py:188} INFO - [2026-04-01T08:36:00.284+0000] {dag.py:3089} INFO - Sync 1 DAGs
[2026-04-01T08:36:00.324+0000] {logging_mixin.py:188} INFO - [2026-04-01T08:36:00.323+0000] {dag.py:3947} INFO - Setting next_dagrun for spark_streaming_pipeline to None, run_after=None
[2026-04-01T08:36:00.389+0000] {processor.py:183} INFO - Processing /opt/airflow/dags/postgres-airflow-ingestion-dag.py took 0.271 seconds
[2026-04-01T08:36:30.817+0000] {processor.py:161} INFO - Started process (PID=3158) to work on /opt/airflow/dags/postgres-airflow-ingestion-dag.py
[2026-04-01T08:36:30.819+0000] {processor.py:830} INFO - Processing file /opt/airflow/dags/postgres-airflow-ingestion-dag.py for tasks to queue
[2026-04-01T08:36:30.822+0000] {logging_mixin.py:188} INFO - [2026-04-01T08:36:30.821+0000] {dagbag.py:545} INFO - Filling up the DagBag from /opt/airflow/dags/postgres-airflow-ingestion-dag.py
[2026-04-01T08:36:30.867+0000] {processor.py:840} INFO - DAG(s) 'spark_streaming_pipeline' retrieved from /opt/airflow/dags/postgres-airflow-ingestion-dag.py
[2026-04-01T08:36:30.907+0000] {logging_mixin.py:188} INFO - [2026-04-01T08:36:30.907+0000] {dag.py:3089} INFO - Sync 1 DAGs
[2026-04-01T08:36:30.927+0000] {logging_mixin.py:188} INFO - [2026-04-01T08:36:30.927+0000] {dag.py:3947} INFO - Setting next_dagrun for spark_streaming_pipeline to None, run_after=None
[2026-04-01T08:36:30.963+0000] {processor.py:183} INFO - Processing /opt/airflow/dags/postgres-airflow-ingestion-dag.py took 0.156 seconds
[2026-04-01T08:37:01.158+0000] {processor.py:161} INFO - Started process (PID=3183) to work on /opt/airflow/dags/postgres-airflow-ingestion-dag.py
[2026-04-01T08:37:01.160+0000] {processor.py:830} INFO - Processing file /opt/airflow/dags/postgres-airflow-ingestion-dag.py for tasks to queue
[2026-04-01T08:37:01.164+0000] {logging_mixin.py:188} INFO - [2026-04-01T08:37:01.163+0000] {dagbag.py:545} INFO - Filling up the DagBag from /opt/airflow/dags/postgres-airflow-ingestion-dag.py
[2026-04-01T08:37:01.209+0000] {processor.py:840} INFO - DAG(s) 'spark_streaming_pipeline' retrieved from /opt/airflow/dags/postgres-airflow-ingestion-dag.py
[2026-04-01T08:37:01.255+0000] {logging_mixin.py:188} INFO - [2026-04-01T08:37:01.255+0000] {dag.py:3089} INFO - Sync 1 DAGs
[2026-04-01T08:37:01.291+0000] {logging_mixin.py:188} INFO - [2026-04-01T08:37:01.290+0000] {dag.py:3947} INFO - Setting next_dagrun for spark_streaming_pipeline to None, run_after=None
[2026-04-01T08:37:01.369+0000] {processor.py:183} INFO - Processing /opt/airflow/dags/postgres-airflow-ingestion-dag.py took 0.225 seconds
[2026-04-01T08:37:31.744+0000] {processor.py:161} INFO - Started process (PID=3208) to work on /opt/airflow/dags/postgres-airflow-ingestion-dag.py
[2026-04-01T08:37:31.746+0000] {processor.py:830} INFO - Processing file /opt/airflow/dags/postgres-airflow-ingestion-dag.py for tasks to queue
[2026-04-01T08:37:31.750+0000] {logging_mixin.py:188} INFO - [2026-04-01T08:37:31.749+0000] {dagbag.py:545} INFO - Filling up the DagBag from /opt/airflow/dags/postgres-airflow-ingestion-dag.py
[2026-04-01T08:37:31.794+0000] {processor.py:840} INFO - DAG(s) 'spark_streaming_pipeline' retrieved from /opt/airflow/dags/postgres-airflow-ingestion-dag.py
[2026-04-01T08:37:31.842+0000] {logging_mixin.py:188} INFO - [2026-04-01T08:37:31.841+0000] {dag.py:3089} INFO - Sync 1 DAGs
[2026-04-01T08:37:31.867+0000] {logging_mixin.py:188} INFO - [2026-04-01T08:37:31.867+0000] {dag.py:3947} INFO - Setting next_dagrun for spark_streaming_pipeline to None, run_after=None
[2026-04-01T08:37:31.933+0000] {processor.py:183} INFO - Processing /opt/airflow/dags/postgres-airflow-ingestion-dag.py took 0.205 seconds
[2026-04-01T08:38:02.393+0000] {processor.py:161} INFO - Started process (PID=3233) to work on /opt/airflow/dags/postgres-airflow-ingestion-dag.py
[2026-04-01T08:38:02.396+0000] {processor.py:830} INFO - Processing file /opt/airflow/dags/postgres-airflow-ingestion-dag.py for tasks to queue
[2026-04-01T08:38:02.400+0000] {logging_mixin.py:188} INFO - [2026-04-01T08:38:02.399+0000] {dagbag.py:545} INFO - Filling up the DagBag from /opt/airflow/dags/postgres-airflow-ingestion-dag.py
[2026-04-01T08:38:02.449+0000] {processor.py:840} INFO - DAG(s) 'spark_streaming_pipeline' retrieved from /opt/airflow/dags/postgres-airflow-ingestion-dag.py
[2026-04-01T08:38:02.487+0000] {logging_mixin.py:188} INFO - [2026-04-01T08:38:02.486+0000] {dag.py:3089} INFO - Sync 1 DAGs
[2026-04-01T08:38:02.505+0000] {logging_mixin.py:188} INFO - [2026-04-01T08:38:02.505+0000] {dag.py:3947} INFO - Setting next_dagrun for spark_streaming_pipeline to None, run_after=None
[2026-04-01T08:38:02.547+0000] {processor.py:183} INFO - Processing /opt/airflow/dags/postgres-airflow-ingestion-dag.py took 0.168 seconds
[2026-04-01T08:38:32.662+0000] {processor.py:161} INFO - Started process (PID=3258) to work on /opt/airflow/dags/postgres-airflow-ingestion-dag.py
[2026-04-01T08:38:32.665+0000] {processor.py:830} INFO - Processing file /opt/airflow/dags/postgres-airflow-ingestion-dag.py for tasks to queue
[2026-04-01T08:38:32.669+0000] {logging_mixin.py:188} INFO - [2026-04-01T08:38:32.668+0000] {dagbag.py:545} INFO - Filling up the DagBag from /opt/airflow/dags/postgres-airflow-ingestion-dag.py
[2026-04-01T08:38:32.720+0000] {processor.py:840} INFO - DAG(s) 'spark_streaming_pipeline' retrieved from /opt/airflow/dags/postgres-airflow-ingestion-dag.py
[2026-04-01T08:38:32.773+0000] {logging_mixin.py:188} INFO - [2026-04-01T08:38:32.772+0000] {dag.py:3089} INFO - Sync 1 DAGs
[2026-04-01T08:38:32.800+0000] {logging_mixin.py:188} INFO - [2026-04-01T08:38:32.800+0000] {dag.py:3947} INFO - Setting next_dagrun for spark_streaming_pipeline to None, run_after=None
[2026-04-01T08:38:32.865+0000] {processor.py:183} INFO - Processing /opt/airflow/dags/postgres-airflow-ingestion-dag.py took 0.217 seconds
[2026-04-01T08:39:03.101+0000] {processor.py:161} INFO - Started process (PID=3283) to work on /opt/airflow/dags/postgres-airflow-ingestion-dag.py
[2026-04-01T08:39:03.104+0000] {processor.py:830} INFO - Processing file /opt/airflow/dags/postgres-airflow-ingestion-dag.py for tasks to queue
[2026-04-01T08:39:03.107+0000] {logging_mixin.py:188} INFO - [2026-04-01T08:39:03.107+0000] {dagbag.py:545} INFO - Filling up the DagBag from /opt/airflow/dags/postgres-airflow-ingestion-dag.py
[2026-04-01T08:39:03.150+0000] {processor.py:840} INFO - DAG(s) 'spark_streaming_pipeline' retrieved from /opt/airflow/dags/postgres-airflow-ingestion-dag.py
[2026-04-01T08:39:03.191+0000] {logging_mixin.py:188} INFO - [2026-04-01T08:39:03.191+0000] {dag.py:3089} INFO - Sync 1 DAGs
[2026-04-01T08:39:03.213+0000] {logging_mixin.py:188} INFO - [2026-04-01T08:39:03.212+0000] {dag.py:3947} INFO - Setting next_dagrun for spark_streaming_pipeline to None, run_after=None
[2026-04-01T08:39:03.268+0000] {processor.py:183} INFO - Processing /opt/airflow/dags/postgres-airflow-ingestion-dag.py took 0.176 seconds
[2026-04-01T08:39:33.572+0000] {processor.py:161} INFO - Started process (PID=3308) to work on /opt/airflow/dags/postgres-airflow-ingestion-dag.py
[2026-04-01T08:39:33.574+0000] {processor.py:830} INFO - Processing file /opt/airflow/dags/postgres-airflow-ingestion-dag.py for tasks to queue
[2026-04-01T08:39:33.579+0000] {logging_mixin.py:188} INFO - [2026-04-01T08:39:33.578+0000] {dagbag.py:545} INFO - Filling up the DagBag from /opt/airflow/dags/postgres-airflow-ingestion-dag.py
[2026-04-01T08:39:33.631+0000] {processor.py:840} INFO - DAG(s) 'spark_streaming_pipeline' retrieved from /opt/airflow/dags/postgres-airflow-ingestion-dag.py
[2026-04-01T08:39:33.690+0000] {logging_mixin.py:188} INFO - [2026-04-01T08:39:33.689+0000] {dag.py:3089} INFO - Sync 1 DAGs
[2026-04-01T08:39:33.711+0000] {logging_mixin.py:188} INFO - [2026-04-01T08:39:33.710+0000] {dag.py:3947} INFO - Setting next_dagrun for spark_streaming_pipeline to None, run_after=None
[2026-04-01T08:39:33.771+0000] {processor.py:183} INFO - Processing /opt/airflow/dags/postgres-airflow-ingestion-dag.py took 0.214 seconds
[2026-04-01T08:40:03.968+0000] {processor.py:161} INFO - Started process (PID=3333) to work on /opt/airflow/dags/postgres-airflow-ingestion-dag.py
[2026-04-01T08:40:03.970+0000] {processor.py:830} INFO - Processing file /opt/airflow/dags/postgres-airflow-ingestion-dag.py for tasks to queue
[2026-04-01T08:40:03.974+0000] {logging_mixin.py:188} INFO - [2026-04-01T08:40:03.973+0000] {dagbag.py:545} INFO - Filling up the DagBag from /opt/airflow/dags/postgres-airflow-ingestion-dag.py
[2026-04-01T08:40:04.017+0000] {processor.py:840} INFO - DAG(s) 'spark_streaming_pipeline' retrieved from /opt/airflow/dags/postgres-airflow-ingestion-dag.py
[2026-04-01T08:40:04.060+0000] {logging_mixin.py:188} INFO - [2026-04-01T08:40:04.060+0000] {dag.py:3089} INFO - Sync 1 DAGs
[2026-04-01T08:40:04.083+0000] {logging_mixin.py:188} INFO - [2026-04-01T08:40:04.082+0000] {dag.py:3947} INFO - Setting next_dagrun for spark_streaming_pipeline to None, run_after=None
[2026-04-01T08:40:04.136+0000] {processor.py:183} INFO - Processing /opt/airflow/dags/postgres-airflow-ingestion-dag.py took 0.180 seconds
[2026-04-01T08:40:34.336+0000] {processor.py:161} INFO - Started process (PID=3358) to work on /opt/airflow/dags/postgres-airflow-ingestion-dag.py
[2026-04-01T08:40:34.338+0000] {processor.py:830} INFO - Processing file /opt/airflow/dags/postgres-airflow-ingestion-dag.py for tasks to queue
[2026-04-01T08:40:34.342+0000] {logging_mixin.py:188} INFO - [2026-04-01T08:40:34.341+0000] {dagbag.py:545} INFO - Filling up the DagBag from /opt/airflow/dags/postgres-airflow-ingestion-dag.py
[2026-04-01T08:40:34.390+0000] {processor.py:840} INFO - DAG(s) 'spark_streaming_pipeline' retrieved from /opt/airflow/dags/postgres-airflow-ingestion-dag.py
[2026-04-01T08:40:34.436+0000] {logging_mixin.py:188} INFO - [2026-04-01T08:40:34.435+0000] {dag.py:3089} INFO - Sync 1 DAGs
[2026-04-01T08:40:34.455+0000] {logging_mixin.py:188} INFO - [2026-04-01T08:40:34.454+0000] {dag.py:3947} INFO - Setting next_dagrun for spark_streaming_pipeline to None, run_after=None
[2026-04-01T08:40:34.488+0000] {processor.py:183} INFO - Processing /opt/airflow/dags/postgres-airflow-ingestion-dag.py took 0.163 seconds
[2026-04-01T08:41:05.070+0000] {processor.py:161} INFO - Started process (PID=3383) to work on /opt/airflow/dags/postgres-airflow-ingestion-dag.py
[2026-04-01T08:41:05.072+0000] {processor.py:830} INFO - Processing file /opt/airflow/dags/postgres-airflow-ingestion-dag.py for tasks to queue
[2026-04-01T08:41:05.075+0000] {logging_mixin.py:188} INFO - [2026-04-01T08:41:05.075+0000] {dagbag.py:545} INFO - Filling up the DagBag from /opt/airflow/dags/postgres-airflow-ingestion-dag.py
[2026-04-01T08:41:05.115+0000] {processor.py:840} INFO - DAG(s) 'spark_streaming_pipeline' retrieved from /opt/airflow/dags/postgres-airflow-ingestion-dag.py
[2026-04-01T08:41:05.159+0000] {logging_mixin.py:188} INFO - [2026-04-01T08:41:05.158+0000] {dag.py:3089} INFO - Sync 1 DAGs
[2026-04-01T08:41:05.183+0000] {logging_mixin.py:188} INFO - [2026-04-01T08:41:05.183+0000] {dag.py:3947} INFO - Setting next_dagrun for spark_streaming_pipeline to None, run_after=None
[2026-04-01T08:41:05.221+0000] {processor.py:183} INFO - Processing /opt/airflow/dags/postgres-airflow-ingestion-dag.py took 0.162 seconds
[2026-04-01T08:41:35.473+0000] {processor.py:161} INFO - Started process (PID=3408) to work on /opt/airflow/dags/postgres-airflow-ingestion-dag.py
[2026-04-01T08:41:35.475+0000] {processor.py:830} INFO - Processing file /opt/airflow/dags/postgres-airflow-ingestion-dag.py for tasks to queue
[2026-04-01T08:41:35.478+0000] {logging_mixin.py:188} INFO - [2026-04-01T08:41:35.477+0000] {dagbag.py:545} INFO - Filling up the DagBag from /opt/airflow/dags/postgres-airflow-ingestion-dag.py
[2026-04-01T08:41:35.539+0000] {processor.py:840} INFO - DAG(s) 'spark_streaming_pipeline' retrieved from /opt/airflow/dags/postgres-airflow-ingestion-dag.py
[2026-04-01T08:41:35.594+0000] {logging_mixin.py:188} INFO - [2026-04-01T08:41:35.594+0000] {dag.py:3089} INFO - Sync 1 DAGs
[2026-04-01T08:41:35.630+0000] {logging_mixin.py:188} INFO - [2026-04-01T08:41:35.629+0000] {dag.py:3947} INFO - Setting next_dagrun for spark_streaming_pipeline to None, run_after=None
[2026-04-01T08:41:35.674+0000] {processor.py:183} INFO - Processing /opt/airflow/dags/postgres-airflow-ingestion-dag.py took 0.212 seconds
[2026-04-01T08:42:05.831+0000] {processor.py:161} INFO - Started process (PID=3433) to work on /opt/airflow/dags/postgres-airflow-ingestion-dag.py
[2026-04-01T08:42:05.833+0000] {processor.py:830} INFO - Processing file /opt/airflow/dags/postgres-airflow-ingestion-dag.py for tasks to queue
[2026-04-01T08:42:05.836+0000] {logging_mixin.py:188} INFO - [2026-04-01T08:42:05.835+0000] {dagbag.py:545} INFO - Filling up the DagBag from /opt/airflow/dags/postgres-airflow-ingestion-dag.py
[2026-04-01T08:42:05.878+0000] {processor.py:840} INFO - DAG(s) 'spark_streaming_pipeline' retrieved from /opt/airflow/dags/postgres-airflow-ingestion-dag.py
[2026-04-01T08:42:05.922+0000] {logging_mixin.py:188} INFO - [2026-04-01T08:42:05.922+0000] {dag.py:3089} INFO - Sync 1 DAGs
[2026-04-01T08:42:05.950+0000] {logging_mixin.py:188} INFO - [2026-04-01T08:42:05.950+0000] {dag.py:3947} INFO - Setting next_dagrun for spark_streaming_pipeline to None, run_after=None
[2026-04-01T08:42:06.015+0000] {processor.py:183} INFO - Processing /opt/airflow/dags/postgres-airflow-ingestion-dag.py took 0.194 seconds
[2026-04-01T08:42:36.271+0000] {processor.py:161} INFO - Started process (PID=3458) to work on /opt/airflow/dags/postgres-airflow-ingestion-dag.py
[2026-04-01T08:42:36.273+0000] {processor.py:830} INFO - Processing file /opt/airflow/dags/postgres-airflow-ingestion-dag.py for tasks to queue
[2026-04-01T08:42:36.276+0000] {logging_mixin.py:188} INFO - [2026-04-01T08:42:36.275+0000] {dagbag.py:545} INFO - Filling up the DagBag from /opt/airflow/dags/postgres-airflow-ingestion-dag.py
[2026-04-01T08:42:36.328+0000] {processor.py:840} INFO - DAG(s) 'spark_streaming_pipeline' retrieved from /opt/airflow/dags/postgres-airflow-ingestion-dag.py
[2026-04-01T08:42:36.380+0000] {logging_mixin.py:188} INFO - [2026-04-01T08:42:36.380+0000] {dag.py:3089} INFO - Sync 1 DAGs
[2026-04-01T08:42:36.400+0000] {logging_mixin.py:188} INFO - [2026-04-01T08:42:36.400+0000] {dag.py:3947} INFO - Setting next_dagrun for spark_streaming_pipeline to None, run_after=None
[2026-04-01T08:42:36.441+0000] {processor.py:183} INFO - Processing /opt/airflow/dags/postgres-airflow-ingestion-dag.py took 0.182 seconds
[2026-04-01T08:43:07.355+0000] {processor.py:161} INFO - Started process (PID=3483) to work on /opt/airflow/dags/postgres-airflow-ingestion-dag.py
[2026-04-01T08:43:07.358+0000] {processor.py:830} INFO - Processing file /opt/airflow/dags/postgres-airflow-ingestion-dag.py for tasks to queue
[2026-04-01T08:43:07.363+0000] {logging_mixin.py:188} INFO - [2026-04-01T08:43:07.362+0000] {dagbag.py:545} INFO - Filling up the DagBag from /opt/airflow/dags/postgres-airflow-ingestion-dag.py
[2026-04-01T08:43:07.423+0000] {processor.py:840} INFO - DAG(s) 'spark_streaming_pipeline' retrieved from /opt/airflow/dags/postgres-airflow-ingestion-dag.py
[2026-04-01T08:43:07.480+0000] {logging_mixin.py:188} INFO - [2026-04-01T08:43:07.480+0000] {dag.py:3089} INFO - Sync 1 DAGs
[2026-04-01T08:43:07.510+0000] {logging_mixin.py:188} INFO - [2026-04-01T08:43:07.509+0000] {dag.py:3947} INFO - Setting next_dagrun for spark_streaming_pipeline to None, run_after=None
[2026-04-01T08:43:07.562+0000] {processor.py:183} INFO - Processing /opt/airflow/dags/postgres-airflow-ingestion-dag.py took 0.221 seconds
[2026-04-01T08:43:37.870+0000] {processor.py:161} INFO - Started process (PID=3508) to work on /opt/airflow/dags/postgres-airflow-ingestion-dag.py
[2026-04-01T08:43:37.873+0000] {processor.py:830} INFO - Processing file /opt/airflow/dags/postgres-airflow-ingestion-dag.py for tasks to queue
[2026-04-01T08:43:37.877+0000] {logging_mixin.py:188} INFO - [2026-04-01T08:43:37.876+0000] {dagbag.py:545} INFO - Filling up the DagBag from /opt/airflow/dags/postgres-airflow-ingestion-dag.py
[2026-04-01T08:43:37.920+0000] {processor.py:840} INFO - DAG(s) 'spark_streaming_pipeline' retrieved from /opt/airflow/dags/postgres-airflow-ingestion-dag.py
[2026-04-01T08:43:37.972+0000] {logging_mixin.py:188} INFO - [2026-04-01T08:43:37.971+0000] {dag.py:3089} INFO - Sync 1 DAGs
[2026-04-01T08:43:37.998+0000] {logging_mixin.py:188} INFO - [2026-04-01T08:43:37.997+0000] {dag.py:3947} INFO - Setting next_dagrun for spark_streaming_pipeline to None, run_after=None
[2026-04-01T08:43:38.065+0000] {processor.py:183} INFO - Processing /opt/airflow/dags/postgres-airflow-ingestion-dag.py took 0.208 seconds
[2026-04-01T08:44:08.517+0000] {processor.py:161} INFO - Started process (PID=3533) to work on /opt/airflow/dags/postgres-airflow-ingestion-dag.py
[2026-04-01T08:44:08.523+0000] {processor.py:830} INFO - Processing file /opt/airflow/dags/postgres-airflow-ingestion-dag.py for tasks to queue
[2026-04-01T08:44:08.533+0000] {logging_mixin.py:188} INFO - [2026-04-01T08:44:08.531+0000] {dagbag.py:545} INFO - Filling up the DagBag from /opt/airflow/dags/postgres-airflow-ingestion-dag.py
[2026-04-01T08:44:08.609+0000] {processor.py:840} INFO - DAG(s) 'spark_streaming_pipeline' retrieved from /opt/airflow/dags/postgres-airflow-ingestion-dag.py
[2026-04-01T08:44:08.669+0000] {logging_mixin.py:188} INFO - [2026-04-01T08:44:08.668+0000] {dag.py:3089} INFO - Sync 1 DAGs
[2026-04-01T08:44:08.711+0000] {logging_mixin.py:188} INFO - [2026-04-01T08:44:08.710+0000] {dag.py:3947} INFO - Setting next_dagrun for spark_streaming_pipeline to None, run_after=None
[2026-04-01T08:44:08.787+0000] {processor.py:183} INFO - Processing /opt/airflow/dags/postgres-airflow-ingestion-dag.py took 0.301 seconds
[2026-04-01T08:44:39.071+0000] {processor.py:161} INFO - Started process (PID=3558) to work on /opt/airflow/dags/postgres-airflow-ingestion-dag.py
[2026-04-01T08:44:39.073+0000] {processor.py:830} INFO - Processing file /opt/airflow/dags/postgres-airflow-ingestion-dag.py for tasks to queue
[2026-04-01T08:44:39.077+0000] {logging_mixin.py:188} INFO - [2026-04-01T08:44:39.077+0000] {dagbag.py:545} INFO - Filling up the DagBag from /opt/airflow/dags/postgres-airflow-ingestion-dag.py
[2026-04-01T08:44:39.129+0000] {processor.py:840} INFO - DAG(s) 'spark_streaming_pipeline' retrieved from /opt/airflow/dags/postgres-airflow-ingestion-dag.py
[2026-04-01T08:44:39.188+0000] {logging_mixin.py:188} INFO - [2026-04-01T08:44:39.188+0000] {dag.py:3089} INFO - Sync 1 DAGs
[2026-04-01T08:44:39.218+0000] {logging_mixin.py:188} INFO - [2026-04-01T08:44:39.217+0000] {dag.py:3947} INFO - Setting next_dagrun for spark_streaming_pipeline to None, run_after=None
[2026-04-01T08:44:39.276+0000] {processor.py:183} INFO - Processing /opt/airflow/dags/postgres-airflow-ingestion-dag.py took 0.218 seconds
[2026-04-01T08:45:09.552+0000] {processor.py:161} INFO - Started process (PID=3583) to work on /opt/airflow/dags/postgres-airflow-ingestion-dag.py
[2026-04-01T08:45:09.554+0000] {processor.py:830} INFO - Processing file /opt/airflow/dags/postgres-airflow-ingestion-dag.py for tasks to queue
[2026-04-01T08:45:09.557+0000] {logging_mixin.py:188} INFO - [2026-04-01T08:45:09.557+0000] {dagbag.py:545} INFO - Filling up the DagBag from /opt/airflow/dags/postgres-airflow-ingestion-dag.py
[2026-04-01T08:45:09.599+0000] {processor.py:840} INFO - DAG(s) 'spark_streaming_pipeline' retrieved from /opt/airflow/dags/postgres-airflow-ingestion-dag.py
[2026-04-01T08:45:09.647+0000] {logging_mixin.py:188} INFO - [2026-04-01T08:45:09.647+0000] {dag.py:3089} INFO - Sync 1 DAGs
[2026-04-01T08:45:09.672+0000] {logging_mixin.py:188} INFO - [2026-04-01T08:45:09.671+0000] {dag.py:3947} INFO - Setting next_dagrun for spark_streaming_pipeline to None, run_after=None
[2026-04-01T08:45:09.721+0000] {processor.py:183} INFO - Processing /opt/airflow/dags/postgres-airflow-ingestion-dag.py took 0.183 seconds
[2026-04-01T08:45:40.024+0000] {processor.py:161} INFO - Started process (PID=3608) to work on /opt/airflow/dags/postgres-airflow-ingestion-dag.py
[2026-04-01T08:45:40.027+0000] {processor.py:830} INFO - Processing file /opt/airflow/dags/postgres-airflow-ingestion-dag.py for tasks to queue
[2026-04-01T08:45:40.032+0000] {logging_mixin.py:188} INFO - [2026-04-01T08:45:40.032+0000] {dagbag.py:545} INFO - Filling up the DagBag from /opt/airflow/dags/postgres-airflow-ingestion-dag.py
[2026-04-01T08:45:40.089+0000] {processor.py:840} INFO - DAG(s) 'spark_streaming_pipeline' retrieved from /opt/airflow/dags/postgres-airflow-ingestion-dag.py
[2026-04-01T08:45:40.131+0000] {logging_mixin.py:188} INFO - [2026-04-01T08:45:40.131+0000] {dag.py:3089} INFO - Sync 1 DAGs
[2026-04-01T08:45:40.155+0000] {logging_mixin.py:188} INFO - [2026-04-01T08:45:40.154+0000] {dag.py:3947} INFO - Setting next_dagrun for spark_streaming_pipeline to None, run_after=None
[2026-04-01T08:45:40.203+0000] {processor.py:183} INFO - Processing /opt/airflow/dags/postgres-airflow-ingestion-dag.py took 0.195 seconds
[2026-04-01T08:46:10.728+0000] {processor.py:161} INFO - Started process (PID=3633) to work on /opt/airflow/dags/postgres-airflow-ingestion-dag.py
[2026-04-01T08:46:10.731+0000] {processor.py:830} INFO - Processing file /opt/airflow/dags/postgres-airflow-ingestion-dag.py for tasks to queue
[2026-04-01T08:46:10.734+0000] {logging_mixin.py:188} INFO - [2026-04-01T08:46:10.734+0000] {dagbag.py:545} INFO - Filling up the DagBag from /opt/airflow/dags/postgres-airflow-ingestion-dag.py
[2026-04-01T08:46:10.778+0000] {processor.py:840} INFO - DAG(s) 'spark_streaming_pipeline' retrieved from /opt/airflow/dags/postgres-airflow-ingestion-dag.py
[2026-04-01T08:46:10.825+0000] {logging_mixin.py:188} INFO - [2026-04-01T08:46:10.824+0000] {dag.py:3089} INFO - Sync 1 DAGs
[2026-04-01T08:46:10.851+0000] {logging_mixin.py:188} INFO - [2026-04-01T08:46:10.850+0000] {dag.py:3947} INFO - Setting next_dagrun for spark_streaming_pipeline to None, run_after=None
[2026-04-01T08:46:10.893+0000] {processor.py:183} INFO - Processing /opt/airflow/dags/postgres-airflow-ingestion-dag.py took 0.186 seconds
[2026-04-01T08:46:41.426+0000] {processor.py:161} INFO - Started process (PID=3658) to work on /opt/airflow/dags/postgres-airflow-ingestion-dag.py
[2026-04-01T08:46:41.430+0000] {processor.py:830} INFO - Processing file /opt/airflow/dags/postgres-airflow-ingestion-dag.py for tasks to queue
[2026-04-01T08:46:41.438+0000] {logging_mixin.py:188} INFO - [2026-04-01T08:46:41.437+0000] {dagbag.py:545} INFO - Filling up the DagBag from /opt/airflow/dags/postgres-airflow-ingestion-dag.py
[2026-04-01T08:46:41.524+0000] {processor.py:840} INFO - DAG(s) 'spark_streaming_pipeline' retrieved from /opt/airflow/dags/postgres-airflow-ingestion-dag.py
[2026-04-01T08:46:41.596+0000] {logging_mixin.py:188} INFO - [2026-04-01T08:46:41.595+0000] {dag.py:3089} INFO - Sync 1 DAGs
[2026-04-01T08:46:41.622+0000] {logging_mixin.py:188} INFO - [2026-04-01T08:46:41.622+0000] {dag.py:3947} INFO - Setting next_dagrun for spark_streaming_pipeline to None, run_after=None
[2026-04-01T08:46:41.656+0000] {processor.py:183} INFO - Processing /opt/airflow/dags/postgres-airflow-ingestion-dag.py took 0.258 seconds
[2026-04-01T08:47:12.125+0000] {processor.py:161} INFO - Started process (PID=3683) to work on /opt/airflow/dags/postgres-airflow-ingestion-dag.py
[2026-04-01T08:47:12.131+0000] {processor.py:830} INFO - Processing file /opt/airflow/dags/postgres-airflow-ingestion-dag.py for tasks to queue
[2026-04-01T08:47:12.141+0000] {logging_mixin.py:188} INFO - [2026-04-01T08:47:12.139+0000] {dagbag.py:545} INFO - Filling up the DagBag from /opt/airflow/dags/postgres-airflow-ingestion-dag.py
[2026-04-01T08:47:12.246+0000] {processor.py:840} INFO - DAG(s) 'spark_streaming_pipeline' retrieved from /opt/airflow/dags/postgres-airflow-ingestion-dag.py
[2026-04-01T08:47:12.357+0000] {logging_mixin.py:188} INFO - [2026-04-01T08:47:12.356+0000] {dag.py:3089} INFO - Sync 1 DAGs
[2026-04-01T08:47:12.421+0000] {logging_mixin.py:188} INFO - [2026-04-01T08:47:12.420+0000] {dag.py:3947} INFO - Setting next_dagrun for spark_streaming_pipeline to None, run_after=None
[2026-04-01T08:47:12.521+0000] {processor.py:183} INFO - Processing /opt/airflow/dags/postgres-airflow-ingestion-dag.py took 0.427 seconds
[2026-04-01T08:47:42.899+0000] {processor.py:161} INFO - Started process (PID=3708) to work on /opt/airflow/dags/postgres-airflow-ingestion-dag.py
[2026-04-01T08:47:42.904+0000] {processor.py:830} INFO - Processing file /opt/airflow/dags/postgres-airflow-ingestion-dag.py for tasks to queue
[2026-04-01T08:47:42.912+0000] {logging_mixin.py:188} INFO - [2026-04-01T08:47:42.911+0000] {dagbag.py:545} INFO - Filling up the DagBag from /opt/airflow/dags/postgres-airflow-ingestion-dag.py
[2026-04-01T08:47:42.980+0000] {processor.py:840} INFO - DAG(s) 'spark_streaming_pipeline' retrieved from /opt/airflow/dags/postgres-airflow-ingestion-dag.py
[2026-04-01T08:47:43.038+0000] {logging_mixin.py:188} INFO - [2026-04-01T08:47:43.037+0000] {dag.py:3089} INFO - Sync 1 DAGs
[2026-04-01T08:47:43.057+0000] {logging_mixin.py:188} INFO - [2026-04-01T08:47:43.057+0000] {dag.py:3947} INFO - Setting next_dagrun for spark_streaming_pipeline to None, run_after=None
[2026-04-01T08:47:43.121+0000] {processor.py:183} INFO - Processing /opt/airflow/dags/postgres-airflow-ingestion-dag.py took 0.257 seconds
[2026-04-01T08:48:13.416+0000] {processor.py:161} INFO - Started process (PID=3733) to work on /opt/airflow/dags/postgres-airflow-ingestion-dag.py
[2026-04-01T08:48:13.420+0000] {processor.py:830} INFO - Processing file /opt/airflow/dags/postgres-airflow-ingestion-dag.py for tasks to queue
[2026-04-01T08:48:13.429+0000] {logging_mixin.py:188} INFO - [2026-04-01T08:48:13.427+0000] {dagbag.py:545} INFO - Filling up the DagBag from /opt/airflow/dags/postgres-airflow-ingestion-dag.py
[2026-04-01T08:48:13.520+0000] {processor.py:840} INFO - DAG(s) 'spark_streaming_pipeline' retrieved from /opt/airflow/dags/postgres-airflow-ingestion-dag.py
[2026-04-01T08:48:13.581+0000] {logging_mixin.py:188} INFO - [2026-04-01T08:48:13.580+0000] {dag.py:3089} INFO - Sync 1 DAGs
[2026-04-01T08:48:13.600+0000] {logging_mixin.py:188} INFO - [2026-04-01T08:48:13.600+0000] {dag.py:3947} INFO - Setting next_dagrun for spark_streaming_pipeline to None, run_after=None
[2026-04-01T08:48:13.655+0000] {processor.py:183} INFO - Processing /opt/airflow/dags/postgres-airflow-ingestion-dag.py took 0.267 seconds
[2026-04-01T08:48:43.957+0000] {processor.py:161} INFO - Started process (PID=3758) to work on /opt/airflow/dags/postgres-airflow-ingestion-dag.py
[2026-04-01T08:48:43.960+0000] {processor.py:830} INFO - Processing file /opt/airflow/dags/postgres-airflow-ingestion-dag.py for tasks to queue
[2026-04-01T08:48:43.965+0000] {logging_mixin.py:188} INFO - [2026-04-01T08:48:43.965+0000] {dagbag.py:545} INFO - Filling up the DagBag from /opt/airflow/dags/postgres-airflow-ingestion-dag.py
[2026-04-01T08:48:44.025+0000] {processor.py:840} INFO - DAG(s) 'spark_streaming_pipeline' retrieved from /opt/airflow/dags/postgres-airflow-ingestion-dag.py
[2026-04-01T08:48:44.083+0000] {logging_mixin.py:188} INFO - [2026-04-01T08:48:44.083+0000] {dag.py:3089} INFO - Sync 1 DAGs
[2026-04-01T08:48:44.117+0000] {logging_mixin.py:188} INFO - [2026-04-01T08:48:44.117+0000] {dag.py:3947} INFO - Setting next_dagrun for spark_streaming_pipeline to None, run_after=None
[2026-04-01T08:48:44.187+0000] {processor.py:183} INFO - Processing /opt/airflow/dags/postgres-airflow-ingestion-dag.py took 0.249 seconds
[2026-04-01T08:49:14.529+0000] {processor.py:161} INFO - Started process (PID=3783) to work on /opt/airflow/dags/postgres-airflow-ingestion-dag.py
[2026-04-01T08:49:14.531+0000] {processor.py:830} INFO - Processing file /opt/airflow/dags/postgres-airflow-ingestion-dag.py for tasks to queue
[2026-04-01T08:49:14.534+0000] {logging_mixin.py:188} INFO - [2026-04-01T08:49:14.533+0000] {dagbag.py:545} INFO - Filling up the DagBag from /opt/airflow/dags/postgres-airflow-ingestion-dag.py
[2026-04-01T08:49:14.579+0000] {processor.py:840} INFO - DAG(s) 'spark_streaming_pipeline' retrieved from /opt/airflow/dags/postgres-airflow-ingestion-dag.py
[2026-04-01T08:49:14.627+0000] {logging_mixin.py:188} INFO - [2026-04-01T08:49:14.626+0000] {dag.py:3089} INFO - Sync 1 DAGs
[2026-04-01T08:49:14.646+0000] {logging_mixin.py:188} INFO - [2026-04-01T08:49:14.646+0000] {dag.py:3947} INFO - Setting next_dagrun for spark_streaming_pipeline to None, run_after=None
[2026-04-01T08:49:14.687+0000] {processor.py:183} INFO - Processing /opt/airflow/dags/postgres-airflow-ingestion-dag.py took 0.169 seconds
[2026-04-01T08:49:44.957+0000] {processor.py:161} INFO - Started process (PID=3808) to work on /opt/airflow/dags/postgres-airflow-ingestion-dag.py
[2026-04-01T08:49:44.960+0000] {processor.py:830} INFO - Processing file /opt/airflow/dags/postgres-airflow-ingestion-dag.py for tasks to queue
[2026-04-01T08:49:44.966+0000] {logging_mixin.py:188} INFO - [2026-04-01T08:49:44.965+0000] {dagbag.py:545} INFO - Filling up the DagBag from /opt/airflow/dags/postgres-airflow-ingestion-dag.py
[2026-04-01T08:49:45.035+0000] {processor.py:840} INFO - DAG(s) 'spark_streaming_pipeline' retrieved from /opt/airflow/dags/postgres-airflow-ingestion-dag.py
[2026-04-01T08:49:45.080+0000] {logging_mixin.py:188} INFO - [2026-04-01T08:49:45.079+0000] {dag.py:3089} INFO - Sync 1 DAGs
[2026-04-01T08:49:45.101+0000] {logging_mixin.py:188} INFO - [2026-04-01T08:49:45.100+0000] {dag.py:3947} INFO - Setting next_dagrun for spark_streaming_pipeline to None, run_after=None
[2026-04-01T08:49:45.134+0000] {processor.py:183} INFO - Processing /opt/airflow/dags/postgres-airflow-ingestion-dag.py took 0.197 seconds
[2026-04-01T08:50:15.440+0000] {processor.py:161} INFO - Started process (PID=3833) to work on /opt/airflow/dags/postgres-airflow-ingestion-dag.py
[2026-04-01T08:50:15.442+0000] {processor.py:830} INFO - Processing file /opt/airflow/dags/postgres-airflow-ingestion-dag.py for tasks to queue
[2026-04-01T08:50:15.446+0000] {logging_mixin.py:188} INFO - [2026-04-01T08:50:15.445+0000] {dagbag.py:545} INFO - Filling up the DagBag from /opt/airflow/dags/postgres-airflow-ingestion-dag.py
[2026-04-01T08:50:15.486+0000] {processor.py:840} INFO - DAG(s) 'spark_streaming_pipeline' retrieved from /opt/airflow/dags/postgres-airflow-ingestion-dag.py
[2026-04-01T08:50:15.525+0000] {logging_mixin.py:188} INFO - [2026-04-01T08:50:15.525+0000] {dag.py:3089} INFO - Sync 1 DAGs
[2026-04-01T08:50:15.544+0000] {logging_mixin.py:188} INFO - [2026-04-01T08:50:15.543+0000] {dag.py:3947} INFO - Setting next_dagrun for spark_streaming_pipeline to None, run_after=None
[2026-04-01T08:50:15.581+0000] {processor.py:183} INFO - Processing /opt/airflow/dags/postgres-airflow-ingestion-dag.py took 0.157 seconds
[2026-04-01T08:50:45.842+0000] {processor.py:161} INFO - Started process (PID=3858) to work on /opt/airflow/dags/postgres-airflow-ingestion-dag.py
[2026-04-01T08:50:45.844+0000] {processor.py:830} INFO - Processing file /opt/airflow/dags/postgres-airflow-ingestion-dag.py for tasks to queue
[2026-04-01T08:50:45.848+0000] {logging_mixin.py:188} INFO - [2026-04-01T08:50:45.847+0000] {dagbag.py:545} INFO - Filling up the DagBag from /opt/airflow/dags/postgres-airflow-ingestion-dag.py
[2026-04-01T08:50:45.896+0000] {processor.py:840} INFO - DAG(s) 'spark_streaming_pipeline' retrieved from /opt/airflow/dags/postgres-airflow-ingestion-dag.py
[2026-04-01T08:50:45.942+0000] {logging_mixin.py:188} INFO - [2026-04-01T08:50:45.941+0000] {dag.py:3089} INFO - Sync 1 DAGs
[2026-04-01T08:50:45.973+0000] {logging_mixin.py:188} INFO - [2026-04-01T08:50:45.973+0000] {dag.py:3947} INFO - Setting next_dagrun for spark_streaming_pipeline to None, run_after=None
[2026-04-01T08:50:46.045+0000] {processor.py:183} INFO - Processing /opt/airflow/dags/postgres-airflow-ingestion-dag.py took 0.214 seconds
[2026-04-01T08:51:16.498+0000] {processor.py:161} INFO - Started process (PID=3883) to work on /opt/airflow/dags/postgres-airflow-ingestion-dag.py
[2026-04-01T08:51:16.502+0000] {processor.py:830} INFO - Processing file /opt/airflow/dags/postgres-airflow-ingestion-dag.py for tasks to queue
[2026-04-01T08:51:16.511+0000] {logging_mixin.py:188} INFO - [2026-04-01T08:51:16.509+0000] {dagbag.py:545} INFO - Filling up the DagBag from /opt/airflow/dags/postgres-airflow-ingestion-dag.py
[2026-04-01T08:51:16.605+0000] {processor.py:840} INFO - DAG(s) 'spark_streaming_pipeline' retrieved from /opt/airflow/dags/postgres-airflow-ingestion-dag.py
[2026-04-01T08:51:16.714+0000] {logging_mixin.py:188} INFO - [2026-04-01T08:51:16.713+0000] {dag.py:3089} INFO - Sync 1 DAGs
[2026-04-01T08:51:16.748+0000] {logging_mixin.py:188} INFO - [2026-04-01T08:51:16.748+0000] {dag.py:3947} INFO - Setting next_dagrun for spark_streaming_pipeline to None, run_after=None
[2026-04-01T08:51:16.793+0000] {processor.py:183} INFO - Processing /opt/airflow/dags/postgres-airflow-ingestion-dag.py took 0.325 seconds
[2026-04-01T08:51:47.447+0000] {processor.py:161} INFO - Started process (PID=3908) to work on /opt/airflow/dags/postgres-airflow-ingestion-dag.py
[2026-04-01T08:51:47.449+0000] {processor.py:830} INFO - Processing file /opt/airflow/dags/postgres-airflow-ingestion-dag.py for tasks to queue
[2026-04-01T08:51:47.453+0000] {logging_mixin.py:188} INFO - [2026-04-01T08:51:47.452+0000] {dagbag.py:545} INFO - Filling up the DagBag from /opt/airflow/dags/postgres-airflow-ingestion-dag.py
[2026-04-01T08:51:47.495+0000] {processor.py:840} INFO - DAG(s) 'spark_streaming_pipeline' retrieved from /opt/airflow/dags/postgres-airflow-ingestion-dag.py
[2026-04-01T08:51:47.537+0000] {logging_mixin.py:188} INFO - [2026-04-01T08:51:47.537+0000] {dag.py:3089} INFO - Sync 1 DAGs
[2026-04-01T08:51:47.559+0000] {logging_mixin.py:188} INFO - [2026-04-01T08:51:47.558+0000] {dag.py:3947} INFO - Setting next_dagrun for spark_streaming_pipeline to None, run_after=None
[2026-04-01T08:51:47.596+0000] {processor.py:183} INFO - Processing /opt/airflow/dags/postgres-airflow-ingestion-dag.py took 0.159 seconds
[2026-04-01T08:52:17.899+0000] {processor.py:161} INFO - Started process (PID=3933) to work on /opt/airflow/dags/postgres-airflow-ingestion-dag.py
[2026-04-01T08:52:17.902+0000] {processor.py:830} INFO - Processing file /opt/airflow/dags/postgres-airflow-ingestion-dag.py for tasks to queue
[2026-04-01T08:52:17.908+0000] {logging_mixin.py:188} INFO - [2026-04-01T08:52:17.907+0000] {dagbag.py:545} INFO - Filling up the DagBag from /opt/airflow/dags/postgres-airflow-ingestion-dag.py
[2026-04-01T08:52:17.970+0000] {processor.py:840} INFO - DAG(s) 'spark_streaming_pipeline' retrieved from /opt/airflow/dags/postgres-airflow-ingestion-dag.py
[2026-04-01T08:52:18.019+0000] {logging_mixin.py:188} INFO - [2026-04-01T08:52:18.019+0000] {dag.py:3089} INFO - Sync 1 DAGs
[2026-04-01T08:52:18.047+0000] {logging_mixin.py:188} INFO - [2026-04-01T08:52:18.046+0000] {dag.py:3947} INFO - Setting next_dagrun for spark_streaming_pipeline to None, run_after=None
[2026-04-01T08:52:18.088+0000] {processor.py:183} INFO - Processing /opt/airflow/dags/postgres-airflow-ingestion-dag.py took 0.208 seconds
[2026-04-01T08:52:48.246+0000] {processor.py:161} INFO - Started process (PID=3958) to work on /opt/airflow/dags/postgres-airflow-ingestion-dag.py
[2026-04-01T08:52:48.249+0000] {processor.py:830} INFO - Processing file /opt/airflow/dags/postgres-airflow-ingestion-dag.py for tasks to queue
[2026-04-01T08:52:48.255+0000] {logging_mixin.py:188} INFO - [2026-04-01T08:52:48.254+0000] {dagbag.py:545} INFO - Filling up the DagBag from /opt/airflow/dags/postgres-airflow-ingestion-dag.py
[2026-04-01T08:52:48.298+0000] {processor.py:840} INFO - DAG(s) 'spark_streaming_pipeline' retrieved from /opt/airflow/dags/postgres-airflow-ingestion-dag.py
[2026-04-01T08:52:48.337+0000] {logging_mixin.py:188} INFO - [2026-04-01T08:52:48.337+0000] {dag.py:3089} INFO - Sync 1 DAGs
[2026-04-01T08:52:48.356+0000] {logging_mixin.py:188} INFO - [2026-04-01T08:52:48.356+0000] {dag.py:3947} INFO - Setting next_dagrun for spark_streaming_pipeline to None, run_after=None
[2026-04-01T08:52:48.395+0000] {processor.py:183} INFO - Processing /opt/airflow/dags/postgres-airflow-ingestion-dag.py took 0.167 seconds
[2026-04-01T08:53:18.785+0000] {processor.py:161} INFO - Started process (PID=3983) to work on /opt/airflow/dags/postgres-airflow-ingestion-dag.py
[2026-04-01T08:53:18.788+0000] {processor.py:830} INFO - Processing file /opt/airflow/dags/postgres-airflow-ingestion-dag.py for tasks to queue
[2026-04-01T08:53:18.793+0000] {logging_mixin.py:188} INFO - [2026-04-01T08:53:18.792+0000] {dagbag.py:545} INFO - Filling up the DagBag from /opt/airflow/dags/postgres-airflow-ingestion-dag.py
[2026-04-01T08:53:18.853+0000] {processor.py:840} INFO - DAG(s) 'spark_streaming_pipeline' retrieved from /opt/airflow/dags/postgres-airflow-ingestion-dag.py
[2026-04-01T08:53:18.910+0000] {logging_mixin.py:188} INFO - [2026-04-01T08:53:18.909+0000] {dag.py:3089} INFO - Sync 1 DAGs
[2026-04-01T08:53:18.934+0000] {logging_mixin.py:188} INFO - [2026-04-01T08:53:18.933+0000] {dag.py:3947} INFO - Setting next_dagrun for spark_streaming_pipeline to None, run_after=None
[2026-04-01T08:53:18.996+0000] {processor.py:183} INFO - Processing /opt/airflow/dags/postgres-airflow-ingestion-dag.py took 0.226 seconds
[2026-04-01T08:53:49.253+0000] {processor.py:161} INFO - Started process (PID=4008) to work on /opt/airflow/dags/postgres-airflow-ingestion-dag.py
[2026-04-01T08:53:49.256+0000] {processor.py:830} INFO - Processing file /opt/airflow/dags/postgres-airflow-ingestion-dag.py for tasks to queue
[2026-04-01T08:53:49.261+0000] {logging_mixin.py:188} INFO - [2026-04-01T08:53:49.260+0000] {dagbag.py:545} INFO - Filling up the DagBag from /opt/airflow/dags/postgres-airflow-ingestion-dag.py
[2026-04-01T08:53:49.322+0000] {processor.py:840} INFO - DAG(s) 'spark_streaming_pipeline' retrieved from /opt/airflow/dags/postgres-airflow-ingestion-dag.py
[2026-04-01T08:53:49.383+0000] {logging_mixin.py:188} INFO - [2026-04-01T08:53:49.382+0000] {dag.py:3089} INFO - Sync 1 DAGs
[2026-04-01T08:53:49.417+0000] {logging_mixin.py:188} INFO - [2026-04-01T08:53:49.416+0000] {dag.py:3947} INFO - Setting next_dagrun for spark_streaming_pipeline to None, run_after=None
[2026-04-01T08:53:49.490+0000] {processor.py:183} INFO - Processing /opt/airflow/dags/postgres-airflow-ingestion-dag.py took 0.254 seconds
[2026-04-01T08:54:19.866+0000] {processor.py:161} INFO - Started process (PID=4033) to work on /opt/airflow/dags/postgres-airflow-ingestion-dag.py
[2026-04-01T08:54:19.871+0000] {processor.py:830} INFO - Processing file /opt/airflow/dags/postgres-airflow-ingestion-dag.py for tasks to queue
[2026-04-01T08:54:19.882+0000] {logging_mixin.py:188} INFO - [2026-04-01T08:54:19.880+0000] {dagbag.py:545} INFO - Filling up the DagBag from /opt/airflow/dags/postgres-airflow-ingestion-dag.py
[2026-04-01T08:54:19.990+0000] {processor.py:840} INFO - DAG(s) 'spark_streaming_pipeline' retrieved from /opt/airflow/dags/postgres-airflow-ingestion-dag.py
[2026-04-01T08:54:20.114+0000] {logging_mixin.py:188} INFO - [2026-04-01T08:54:20.113+0000] {dag.py:3089} INFO - Sync 1 DAGs
[2026-04-01T08:54:20.178+0000] {logging_mixin.py:188} INFO - [2026-04-01T08:54:20.177+0000] {dag.py:3947} INFO - Setting next_dagrun for spark_streaming_pipeline to None, run_after=None
[2026-04-01T08:54:20.249+0000] {processor.py:183} INFO - Processing /opt/airflow/dags/postgres-airflow-ingestion-dag.py took 0.412 seconds
[2026-04-01T08:54:50.610+0000] {processor.py:161} INFO - Started process (PID=4058) to work on /opt/airflow/dags/postgres-airflow-ingestion-dag.py
[2026-04-01T08:54:50.613+0000] {processor.py:830} INFO - Processing file /opt/airflow/dags/postgres-airflow-ingestion-dag.py for tasks to queue
[2026-04-01T08:54:50.618+0000] {logging_mixin.py:188} INFO - [2026-04-01T08:54:50.617+0000] {dagbag.py:545} INFO - Filling up the DagBag from /opt/airflow/dags/postgres-airflow-ingestion-dag.py
[2026-04-01T08:54:50.663+0000] {processor.py:840} INFO - DAG(s) 'spark_streaming_pipeline' retrieved from /opt/airflow/dags/postgres-airflow-ingestion-dag.py
[2026-04-01T08:54:50.711+0000] {logging_mixin.py:188} INFO - [2026-04-01T08:54:50.710+0000] {dag.py:3089} INFO - Sync 1 DAGs
[2026-04-01T08:54:50.737+0000] {logging_mixin.py:188} INFO - [2026-04-01T08:54:50.737+0000] {dag.py:3947} INFO - Setting next_dagrun for spark_streaming_pipeline to None, run_after=None
[2026-04-01T08:54:50.805+0000] {processor.py:183} INFO - Processing /opt/airflow/dags/postgres-airflow-ingestion-dag.py took 0.210 seconds
[2026-04-01T08:55:20.996+0000] {processor.py:161} INFO - Started process (PID=4083) to work on /opt/airflow/dags/postgres-airflow-ingestion-dag.py
[2026-04-01T08:55:20.998+0000] {processor.py:830} INFO - Processing file /opt/airflow/dags/postgres-airflow-ingestion-dag.py for tasks to queue
[2026-04-01T08:55:21.002+0000] {logging_mixin.py:188} INFO - [2026-04-01T08:55:21.001+0000] {dagbag.py:545} INFO - Filling up the DagBag from /opt/airflow/dags/postgres-airflow-ingestion-dag.py
[2026-04-01T08:55:21.042+0000] {processor.py:840} INFO - DAG(s) 'spark_streaming_pipeline' retrieved from /opt/airflow/dags/postgres-airflow-ingestion-dag.py
[2026-04-01T08:55:21.095+0000] {logging_mixin.py:188} INFO - [2026-04-01T08:55:21.095+0000] {dag.py:3089} INFO - Sync 1 DAGs
[2026-04-01T08:55:21.122+0000] {logging_mixin.py:188} INFO - [2026-04-01T08:55:21.122+0000] {dag.py:3947} INFO - Setting next_dagrun for spark_streaming_pipeline to None, run_after=None
[2026-04-01T08:55:21.177+0000] {processor.py:183} INFO - Processing /opt/airflow/dags/postgres-airflow-ingestion-dag.py took 0.192 seconds
[2026-04-01T08:55:51.323+0000] {processor.py:161} INFO - Started process (PID=4108) to work on /opt/airflow/dags/postgres-airflow-ingestion-dag.py
[2026-04-01T08:55:51.325+0000] {processor.py:830} INFO - Processing file /opt/airflow/dags/postgres-airflow-ingestion-dag.py for tasks to queue
[2026-04-01T08:55:51.329+0000] {logging_mixin.py:188} INFO - [2026-04-01T08:55:51.329+0000] {dagbag.py:545} INFO - Filling up the DagBag from /opt/airflow/dags/postgres-airflow-ingestion-dag.py
[2026-04-01T08:55:51.376+0000] {processor.py:840} INFO - DAG(s) 'spark_streaming_pipeline' retrieved from /opt/airflow/dags/postgres-airflow-ingestion-dag.py
[2026-04-01T08:55:51.426+0000] {logging_mixin.py:188} INFO - [2026-04-01T08:55:51.426+0000] {dag.py:3089} INFO - Sync 1 DAGs
[2026-04-01T08:55:51.455+0000] {logging_mixin.py:188} INFO - [2026-04-01T08:55:51.454+0000] {dag.py:3947} INFO - Setting next_dagrun for spark_streaming_pipeline to None, run_after=None
[2026-04-01T08:55:51.503+0000] {processor.py:183} INFO - Processing /opt/airflow/dags/postgres-airflow-ingestion-dag.py took 0.192 seconds
[2026-04-01T08:56:21.861+0000] {processor.py:161} INFO - Started process (PID=4133) to work on /opt/airflow/dags/postgres-airflow-ingestion-dag.py
[2026-04-01T08:56:21.864+0000] {processor.py:830} INFO - Processing file /opt/airflow/dags/postgres-airflow-ingestion-dag.py for tasks to queue
[2026-04-01T08:56:21.867+0000] {logging_mixin.py:188} INFO - [2026-04-01T08:56:21.867+0000] {dagbag.py:545} INFO - Filling up the DagBag from /opt/airflow/dags/postgres-airflow-ingestion-dag.py
[2026-04-01T08:56:21.914+0000] {processor.py:840} INFO - DAG(s) 'spark_streaming_pipeline' retrieved from /opt/airflow/dags/postgres-airflow-ingestion-dag.py
[2026-04-01T08:56:21.965+0000] {logging_mixin.py:188} INFO - [2026-04-01T08:56:21.965+0000] {dag.py:3089} INFO - Sync 1 DAGs
[2026-04-01T08:56:21.989+0000] {logging_mixin.py:188} INFO - [2026-04-01T08:56:21.988+0000] {dag.py:3947} INFO - Setting next_dagrun for spark_streaming_pipeline to None, run_after=None
[2026-04-01T08:56:22.050+0000] {processor.py:183} INFO - Processing /opt/airflow/dags/postgres-airflow-ingestion-dag.py took 0.200 seconds
[2026-04-01T08:56:52.339+0000] {processor.py:161} INFO - Started process (PID=4158) to work on /opt/airflow/dags/postgres-airflow-ingestion-dag.py
[2026-04-01T08:56:52.341+0000] {processor.py:830} INFO - Processing file /opt/airflow/dags/postgres-airflow-ingestion-dag.py for tasks to queue
[2026-04-01T08:56:52.346+0000] {logging_mixin.py:188} INFO - [2026-04-01T08:56:52.345+0000] {dagbag.py:545} INFO - Filling up the DagBag from /opt/airflow/dags/postgres-airflow-ingestion-dag.py
[2026-04-01T08:56:52.395+0000] {processor.py:840} INFO - DAG(s) 'spark_streaming_pipeline' retrieved from /opt/airflow/dags/postgres-airflow-ingestion-dag.py
[2026-04-01T08:56:52.439+0000] {logging_mixin.py:188} INFO - [2026-04-01T08:56:52.439+0000] {dag.py:3089} INFO - Sync 1 DAGs
[2026-04-01T08:56:52.466+0000] {logging_mixin.py:188} INFO - [2026-04-01T08:56:52.465+0000] {dag.py:3947} INFO - Setting next_dagrun for spark_streaming_pipeline to None, run_after=None
[2026-04-01T08:56:52.526+0000] {processor.py:183} INFO - Processing /opt/airflow/dags/postgres-airflow-ingestion-dag.py took 0.202 seconds
[2026-04-01T08:57:22.671+0000] {processor.py:161} INFO - Started process (PID=4183) to work on /opt/airflow/dags/postgres-airflow-ingestion-dag.py
[2026-04-01T08:57:22.673+0000] {processor.py:830} INFO - Processing file /opt/airflow/dags/postgres-airflow-ingestion-dag.py for tasks to queue
[2026-04-01T08:57:22.676+0000] {logging_mixin.py:188} INFO - [2026-04-01T08:57:22.676+0000] {dagbag.py:545} INFO - Filling up the DagBag from /opt/airflow/dags/postgres-airflow-ingestion-dag.py
[2026-04-01T08:57:22.731+0000] {processor.py:840} INFO - DAG(s) 'spark_streaming_pipeline' retrieved from /opt/airflow/dags/postgres-airflow-ingestion-dag.py
[2026-04-01T08:57:22.787+0000] {logging_mixin.py:188} INFO - [2026-04-01T08:57:22.787+0000] {dag.py:3089} INFO - Sync 1 DAGs
[2026-04-01T08:57:22.809+0000] {logging_mixin.py:188} INFO - [2026-04-01T08:57:22.808+0000] {dag.py:3947} INFO - Setting next_dagrun for spark_streaming_pipeline to None, run_after=None
[2026-04-01T08:57:22.873+0000] {processor.py:183} INFO - Processing /opt/airflow/dags/postgres-airflow-ingestion-dag.py took 0.212 seconds
[2026-04-01T08:57:53.250+0000] {processor.py:161} INFO - Started process (PID=4208) to work on /opt/airflow/dags/postgres-airflow-ingestion-dag.py
[2026-04-01T08:57:53.252+0000] {processor.py:830} INFO - Processing file /opt/airflow/dags/postgres-airflow-ingestion-dag.py for tasks to queue
[2026-04-01T08:57:53.255+0000] {logging_mixin.py:188} INFO - [2026-04-01T08:57:53.255+0000] {dagbag.py:545} INFO - Filling up the DagBag from /opt/airflow/dags/postgres-airflow-ingestion-dag.py
[2026-04-01T08:57:53.307+0000] {processor.py:840} INFO - DAG(s) 'spark_streaming_pipeline' retrieved from /opt/airflow/dags/postgres-airflow-ingestion-dag.py
[2026-04-01T08:57:53.370+0000] {logging_mixin.py:188} INFO - [2026-04-01T08:57:53.369+0000] {dag.py:3089} INFO - Sync 1 DAGs
[2026-04-01T08:57:53.394+0000] {logging_mixin.py:188} INFO - [2026-04-01T08:57:53.394+0000] {dag.py:3947} INFO - Setting next_dagrun for spark_streaming_pipeline to None, run_after=None
[2026-04-01T08:57:53.458+0000] {processor.py:183} INFO - Processing /opt/airflow/dags/postgres-airflow-ingestion-dag.py took 0.220 seconds
[2026-04-01T08:58:23.613+0000] {processor.py:161} INFO - Started process (PID=4233) to work on /opt/airflow/dags/postgres-airflow-ingestion-dag.py
[2026-04-01T08:58:23.615+0000] {processor.py:830} INFO - Processing file /opt/airflow/dags/postgres-airflow-ingestion-dag.py for tasks to queue
[2026-04-01T08:58:23.619+0000] {logging_mixin.py:188} INFO - [2026-04-01T08:58:23.619+0000] {dagbag.py:545} INFO - Filling up the DagBag from /opt/airflow/dags/postgres-airflow-ingestion-dag.py
[2026-04-01T08:58:23.664+0000] {processor.py:840} INFO - DAG(s) 'spark_streaming_pipeline' retrieved from /opt/airflow/dags/postgres-airflow-ingestion-dag.py
[2026-04-01T08:58:23.709+0000] {logging_mixin.py:188} INFO - [2026-04-01T08:58:23.709+0000] {dag.py:3089} INFO - Sync 1 DAGs
[2026-04-01T08:58:23.729+0000] {logging_mixin.py:188} INFO - [2026-04-01T08:58:23.729+0000] {dag.py:3947} INFO - Setting next_dagrun for spark_streaming_pipeline to None, run_after=None
[2026-04-01T08:58:23.806+0000] {processor.py:183} INFO - Processing /opt/airflow/dags/postgres-airflow-ingestion-dag.py took 0.205 seconds
[2026-04-01T08:58:54.117+0000] {processor.py:161} INFO - Started process (PID=4258) to work on /opt/airflow/dags/postgres-airflow-ingestion-dag.py
[2026-04-01T08:58:54.121+0000] {processor.py:830} INFO - Processing file /opt/airflow/dags/postgres-airflow-ingestion-dag.py for tasks to queue
[2026-04-01T08:58:54.131+0000] {logging_mixin.py:188} INFO - [2026-04-01T08:58:54.129+0000] {dagbag.py:545} INFO - Filling up the DagBag from /opt/airflow/dags/postgres-airflow-ingestion-dag.py
[2026-04-01T08:58:54.228+0000] {processor.py:840} INFO - DAG(s) 'spark_streaming_pipeline' retrieved from /opt/airflow/dags/postgres-airflow-ingestion-dag.py
[2026-04-01T08:58:54.289+0000] {logging_mixin.py:188} INFO - [2026-04-01T08:58:54.289+0000] {dag.py:3089} INFO - Sync 1 DAGs
[2026-04-01T08:58:54.314+0000] {logging_mixin.py:188} INFO - [2026-04-01T08:58:54.313+0000] {dag.py:3947} INFO - Setting next_dagrun for spark_streaming_pipeline to None, run_after=None
[2026-04-01T08:58:54.371+0000] {processor.py:183} INFO - Processing /opt/airflow/dags/postgres-airflow-ingestion-dag.py took 0.283 seconds
[2026-04-01T08:59:24.776+0000] {processor.py:161} INFO - Started process (PID=4283) to work on /opt/airflow/dags/postgres-airflow-ingestion-dag.py
[2026-04-01T08:59:24.778+0000] {processor.py:830} INFO - Processing file /opt/airflow/dags/postgres-airflow-ingestion-dag.py for tasks to queue
[2026-04-01T08:59:24.782+0000] {logging_mixin.py:188} INFO - [2026-04-01T08:59:24.781+0000] {dagbag.py:545} INFO - Filling up the DagBag from /opt/airflow/dags/postgres-airflow-ingestion-dag.py
[2026-04-01T08:59:24.843+0000] {processor.py:840} INFO - DAG(s) 'spark_streaming_pipeline' retrieved from /opt/airflow/dags/postgres-airflow-ingestion-dag.py
[2026-04-01T08:59:24.894+0000] {logging_mixin.py:188} INFO - [2026-04-01T08:59:24.894+0000] {dag.py:3089} INFO - Sync 1 DAGs
[2026-04-01T08:59:24.924+0000] {logging_mixin.py:188} INFO - [2026-04-01T08:59:24.924+0000] {dag.py:3947} INFO - Setting next_dagrun for spark_streaming_pipeline to None, run_after=None
[2026-04-01T08:59:24.962+0000] {processor.py:183} INFO - Processing /opt/airflow/dags/postgres-airflow-ingestion-dag.py took 0.197 seconds
[2026-04-01T08:59:55.750+0000] {processor.py:161} INFO - Started process (PID=4308) to work on /opt/airflow/dags/postgres-airflow-ingestion-dag.py
[2026-04-01T08:59:55.752+0000] {processor.py:830} INFO - Processing file /opt/airflow/dags/postgres-airflow-ingestion-dag.py for tasks to queue
[2026-04-01T08:59:55.758+0000] {logging_mixin.py:188} INFO - [2026-04-01T08:59:55.757+0000] {dagbag.py:545} INFO - Filling up the DagBag from /opt/airflow/dags/postgres-airflow-ingestion-dag.py
[2026-04-01T08:59:55.803+0000] {processor.py:840} INFO - DAG(s) 'spark_streaming_pipeline' retrieved from /opt/airflow/dags/postgres-airflow-ingestion-dag.py
[2026-04-01T08:59:55.856+0000] {logging_mixin.py:188} INFO - [2026-04-01T08:59:55.855+0000] {dag.py:3089} INFO - Sync 1 DAGs
[2026-04-01T08:59:55.883+0000] {logging_mixin.py:188} INFO - [2026-04-01T08:59:55.882+0000] {dag.py:3947} INFO - Setting next_dagrun for spark_streaming_pipeline to None, run_after=None
[2026-04-01T08:59:55.929+0000] {processor.py:183} INFO - Processing /opt/airflow/dags/postgres-airflow-ingestion-dag.py took 0.195 seconds
[2026-04-01T09:00:26.546+0000] {processor.py:161} INFO - Started process (PID=4333) to work on /opt/airflow/dags/postgres-airflow-ingestion-dag.py
[2026-04-01T09:00:26.548+0000] {processor.py:830} INFO - Processing file /opt/airflow/dags/postgres-airflow-ingestion-dag.py for tasks to queue
[2026-04-01T09:00:26.552+0000] {logging_mixin.py:188} INFO - [2026-04-01T09:00:26.551+0000] {dagbag.py:545} INFO - Filling up the DagBag from /opt/airflow/dags/postgres-airflow-ingestion-dag.py
[2026-04-01T09:00:26.596+0000] {processor.py:840} INFO - DAG(s) 'spark_streaming_pipeline' retrieved from /opt/airflow/dags/postgres-airflow-ingestion-dag.py
[2026-04-01T09:00:26.639+0000] {logging_mixin.py:188} INFO - [2026-04-01T09:00:26.639+0000] {dag.py:3089} INFO - Sync 1 DAGs
[2026-04-01T09:00:26.660+0000] {logging_mixin.py:188} INFO - [2026-04-01T09:00:26.659+0000] {dag.py:3947} INFO - Setting next_dagrun for spark_streaming_pipeline to None, run_after=None
[2026-04-01T09:00:26.717+0000] {processor.py:183} INFO - Processing /opt/airflow/dags/postgres-airflow-ingestion-dag.py took 0.183 seconds
[2026-04-01T09:00:56.969+0000] {processor.py:161} INFO - Started process (PID=4358) to work on /opt/airflow/dags/postgres-airflow-ingestion-dag.py
[2026-04-01T09:00:56.971+0000] {processor.py:830} INFO - Processing file /opt/airflow/dags/postgres-airflow-ingestion-dag.py for tasks to queue
[2026-04-01T09:00:56.975+0000] {logging_mixin.py:188} INFO - [2026-04-01T09:00:56.974+0000] {dagbag.py:545} INFO - Filling up the DagBag from /opt/airflow/dags/postgres-airflow-ingestion-dag.py
[2026-04-01T09:00:57.022+0000] {processor.py:840} INFO - DAG(s) 'spark_streaming_pipeline' retrieved from /opt/airflow/dags/postgres-airflow-ingestion-dag.py
[2026-04-01T09:00:57.067+0000] {logging_mixin.py:188} INFO - [2026-04-01T09:00:57.067+0000] {dag.py:3089} INFO - Sync 1 DAGs
[2026-04-01T09:00:57.088+0000] {logging_mixin.py:188} INFO - [2026-04-01T09:00:57.088+0000] {dag.py:3947} INFO - Setting next_dagrun for spark_streaming_pipeline to None, run_after=None
[2026-04-01T09:00:57.123+0000] {processor.py:183} INFO - Processing /opt/airflow/dags/postgres-airflow-ingestion-dag.py took 0.165 seconds
[2026-04-01T09:01:27.901+0000] {processor.py:161} INFO - Started process (PID=4383) to work on /opt/airflow/dags/postgres-airflow-ingestion-dag.py
[2026-04-01T09:01:27.904+0000] {processor.py:830} INFO - Processing file /opt/airflow/dags/postgres-airflow-ingestion-dag.py for tasks to queue
[2026-04-01T09:01:27.909+0000] {logging_mixin.py:188} INFO - [2026-04-01T09:01:27.908+0000] {dagbag.py:545} INFO - Filling up the DagBag from /opt/airflow/dags/postgres-airflow-ingestion-dag.py
[2026-04-01T09:01:27.964+0000] {processor.py:840} INFO - DAG(s) 'spark_streaming_pipeline' retrieved from /opt/airflow/dags/postgres-airflow-ingestion-dag.py
[2026-04-01T09:01:28.007+0000] {logging_mixin.py:188} INFO - [2026-04-01T09:01:28.006+0000] {dag.py:3089} INFO - Sync 1 DAGs
[2026-04-01T09:01:28.030+0000] {logging_mixin.py:188} INFO - [2026-04-01T09:01:28.029+0000] {dag.py:3947} INFO - Setting next_dagrun for spark_streaming_pipeline to None, run_after=None
[2026-04-01T09:01:28.110+0000] {processor.py:183} INFO - Processing /opt/airflow/dags/postgres-airflow-ingestion-dag.py took 0.222 seconds
[2026-04-01T09:01:58.506+0000] {processor.py:161} INFO - Started process (PID=4408) to work on /opt/airflow/dags/postgres-airflow-ingestion-dag.py
[2026-04-01T09:01:58.508+0000] {processor.py:830} INFO - Processing file /opt/airflow/dags/postgres-airflow-ingestion-dag.py for tasks to queue
[2026-04-01T09:01:58.513+0000] {logging_mixin.py:188} INFO - [2026-04-01T09:01:58.512+0000] {dagbag.py:545} INFO - Filling up the DagBag from /opt/airflow/dags/postgres-airflow-ingestion-dag.py
[2026-04-01T09:01:58.564+0000] {processor.py:840} INFO - DAG(s) 'spark_streaming_pipeline' retrieved from /opt/airflow/dags/postgres-airflow-ingestion-dag.py
[2026-04-01T09:01:58.606+0000] {logging_mixin.py:188} INFO - [2026-04-01T09:01:58.606+0000] {dag.py:3089} INFO - Sync 1 DAGs
[2026-04-01T09:01:58.630+0000] {logging_mixin.py:188} INFO - [2026-04-01T09:01:58.629+0000] {dag.py:3947} INFO - Setting next_dagrun for spark_streaming_pipeline to None, run_after=None
[2026-04-01T09:01:58.695+0000] {processor.py:183} INFO - Processing /opt/airflow/dags/postgres-airflow-ingestion-dag.py took 0.205 seconds
[2026-04-01T09:02:29.006+0000] {processor.py:161} INFO - Started process (PID=4433) to work on /opt/airflow/dags/postgres-airflow-ingestion-dag.py
[2026-04-01T09:02:29.009+0000] {processor.py:830} INFO - Processing file /opt/airflow/dags/postgres-airflow-ingestion-dag.py for tasks to queue
[2026-04-01T09:02:29.014+0000] {logging_mixin.py:188} INFO - [2026-04-01T09:02:29.013+0000] {dagbag.py:545} INFO - Filling up the DagBag from /opt/airflow/dags/postgres-airflow-ingestion-dag.py
[2026-04-01T09:02:29.076+0000] {processor.py:840} INFO - DAG(s) 'spark_streaming_pipeline' retrieved from /opt/airflow/dags/postgres-airflow-ingestion-dag.py
[2026-04-01T09:02:29.117+0000] {logging_mixin.py:188} INFO - [2026-04-01T09:02:29.117+0000] {dag.py:3089} INFO - Sync 1 DAGs
[2026-04-01T09:02:29.144+0000] {logging_mixin.py:188} INFO - [2026-04-01T09:02:29.143+0000] {dag.py:3947} INFO - Setting next_dagrun for spark_streaming_pipeline to None, run_after=None
[2026-04-01T09:02:29.208+0000] {processor.py:183} INFO - Processing /opt/airflow/dags/postgres-airflow-ingestion-dag.py took 0.219 seconds
[2026-04-01T09:02:59.452+0000] {processor.py:161} INFO - Started process (PID=4458) to work on /opt/airflow/dags/postgres-airflow-ingestion-dag.py
[2026-04-01T09:02:59.454+0000] {processor.py:830} INFO - Processing file /opt/airflow/dags/postgres-airflow-ingestion-dag.py for tasks to queue
[2026-04-01T09:02:59.458+0000] {logging_mixin.py:188} INFO - [2026-04-01T09:02:59.458+0000] {dagbag.py:545} INFO - Filling up the DagBag from /opt/airflow/dags/postgres-airflow-ingestion-dag.py
[2026-04-01T09:02:59.511+0000] {processor.py:840} INFO - DAG(s) 'spark_streaming_pipeline' retrieved from /opt/airflow/dags/postgres-airflow-ingestion-dag.py
[2026-04-01T09:02:59.557+0000] {logging_mixin.py:188} INFO - [2026-04-01T09:02:59.556+0000] {dag.py:3089} INFO - Sync 1 DAGs
[2026-04-01T09:02:59.583+0000] {logging_mixin.py:188} INFO - [2026-04-01T09:02:59.583+0000] {dag.py:3947} INFO - Setting next_dagrun for spark_streaming_pipeline to None, run_after=None
[2026-04-01T09:02:59.648+0000] {processor.py:183} INFO - Processing /opt/airflow/dags/postgres-airflow-ingestion-dag.py took 0.209 seconds
[2026-04-01T09:03:29.988+0000] {processor.py:161} INFO - Started process (PID=4483) to work on /opt/airflow/dags/postgres-airflow-ingestion-dag.py
[2026-04-01T09:03:29.990+0000] {processor.py:830} INFO - Processing file /opt/airflow/dags/postgres-airflow-ingestion-dag.py for tasks to queue
[2026-04-01T09:03:29.993+0000] {logging_mixin.py:188} INFO - [2026-04-01T09:03:29.992+0000] {dagbag.py:545} INFO - Filling up the DagBag from /opt/airflow/dags/postgres-airflow-ingestion-dag.py
[2026-04-01T09:03:30.043+0000] {processor.py:840} INFO - DAG(s) 'spark_streaming_pipeline' retrieved from /opt/airflow/dags/postgres-airflow-ingestion-dag.py
[2026-04-01T09:03:30.088+0000] {logging_mixin.py:188} INFO - [2026-04-01T09:03:30.088+0000] {dag.py:3089} INFO - Sync 1 DAGs
[2026-04-01T09:03:30.113+0000] {logging_mixin.py:188} INFO - [2026-04-01T09:03:30.112+0000] {dag.py:3947} INFO - Setting next_dagrun for spark_streaming_pipeline to None, run_after=None
[2026-04-01T09:03:30.162+0000] {processor.py:183} INFO - Processing /opt/airflow/dags/postgres-airflow-ingestion-dag.py took 0.183 seconds
