[2026-04-01T07:35:50.068+0000] {processor.py:161} INFO - Started process (PID=178) to work on /opt/airflow/dags/redshift-airflow-ingestion-dag.py
[2026-04-01T07:35:50.070+0000] {processor.py:830} INFO - Processing file /opt/airflow/dags/redshift-airflow-ingestion-dag.py for tasks to queue
[2026-04-01T07:35:50.074+0000] {logging_mixin.py:188} INFO - [2026-04-01T07:35:50.073+0000] {dagbag.py:545} INFO - Filling up the DagBag from /opt/airflow/dags/redshift-airflow-ingestion-dag.py
[2026-04-01T07:35:50.118+0000] {processor.py:840} INFO - DAG(s) 's3_to_redshift_pipeline' retrieved from /opt/airflow/dags/redshift-airflow-ingestion-dag.py
[2026-04-01T07:35:50.343+0000] {logging_mixin.py:188} INFO - [2026-04-01T07:35:50.342+0000] {override.py:1858} INFO - Created Permission View: can delete on DAG:s3_to_redshift_pipeline
[2026-04-01T07:35:50.363+0000] {logging_mixin.py:188} INFO - [2026-04-01T07:35:50.362+0000] {override.py:1858} INFO - Created Permission View: can read on DAG:s3_to_redshift_pipeline
[2026-04-01T07:35:50.376+0000] {logging_mixin.py:188} INFO - [2026-04-01T07:35:50.375+0000] {override.py:1858} INFO - Created Permission View: can edit on DAG:s3_to_redshift_pipeline
[2026-04-01T07:35:50.377+0000] {logging_mixin.py:188} INFO - [2026-04-01T07:35:50.377+0000] {dag.py:3089} INFO - Sync 1 DAGs
[2026-04-01T07:35:50.398+0000] {logging_mixin.py:188} INFO - [2026-04-01T07:35:50.398+0000] {dag.py:3111} INFO - Creating ORM DAG for s3_to_redshift_pipeline
[2026-04-01T07:35:50.422+0000] {logging_mixin.py:188} INFO - [2026-04-01T07:35:50.422+0000] {dag.py:3947} INFO - Setting next_dagrun for s3_to_redshift_pipeline to 2026-04-01 07:32:00+00:00, run_after=2026-04-01 07:34:00+00:00
[2026-04-01T07:35:50.460+0000] {processor.py:183} INFO - Processing /opt/airflow/dags/redshift-airflow-ingestion-dag.py took 0.415 seconds
[2026-04-01T07:36:21.274+0000] {processor.py:161} INFO - Started process (PID=203) to work on /opt/airflow/dags/redshift-airflow-ingestion-dag.py
[2026-04-01T07:36:21.276+0000] {processor.py:830} INFO - Processing file /opt/airflow/dags/redshift-airflow-ingestion-dag.py for tasks to queue
[2026-04-01T07:36:21.283+0000] {logging_mixin.py:188} INFO - [2026-04-01T07:36:21.282+0000] {dagbag.py:545} INFO - Filling up the DagBag from /opt/airflow/dags/redshift-airflow-ingestion-dag.py
[2026-04-01T07:36:21.341+0000] {processor.py:840} INFO - DAG(s) 's3_to_redshift_pipeline' retrieved from /opt/airflow/dags/redshift-airflow-ingestion-dag.py
[2026-04-01T07:36:21.415+0000] {logging_mixin.py:188} INFO - [2026-04-01T07:36:21.414+0000] {dag.py:3089} INFO - Sync 1 DAGs
[2026-04-01T07:36:21.482+0000] {logging_mixin.py:188} INFO - [2026-04-01T07:36:21.482+0000] {dag.py:3947} INFO - Setting next_dagrun for s3_to_redshift_pipeline to 2026-04-01 07:34:00+00:00, run_after=2026-04-01 07:36:00+00:00
[2026-04-01T07:36:21.524+0000] {processor.py:183} INFO - Processing /opt/airflow/dags/redshift-airflow-ingestion-dag.py took 0.271 seconds
[2026-04-01T07:36:51.700+0000] {processor.py:161} INFO - Started process (PID=228) to work on /opt/airflow/dags/redshift-airflow-ingestion-dag.py
[2026-04-01T07:36:51.702+0000] {processor.py:830} INFO - Processing file /opt/airflow/dags/redshift-airflow-ingestion-dag.py for tasks to queue
[2026-04-01T07:36:51.706+0000] {logging_mixin.py:188} INFO - [2026-04-01T07:36:51.705+0000] {dagbag.py:545} INFO - Filling up the DagBag from /opt/airflow/dags/redshift-airflow-ingestion-dag.py
[2026-04-01T07:36:51.760+0000] {processor.py:840} INFO - DAG(s) 's3_to_redshift_pipeline' retrieved from /opt/airflow/dags/redshift-airflow-ingestion-dag.py
[2026-04-01T07:36:51.814+0000] {logging_mixin.py:188} INFO - [2026-04-01T07:36:51.813+0000] {dag.py:3089} INFO - Sync 1 DAGs
[2026-04-01T07:36:51.868+0000] {logging_mixin.py:188} INFO - [2026-04-01T07:36:51.867+0000] {dag.py:3947} INFO - Setting next_dagrun for s3_to_redshift_pipeline to 2026-04-01 07:34:00+00:00, run_after=2026-04-01 07:36:00+00:00
[2026-04-01T07:36:51.909+0000] {processor.py:183} INFO - Processing /opt/airflow/dags/redshift-airflow-ingestion-dag.py took 0.224 seconds
[2026-04-01T07:37:22.276+0000] {processor.py:161} INFO - Started process (PID=253) to work on /opt/airflow/dags/redshift-airflow-ingestion-dag.py
[2026-04-01T07:37:22.278+0000] {processor.py:830} INFO - Processing file /opt/airflow/dags/redshift-airflow-ingestion-dag.py for tasks to queue
[2026-04-01T07:37:22.283+0000] {logging_mixin.py:188} INFO - [2026-04-01T07:37:22.282+0000] {dagbag.py:545} INFO - Filling up the DagBag from /opt/airflow/dags/redshift-airflow-ingestion-dag.py
[2026-04-01T07:37:22.342+0000] {processor.py:840} INFO - DAG(s) 's3_to_redshift_pipeline' retrieved from /opt/airflow/dags/redshift-airflow-ingestion-dag.py
[2026-04-01T07:37:22.412+0000] {logging_mixin.py:188} INFO - [2026-04-01T07:37:22.411+0000] {dag.py:3089} INFO - Sync 1 DAGs
[2026-04-01T07:37:22.475+0000] {logging_mixin.py:188} INFO - [2026-04-01T07:37:22.474+0000] {dag.py:3947} INFO - Setting next_dagrun for s3_to_redshift_pipeline to 2026-04-01 07:34:00+00:00, run_after=2026-04-01 07:36:00+00:00
[2026-04-01T07:37:22.535+0000] {processor.py:183} INFO - Processing /opt/airflow/dags/redshift-airflow-ingestion-dag.py took 0.272 seconds
[2026-04-01T07:37:52.872+0000] {processor.py:161} INFO - Started process (PID=278) to work on /opt/airflow/dags/redshift-airflow-ingestion-dag.py
[2026-04-01T07:37:52.874+0000] {processor.py:830} INFO - Processing file /opt/airflow/dags/redshift-airflow-ingestion-dag.py for tasks to queue
[2026-04-01T07:37:52.878+0000] {logging_mixin.py:188} INFO - [2026-04-01T07:37:52.877+0000] {dagbag.py:545} INFO - Filling up the DagBag from /opt/airflow/dags/redshift-airflow-ingestion-dag.py
[2026-04-01T07:37:52.931+0000] {processor.py:840} INFO - DAG(s) 's3_to_redshift_pipeline' retrieved from /opt/airflow/dags/redshift-airflow-ingestion-dag.py
[2026-04-01T07:37:52.979+0000] {logging_mixin.py:188} INFO - [2026-04-01T07:37:52.978+0000] {dag.py:3089} INFO - Sync 1 DAGs
[2026-04-01T07:37:53.025+0000] {logging_mixin.py:188} INFO - [2026-04-01T07:37:53.024+0000] {dag.py:3947} INFO - Setting next_dagrun for s3_to_redshift_pipeline to 2026-04-01 07:34:00+00:00, run_after=2026-04-01 07:36:00+00:00
[2026-04-01T07:37:53.072+0000] {processor.py:183} INFO - Processing /opt/airflow/dags/redshift-airflow-ingestion-dag.py took 0.213 seconds
[2026-04-01T07:38:23.384+0000] {processor.py:161} INFO - Started process (PID=303) to work on /opt/airflow/dags/redshift-airflow-ingestion-dag.py
[2026-04-01T07:38:23.386+0000] {processor.py:830} INFO - Processing file /opt/airflow/dags/redshift-airflow-ingestion-dag.py for tasks to queue
[2026-04-01T07:38:23.390+0000] {logging_mixin.py:188} INFO - [2026-04-01T07:38:23.389+0000] {dagbag.py:545} INFO - Filling up the DagBag from /opt/airflow/dags/redshift-airflow-ingestion-dag.py
[2026-04-01T07:38:23.437+0000] {processor.py:840} INFO - DAG(s) 's3_to_redshift_pipeline' retrieved from /opt/airflow/dags/redshift-airflow-ingestion-dag.py
[2026-04-01T07:38:23.479+0000] {logging_mixin.py:188} INFO - [2026-04-01T07:38:23.478+0000] {dag.py:3089} INFO - Sync 1 DAGs
[2026-04-01T07:38:23.520+0000] {logging_mixin.py:188} INFO - [2026-04-01T07:38:23.520+0000] {dag.py:3947} INFO - Setting next_dagrun for s3_to_redshift_pipeline to 2026-04-01 07:36:00+00:00, run_after=2026-04-01 07:38:00+00:00
[2026-04-01T07:38:23.573+0000] {processor.py:183} INFO - Processing /opt/airflow/dags/redshift-airflow-ingestion-dag.py took 0.200 seconds
[2026-04-01T07:38:53.748+0000] {processor.py:161} INFO - Started process (PID=328) to work on /opt/airflow/dags/redshift-airflow-ingestion-dag.py
[2026-04-01T07:38:53.752+0000] {processor.py:830} INFO - Processing file /opt/airflow/dags/redshift-airflow-ingestion-dag.py for tasks to queue
[2026-04-01T07:38:53.759+0000] {logging_mixin.py:188} INFO - [2026-04-01T07:38:53.758+0000] {dagbag.py:545} INFO - Filling up the DagBag from /opt/airflow/dags/redshift-airflow-ingestion-dag.py
[2026-04-01T07:38:53.820+0000] {processor.py:840} INFO - DAG(s) 's3_to_redshift_pipeline' retrieved from /opt/airflow/dags/redshift-airflow-ingestion-dag.py
[2026-04-01T07:38:53.885+0000] {logging_mixin.py:188} INFO - [2026-04-01T07:38:53.884+0000] {dag.py:3089} INFO - Sync 1 DAGs
[2026-04-01T07:38:53.953+0000] {logging_mixin.py:188} INFO - [2026-04-01T07:38:53.952+0000] {dag.py:3947} INFO - Setting next_dagrun for s3_to_redshift_pipeline to 2026-04-01 07:36:00+00:00, run_after=2026-04-01 07:38:00+00:00
[2026-04-01T07:38:53.996+0000] {processor.py:183} INFO - Processing /opt/airflow/dags/redshift-airflow-ingestion-dag.py took 0.269 seconds
[2026-04-01T07:39:24.251+0000] {processor.py:161} INFO - Started process (PID=353) to work on /opt/airflow/dags/redshift-airflow-ingestion-dag.py
[2026-04-01T07:39:24.253+0000] {processor.py:830} INFO - Processing file /opt/airflow/dags/redshift-airflow-ingestion-dag.py for tasks to queue
[2026-04-01T07:39:24.256+0000] {logging_mixin.py:188} INFO - [2026-04-01T07:39:24.256+0000] {dagbag.py:545} INFO - Filling up the DagBag from /opt/airflow/dags/redshift-airflow-ingestion-dag.py
[2026-04-01T07:39:24.323+0000] {processor.py:840} INFO - DAG(s) 's3_to_redshift_pipeline' retrieved from /opt/airflow/dags/redshift-airflow-ingestion-dag.py
[2026-04-01T07:39:24.373+0000] {logging_mixin.py:188} INFO - [2026-04-01T07:39:24.373+0000] {dag.py:3089} INFO - Sync 1 DAGs
[2026-04-01T07:39:24.416+0000] {logging_mixin.py:188} INFO - [2026-04-01T07:39:24.416+0000] {dag.py:3947} INFO - Setting next_dagrun for s3_to_redshift_pipeline to 2026-04-01 07:36:00+00:00, run_after=2026-04-01 07:38:00+00:00
[2026-04-01T07:39:24.457+0000] {processor.py:183} INFO - Processing /opt/airflow/dags/redshift-airflow-ingestion-dag.py took 0.218 seconds
[2026-04-01T07:39:54.760+0000] {processor.py:161} INFO - Started process (PID=378) to work on /opt/airflow/dags/redshift-airflow-ingestion-dag.py
[2026-04-01T07:39:54.763+0000] {processor.py:830} INFO - Processing file /opt/airflow/dags/redshift-airflow-ingestion-dag.py for tasks to queue
[2026-04-01T07:39:54.767+0000] {logging_mixin.py:188} INFO - [2026-04-01T07:39:54.766+0000] {dagbag.py:545} INFO - Filling up the DagBag from /opt/airflow/dags/redshift-airflow-ingestion-dag.py
[2026-04-01T07:39:54.818+0000] {processor.py:840} INFO - DAG(s) 's3_to_redshift_pipeline' retrieved from /opt/airflow/dags/redshift-airflow-ingestion-dag.py
[2026-04-01T07:39:54.869+0000] {logging_mixin.py:188} INFO - [2026-04-01T07:39:54.868+0000] {dag.py:3089} INFO - Sync 1 DAGs
[2026-04-01T07:39:54.924+0000] {logging_mixin.py:188} INFO - [2026-04-01T07:39:54.924+0000] {dag.py:3947} INFO - Setting next_dagrun for s3_to_redshift_pipeline to 2026-04-01 07:36:00+00:00, run_after=2026-04-01 07:38:00+00:00
[2026-04-01T07:39:54.967+0000] {processor.py:183} INFO - Processing /opt/airflow/dags/redshift-airflow-ingestion-dag.py took 0.222 seconds
[2026-04-01T07:40:25.261+0000] {processor.py:161} INFO - Started process (PID=403) to work on /opt/airflow/dags/redshift-airflow-ingestion-dag.py
[2026-04-01T07:40:25.263+0000] {processor.py:830} INFO - Processing file /opt/airflow/dags/redshift-airflow-ingestion-dag.py for tasks to queue
[2026-04-01T07:40:25.266+0000] {logging_mixin.py:188} INFO - [2026-04-01T07:40:25.265+0000] {dagbag.py:545} INFO - Filling up the DagBag from /opt/airflow/dags/redshift-airflow-ingestion-dag.py
[2026-04-01T07:40:25.319+0000] {processor.py:840} INFO - DAG(s) 's3_to_redshift_pipeline' retrieved from /opt/airflow/dags/redshift-airflow-ingestion-dag.py
[2026-04-01T07:40:25.381+0000] {logging_mixin.py:188} INFO - [2026-04-01T07:40:25.381+0000] {dag.py:3089} INFO - Sync 1 DAGs
[2026-04-01T07:40:25.440+0000] {logging_mixin.py:188} INFO - [2026-04-01T07:40:25.440+0000] {dag.py:3947} INFO - Setting next_dagrun for s3_to_redshift_pipeline to 2026-04-01 07:38:00+00:00, run_after=2026-04-01 07:40:00+00:00
[2026-04-01T07:40:25.482+0000] {processor.py:183} INFO - Processing /opt/airflow/dags/redshift-airflow-ingestion-dag.py took 0.239 seconds
[2026-04-01T07:40:55.922+0000] {processor.py:161} INFO - Started process (PID=428) to work on /opt/airflow/dags/redshift-airflow-ingestion-dag.py
[2026-04-01T07:40:55.924+0000] {processor.py:830} INFO - Processing file /opt/airflow/dags/redshift-airflow-ingestion-dag.py for tasks to queue
[2026-04-01T07:40:55.928+0000] {logging_mixin.py:188} INFO - [2026-04-01T07:40:55.927+0000] {dagbag.py:545} INFO - Filling up the DagBag from /opt/airflow/dags/redshift-airflow-ingestion-dag.py
[2026-04-01T07:40:55.984+0000] {processor.py:840} INFO - DAG(s) 's3_to_redshift_pipeline' retrieved from /opt/airflow/dags/redshift-airflow-ingestion-dag.py
[2026-04-01T07:40:56.033+0000] {logging_mixin.py:188} INFO - [2026-04-01T07:40:56.033+0000] {dag.py:3089} INFO - Sync 1 DAGs
[2026-04-01T07:40:56.075+0000] {logging_mixin.py:188} INFO - [2026-04-01T07:40:56.074+0000] {dag.py:3947} INFO - Setting next_dagrun for s3_to_redshift_pipeline to 2026-04-01 07:38:00+00:00, run_after=2026-04-01 07:40:00+00:00
[2026-04-01T07:40:56.112+0000] {processor.py:183} INFO - Processing /opt/airflow/dags/redshift-airflow-ingestion-dag.py took 0.203 seconds
[2026-04-01T07:41:26.392+0000] {processor.py:161} INFO - Started process (PID=453) to work on /opt/airflow/dags/redshift-airflow-ingestion-dag.py
[2026-04-01T07:41:26.394+0000] {processor.py:830} INFO - Processing file /opt/airflow/dags/redshift-airflow-ingestion-dag.py for tasks to queue
[2026-04-01T07:41:26.397+0000] {logging_mixin.py:188} INFO - [2026-04-01T07:41:26.397+0000] {dagbag.py:545} INFO - Filling up the DagBag from /opt/airflow/dags/redshift-airflow-ingestion-dag.py
[2026-04-01T07:41:26.446+0000] {processor.py:840} INFO - DAG(s) 's3_to_redshift_pipeline' retrieved from /opt/airflow/dags/redshift-airflow-ingestion-dag.py
[2026-04-01T07:41:26.494+0000] {logging_mixin.py:188} INFO - [2026-04-01T07:41:26.493+0000] {dag.py:3089} INFO - Sync 1 DAGs
[2026-04-01T07:41:26.536+0000] {logging_mixin.py:188} INFO - [2026-04-01T07:41:26.535+0000] {dag.py:3947} INFO - Setting next_dagrun for s3_to_redshift_pipeline to 2026-04-01 07:38:00+00:00, run_after=2026-04-01 07:40:00+00:00
[2026-04-01T07:41:26.574+0000] {processor.py:183} INFO - Processing /opt/airflow/dags/redshift-airflow-ingestion-dag.py took 0.194 seconds
[2026-04-01T07:41:56.836+0000] {processor.py:161} INFO - Started process (PID=478) to work on /opt/airflow/dags/redshift-airflow-ingestion-dag.py
[2026-04-01T07:41:56.837+0000] {processor.py:830} INFO - Processing file /opt/airflow/dags/redshift-airflow-ingestion-dag.py for tasks to queue
[2026-04-01T07:41:56.840+0000] {logging_mixin.py:188} INFO - [2026-04-01T07:41:56.840+0000] {dagbag.py:545} INFO - Filling up the DagBag from /opt/airflow/dags/redshift-airflow-ingestion-dag.py
[2026-04-01T07:41:56.890+0000] {processor.py:840} INFO - DAG(s) 's3_to_redshift_pipeline' retrieved from /opt/airflow/dags/redshift-airflow-ingestion-dag.py
[2026-04-01T07:41:56.934+0000] {logging_mixin.py:188} INFO - [2026-04-01T07:41:56.933+0000] {dag.py:3089} INFO - Sync 1 DAGs
[2026-04-01T07:41:56.974+0000] {logging_mixin.py:188} INFO - [2026-04-01T07:41:56.974+0000] {dag.py:3947} INFO - Setting next_dagrun for s3_to_redshift_pipeline to 2026-04-01 07:38:00+00:00, run_after=2026-04-01 07:40:00+00:00
[2026-04-01T07:41:57.018+0000] {processor.py:183} INFO - Processing /opt/airflow/dags/redshift-airflow-ingestion-dag.py took 0.194 seconds
[2026-04-01T07:42:27.339+0000] {processor.py:161} INFO - Started process (PID=503) to work on /opt/airflow/dags/redshift-airflow-ingestion-dag.py
[2026-04-01T07:42:27.341+0000] {processor.py:830} INFO - Processing file /opt/airflow/dags/redshift-airflow-ingestion-dag.py for tasks to queue
[2026-04-01T07:42:27.345+0000] {logging_mixin.py:188} INFO - [2026-04-01T07:42:27.344+0000] {dagbag.py:545} INFO - Filling up the DagBag from /opt/airflow/dags/redshift-airflow-ingestion-dag.py
[2026-04-01T07:42:27.395+0000] {processor.py:840} INFO - DAG(s) 's3_to_redshift_pipeline' retrieved from /opt/airflow/dags/redshift-airflow-ingestion-dag.py
[2026-04-01T07:42:27.440+0000] {logging_mixin.py:188} INFO - [2026-04-01T07:42:27.440+0000] {dag.py:3089} INFO - Sync 1 DAGs
[2026-04-01T07:42:27.485+0000] {logging_mixin.py:188} INFO - [2026-04-01T07:42:27.485+0000] {dag.py:3947} INFO - Setting next_dagrun for s3_to_redshift_pipeline to 2026-04-01 07:40:00+00:00, run_after=2026-04-01 07:42:00+00:00
[2026-04-01T07:42:27.552+0000] {processor.py:183} INFO - Processing /opt/airflow/dags/redshift-airflow-ingestion-dag.py took 0.225 seconds
[2026-04-01T07:42:57.880+0000] {processor.py:161} INFO - Started process (PID=528) to work on /opt/airflow/dags/redshift-airflow-ingestion-dag.py
[2026-04-01T07:42:57.882+0000] {processor.py:830} INFO - Processing file /opt/airflow/dags/redshift-airflow-ingestion-dag.py for tasks to queue
[2026-04-01T07:42:57.886+0000] {logging_mixin.py:188} INFO - [2026-04-01T07:42:57.885+0000] {dagbag.py:545} INFO - Filling up the DagBag from /opt/airflow/dags/redshift-airflow-ingestion-dag.py
[2026-04-01T07:42:57.935+0000] {processor.py:840} INFO - DAG(s) 's3_to_redshift_pipeline' retrieved from /opt/airflow/dags/redshift-airflow-ingestion-dag.py
[2026-04-01T07:42:57.982+0000] {logging_mixin.py:188} INFO - [2026-04-01T07:42:57.981+0000] {dag.py:3089} INFO - Sync 1 DAGs
[2026-04-01T07:42:58.026+0000] {logging_mixin.py:188} INFO - [2026-04-01T07:42:58.025+0000] {dag.py:3947} INFO - Setting next_dagrun for s3_to_redshift_pipeline to 2026-04-01 07:40:00+00:00, run_after=2026-04-01 07:42:00+00:00
[2026-04-01T07:42:58.070+0000] {processor.py:183} INFO - Processing /opt/airflow/dags/redshift-airflow-ingestion-dag.py took 0.202 seconds
[2026-04-01T07:43:28.394+0000] {processor.py:161} INFO - Started process (PID=553) to work on /opt/airflow/dags/redshift-airflow-ingestion-dag.py
[2026-04-01T07:43:28.396+0000] {processor.py:830} INFO - Processing file /opt/airflow/dags/redshift-airflow-ingestion-dag.py for tasks to queue
[2026-04-01T07:43:28.399+0000] {logging_mixin.py:188} INFO - [2026-04-01T07:43:28.399+0000] {dagbag.py:545} INFO - Filling up the DagBag from /opt/airflow/dags/redshift-airflow-ingestion-dag.py
[2026-04-01T07:43:28.450+0000] {processor.py:840} INFO - DAG(s) 's3_to_redshift_pipeline' retrieved from /opt/airflow/dags/redshift-airflow-ingestion-dag.py
[2026-04-01T07:43:28.500+0000] {logging_mixin.py:188} INFO - [2026-04-01T07:43:28.500+0000] {dag.py:3089} INFO - Sync 1 DAGs
[2026-04-01T07:43:28.546+0000] {logging_mixin.py:188} INFO - [2026-04-01T07:43:28.546+0000] {dag.py:3947} INFO - Setting next_dagrun for s3_to_redshift_pipeline to 2026-04-01 07:40:00+00:00, run_after=2026-04-01 07:42:00+00:00
[2026-04-01T07:43:28.597+0000] {processor.py:183} INFO - Processing /opt/airflow/dags/redshift-airflow-ingestion-dag.py took 0.216 seconds
[2026-04-01T07:43:59.142+0000] {processor.py:161} INFO - Started process (PID=578) to work on /opt/airflow/dags/redshift-airflow-ingestion-dag.py
[2026-04-01T07:43:59.144+0000] {processor.py:830} INFO - Processing file /opt/airflow/dags/redshift-airflow-ingestion-dag.py for tasks to queue
[2026-04-01T07:43:59.148+0000] {logging_mixin.py:188} INFO - [2026-04-01T07:43:59.147+0000] {dagbag.py:545} INFO - Filling up the DagBag from /opt/airflow/dags/redshift-airflow-ingestion-dag.py
[2026-04-01T07:43:59.197+0000] {processor.py:840} INFO - DAG(s) 's3_to_redshift_pipeline' retrieved from /opt/airflow/dags/redshift-airflow-ingestion-dag.py
[2026-04-01T07:43:59.245+0000] {logging_mixin.py:188} INFO - [2026-04-01T07:43:59.245+0000] {dag.py:3089} INFO - Sync 1 DAGs
[2026-04-01T07:43:59.294+0000] {logging_mixin.py:188} INFO - [2026-04-01T07:43:59.293+0000] {dag.py:3947} INFO - Setting next_dagrun for s3_to_redshift_pipeline to 2026-04-01 07:40:00+00:00, run_after=2026-04-01 07:42:00+00:00
[2026-04-01T07:43:59.335+0000] {processor.py:183} INFO - Processing /opt/airflow/dags/redshift-airflow-ingestion-dag.py took 0.207 seconds
[2026-04-01T07:44:29.657+0000] {processor.py:161} INFO - Started process (PID=603) to work on /opt/airflow/dags/redshift-airflow-ingestion-dag.py
[2026-04-01T07:44:29.659+0000] {processor.py:830} INFO - Processing file /opt/airflow/dags/redshift-airflow-ingestion-dag.py for tasks to queue
[2026-04-01T07:44:29.663+0000] {logging_mixin.py:188} INFO - [2026-04-01T07:44:29.662+0000] {dagbag.py:545} INFO - Filling up the DagBag from /opt/airflow/dags/redshift-airflow-ingestion-dag.py
[2026-04-01T07:44:29.712+0000] {processor.py:840} INFO - DAG(s) 's3_to_redshift_pipeline' retrieved from /opt/airflow/dags/redshift-airflow-ingestion-dag.py
[2026-04-01T07:44:29.757+0000] {logging_mixin.py:188} INFO - [2026-04-01T07:44:29.756+0000] {dag.py:3089} INFO - Sync 1 DAGs
[2026-04-01T07:44:29.820+0000] {logging_mixin.py:188} INFO - [2026-04-01T07:44:29.819+0000] {dag.py:3947} INFO - Setting next_dagrun for s3_to_redshift_pipeline to 2026-04-01 07:42:00+00:00, run_after=2026-04-01 07:44:00+00:00
[2026-04-01T07:44:29.871+0000] {processor.py:183} INFO - Processing /opt/airflow/dags/redshift-airflow-ingestion-dag.py took 0.225 seconds
[2026-04-01T07:45:00.065+0000] {processor.py:161} INFO - Started process (PID=628) to work on /opt/airflow/dags/redshift-airflow-ingestion-dag.py
[2026-04-01T07:45:00.067+0000] {processor.py:830} INFO - Processing file /opt/airflow/dags/redshift-airflow-ingestion-dag.py for tasks to queue
[2026-04-01T07:45:00.072+0000] {logging_mixin.py:188} INFO - [2026-04-01T07:45:00.071+0000] {dagbag.py:545} INFO - Filling up the DagBag from /opt/airflow/dags/redshift-airflow-ingestion-dag.py
[2026-04-01T07:45:00.120+0000] {processor.py:840} INFO - DAG(s) 's3_to_redshift_pipeline' retrieved from /opt/airflow/dags/redshift-airflow-ingestion-dag.py
[2026-04-01T07:45:00.166+0000] {logging_mixin.py:188} INFO - [2026-04-01T07:45:00.166+0000] {dag.py:3089} INFO - Sync 1 DAGs
[2026-04-01T07:45:00.213+0000] {logging_mixin.py:188} INFO - [2026-04-01T07:45:00.212+0000] {dag.py:3947} INFO - Setting next_dagrun for s3_to_redshift_pipeline to 2026-04-01 07:42:00+00:00, run_after=2026-04-01 07:44:00+00:00
[2026-04-01T07:45:00.258+0000] {processor.py:183} INFO - Processing /opt/airflow/dags/redshift-airflow-ingestion-dag.py took 0.207 seconds
[2026-04-01T07:45:30.536+0000] {processor.py:161} INFO - Started process (PID=653) to work on /opt/airflow/dags/redshift-airflow-ingestion-dag.py
[2026-04-01T07:45:30.538+0000] {processor.py:830} INFO - Processing file /opt/airflow/dags/redshift-airflow-ingestion-dag.py for tasks to queue
[2026-04-01T07:45:30.541+0000] {logging_mixin.py:188} INFO - [2026-04-01T07:45:30.541+0000] {dagbag.py:545} INFO - Filling up the DagBag from /opt/airflow/dags/redshift-airflow-ingestion-dag.py
[2026-04-01T07:45:30.592+0000] {processor.py:840} INFO - DAG(s) 's3_to_redshift_pipeline' retrieved from /opt/airflow/dags/redshift-airflow-ingestion-dag.py
[2026-04-01T07:45:30.641+0000] {logging_mixin.py:188} INFO - [2026-04-01T07:45:30.641+0000] {dag.py:3089} INFO - Sync 1 DAGs
[2026-04-01T07:45:30.687+0000] {logging_mixin.py:188} INFO - [2026-04-01T07:45:30.687+0000] {dag.py:3947} INFO - Setting next_dagrun for s3_to_redshift_pipeline to 2026-04-01 07:42:00+00:00, run_after=2026-04-01 07:44:00+00:00
[2026-04-01T07:45:30.727+0000] {processor.py:183} INFO - Processing /opt/airflow/dags/redshift-airflow-ingestion-dag.py took 0.202 seconds
[2026-04-01T07:46:01.122+0000] {processor.py:161} INFO - Started process (PID=678) to work on /opt/airflow/dags/redshift-airflow-ingestion-dag.py
[2026-04-01T07:46:01.125+0000] {processor.py:830} INFO - Processing file /opt/airflow/dags/redshift-airflow-ingestion-dag.py for tasks to queue
[2026-04-01T07:46:01.129+0000] {logging_mixin.py:188} INFO - [2026-04-01T07:46:01.128+0000] {dagbag.py:545} INFO - Filling up the DagBag from /opt/airflow/dags/redshift-airflow-ingestion-dag.py
[2026-04-01T07:46:01.188+0000] {processor.py:840} INFO - DAG(s) 's3_to_redshift_pipeline' retrieved from /opt/airflow/dags/redshift-airflow-ingestion-dag.py
[2026-04-01T07:46:01.252+0000] {logging_mixin.py:188} INFO - [2026-04-01T07:46:01.251+0000] {dag.py:3089} INFO - Sync 1 DAGs
[2026-04-01T07:46:01.323+0000] {logging_mixin.py:188} INFO - [2026-04-01T07:46:01.322+0000] {dag.py:3947} INFO - Setting next_dagrun for s3_to_redshift_pipeline to 2026-04-01 07:44:00+00:00, run_after=2026-04-01 07:46:00+00:00
[2026-04-01T07:46:01.392+0000] {processor.py:183} INFO - Processing /opt/airflow/dags/redshift-airflow-ingestion-dag.py took 0.283 seconds
[2026-04-01T07:46:31.773+0000] {processor.py:161} INFO - Started process (PID=703) to work on /opt/airflow/dags/redshift-airflow-ingestion-dag.py
[2026-04-01T07:46:31.775+0000] {processor.py:830} INFO - Processing file /opt/airflow/dags/redshift-airflow-ingestion-dag.py for tasks to queue
[2026-04-01T07:46:31.779+0000] {logging_mixin.py:188} INFO - [2026-04-01T07:46:31.778+0000] {dagbag.py:545} INFO - Filling up the DagBag from /opt/airflow/dags/redshift-airflow-ingestion-dag.py
[2026-04-01T07:46:31.837+0000] {processor.py:840} INFO - DAG(s) 's3_to_redshift_pipeline' retrieved from /opt/airflow/dags/redshift-airflow-ingestion-dag.py
[2026-04-01T07:46:31.898+0000] {logging_mixin.py:188} INFO - [2026-04-01T07:46:31.897+0000] {dag.py:3089} INFO - Sync 1 DAGs
[2026-04-01T07:46:31.963+0000] {logging_mixin.py:188} INFO - [2026-04-01T07:46:31.963+0000] {dag.py:3947} INFO - Setting next_dagrun for s3_to_redshift_pipeline to 2026-04-01 07:44:00+00:00, run_after=2026-04-01 07:46:00+00:00
[2026-04-01T07:46:32.012+0000] {processor.py:183} INFO - Processing /opt/airflow/dags/redshift-airflow-ingestion-dag.py took 0.252 seconds
[2026-04-01T07:47:02.260+0000] {processor.py:161} INFO - Started process (PID=728) to work on /opt/airflow/dags/redshift-airflow-ingestion-dag.py
[2026-04-01T07:47:02.262+0000] {processor.py:830} INFO - Processing file /opt/airflow/dags/redshift-airflow-ingestion-dag.py for tasks to queue
[2026-04-01T07:47:02.266+0000] {logging_mixin.py:188} INFO - [2026-04-01T07:47:02.265+0000] {dagbag.py:545} INFO - Filling up the DagBag from /opt/airflow/dags/redshift-airflow-ingestion-dag.py
[2026-04-01T07:47:02.317+0000] {processor.py:840} INFO - DAG(s) 's3_to_redshift_pipeline' retrieved from /opt/airflow/dags/redshift-airflow-ingestion-dag.py
[2026-04-01T07:47:02.365+0000] {logging_mixin.py:188} INFO - [2026-04-01T07:47:02.365+0000] {dag.py:3089} INFO - Sync 1 DAGs
[2026-04-01T07:47:02.411+0000] {logging_mixin.py:188} INFO - [2026-04-01T07:47:02.410+0000] {dag.py:3947} INFO - Setting next_dagrun for s3_to_redshift_pipeline to 2026-04-01 07:44:00+00:00, run_after=2026-04-01 07:46:00+00:00
[2026-04-01T07:47:02.448+0000] {processor.py:183} INFO - Processing /opt/airflow/dags/redshift-airflow-ingestion-dag.py took 0.205 seconds
[2026-04-01T07:47:32.596+0000] {processor.py:161} INFO - Started process (PID=753) to work on /opt/airflow/dags/redshift-airflow-ingestion-dag.py
[2026-04-01T07:47:32.598+0000] {processor.py:830} INFO - Processing file /opt/airflow/dags/redshift-airflow-ingestion-dag.py for tasks to queue
[2026-04-01T07:47:32.602+0000] {logging_mixin.py:188} INFO - [2026-04-01T07:47:32.601+0000] {dagbag.py:545} INFO - Filling up the DagBag from /opt/airflow/dags/redshift-airflow-ingestion-dag.py
[2026-04-01T07:47:32.653+0000] {processor.py:840} INFO - DAG(s) 's3_to_redshift_pipeline' retrieved from /opt/airflow/dags/redshift-airflow-ingestion-dag.py
[2026-04-01T07:47:32.708+0000] {logging_mixin.py:188} INFO - [2026-04-01T07:47:32.707+0000] {dag.py:3089} INFO - Sync 1 DAGs
[2026-04-01T07:47:32.760+0000] {logging_mixin.py:188} INFO - [2026-04-01T07:47:32.760+0000] {dag.py:3947} INFO - Setting next_dagrun for s3_to_redshift_pipeline to 2026-04-01 07:44:00+00:00, run_after=2026-04-01 07:46:00+00:00
[2026-04-01T07:47:32.807+0000] {processor.py:183} INFO - Processing /opt/airflow/dags/redshift-airflow-ingestion-dag.py took 0.222 seconds
[2026-04-01T07:48:03.510+0000] {processor.py:161} INFO - Started process (PID=778) to work on /opt/airflow/dags/redshift-airflow-ingestion-dag.py
[2026-04-01T07:48:03.513+0000] {processor.py:830} INFO - Processing file /opt/airflow/dags/redshift-airflow-ingestion-dag.py for tasks to queue
[2026-04-01T07:48:03.518+0000] {logging_mixin.py:188} INFO - [2026-04-01T07:48:03.517+0000] {dagbag.py:545} INFO - Filling up the DagBag from /opt/airflow/dags/redshift-airflow-ingestion-dag.py
[2026-04-01T07:48:03.587+0000] {processor.py:840} INFO - DAG(s) 's3_to_redshift_pipeline' retrieved from /opt/airflow/dags/redshift-airflow-ingestion-dag.py
[2026-04-01T07:48:03.656+0000] {logging_mixin.py:188} INFO - [2026-04-01T07:48:03.655+0000] {dag.py:3089} INFO - Sync 1 DAGs
[2026-04-01T07:48:03.725+0000] {logging_mixin.py:188} INFO - [2026-04-01T07:48:03.724+0000] {dag.py:3947} INFO - Setting next_dagrun for s3_to_redshift_pipeline to 2026-04-01 07:46:00+00:00, run_after=2026-04-01 07:48:00+00:00
[2026-04-01T07:48:03.770+0000] {processor.py:183} INFO - Processing /opt/airflow/dags/redshift-airflow-ingestion-dag.py took 0.277 seconds
[2026-04-01T07:48:33.983+0000] {processor.py:161} INFO - Started process (PID=803) to work on /opt/airflow/dags/redshift-airflow-ingestion-dag.py
[2026-04-01T07:48:33.985+0000] {processor.py:830} INFO - Processing file /opt/airflow/dags/redshift-airflow-ingestion-dag.py for tasks to queue
[2026-04-01T07:48:33.988+0000] {logging_mixin.py:188} INFO - [2026-04-01T07:48:33.988+0000] {dagbag.py:545} INFO - Filling up the DagBag from /opt/airflow/dags/redshift-airflow-ingestion-dag.py
[2026-04-01T07:48:34.039+0000] {processor.py:840} INFO - DAG(s) 's3_to_redshift_pipeline' retrieved from /opt/airflow/dags/redshift-airflow-ingestion-dag.py
[2026-04-01T07:48:34.084+0000] {logging_mixin.py:188} INFO - [2026-04-01T07:48:34.084+0000] {dag.py:3089} INFO - Sync 1 DAGs
[2026-04-01T07:48:34.135+0000] {logging_mixin.py:188} INFO - [2026-04-01T07:48:34.134+0000] {dag.py:3947} INFO - Setting next_dagrun for s3_to_redshift_pipeline to 2026-04-01 07:46:00+00:00, run_after=2026-04-01 07:48:00+00:00
[2026-04-01T07:48:34.173+0000] {processor.py:183} INFO - Processing /opt/airflow/dags/redshift-airflow-ingestion-dag.py took 0.204 seconds
[2026-04-01T07:49:04.897+0000] {processor.py:161} INFO - Started process (PID=828) to work on /opt/airflow/dags/redshift-airflow-ingestion-dag.py
[2026-04-01T07:49:04.900+0000] {processor.py:830} INFO - Processing file /opt/airflow/dags/redshift-airflow-ingestion-dag.py for tasks to queue
[2026-04-01T07:49:04.907+0000] {logging_mixin.py:188} INFO - [2026-04-01T07:49:04.906+0000] {dagbag.py:545} INFO - Filling up the DagBag from /opt/airflow/dags/redshift-airflow-ingestion-dag.py
[2026-04-01T07:49:04.980+0000] {processor.py:840} INFO - DAG(s) 's3_to_redshift_pipeline' retrieved from /opt/airflow/dags/redshift-airflow-ingestion-dag.py
[2026-04-01T07:49:05.044+0000] {logging_mixin.py:188} INFO - [2026-04-01T07:49:05.044+0000] {dag.py:3089} INFO - Sync 1 DAGs
[2026-04-01T07:49:05.090+0000] {logging_mixin.py:188} INFO - [2026-04-01T07:49:05.090+0000] {dag.py:3947} INFO - Setting next_dagrun for s3_to_redshift_pipeline to 2026-04-01 07:46:00+00:00, run_after=2026-04-01 07:48:00+00:00
[2026-04-01T07:49:05.130+0000] {processor.py:183} INFO - Processing /opt/airflow/dags/redshift-airflow-ingestion-dag.py took 0.250 seconds
[2026-04-01T07:49:36.194+0000] {processor.py:161} INFO - Started process (PID=853) to work on /opt/airflow/dags/redshift-airflow-ingestion-dag.py
[2026-04-01T07:49:36.197+0000] {processor.py:830} INFO - Processing file /opt/airflow/dags/redshift-airflow-ingestion-dag.py for tasks to queue
[2026-04-01T07:49:36.203+0000] {logging_mixin.py:188} INFO - [2026-04-01T07:49:36.202+0000] {dagbag.py:545} INFO - Filling up the DagBag from /opt/airflow/dags/redshift-airflow-ingestion-dag.py
[2026-04-01T07:49:36.279+0000] {processor.py:840} INFO - DAG(s) 's3_to_redshift_pipeline' retrieved from /opt/airflow/dags/redshift-airflow-ingestion-dag.py
[2026-04-01T07:49:36.343+0000] {logging_mixin.py:188} INFO - [2026-04-01T07:49:36.342+0000] {dag.py:3089} INFO - Sync 1 DAGs
[2026-04-01T07:49:36.400+0000] {logging_mixin.py:188} INFO - [2026-04-01T07:49:36.399+0000] {dag.py:3947} INFO - Setting next_dagrun for s3_to_redshift_pipeline to 2026-04-01 07:46:00+00:00, run_after=2026-04-01 07:48:00+00:00
[2026-04-01T07:49:36.446+0000] {processor.py:183} INFO - Processing /opt/airflow/dags/redshift-airflow-ingestion-dag.py took 0.271 seconds
[2026-04-01T07:50:07.252+0000] {processor.py:161} INFO - Started process (PID=878) to work on /opt/airflow/dags/redshift-airflow-ingestion-dag.py
[2026-04-01T07:50:07.254+0000] {processor.py:830} INFO - Processing file /opt/airflow/dags/redshift-airflow-ingestion-dag.py for tasks to queue
[2026-04-01T07:50:07.259+0000] {logging_mixin.py:188} INFO - [2026-04-01T07:50:07.258+0000] {dagbag.py:545} INFO - Filling up the DagBag from /opt/airflow/dags/redshift-airflow-ingestion-dag.py
[2026-04-01T07:50:07.320+0000] {processor.py:840} INFO - DAG(s) 's3_to_redshift_pipeline' retrieved from /opt/airflow/dags/redshift-airflow-ingestion-dag.py
[2026-04-01T07:50:07.382+0000] {logging_mixin.py:188} INFO - [2026-04-01T07:50:07.382+0000] {dag.py:3089} INFO - Sync 1 DAGs
[2026-04-01T07:50:07.434+0000] {logging_mixin.py:188} INFO - [2026-04-01T07:50:07.433+0000] {dag.py:3947} INFO - Setting next_dagrun for s3_to_redshift_pipeline to 2026-04-01 07:48:00+00:00, run_after=2026-04-01 07:50:00+00:00
[2026-04-01T07:50:07.470+0000] {processor.py:183} INFO - Processing /opt/airflow/dags/redshift-airflow-ingestion-dag.py took 0.235 seconds
[2026-04-01T07:50:37.726+0000] {processor.py:161} INFO - Started process (PID=903) to work on /opt/airflow/dags/redshift-airflow-ingestion-dag.py
[2026-04-01T07:50:37.729+0000] {processor.py:830} INFO - Processing file /opt/airflow/dags/redshift-airflow-ingestion-dag.py for tasks to queue
[2026-04-01T07:50:37.732+0000] {logging_mixin.py:188} INFO - [2026-04-01T07:50:37.732+0000] {dagbag.py:545} INFO - Filling up the DagBag from /opt/airflow/dags/redshift-airflow-ingestion-dag.py
[2026-04-01T07:50:37.787+0000] {processor.py:840} INFO - DAG(s) 's3_to_redshift_pipeline' retrieved from /opt/airflow/dags/redshift-airflow-ingestion-dag.py
[2026-04-01T07:50:37.834+0000] {logging_mixin.py:188} INFO - [2026-04-01T07:50:37.833+0000] {dag.py:3089} INFO - Sync 1 DAGs
[2026-04-01T07:50:37.879+0000] {logging_mixin.py:188} INFO - [2026-04-01T07:50:37.879+0000] {dag.py:3947} INFO - Setting next_dagrun for s3_to_redshift_pipeline to 2026-04-01 07:48:00+00:00, run_after=2026-04-01 07:50:00+00:00
[2026-04-01T07:50:37.919+0000] {processor.py:183} INFO - Processing /opt/airflow/dags/redshift-airflow-ingestion-dag.py took 0.207 seconds
[2026-04-01T07:51:08.624+0000] {processor.py:161} INFO - Started process (PID=928) to work on /opt/airflow/dags/redshift-airflow-ingestion-dag.py
[2026-04-01T07:51:08.626+0000] {processor.py:830} INFO - Processing file /opt/airflow/dags/redshift-airflow-ingestion-dag.py for tasks to queue
[2026-04-01T07:51:08.631+0000] {logging_mixin.py:188} INFO - [2026-04-01T07:51:08.630+0000] {dagbag.py:545} INFO - Filling up the DagBag from /opt/airflow/dags/redshift-airflow-ingestion-dag.py
[2026-04-01T07:51:08.689+0000] {processor.py:840} INFO - DAG(s) 's3_to_redshift_pipeline' retrieved from /opt/airflow/dags/redshift-airflow-ingestion-dag.py
[2026-04-01T07:51:08.746+0000] {logging_mixin.py:188} INFO - [2026-04-01T07:51:08.746+0000] {dag.py:3089} INFO - Sync 1 DAGs
[2026-04-01T07:51:08.802+0000] {logging_mixin.py:188} INFO - [2026-04-01T07:51:08.801+0000] {dag.py:3947} INFO - Setting next_dagrun for s3_to_redshift_pipeline to 2026-04-01 07:48:00+00:00, run_after=2026-04-01 07:50:00+00:00
[2026-04-01T07:51:08.848+0000] {processor.py:183} INFO - Processing /opt/airflow/dags/redshift-airflow-ingestion-dag.py took 0.241 seconds
[2026-04-01T07:51:39.112+0000] {processor.py:161} INFO - Started process (PID=953) to work on /opt/airflow/dags/redshift-airflow-ingestion-dag.py
[2026-04-01T07:51:39.114+0000] {processor.py:830} INFO - Processing file /opt/airflow/dags/redshift-airflow-ingestion-dag.py for tasks to queue
[2026-04-01T07:51:39.117+0000] {logging_mixin.py:188} INFO - [2026-04-01T07:51:39.117+0000] {dagbag.py:545} INFO - Filling up the DagBag from /opt/airflow/dags/redshift-airflow-ingestion-dag.py
[2026-04-01T07:51:39.168+0000] {processor.py:840} INFO - DAG(s) 's3_to_redshift_pipeline' retrieved from /opt/airflow/dags/redshift-airflow-ingestion-dag.py
[2026-04-01T07:51:39.219+0000] {logging_mixin.py:188} INFO - [2026-04-01T07:51:39.218+0000] {dag.py:3089} INFO - Sync 1 DAGs
[2026-04-01T07:51:39.268+0000] {logging_mixin.py:188} INFO - [2026-04-01T07:51:39.267+0000] {dag.py:3947} INFO - Setting next_dagrun for s3_to_redshift_pipeline to 2026-04-01 07:48:00+00:00, run_after=2026-04-01 07:50:00+00:00
[2026-04-01T07:51:39.330+0000] {processor.py:183} INFO - Processing /opt/airflow/dags/redshift-airflow-ingestion-dag.py took 0.228 seconds
[2026-04-01T07:52:09.732+0000] {processor.py:161} INFO - Started process (PID=978) to work on /opt/airflow/dags/redshift-airflow-ingestion-dag.py
[2026-04-01T07:52:09.734+0000] {processor.py:830} INFO - Processing file /opt/airflow/dags/redshift-airflow-ingestion-dag.py for tasks to queue
[2026-04-01T07:52:09.738+0000] {logging_mixin.py:188} INFO - [2026-04-01T07:52:09.737+0000] {dagbag.py:545} INFO - Filling up the DagBag from /opt/airflow/dags/redshift-airflow-ingestion-dag.py
[2026-04-01T07:52:09.785+0000] {processor.py:840} INFO - DAG(s) 's3_to_redshift_pipeline' retrieved from /opt/airflow/dags/redshift-airflow-ingestion-dag.py
[2026-04-01T07:52:09.830+0000] {logging_mixin.py:188} INFO - [2026-04-01T07:52:09.830+0000] {dag.py:3089} INFO - Sync 1 DAGs
[2026-04-01T07:52:09.876+0000] {logging_mixin.py:188} INFO - [2026-04-01T07:52:09.876+0000] {dag.py:3947} INFO - Setting next_dagrun for s3_to_redshift_pipeline to 2026-04-01 07:50:00+00:00, run_after=2026-04-01 07:52:00+00:00
[2026-04-01T07:52:09.935+0000] {processor.py:183} INFO - Processing /opt/airflow/dags/redshift-airflow-ingestion-dag.py took 0.217 seconds
[2026-04-01T07:52:40.243+0000] {processor.py:161} INFO - Started process (PID=1003) to work on /opt/airflow/dags/redshift-airflow-ingestion-dag.py
[2026-04-01T07:52:40.245+0000] {processor.py:830} INFO - Processing file /opt/airflow/dags/redshift-airflow-ingestion-dag.py for tasks to queue
[2026-04-01T07:52:40.249+0000] {logging_mixin.py:188} INFO - [2026-04-01T07:52:40.248+0000] {dagbag.py:545} INFO - Filling up the DagBag from /opt/airflow/dags/redshift-airflow-ingestion-dag.py
[2026-04-01T07:52:40.298+0000] {processor.py:840} INFO - DAG(s) 's3_to_redshift_pipeline' retrieved from /opt/airflow/dags/redshift-airflow-ingestion-dag.py
[2026-04-01T07:52:40.344+0000] {logging_mixin.py:188} INFO - [2026-04-01T07:52:40.343+0000] {dag.py:3089} INFO - Sync 1 DAGs
[2026-04-01T07:52:40.386+0000] {logging_mixin.py:188} INFO - [2026-04-01T07:52:40.386+0000] {dag.py:3947} INFO - Setting next_dagrun for s3_to_redshift_pipeline to 2026-04-01 07:50:00+00:00, run_after=2026-04-01 07:52:00+00:00
[2026-04-01T07:52:40.440+0000] {processor.py:183} INFO - Processing /opt/airflow/dags/redshift-airflow-ingestion-dag.py took 0.209 seconds
[2026-04-01T07:53:10.803+0000] {processor.py:161} INFO - Started process (PID=1028) to work on /opt/airflow/dags/redshift-airflow-ingestion-dag.py
[2026-04-01T07:53:10.805+0000] {processor.py:830} INFO - Processing file /opt/airflow/dags/redshift-airflow-ingestion-dag.py for tasks to queue
[2026-04-01T07:53:10.808+0000] {logging_mixin.py:188} INFO - [2026-04-01T07:53:10.808+0000] {dagbag.py:545} INFO - Filling up the DagBag from /opt/airflow/dags/redshift-airflow-ingestion-dag.py
[2026-04-01T07:53:10.860+0000] {processor.py:840} INFO - DAG(s) 's3_to_redshift_pipeline' retrieved from /opt/airflow/dags/redshift-airflow-ingestion-dag.py
[2026-04-01T07:53:10.904+0000] {logging_mixin.py:188} INFO - [2026-04-01T07:53:10.904+0000] {dag.py:3089} INFO - Sync 1 DAGs
[2026-04-01T07:53:10.956+0000] {logging_mixin.py:188} INFO - [2026-04-01T07:53:10.956+0000] {dag.py:3947} INFO - Setting next_dagrun for s3_to_redshift_pipeline to 2026-04-01 07:50:00+00:00, run_after=2026-04-01 07:52:00+00:00
[2026-04-01T07:53:10.999+0000] {processor.py:183} INFO - Processing /opt/airflow/dags/redshift-airflow-ingestion-dag.py took 0.213 seconds
[2026-04-01T07:53:41.294+0000] {processor.py:161} INFO - Started process (PID=1053) to work on /opt/airflow/dags/redshift-airflow-ingestion-dag.py
[2026-04-01T07:53:41.296+0000] {processor.py:830} INFO - Processing file /opt/airflow/dags/redshift-airflow-ingestion-dag.py for tasks to queue
[2026-04-01T07:53:41.300+0000] {logging_mixin.py:188} INFO - [2026-04-01T07:53:41.299+0000] {dagbag.py:545} INFO - Filling up the DagBag from /opt/airflow/dags/redshift-airflow-ingestion-dag.py
[2026-04-01T07:53:41.352+0000] {processor.py:840} INFO - DAG(s) 's3_to_redshift_pipeline' retrieved from /opt/airflow/dags/redshift-airflow-ingestion-dag.py
[2026-04-01T07:53:41.395+0000] {logging_mixin.py:188} INFO - [2026-04-01T07:53:41.395+0000] {dag.py:3089} INFO - Sync 1 DAGs
[2026-04-01T07:53:41.437+0000] {logging_mixin.py:188} INFO - [2026-04-01T07:53:41.437+0000] {dag.py:3947} INFO - Setting next_dagrun for s3_to_redshift_pipeline to 2026-04-01 07:50:00+00:00, run_after=2026-04-01 07:52:00+00:00
[2026-04-01T07:53:41.491+0000] {processor.py:183} INFO - Processing /opt/airflow/dags/redshift-airflow-ingestion-dag.py took 0.207 seconds
[2026-04-01T07:54:11.812+0000] {processor.py:161} INFO - Started process (PID=1078) to work on /opt/airflow/dags/redshift-airflow-ingestion-dag.py
[2026-04-01T07:54:11.814+0000] {processor.py:830} INFO - Processing file /opt/airflow/dags/redshift-airflow-ingestion-dag.py for tasks to queue
[2026-04-01T07:54:11.817+0000] {logging_mixin.py:188} INFO - [2026-04-01T07:54:11.817+0000] {dagbag.py:545} INFO - Filling up the DagBag from /opt/airflow/dags/redshift-airflow-ingestion-dag.py
[2026-04-01T07:54:11.864+0000] {processor.py:840} INFO - DAG(s) 's3_to_redshift_pipeline' retrieved from /opt/airflow/dags/redshift-airflow-ingestion-dag.py
[2026-04-01T07:54:11.908+0000] {logging_mixin.py:188} INFO - [2026-04-01T07:54:11.908+0000] {dag.py:3089} INFO - Sync 1 DAGs
[2026-04-01T07:54:11.970+0000] {logging_mixin.py:188} INFO - [2026-04-01T07:54:11.970+0000] {dag.py:3947} INFO - Setting next_dagrun for s3_to_redshift_pipeline to 2026-04-01 07:52:00+00:00, run_after=2026-04-01 07:54:00+00:00
[2026-04-01T07:54:12.016+0000] {processor.py:183} INFO - Processing /opt/airflow/dags/redshift-airflow-ingestion-dag.py took 0.216 seconds
[2026-04-01T07:54:42.265+0000] {processor.py:161} INFO - Started process (PID=1103) to work on /opt/airflow/dags/redshift-airflow-ingestion-dag.py
[2026-04-01T07:54:42.268+0000] {processor.py:830} INFO - Processing file /opt/airflow/dags/redshift-airflow-ingestion-dag.py for tasks to queue
[2026-04-01T07:54:42.272+0000] {logging_mixin.py:188} INFO - [2026-04-01T07:54:42.271+0000] {dagbag.py:545} INFO - Filling up the DagBag from /opt/airflow/dags/redshift-airflow-ingestion-dag.py
[2026-04-01T07:54:42.330+0000] {processor.py:840} INFO - DAG(s) 's3_to_redshift_pipeline' retrieved from /opt/airflow/dags/redshift-airflow-ingestion-dag.py
[2026-04-01T07:54:42.402+0000] {logging_mixin.py:188} INFO - [2026-04-01T07:54:42.401+0000] {dag.py:3089} INFO - Sync 1 DAGs
[2026-04-01T07:54:42.488+0000] {logging_mixin.py:188} INFO - [2026-04-01T07:54:42.488+0000] {dag.py:3947} INFO - Setting next_dagrun for s3_to_redshift_pipeline to 2026-04-01 07:52:00+00:00, run_after=2026-04-01 07:54:00+00:00
[2026-04-01T07:54:42.550+0000] {processor.py:183} INFO - Processing /opt/airflow/dags/redshift-airflow-ingestion-dag.py took 0.302 seconds
[2026-04-01T07:55:12.657+0000] {processor.py:161} INFO - Started process (PID=1126) to work on /opt/airflow/dags/redshift-airflow-ingestion-dag.py
[2026-04-01T07:55:12.659+0000] {processor.py:830} INFO - Processing file /opt/airflow/dags/redshift-airflow-ingestion-dag.py for tasks to queue
[2026-04-01T07:55:12.664+0000] {logging_mixin.py:188} INFO - [2026-04-01T07:55:12.663+0000] {dagbag.py:545} INFO - Filling up the DagBag from /opt/airflow/dags/redshift-airflow-ingestion-dag.py
[2026-04-01T07:55:12.733+0000] {processor.py:840} INFO - DAG(s) 's3_to_redshift_pipeline' retrieved from /opt/airflow/dags/redshift-airflow-ingestion-dag.py
[2026-04-01T07:55:12.808+0000] {logging_mixin.py:188} INFO - [2026-04-01T07:55:12.807+0000] {dag.py:3089} INFO - Sync 1 DAGs
[2026-04-01T07:55:12.857+0000] {logging_mixin.py:188} INFO - [2026-04-01T07:55:12.856+0000] {dag.py:3947} INFO - Setting next_dagrun for s3_to_redshift_pipeline to 2026-04-01 07:52:00+00:00, run_after=2026-04-01 07:54:00+00:00
[2026-04-01T07:55:12.894+0000] {processor.py:183} INFO - Processing /opt/airflow/dags/redshift-airflow-ingestion-dag.py took 0.249 seconds
[2026-04-01T07:55:43.147+0000] {processor.py:161} INFO - Started process (PID=1151) to work on /opt/airflow/dags/redshift-airflow-ingestion-dag.py
[2026-04-01T07:55:43.151+0000] {processor.py:830} INFO - Processing file /opt/airflow/dags/redshift-airflow-ingestion-dag.py for tasks to queue
[2026-04-01T07:55:43.158+0000] {logging_mixin.py:188} INFO - [2026-04-01T07:55:43.157+0000] {dagbag.py:545} INFO - Filling up the DagBag from /opt/airflow/dags/redshift-airflow-ingestion-dag.py
[2026-04-01T07:55:43.211+0000] {processor.py:840} INFO - DAG(s) 's3_to_redshift_pipeline' retrieved from /opt/airflow/dags/redshift-airflow-ingestion-dag.py
[2026-04-01T07:55:43.265+0000] {logging_mixin.py:188} INFO - [2026-04-01T07:55:43.265+0000] {dag.py:3089} INFO - Sync 1 DAGs
[2026-04-01T07:55:43.310+0000] {logging_mixin.py:188} INFO - [2026-04-01T07:55:43.309+0000] {dag.py:3947} INFO - Setting next_dagrun for s3_to_redshift_pipeline to 2026-04-01 07:52:00+00:00, run_after=2026-04-01 07:54:00+00:00
[2026-04-01T07:55:43.349+0000] {processor.py:183} INFO - Processing /opt/airflow/dags/redshift-airflow-ingestion-dag.py took 0.248 seconds
[2026-04-01T07:56:13.723+0000] {processor.py:161} INFO - Started process (PID=1176) to work on /opt/airflow/dags/redshift-airflow-ingestion-dag.py
[2026-04-01T07:56:13.726+0000] {processor.py:830} INFO - Processing file /opt/airflow/dags/redshift-airflow-ingestion-dag.py for tasks to queue
[2026-04-01T07:56:13.731+0000] {logging_mixin.py:188} INFO - [2026-04-01T07:56:13.730+0000] {dagbag.py:545} INFO - Filling up the DagBag from /opt/airflow/dags/redshift-airflow-ingestion-dag.py
[2026-04-01T07:56:13.797+0000] {processor.py:840} INFO - DAG(s) 's3_to_redshift_pipeline' retrieved from /opt/airflow/dags/redshift-airflow-ingestion-dag.py
[2026-04-01T07:56:13.856+0000] {logging_mixin.py:188} INFO - [2026-04-01T07:56:13.856+0000] {dag.py:3089} INFO - Sync 1 DAGs
[2026-04-01T07:56:13.924+0000] {logging_mixin.py:188} INFO - [2026-04-01T07:56:13.923+0000] {dag.py:3947} INFO - Setting next_dagrun for s3_to_redshift_pipeline to 2026-04-01 07:54:00+00:00, run_after=2026-04-01 07:56:00+00:00
[2026-04-01T07:56:13.987+0000] {processor.py:183} INFO - Processing /opt/airflow/dags/redshift-airflow-ingestion-dag.py took 0.279 seconds
[2026-04-01T07:56:44.395+0000] {processor.py:161} INFO - Started process (PID=1201) to work on /opt/airflow/dags/redshift-airflow-ingestion-dag.py
[2026-04-01T07:56:44.399+0000] {processor.py:830} INFO - Processing file /opt/airflow/dags/redshift-airflow-ingestion-dag.py for tasks to queue
[2026-04-01T07:56:44.406+0000] {logging_mixin.py:188} INFO - [2026-04-01T07:56:44.404+0000] {dagbag.py:545} INFO - Filling up the DagBag from /opt/airflow/dags/redshift-airflow-ingestion-dag.py
[2026-04-01T07:56:44.480+0000] {processor.py:840} INFO - DAG(s) 's3_to_redshift_pipeline' retrieved from /opt/airflow/dags/redshift-airflow-ingestion-dag.py
[2026-04-01T07:56:44.552+0000] {logging_mixin.py:188} INFO - [2026-04-01T07:56:44.551+0000] {dag.py:3089} INFO - Sync 1 DAGs
[2026-04-01T07:56:44.631+0000] {logging_mixin.py:188} INFO - [2026-04-01T07:56:44.631+0000] {dag.py:3947} INFO - Setting next_dagrun for s3_to_redshift_pipeline to 2026-04-01 07:54:00+00:00, run_after=2026-04-01 07:56:00+00:00
[2026-04-01T07:56:44.689+0000] {processor.py:183} INFO - Processing /opt/airflow/dags/redshift-airflow-ingestion-dag.py took 0.324 seconds
[2026-04-01T07:57:15.000+0000] {processor.py:161} INFO - Started process (PID=1226) to work on /opt/airflow/dags/redshift-airflow-ingestion-dag.py
[2026-04-01T07:57:15.003+0000] {processor.py:830} INFO - Processing file /opt/airflow/dags/redshift-airflow-ingestion-dag.py for tasks to queue
[2026-04-01T07:57:15.007+0000] {logging_mixin.py:188} INFO - [2026-04-01T07:57:15.007+0000] {dagbag.py:545} INFO - Filling up the DagBag from /opt/airflow/dags/redshift-airflow-ingestion-dag.py
[2026-04-01T07:57:15.064+0000] {processor.py:840} INFO - DAG(s) 's3_to_redshift_pipeline' retrieved from /opt/airflow/dags/redshift-airflow-ingestion-dag.py
[2026-04-01T07:57:15.130+0000] {logging_mixin.py:188} INFO - [2026-04-01T07:57:15.129+0000] {dag.py:3089} INFO - Sync 1 DAGs
[2026-04-01T07:57:15.196+0000] {logging_mixin.py:188} INFO - [2026-04-01T07:57:15.195+0000] {dag.py:3947} INFO - Setting next_dagrun for s3_to_redshift_pipeline to 2026-04-01 07:54:00+00:00, run_after=2026-04-01 07:56:00+00:00
[2026-04-01T07:57:15.252+0000] {processor.py:183} INFO - Processing /opt/airflow/dags/redshift-airflow-ingestion-dag.py took 0.269 seconds
[2026-04-01T07:57:45.482+0000] {processor.py:161} INFO - Started process (PID=1251) to work on /opt/airflow/dags/redshift-airflow-ingestion-dag.py
[2026-04-01T07:57:45.483+0000] {processor.py:830} INFO - Processing file /opt/airflow/dags/redshift-airflow-ingestion-dag.py for tasks to queue
[2026-04-01T07:57:45.487+0000] {logging_mixin.py:188} INFO - [2026-04-01T07:57:45.486+0000] {dagbag.py:545} INFO - Filling up the DagBag from /opt/airflow/dags/redshift-airflow-ingestion-dag.py
[2026-04-01T07:57:45.533+0000] {processor.py:840} INFO - DAG(s) 's3_to_redshift_pipeline' retrieved from /opt/airflow/dags/redshift-airflow-ingestion-dag.py
[2026-04-01T07:57:45.580+0000] {logging_mixin.py:188} INFO - [2026-04-01T07:57:45.580+0000] {dag.py:3089} INFO - Sync 1 DAGs
[2026-04-01T07:57:45.624+0000] {logging_mixin.py:188} INFO - [2026-04-01T07:57:45.624+0000] {dag.py:3947} INFO - Setting next_dagrun for s3_to_redshift_pipeline to 2026-04-01 07:54:00+00:00, run_after=2026-04-01 07:56:00+00:00
[2026-04-01T07:57:45.666+0000] {processor.py:183} INFO - Processing /opt/airflow/dags/redshift-airflow-ingestion-dag.py took 0.196 seconds
[2026-04-01T07:58:15.930+0000] {processor.py:161} INFO - Started process (PID=1276) to work on /opt/airflow/dags/redshift-airflow-ingestion-dag.py
[2026-04-01T07:58:15.935+0000] {processor.py:830} INFO - Processing file /opt/airflow/dags/redshift-airflow-ingestion-dag.py for tasks to queue
[2026-04-01T07:58:15.941+0000] {logging_mixin.py:188} INFO - [2026-04-01T07:58:15.940+0000] {dagbag.py:545} INFO - Filling up the DagBag from /opt/airflow/dags/redshift-airflow-ingestion-dag.py
[2026-04-01T07:58:15.996+0000] {processor.py:840} INFO - DAG(s) 's3_to_redshift_pipeline' retrieved from /opt/airflow/dags/redshift-airflow-ingestion-dag.py
[2026-04-01T07:58:16.055+0000] {logging_mixin.py:188} INFO - [2026-04-01T07:58:16.054+0000] {dag.py:3089} INFO - Sync 1 DAGs
[2026-04-01T07:58:16.130+0000] {logging_mixin.py:188} INFO - [2026-04-01T07:58:16.129+0000] {dag.py:3947} INFO - Setting next_dagrun for s3_to_redshift_pipeline to 2026-04-01 07:56:00+00:00, run_after=2026-04-01 07:58:00+00:00
[2026-04-01T07:58:16.171+0000] {processor.py:183} INFO - Processing /opt/airflow/dags/redshift-airflow-ingestion-dag.py took 0.257 seconds
[2026-04-01T07:58:46.393+0000] {processor.py:161} INFO - Started process (PID=1301) to work on /opt/airflow/dags/redshift-airflow-ingestion-dag.py
[2026-04-01T07:58:46.395+0000] {processor.py:830} INFO - Processing file /opt/airflow/dags/redshift-airflow-ingestion-dag.py for tasks to queue
[2026-04-01T07:58:46.401+0000] {logging_mixin.py:188} INFO - [2026-04-01T07:58:46.400+0000] {dagbag.py:545} INFO - Filling up the DagBag from /opt/airflow/dags/redshift-airflow-ingestion-dag.py
[2026-04-01T07:58:46.457+0000] {processor.py:840} INFO - DAG(s) 's3_to_redshift_pipeline' retrieved from /opt/airflow/dags/redshift-airflow-ingestion-dag.py
[2026-04-01T07:58:46.515+0000] {logging_mixin.py:188} INFO - [2026-04-01T07:58:46.514+0000] {dag.py:3089} INFO - Sync 1 DAGs
[2026-04-01T07:58:46.571+0000] {logging_mixin.py:188} INFO - [2026-04-01T07:58:46.571+0000] {dag.py:3947} INFO - Setting next_dagrun for s3_to_redshift_pipeline to 2026-04-01 07:56:00+00:00, run_after=2026-04-01 07:58:00+00:00
[2026-04-01T07:58:46.624+0000] {processor.py:183} INFO - Processing /opt/airflow/dags/redshift-airflow-ingestion-dag.py took 0.245 seconds
[2026-04-01T07:59:17.019+0000] {processor.py:161} INFO - Started process (PID=1326) to work on /opt/airflow/dags/redshift-airflow-ingestion-dag.py
[2026-04-01T07:59:17.021+0000] {processor.py:830} INFO - Processing file /opt/airflow/dags/redshift-airflow-ingestion-dag.py for tasks to queue
[2026-04-01T07:59:17.026+0000] {logging_mixin.py:188} INFO - [2026-04-01T07:59:17.025+0000] {dagbag.py:545} INFO - Filling up the DagBag from /opt/airflow/dags/redshift-airflow-ingestion-dag.py
[2026-04-01T07:59:17.120+0000] {processor.py:840} INFO - DAG(s) 's3_to_redshift_pipeline' retrieved from /opt/airflow/dags/redshift-airflow-ingestion-dag.py
[2026-04-01T07:59:17.200+0000] {logging_mixin.py:188} INFO - [2026-04-01T07:59:17.199+0000] {dag.py:3089} INFO - Sync 1 DAGs
[2026-04-01T07:59:17.268+0000] {logging_mixin.py:188} INFO - [2026-04-01T07:59:17.267+0000] {dag.py:3947} INFO - Setting next_dagrun for s3_to_redshift_pipeline to 2026-04-01 07:56:00+00:00, run_after=2026-04-01 07:58:00+00:00
[2026-04-01T07:59:17.330+0000] {processor.py:183} INFO - Processing /opt/airflow/dags/redshift-airflow-ingestion-dag.py took 0.325 seconds
[2026-04-01T07:59:47.647+0000] {processor.py:161} INFO - Started process (PID=1351) to work on /opt/airflow/dags/redshift-airflow-ingestion-dag.py
[2026-04-01T07:59:47.649+0000] {processor.py:830} INFO - Processing file /opt/airflow/dags/redshift-airflow-ingestion-dag.py for tasks to queue
[2026-04-01T07:59:47.653+0000] {logging_mixin.py:188} INFO - [2026-04-01T07:59:47.652+0000] {dagbag.py:545} INFO - Filling up the DagBag from /opt/airflow/dags/redshift-airflow-ingestion-dag.py
[2026-04-01T07:59:47.702+0000] {processor.py:840} INFO - DAG(s) 's3_to_redshift_pipeline' retrieved from /opt/airflow/dags/redshift-airflow-ingestion-dag.py
[2026-04-01T07:59:47.742+0000] {logging_mixin.py:188} INFO - [2026-04-01T07:59:47.742+0000] {dag.py:3089} INFO - Sync 1 DAGs
[2026-04-01T07:59:47.782+0000] {logging_mixin.py:188} INFO - [2026-04-01T07:59:47.781+0000] {dag.py:3947} INFO - Setting next_dagrun for s3_to_redshift_pipeline to 2026-04-01 07:56:00+00:00, run_after=2026-04-01 07:58:00+00:00
[2026-04-01T07:59:47.818+0000] {processor.py:183} INFO - Processing /opt/airflow/dags/redshift-airflow-ingestion-dag.py took 0.181 seconds
[2026-04-01T08:00:18.120+0000] {processor.py:161} INFO - Started process (PID=1376) to work on /opt/airflow/dags/redshift-airflow-ingestion-dag.py
[2026-04-01T08:00:18.122+0000] {processor.py:830} INFO - Processing file /opt/airflow/dags/redshift-airflow-ingestion-dag.py for tasks to queue
[2026-04-01T08:00:18.126+0000] {logging_mixin.py:188} INFO - [2026-04-01T08:00:18.126+0000] {dagbag.py:545} INFO - Filling up the DagBag from /opt/airflow/dags/redshift-airflow-ingestion-dag.py
[2026-04-01T08:00:18.181+0000] {processor.py:840} INFO - DAG(s) 's3_to_redshift_pipeline' retrieved from /opt/airflow/dags/redshift-airflow-ingestion-dag.py
[2026-04-01T08:00:18.233+0000] {logging_mixin.py:188} INFO - [2026-04-01T08:00:18.232+0000] {dag.py:3089} INFO - Sync 1 DAGs
[2026-04-01T08:00:18.284+0000] {logging_mixin.py:188} INFO - [2026-04-01T08:00:18.284+0000] {dag.py:3947} INFO - Setting next_dagrun for s3_to_redshift_pipeline to 2026-04-01 07:58:00+00:00, run_after=2026-04-01 08:00:00+00:00
[2026-04-01T08:00:18.348+0000] {processor.py:183} INFO - Processing /opt/airflow/dags/redshift-airflow-ingestion-dag.py took 0.247 seconds
[2026-04-01T08:00:48.577+0000] {processor.py:161} INFO - Started process (PID=1401) to work on /opt/airflow/dags/redshift-airflow-ingestion-dag.py
[2026-04-01T08:00:48.579+0000] {processor.py:830} INFO - Processing file /opt/airflow/dags/redshift-airflow-ingestion-dag.py for tasks to queue
[2026-04-01T08:00:48.585+0000] {logging_mixin.py:188} INFO - [2026-04-01T08:00:48.584+0000] {dagbag.py:545} INFO - Filling up the DagBag from /opt/airflow/dags/redshift-airflow-ingestion-dag.py
[2026-04-01T08:00:48.658+0000] {processor.py:840} INFO - DAG(s) 's3_to_redshift_pipeline' retrieved from /opt/airflow/dags/redshift-airflow-ingestion-dag.py
[2026-04-01T08:00:48.725+0000] {logging_mixin.py:188} INFO - [2026-04-01T08:00:48.724+0000] {dag.py:3089} INFO - Sync 1 DAGs
[2026-04-01T08:00:48.793+0000] {logging_mixin.py:188} INFO - [2026-04-01T08:00:48.792+0000] {dag.py:3947} INFO - Setting next_dagrun for s3_to_redshift_pipeline to 2026-04-01 07:58:00+00:00, run_after=2026-04-01 08:00:00+00:00
[2026-04-01T08:00:48.850+0000] {processor.py:183} INFO - Processing /opt/airflow/dags/redshift-airflow-ingestion-dag.py took 0.292 seconds
[2026-04-01T08:01:19.170+0000] {processor.py:161} INFO - Started process (PID=1426) to work on /opt/airflow/dags/redshift-airflow-ingestion-dag.py
[2026-04-01T08:01:19.173+0000] {processor.py:830} INFO - Processing file /opt/airflow/dags/redshift-airflow-ingestion-dag.py for tasks to queue
[2026-04-01T08:01:19.178+0000] {logging_mixin.py:188} INFO - [2026-04-01T08:01:19.177+0000] {dagbag.py:545} INFO - Filling up the DagBag from /opt/airflow/dags/redshift-airflow-ingestion-dag.py
[2026-04-01T08:01:19.226+0000] {processor.py:840} INFO - DAG(s) 's3_to_redshift_pipeline' retrieved from /opt/airflow/dags/redshift-airflow-ingestion-dag.py
[2026-04-01T08:01:19.297+0000] {logging_mixin.py:188} INFO - [2026-04-01T08:01:19.296+0000] {dag.py:3089} INFO - Sync 1 DAGs
[2026-04-01T08:01:19.364+0000] {logging_mixin.py:188} INFO - [2026-04-01T08:01:19.364+0000] {dag.py:3947} INFO - Setting next_dagrun for s3_to_redshift_pipeline to 2026-04-01 07:58:00+00:00, run_after=2026-04-01 08:00:00+00:00
[2026-04-01T08:01:19.414+0000] {processor.py:183} INFO - Processing /opt/airflow/dags/redshift-airflow-ingestion-dag.py took 0.260 seconds
[2026-04-01T08:01:49.706+0000] {processor.py:161} INFO - Started process (PID=1451) to work on /opt/airflow/dags/redshift-airflow-ingestion-dag.py
[2026-04-01T08:01:49.708+0000] {processor.py:830} INFO - Processing file /opt/airflow/dags/redshift-airflow-ingestion-dag.py for tasks to queue
[2026-04-01T08:01:49.712+0000] {logging_mixin.py:188} INFO - [2026-04-01T08:01:49.712+0000] {dagbag.py:545} INFO - Filling up the DagBag from /opt/airflow/dags/redshift-airflow-ingestion-dag.py
[2026-04-01T08:01:49.761+0000] {processor.py:840} INFO - DAG(s) 's3_to_redshift_pipeline' retrieved from /opt/airflow/dags/redshift-airflow-ingestion-dag.py
[2026-04-01T08:01:49.821+0000] {logging_mixin.py:188} INFO - [2026-04-01T08:01:49.820+0000] {dag.py:3089} INFO - Sync 1 DAGs
[2026-04-01T08:01:49.891+0000] {logging_mixin.py:188} INFO - [2026-04-01T08:01:49.890+0000] {dag.py:3947} INFO - Setting next_dagrun for s3_to_redshift_pipeline to 2026-04-01 07:58:00+00:00, run_after=2026-04-01 08:00:00+00:00
[2026-04-01T08:01:49.961+0000] {processor.py:183} INFO - Processing /opt/airflow/dags/redshift-airflow-ingestion-dag.py took 0.275 seconds
[2026-04-01T08:02:20.176+0000] {processor.py:161} INFO - Started process (PID=1476) to work on /opt/airflow/dags/redshift-airflow-ingestion-dag.py
[2026-04-01T08:02:20.178+0000] {processor.py:830} INFO - Processing file /opt/airflow/dags/redshift-airflow-ingestion-dag.py for tasks to queue
[2026-04-01T08:02:20.183+0000] {logging_mixin.py:188} INFO - [2026-04-01T08:02:20.182+0000] {dagbag.py:545} INFO - Filling up the DagBag from /opt/airflow/dags/redshift-airflow-ingestion-dag.py
[2026-04-01T08:02:20.239+0000] {processor.py:840} INFO - DAG(s) 's3_to_redshift_pipeline' retrieved from /opt/airflow/dags/redshift-airflow-ingestion-dag.py
[2026-04-01T08:02:20.300+0000] {logging_mixin.py:188} INFO - [2026-04-01T08:02:20.299+0000] {dag.py:3089} INFO - Sync 1 DAGs
[2026-04-01T08:02:20.358+0000] {logging_mixin.py:188} INFO - [2026-04-01T08:02:20.357+0000] {dag.py:3947} INFO - Setting next_dagrun for s3_to_redshift_pipeline to 2026-04-01 08:00:00+00:00, run_after=2026-04-01 08:02:00+00:00
[2026-04-01T08:02:20.401+0000] {processor.py:183} INFO - Processing /opt/airflow/dags/redshift-airflow-ingestion-dag.py took 0.237 seconds
[2026-04-01T08:02:50.734+0000] {processor.py:161} INFO - Started process (PID=1501) to work on /opt/airflow/dags/redshift-airflow-ingestion-dag.py
[2026-04-01T08:02:50.737+0000] {processor.py:830} INFO - Processing file /opt/airflow/dags/redshift-airflow-ingestion-dag.py for tasks to queue
[2026-04-01T08:02:50.742+0000] {logging_mixin.py:188} INFO - [2026-04-01T08:02:50.741+0000] {dagbag.py:545} INFO - Filling up the DagBag from /opt/airflow/dags/redshift-airflow-ingestion-dag.py
[2026-04-01T08:02:50.807+0000] {processor.py:840} INFO - DAG(s) 's3_to_redshift_pipeline' retrieved from /opt/airflow/dags/redshift-airflow-ingestion-dag.py
[2026-04-01T08:02:50.870+0000] {logging_mixin.py:188} INFO - [2026-04-01T08:02:50.869+0000] {dag.py:3089} INFO - Sync 1 DAGs
[2026-04-01T08:02:50.933+0000] {logging_mixin.py:188} INFO - [2026-04-01T08:02:50.933+0000] {dag.py:3947} INFO - Setting next_dagrun for s3_to_redshift_pipeline to 2026-04-01 08:00:00+00:00, run_after=2026-04-01 08:02:00+00:00
[2026-04-01T08:02:50.987+0000] {processor.py:183} INFO - Processing /opt/airflow/dags/redshift-airflow-ingestion-dag.py took 0.268 seconds
[2026-04-01T08:03:22.008+0000] {processor.py:161} INFO - Started process (PID=1526) to work on /opt/airflow/dags/redshift-airflow-ingestion-dag.py
[2026-04-01T08:03:22.011+0000] {processor.py:830} INFO - Processing file /opt/airflow/dags/redshift-airflow-ingestion-dag.py for tasks to queue
[2026-04-01T08:03:22.016+0000] {logging_mixin.py:188} INFO - [2026-04-01T08:03:22.015+0000] {dagbag.py:545} INFO - Filling up the DagBag from /opt/airflow/dags/redshift-airflow-ingestion-dag.py
[2026-04-01T08:03:22.078+0000] {processor.py:840} INFO - DAG(s) 's3_to_redshift_pipeline' retrieved from /opt/airflow/dags/redshift-airflow-ingestion-dag.py
[2026-04-01T08:03:22.137+0000] {logging_mixin.py:188} INFO - [2026-04-01T08:03:22.137+0000] {dag.py:3089} INFO - Sync 1 DAGs
[2026-04-01T08:03:22.190+0000] {logging_mixin.py:188} INFO - [2026-04-01T08:03:22.190+0000] {dag.py:3947} INFO - Setting next_dagrun for s3_to_redshift_pipeline to 2026-04-01 08:00:00+00:00, run_after=2026-04-01 08:02:00+00:00
[2026-04-01T08:03:22.231+0000] {processor.py:183} INFO - Processing /opt/airflow/dags/redshift-airflow-ingestion-dag.py took 0.237 seconds
[2026-04-01T08:03:52.583+0000] {processor.py:161} INFO - Started process (PID=1551) to work on /opt/airflow/dags/redshift-airflow-ingestion-dag.py
[2026-04-01T08:03:52.585+0000] {processor.py:830} INFO - Processing file /opt/airflow/dags/redshift-airflow-ingestion-dag.py for tasks to queue
[2026-04-01T08:03:52.590+0000] {logging_mixin.py:188} INFO - [2026-04-01T08:03:52.589+0000] {dagbag.py:545} INFO - Filling up the DagBag from /opt/airflow/dags/redshift-airflow-ingestion-dag.py
[2026-04-01T08:03:52.640+0000] {processor.py:840} INFO - DAG(s) 's3_to_redshift_pipeline' retrieved from /opt/airflow/dags/redshift-airflow-ingestion-dag.py
[2026-04-01T08:03:52.694+0000] {logging_mixin.py:188} INFO - [2026-04-01T08:03:52.693+0000] {dag.py:3089} INFO - Sync 1 DAGs
[2026-04-01T08:03:52.752+0000] {logging_mixin.py:188} INFO - [2026-04-01T08:03:52.752+0000] {dag.py:3947} INFO - Setting next_dagrun for s3_to_redshift_pipeline to 2026-04-01 08:00:00+00:00, run_after=2026-04-01 08:02:00+00:00
[2026-04-01T08:03:52.795+0000] {processor.py:183} INFO - Processing /opt/airflow/dags/redshift-airflow-ingestion-dag.py took 0.227 seconds
[2026-04-01T08:04:23.026+0000] {processor.py:161} INFO - Started process (PID=1576) to work on /opt/airflow/dags/redshift-airflow-ingestion-dag.py
[2026-04-01T08:04:23.029+0000] {processor.py:830} INFO - Processing file /opt/airflow/dags/redshift-airflow-ingestion-dag.py for tasks to queue
[2026-04-01T08:04:23.035+0000] {logging_mixin.py:188} INFO - [2026-04-01T08:04:23.034+0000] {dagbag.py:545} INFO - Filling up the DagBag from /opt/airflow/dags/redshift-airflow-ingestion-dag.py
[2026-04-01T08:04:23.099+0000] {processor.py:840} INFO - DAG(s) 's3_to_redshift_pipeline' retrieved from /opt/airflow/dags/redshift-airflow-ingestion-dag.py
[2026-04-01T08:04:23.168+0000] {logging_mixin.py:188} INFO - [2026-04-01T08:04:23.168+0000] {dag.py:3089} INFO - Sync 1 DAGs
[2026-04-01T08:04:23.232+0000] {logging_mixin.py:188} INFO - [2026-04-01T08:04:23.232+0000] {dag.py:3947} INFO - Setting next_dagrun for s3_to_redshift_pipeline to 2026-04-01 08:02:00+00:00, run_after=2026-04-01 08:04:00+00:00
[2026-04-01T08:04:23.285+0000] {processor.py:183} INFO - Processing /opt/airflow/dags/redshift-airflow-ingestion-dag.py took 0.276 seconds
[2026-04-01T08:04:53.627+0000] {processor.py:161} INFO - Started process (PID=1601) to work on /opt/airflow/dags/redshift-airflow-ingestion-dag.py
[2026-04-01T08:04:53.629+0000] {processor.py:830} INFO - Processing file /opt/airflow/dags/redshift-airflow-ingestion-dag.py for tasks to queue
[2026-04-01T08:04:53.632+0000] {logging_mixin.py:188} INFO - [2026-04-01T08:04:53.632+0000] {dagbag.py:545} INFO - Filling up the DagBag from /opt/airflow/dags/redshift-airflow-ingestion-dag.py
[2026-04-01T08:04:53.683+0000] {processor.py:840} INFO - DAG(s) 's3_to_redshift_pipeline' retrieved from /opt/airflow/dags/redshift-airflow-ingestion-dag.py
[2026-04-01T08:04:53.738+0000] {logging_mixin.py:188} INFO - [2026-04-01T08:04:53.738+0000] {dag.py:3089} INFO - Sync 1 DAGs
[2026-04-01T08:04:53.792+0000] {logging_mixin.py:188} INFO - [2026-04-01T08:04:53.791+0000] {dag.py:3947} INFO - Setting next_dagrun for s3_to_redshift_pipeline to 2026-04-01 08:02:00+00:00, run_after=2026-04-01 08:04:00+00:00
[2026-04-01T08:04:53.847+0000] {processor.py:183} INFO - Processing /opt/airflow/dags/redshift-airflow-ingestion-dag.py took 0.231 seconds
[2026-04-01T08:05:24.106+0000] {processor.py:161} INFO - Started process (PID=1626) to work on /opt/airflow/dags/redshift-airflow-ingestion-dag.py
[2026-04-01T08:05:24.108+0000] {processor.py:830} INFO - Processing file /opt/airflow/dags/redshift-airflow-ingestion-dag.py for tasks to queue
[2026-04-01T08:05:24.111+0000] {logging_mixin.py:188} INFO - [2026-04-01T08:05:24.111+0000] {dagbag.py:545} INFO - Filling up the DagBag from /opt/airflow/dags/redshift-airflow-ingestion-dag.py
[2026-04-01T08:05:24.160+0000] {processor.py:840} INFO - DAG(s) 's3_to_redshift_pipeline' retrieved from /opt/airflow/dags/redshift-airflow-ingestion-dag.py
[2026-04-01T08:05:24.211+0000] {logging_mixin.py:188} INFO - [2026-04-01T08:05:24.211+0000] {dag.py:3089} INFO - Sync 1 DAGs
[2026-04-01T08:05:24.263+0000] {logging_mixin.py:188} INFO - [2026-04-01T08:05:24.262+0000] {dag.py:3947} INFO - Setting next_dagrun for s3_to_redshift_pipeline to 2026-04-01 08:02:00+00:00, run_after=2026-04-01 08:04:00+00:00
[2026-04-01T08:05:24.317+0000] {processor.py:183} INFO - Processing /opt/airflow/dags/redshift-airflow-ingestion-dag.py took 0.224 seconds
[2026-04-01T08:05:54.723+0000] {processor.py:161} INFO - Started process (PID=1651) to work on /opt/airflow/dags/redshift-airflow-ingestion-dag.py
[2026-04-01T08:05:54.726+0000] {processor.py:830} INFO - Processing file /opt/airflow/dags/redshift-airflow-ingestion-dag.py for tasks to queue
[2026-04-01T08:05:54.730+0000] {logging_mixin.py:188} INFO - [2026-04-01T08:05:54.730+0000] {dagbag.py:545} INFO - Filling up the DagBag from /opt/airflow/dags/redshift-airflow-ingestion-dag.py
[2026-04-01T08:05:54.781+0000] {processor.py:840} INFO - DAG(s) 's3_to_redshift_pipeline' retrieved from /opt/airflow/dags/redshift-airflow-ingestion-dag.py
[2026-04-01T08:05:54.825+0000] {logging_mixin.py:188} INFO - [2026-04-01T08:05:54.825+0000] {dag.py:3089} INFO - Sync 1 DAGs
[2026-04-01T08:05:54.878+0000] {logging_mixin.py:188} INFO - [2026-04-01T08:05:54.878+0000] {dag.py:3947} INFO - Setting next_dagrun for s3_to_redshift_pipeline to 2026-04-01 08:02:00+00:00, run_after=2026-04-01 08:04:00+00:00
[2026-04-01T08:05:54.923+0000] {processor.py:183} INFO - Processing /opt/airflow/dags/redshift-airflow-ingestion-dag.py took 0.212 seconds
[2026-04-01T08:06:25.273+0000] {processor.py:161} INFO - Started process (PID=1676) to work on /opt/airflow/dags/redshift-airflow-ingestion-dag.py
[2026-04-01T08:06:25.276+0000] {processor.py:830} INFO - Processing file /opt/airflow/dags/redshift-airflow-ingestion-dag.py for tasks to queue
[2026-04-01T08:06:25.280+0000] {logging_mixin.py:188} INFO - [2026-04-01T08:06:25.279+0000] {dagbag.py:545} INFO - Filling up the DagBag from /opt/airflow/dags/redshift-airflow-ingestion-dag.py
[2026-04-01T08:06:25.333+0000] {processor.py:840} INFO - DAG(s) 's3_to_redshift_pipeline' retrieved from /opt/airflow/dags/redshift-airflow-ingestion-dag.py
[2026-04-01T08:06:25.388+0000] {logging_mixin.py:188} INFO - [2026-04-01T08:06:25.388+0000] {dag.py:3089} INFO - Sync 1 DAGs
[2026-04-01T08:06:25.451+0000] {logging_mixin.py:188} INFO - [2026-04-01T08:06:25.451+0000] {dag.py:3947} INFO - Setting next_dagrun for s3_to_redshift_pipeline to 2026-04-01 08:04:00+00:00, run_after=2026-04-01 08:06:00+00:00
[2026-04-01T08:06:25.514+0000] {processor.py:183} INFO - Processing /opt/airflow/dags/redshift-airflow-ingestion-dag.py took 0.255 seconds
[2026-04-01T08:06:55.930+0000] {processor.py:161} INFO - Started process (PID=1701) to work on /opt/airflow/dags/redshift-airflow-ingestion-dag.py
[2026-04-01T08:06:55.932+0000] {processor.py:830} INFO - Processing file /opt/airflow/dags/redshift-airflow-ingestion-dag.py for tasks to queue
[2026-04-01T08:06:55.937+0000] {logging_mixin.py:188} INFO - [2026-04-01T08:06:55.936+0000] {dagbag.py:545} INFO - Filling up the DagBag from /opt/airflow/dags/redshift-airflow-ingestion-dag.py
[2026-04-01T08:06:56.003+0000] {processor.py:840} INFO - DAG(s) 's3_to_redshift_pipeline' retrieved from /opt/airflow/dags/redshift-airflow-ingestion-dag.py
[2026-04-01T08:06:56.064+0000] {logging_mixin.py:188} INFO - [2026-04-01T08:06:56.064+0000] {dag.py:3089} INFO - Sync 1 DAGs
[2026-04-01T08:06:56.143+0000] {logging_mixin.py:188} INFO - [2026-04-01T08:06:56.143+0000] {dag.py:3947} INFO - Setting next_dagrun for s3_to_redshift_pipeline to 2026-04-01 08:04:00+00:00, run_after=2026-04-01 08:06:00+00:00
[2026-04-01T08:06:56.189+0000] {processor.py:183} INFO - Processing /opt/airflow/dags/redshift-airflow-ingestion-dag.py took 0.275 seconds
[2026-04-01T08:07:27.359+0000] {processor.py:161} INFO - Started process (PID=1726) to work on /opt/airflow/dags/redshift-airflow-ingestion-dag.py
[2026-04-01T08:07:27.362+0000] {processor.py:830} INFO - Processing file /opt/airflow/dags/redshift-airflow-ingestion-dag.py for tasks to queue
[2026-04-01T08:07:27.365+0000] {logging_mixin.py:188} INFO - [2026-04-01T08:07:27.365+0000] {dagbag.py:545} INFO - Filling up the DagBag from /opt/airflow/dags/redshift-airflow-ingestion-dag.py
[2026-04-01T08:07:27.414+0000] {processor.py:840} INFO - DAG(s) 's3_to_redshift_pipeline' retrieved from /opt/airflow/dags/redshift-airflow-ingestion-dag.py
[2026-04-01T08:07:27.463+0000] {logging_mixin.py:188} INFO - [2026-04-01T08:07:27.462+0000] {dag.py:3089} INFO - Sync 1 DAGs
[2026-04-01T08:07:27.517+0000] {logging_mixin.py:188} INFO - [2026-04-01T08:07:27.517+0000] {dag.py:3947} INFO - Setting next_dagrun for s3_to_redshift_pipeline to 2026-04-01 08:04:00+00:00, run_after=2026-04-01 08:06:00+00:00
[2026-04-01T08:07:27.570+0000] {processor.py:183} INFO - Processing /opt/airflow/dags/redshift-airflow-ingestion-dag.py took 0.222 seconds
[2026-04-01T08:07:57.919+0000] {processor.py:161} INFO - Started process (PID=1751) to work on /opt/airflow/dags/redshift-airflow-ingestion-dag.py
[2026-04-01T08:07:57.921+0000] {processor.py:830} INFO - Processing file /opt/airflow/dags/redshift-airflow-ingestion-dag.py for tasks to queue
[2026-04-01T08:07:57.924+0000] {logging_mixin.py:188} INFO - [2026-04-01T08:07:57.924+0000] {dagbag.py:545} INFO - Filling up the DagBag from /opt/airflow/dags/redshift-airflow-ingestion-dag.py
[2026-04-01T08:07:57.975+0000] {processor.py:840} INFO - DAG(s) 's3_to_redshift_pipeline' retrieved from /opt/airflow/dags/redshift-airflow-ingestion-dag.py
[2026-04-01T08:07:58.030+0000] {logging_mixin.py:188} INFO - [2026-04-01T08:07:58.029+0000] {dag.py:3089} INFO - Sync 1 DAGs
[2026-04-01T08:07:58.085+0000] {logging_mixin.py:188} INFO - [2026-04-01T08:07:58.085+0000] {dag.py:3947} INFO - Setting next_dagrun for s3_to_redshift_pipeline to 2026-04-01 08:04:00+00:00, run_after=2026-04-01 08:06:00+00:00
[2026-04-01T08:07:58.126+0000] {processor.py:183} INFO - Processing /opt/airflow/dags/redshift-airflow-ingestion-dag.py took 0.219 seconds
[2026-04-01T08:08:28.403+0000] {processor.py:161} INFO - Started process (PID=1776) to work on /opt/airflow/dags/redshift-airflow-ingestion-dag.py
[2026-04-01T08:08:28.405+0000] {processor.py:830} INFO - Processing file /opt/airflow/dags/redshift-airflow-ingestion-dag.py for tasks to queue
[2026-04-01T08:08:28.411+0000] {logging_mixin.py:188} INFO - [2026-04-01T08:08:28.410+0000] {dagbag.py:545} INFO - Filling up the DagBag from /opt/airflow/dags/redshift-airflow-ingestion-dag.py
[2026-04-01T08:08:28.536+0000] {processor.py:840} INFO - DAG(s) 's3_to_redshift_pipeline' retrieved from /opt/airflow/dags/redshift-airflow-ingestion-dag.py
[2026-04-01T08:08:28.594+0000] {logging_mixin.py:188} INFO - [2026-04-01T08:08:28.593+0000] {dag.py:3089} INFO - Sync 1 DAGs
[2026-04-01T08:08:28.664+0000] {logging_mixin.py:188} INFO - [2026-04-01T08:08:28.664+0000] {dag.py:3947} INFO - Setting next_dagrun for s3_to_redshift_pipeline to 2026-04-01 08:06:00+00:00, run_after=2026-04-01 08:08:00+00:00
[2026-04-01T08:08:28.711+0000] {processor.py:183} INFO - Processing /opt/airflow/dags/redshift-airflow-ingestion-dag.py took 0.327 seconds
[2026-04-01T08:08:58.873+0000] {processor.py:161} INFO - Started process (PID=1801) to work on /opt/airflow/dags/redshift-airflow-ingestion-dag.py
[2026-04-01T08:08:58.875+0000] {processor.py:830} INFO - Processing file /opt/airflow/dags/redshift-airflow-ingestion-dag.py for tasks to queue
[2026-04-01T08:08:58.881+0000] {logging_mixin.py:188} INFO - [2026-04-01T08:08:58.880+0000] {dagbag.py:545} INFO - Filling up the DagBag from /opt/airflow/dags/redshift-airflow-ingestion-dag.py
[2026-04-01T08:08:58.934+0000] {processor.py:840} INFO - DAG(s) 's3_to_redshift_pipeline' retrieved from /opt/airflow/dags/redshift-airflow-ingestion-dag.py
[2026-04-01T08:08:58.978+0000] {logging_mixin.py:188} INFO - [2026-04-01T08:08:58.977+0000] {dag.py:3089} INFO - Sync 1 DAGs
[2026-04-01T08:08:59.030+0000] {logging_mixin.py:188} INFO - [2026-04-01T08:08:59.029+0000] {dag.py:3947} INFO - Setting next_dagrun for s3_to_redshift_pipeline to 2026-04-01 08:06:00+00:00, run_after=2026-04-01 08:08:00+00:00
[2026-04-01T08:08:59.086+0000] {processor.py:183} INFO - Processing /opt/airflow/dags/redshift-airflow-ingestion-dag.py took 0.224 seconds
[2026-04-01T08:09:29.508+0000] {processor.py:161} INFO - Started process (PID=1826) to work on /opt/airflow/dags/redshift-airflow-ingestion-dag.py
[2026-04-01T08:09:29.510+0000] {processor.py:830} INFO - Processing file /opt/airflow/dags/redshift-airflow-ingestion-dag.py for tasks to queue
[2026-04-01T08:09:29.515+0000] {logging_mixin.py:188} INFO - [2026-04-01T08:09:29.514+0000] {dagbag.py:545} INFO - Filling up the DagBag from /opt/airflow/dags/redshift-airflow-ingestion-dag.py
[2026-04-01T08:09:29.578+0000] {processor.py:840} INFO - DAG(s) 's3_to_redshift_pipeline' retrieved from /opt/airflow/dags/redshift-airflow-ingestion-dag.py
[2026-04-01T08:09:29.643+0000] {logging_mixin.py:188} INFO - [2026-04-01T08:09:29.642+0000] {dag.py:3089} INFO - Sync 1 DAGs
[2026-04-01T08:09:29.704+0000] {logging_mixin.py:188} INFO - [2026-04-01T08:09:29.703+0000] {dag.py:3947} INFO - Setting next_dagrun for s3_to_redshift_pipeline to 2026-04-01 08:06:00+00:00, run_after=2026-04-01 08:08:00+00:00
[2026-04-01T08:09:29.748+0000] {processor.py:183} INFO - Processing /opt/airflow/dags/redshift-airflow-ingestion-dag.py took 0.256 seconds
[2026-04-01T08:09:59.947+0000] {processor.py:161} INFO - Started process (PID=1851) to work on /opt/airflow/dags/redshift-airflow-ingestion-dag.py
[2026-04-01T08:09:59.950+0000] {processor.py:830} INFO - Processing file /opt/airflow/dags/redshift-airflow-ingestion-dag.py for tasks to queue
[2026-04-01T08:09:59.955+0000] {logging_mixin.py:188} INFO - [2026-04-01T08:09:59.954+0000] {dagbag.py:545} INFO - Filling up the DagBag from /opt/airflow/dags/redshift-airflow-ingestion-dag.py
[2026-04-01T08:10:00.026+0000] {processor.py:840} INFO - DAG(s) 's3_to_redshift_pipeline' retrieved from /opt/airflow/dags/redshift-airflow-ingestion-dag.py
[2026-04-01T08:10:00.161+0000] {logging_mixin.py:188} INFO - [2026-04-01T08:10:00.161+0000] {dag.py:3089} INFO - Sync 1 DAGs
[2026-04-01T08:10:00.231+0000] {logging_mixin.py:188} INFO - [2026-04-01T08:10:00.230+0000] {dag.py:3947} INFO - Setting next_dagrun for s3_to_redshift_pipeline to 2026-04-01 08:08:00+00:00, run_after=2026-04-01 08:10:00+00:00
[2026-04-01T08:10:00.308+0000] {processor.py:183} INFO - Processing /opt/airflow/dags/redshift-airflow-ingestion-dag.py took 0.375 seconds
[2026-04-01T08:10:31.166+0000] {processor.py:161} INFO - Started process (PID=1876) to work on /opt/airflow/dags/redshift-airflow-ingestion-dag.py
[2026-04-01T08:10:31.168+0000] {processor.py:830} INFO - Processing file /opt/airflow/dags/redshift-airflow-ingestion-dag.py for tasks to queue
[2026-04-01T08:10:31.172+0000] {logging_mixin.py:188} INFO - [2026-04-01T08:10:31.171+0000] {dagbag.py:545} INFO - Filling up the DagBag from /opt/airflow/dags/redshift-airflow-ingestion-dag.py
[2026-04-01T08:10:31.231+0000] {processor.py:840} INFO - DAG(s) 's3_to_redshift_pipeline' retrieved from /opt/airflow/dags/redshift-airflow-ingestion-dag.py
[2026-04-01T08:10:31.296+0000] {logging_mixin.py:188} INFO - [2026-04-01T08:10:31.296+0000] {dag.py:3089} INFO - Sync 1 DAGs
[2026-04-01T08:10:31.355+0000] {logging_mixin.py:188} INFO - [2026-04-01T08:10:31.355+0000] {dag.py:3947} INFO - Setting next_dagrun for s3_to_redshift_pipeline to 2026-04-01 08:08:00+00:00, run_after=2026-04-01 08:10:00+00:00
[2026-04-01T08:10:31.402+0000] {processor.py:183} INFO - Processing /opt/airflow/dags/redshift-airflow-ingestion-dag.py took 0.248 seconds
[2026-04-01T08:11:01.801+0000] {processor.py:161} INFO - Started process (PID=1901) to work on /opt/airflow/dags/redshift-airflow-ingestion-dag.py
[2026-04-01T08:11:01.803+0000] {processor.py:830} INFO - Processing file /opt/airflow/dags/redshift-airflow-ingestion-dag.py for tasks to queue
[2026-04-01T08:11:01.807+0000] {logging_mixin.py:188} INFO - [2026-04-01T08:11:01.807+0000] {dagbag.py:545} INFO - Filling up the DagBag from /opt/airflow/dags/redshift-airflow-ingestion-dag.py
[2026-04-01T08:11:01.856+0000] {processor.py:840} INFO - DAG(s) 's3_to_redshift_pipeline' retrieved from /opt/airflow/dags/redshift-airflow-ingestion-dag.py
[2026-04-01T08:11:01.899+0000] {logging_mixin.py:188} INFO - [2026-04-01T08:11:01.899+0000] {dag.py:3089} INFO - Sync 1 DAGs
[2026-04-01T08:11:01.950+0000] {logging_mixin.py:188} INFO - [2026-04-01T08:11:01.949+0000] {dag.py:3947} INFO - Setting next_dagrun for s3_to_redshift_pipeline to 2026-04-01 08:08:00+00:00, run_after=2026-04-01 08:10:00+00:00
[2026-04-01T08:11:02.001+0000] {processor.py:183} INFO - Processing /opt/airflow/dags/redshift-airflow-ingestion-dag.py took 0.214 seconds
[2026-04-01T08:11:32.616+0000] {processor.py:161} INFO - Started process (PID=1926) to work on /opt/airflow/dags/redshift-airflow-ingestion-dag.py
[2026-04-01T08:11:32.618+0000] {processor.py:830} INFO - Processing file /opt/airflow/dags/redshift-airflow-ingestion-dag.py for tasks to queue
[2026-04-01T08:11:32.621+0000] {logging_mixin.py:188} INFO - [2026-04-01T08:11:32.621+0000] {dagbag.py:545} INFO - Filling up the DagBag from /opt/airflow/dags/redshift-airflow-ingestion-dag.py
[2026-04-01T08:11:32.675+0000] {processor.py:840} INFO - DAG(s) 's3_to_redshift_pipeline' retrieved from /opt/airflow/dags/redshift-airflow-ingestion-dag.py
[2026-04-01T08:11:32.725+0000] {logging_mixin.py:188} INFO - [2026-04-01T08:11:32.725+0000] {dag.py:3089} INFO - Sync 1 DAGs
[2026-04-01T08:11:32.784+0000] {logging_mixin.py:188} INFO - [2026-04-01T08:11:32.783+0000] {dag.py:3947} INFO - Setting next_dagrun for s3_to_redshift_pipeline to 2026-04-01 08:08:00+00:00, run_after=2026-04-01 08:10:00+00:00
[2026-04-01T08:11:32.839+0000] {processor.py:183} INFO - Processing /opt/airflow/dags/redshift-airflow-ingestion-dag.py took 0.236 seconds
[2026-04-01T08:12:03.282+0000] {processor.py:161} INFO - Started process (PID=1951) to work on /opt/airflow/dags/redshift-airflow-ingestion-dag.py
[2026-04-01T08:12:03.287+0000] {processor.py:830} INFO - Processing file /opt/airflow/dags/redshift-airflow-ingestion-dag.py for tasks to queue
[2026-04-01T08:12:03.297+0000] {logging_mixin.py:188} INFO - [2026-04-01T08:12:03.296+0000] {dagbag.py:545} INFO - Filling up the DagBag from /opt/airflow/dags/redshift-airflow-ingestion-dag.py
[2026-04-01T08:12:03.426+0000] {processor.py:840} INFO - DAG(s) 's3_to_redshift_pipeline' retrieved from /opt/airflow/dags/redshift-airflow-ingestion-dag.py
[2026-04-01T08:12:03.553+0000] {logging_mixin.py:188} INFO - [2026-04-01T08:12:03.553+0000] {dag.py:3089} INFO - Sync 1 DAGs
[2026-04-01T08:12:03.604+0000] {logging_mixin.py:188} INFO - [2026-04-01T08:12:03.604+0000] {dag.py:3947} INFO - Setting next_dagrun for s3_to_redshift_pipeline to 2026-04-01 08:10:00+00:00, run_after=2026-04-01 08:12:00+00:00
[2026-04-01T08:12:03.646+0000] {processor.py:183} INFO - Processing /opt/airflow/dags/redshift-airflow-ingestion-dag.py took 0.394 seconds
[2026-04-01T08:12:34.084+0000] {processor.py:161} INFO - Started process (PID=1976) to work on /opt/airflow/dags/redshift-airflow-ingestion-dag.py
[2026-04-01T08:12:34.086+0000] {processor.py:830} INFO - Processing file /opt/airflow/dags/redshift-airflow-ingestion-dag.py for tasks to queue
[2026-04-01T08:12:34.090+0000] {logging_mixin.py:188} INFO - [2026-04-01T08:12:34.089+0000] {dagbag.py:545} INFO - Filling up the DagBag from /opt/airflow/dags/redshift-airflow-ingestion-dag.py
[2026-04-01T08:12:34.144+0000] {processor.py:840} INFO - DAG(s) 's3_to_redshift_pipeline' retrieved from /opt/airflow/dags/redshift-airflow-ingestion-dag.py
[2026-04-01T08:12:34.196+0000] {logging_mixin.py:188} INFO - [2026-04-01T08:12:34.196+0000] {dag.py:3089} INFO - Sync 1 DAGs
[2026-04-01T08:12:34.249+0000] {logging_mixin.py:188} INFO - [2026-04-01T08:12:34.248+0000] {dag.py:3947} INFO - Setting next_dagrun for s3_to_redshift_pipeline to 2026-04-01 08:10:00+00:00, run_after=2026-04-01 08:12:00+00:00
[2026-04-01T08:12:34.311+0000] {processor.py:183} INFO - Processing /opt/airflow/dags/redshift-airflow-ingestion-dag.py took 0.238 seconds
[2026-04-01T08:13:04.461+0000] {processor.py:161} INFO - Started process (PID=2001) to work on /opt/airflow/dags/redshift-airflow-ingestion-dag.py
[2026-04-01T08:13:04.464+0000] {processor.py:830} INFO - Processing file /opt/airflow/dags/redshift-airflow-ingestion-dag.py for tasks to queue
[2026-04-01T08:13:04.471+0000] {logging_mixin.py:188} INFO - [2026-04-01T08:13:04.470+0000] {dagbag.py:545} INFO - Filling up the DagBag from /opt/airflow/dags/redshift-airflow-ingestion-dag.py
[2026-04-01T08:13:04.523+0000] {processor.py:840} INFO - DAG(s) 's3_to_redshift_pipeline' retrieved from /opt/airflow/dags/redshift-airflow-ingestion-dag.py
[2026-04-01T08:13:04.574+0000] {logging_mixin.py:188} INFO - [2026-04-01T08:13:04.574+0000] {dag.py:3089} INFO - Sync 1 DAGs
[2026-04-01T08:13:04.626+0000] {logging_mixin.py:188} INFO - [2026-04-01T08:13:04.626+0000] {dag.py:3947} INFO - Setting next_dagrun for s3_to_redshift_pipeline to 2026-04-01 08:10:00+00:00, run_after=2026-04-01 08:12:00+00:00
[2026-04-01T08:13:04.676+0000] {processor.py:183} INFO - Processing /opt/airflow/dags/redshift-airflow-ingestion-dag.py took 0.231 seconds
[2026-04-01T08:13:35.127+0000] {processor.py:161} INFO - Started process (PID=2026) to work on /opt/airflow/dags/redshift-airflow-ingestion-dag.py
[2026-04-01T08:13:35.129+0000] {processor.py:830} INFO - Processing file /opt/airflow/dags/redshift-airflow-ingestion-dag.py for tasks to queue
[2026-04-01T08:13:35.135+0000] {logging_mixin.py:188} INFO - [2026-04-01T08:13:35.134+0000] {dagbag.py:545} INFO - Filling up the DagBag from /opt/airflow/dags/redshift-airflow-ingestion-dag.py
[2026-04-01T08:13:35.188+0000] {processor.py:840} INFO - DAG(s) 's3_to_redshift_pipeline' retrieved from /opt/airflow/dags/redshift-airflow-ingestion-dag.py
[2026-04-01T08:13:35.243+0000] {logging_mixin.py:188} INFO - [2026-04-01T08:13:35.242+0000] {dag.py:3089} INFO - Sync 1 DAGs
[2026-04-01T08:13:35.300+0000] {logging_mixin.py:188} INFO - [2026-04-01T08:13:35.300+0000] {dag.py:3947} INFO - Setting next_dagrun for s3_to_redshift_pipeline to 2026-04-01 08:10:00+00:00, run_after=2026-04-01 08:12:00+00:00
[2026-04-01T08:13:35.346+0000] {processor.py:183} INFO - Processing /opt/airflow/dags/redshift-airflow-ingestion-dag.py took 0.234 seconds
[2026-04-01T08:14:05.537+0000] {processor.py:161} INFO - Started process (PID=2051) to work on /opt/airflow/dags/redshift-airflow-ingestion-dag.py
[2026-04-01T08:14:05.539+0000] {processor.py:830} INFO - Processing file /opt/airflow/dags/redshift-airflow-ingestion-dag.py for tasks to queue
[2026-04-01T08:14:05.543+0000] {logging_mixin.py:188} INFO - [2026-04-01T08:14:05.543+0000] {dagbag.py:545} INFO - Filling up the DagBag from /opt/airflow/dags/redshift-airflow-ingestion-dag.py
[2026-04-01T08:14:05.602+0000] {processor.py:840} INFO - DAG(s) 's3_to_redshift_pipeline' retrieved from /opt/airflow/dags/redshift-airflow-ingestion-dag.py
[2026-04-01T08:14:05.658+0000] {logging_mixin.py:188} INFO - [2026-04-01T08:14:05.658+0000] {dag.py:3089} INFO - Sync 1 DAGs
[2026-04-01T08:14:05.713+0000] {logging_mixin.py:188} INFO - [2026-04-01T08:14:05.713+0000] {dag.py:3947} INFO - Setting next_dagrun for s3_to_redshift_pipeline to 2026-04-01 08:12:00+00:00, run_after=2026-04-01 08:14:00+00:00
[2026-04-01T08:14:05.757+0000] {processor.py:183} INFO - Processing /opt/airflow/dags/redshift-airflow-ingestion-dag.py took 0.234 seconds
[2026-04-01T08:14:36.043+0000] {processor.py:161} INFO - Started process (PID=2076) to work on /opt/airflow/dags/redshift-airflow-ingestion-dag.py
[2026-04-01T08:14:36.045+0000] {processor.py:830} INFO - Processing file /opt/airflow/dags/redshift-airflow-ingestion-dag.py for tasks to queue
[2026-04-01T08:14:36.049+0000] {logging_mixin.py:188} INFO - [2026-04-01T08:14:36.048+0000] {dagbag.py:545} INFO - Filling up the DagBag from /opt/airflow/dags/redshift-airflow-ingestion-dag.py
[2026-04-01T08:14:36.104+0000] {processor.py:840} INFO - DAG(s) 's3_to_redshift_pipeline' retrieved from /opt/airflow/dags/redshift-airflow-ingestion-dag.py
[2026-04-01T08:14:36.164+0000] {logging_mixin.py:188} INFO - [2026-04-01T08:14:36.163+0000] {dag.py:3089} INFO - Sync 1 DAGs
[2026-04-01T08:14:36.228+0000] {logging_mixin.py:188} INFO - [2026-04-01T08:14:36.227+0000] {dag.py:3947} INFO - Setting next_dagrun for s3_to_redshift_pipeline to 2026-04-01 08:12:00+00:00, run_after=2026-04-01 08:14:00+00:00
[2026-04-01T08:14:36.276+0000] {processor.py:183} INFO - Processing /opt/airflow/dags/redshift-airflow-ingestion-dag.py took 0.247 seconds
[2026-04-01T08:15:06.648+0000] {processor.py:161} INFO - Started process (PID=2101) to work on /opt/airflow/dags/redshift-airflow-ingestion-dag.py
[2026-04-01T08:15:06.651+0000] {processor.py:830} INFO - Processing file /opt/airflow/dags/redshift-airflow-ingestion-dag.py for tasks to queue
[2026-04-01T08:15:06.655+0000] {logging_mixin.py:188} INFO - [2026-04-01T08:15:06.654+0000] {dagbag.py:545} INFO - Filling up the DagBag from /opt/airflow/dags/redshift-airflow-ingestion-dag.py
[2026-04-01T08:15:06.713+0000] {processor.py:840} INFO - DAG(s) 's3_to_redshift_pipeline' retrieved from /opt/airflow/dags/redshift-airflow-ingestion-dag.py
[2026-04-01T08:15:06.766+0000] {logging_mixin.py:188} INFO - [2026-04-01T08:15:06.765+0000] {dag.py:3089} INFO - Sync 1 DAGs
[2026-04-01T08:15:06.819+0000] {logging_mixin.py:188} INFO - [2026-04-01T08:15:06.819+0000] {dag.py:3947} INFO - Setting next_dagrun for s3_to_redshift_pipeline to 2026-04-01 08:12:00+00:00, run_after=2026-04-01 08:14:00+00:00
[2026-04-01T08:15:06.864+0000] {processor.py:183} INFO - Processing /opt/airflow/dags/redshift-airflow-ingestion-dag.py took 0.227 seconds
[2026-04-01T08:15:37.105+0000] {processor.py:161} INFO - Started process (PID=2126) to work on /opt/airflow/dags/redshift-airflow-ingestion-dag.py
[2026-04-01T08:15:37.107+0000] {processor.py:830} INFO - Processing file /opt/airflow/dags/redshift-airflow-ingestion-dag.py for tasks to queue
[2026-04-01T08:15:37.113+0000] {logging_mixin.py:188} INFO - [2026-04-01T08:15:37.112+0000] {dagbag.py:545} INFO - Filling up the DagBag from /opt/airflow/dags/redshift-airflow-ingestion-dag.py
[2026-04-01T08:15:37.165+0000] {processor.py:840} INFO - DAG(s) 's3_to_redshift_pipeline' retrieved from /opt/airflow/dags/redshift-airflow-ingestion-dag.py
[2026-04-01T08:15:37.220+0000] {logging_mixin.py:188} INFO - [2026-04-01T08:15:37.219+0000] {dag.py:3089} INFO - Sync 1 DAGs
[2026-04-01T08:15:37.278+0000] {logging_mixin.py:188} INFO - [2026-04-01T08:15:37.278+0000] {dag.py:3947} INFO - Setting next_dagrun for s3_to_redshift_pipeline to 2026-04-01 08:12:00+00:00, run_after=2026-04-01 08:14:00+00:00
[2026-04-01T08:15:37.324+0000] {processor.py:183} INFO - Processing /opt/airflow/dags/redshift-airflow-ingestion-dag.py took 0.236 seconds
[2026-04-01T08:16:07.660+0000] {processor.py:161} INFO - Started process (PID=2151) to work on /opt/airflow/dags/redshift-airflow-ingestion-dag.py
[2026-04-01T08:16:07.662+0000] {processor.py:830} INFO - Processing file /opt/airflow/dags/redshift-airflow-ingestion-dag.py for tasks to queue
[2026-04-01T08:16:07.666+0000] {logging_mixin.py:188} INFO - [2026-04-01T08:16:07.666+0000] {dagbag.py:545} INFO - Filling up the DagBag from /opt/airflow/dags/redshift-airflow-ingestion-dag.py
[2026-04-01T08:16:07.726+0000] {processor.py:840} INFO - DAG(s) 's3_to_redshift_pipeline' retrieved from /opt/airflow/dags/redshift-airflow-ingestion-dag.py
[2026-04-01T08:16:07.783+0000] {logging_mixin.py:188} INFO - [2026-04-01T08:16:07.782+0000] {dag.py:3089} INFO - Sync 1 DAGs
[2026-04-01T08:16:07.840+0000] {logging_mixin.py:188} INFO - [2026-04-01T08:16:07.839+0000] {dag.py:3947} INFO - Setting next_dagrun for s3_to_redshift_pipeline to 2026-04-01 08:14:00+00:00, run_after=2026-04-01 08:16:00+00:00
[2026-04-01T08:16:07.881+0000] {processor.py:183} INFO - Processing /opt/airflow/dags/redshift-airflow-ingestion-dag.py took 0.233 seconds
[2026-04-01T08:16:38.040+0000] {processor.py:161} INFO - Started process (PID=2176) to work on /opt/airflow/dags/redshift-airflow-ingestion-dag.py
[2026-04-01T08:16:38.041+0000] {processor.py:830} INFO - Processing file /opt/airflow/dags/redshift-airflow-ingestion-dag.py for tasks to queue
[2026-04-01T08:16:38.045+0000] {logging_mixin.py:188} INFO - [2026-04-01T08:16:38.045+0000] {dagbag.py:545} INFO - Filling up the DagBag from /opt/airflow/dags/redshift-airflow-ingestion-dag.py
[2026-04-01T08:16:38.094+0000] {processor.py:840} INFO - DAG(s) 's3_to_redshift_pipeline' retrieved from /opt/airflow/dags/redshift-airflow-ingestion-dag.py
[2026-04-01T08:16:38.143+0000] {logging_mixin.py:188} INFO - [2026-04-01T08:16:38.143+0000] {dag.py:3089} INFO - Sync 1 DAGs
[2026-04-01T08:16:38.197+0000] {logging_mixin.py:188} INFO - [2026-04-01T08:16:38.197+0000] {dag.py:3947} INFO - Setting next_dagrun for s3_to_redshift_pipeline to 2026-04-01 08:14:00+00:00, run_after=2026-04-01 08:16:00+00:00
[2026-04-01T08:16:38.238+0000] {processor.py:183} INFO - Processing /opt/airflow/dags/redshift-airflow-ingestion-dag.py took 0.210 seconds
[2026-04-01T08:17:08.491+0000] {processor.py:161} INFO - Started process (PID=2201) to work on /opt/airflow/dags/redshift-airflow-ingestion-dag.py
[2026-04-01T08:17:08.494+0000] {processor.py:830} INFO - Processing file /opt/airflow/dags/redshift-airflow-ingestion-dag.py for tasks to queue
[2026-04-01T08:17:08.499+0000] {logging_mixin.py:188} INFO - [2026-04-01T08:17:08.498+0000] {dagbag.py:545} INFO - Filling up the DagBag from /opt/airflow/dags/redshift-airflow-ingestion-dag.py
[2026-04-01T08:17:08.551+0000] {processor.py:840} INFO - DAG(s) 's3_to_redshift_pipeline' retrieved from /opt/airflow/dags/redshift-airflow-ingestion-dag.py
[2026-04-01T08:17:08.620+0000] {logging_mixin.py:188} INFO - [2026-04-01T08:17:08.619+0000] {dag.py:3089} INFO - Sync 1 DAGs
[2026-04-01T08:17:08.683+0000] {logging_mixin.py:188} INFO - [2026-04-01T08:17:08.682+0000] {dag.py:3947} INFO - Setting next_dagrun for s3_to_redshift_pipeline to 2026-04-01 08:14:00+00:00, run_after=2026-04-01 08:16:00+00:00
[2026-04-01T08:17:08.750+0000] {processor.py:183} INFO - Processing /opt/airflow/dags/redshift-airflow-ingestion-dag.py took 0.270 seconds
[2026-04-01T08:17:38.962+0000] {processor.py:161} INFO - Started process (PID=2226) to work on /opt/airflow/dags/redshift-airflow-ingestion-dag.py
[2026-04-01T08:17:38.964+0000] {processor.py:830} INFO - Processing file /opt/airflow/dags/redshift-airflow-ingestion-dag.py for tasks to queue
[2026-04-01T08:17:38.969+0000] {logging_mixin.py:188} INFO - [2026-04-01T08:17:38.968+0000] {dagbag.py:545} INFO - Filling up the DagBag from /opt/airflow/dags/redshift-airflow-ingestion-dag.py
[2026-04-01T08:17:39.028+0000] {processor.py:840} INFO - DAG(s) 's3_to_redshift_pipeline' retrieved from /opt/airflow/dags/redshift-airflow-ingestion-dag.py
[2026-04-01T08:17:39.099+0000] {logging_mixin.py:188} INFO - [2026-04-01T08:17:39.098+0000] {dag.py:3089} INFO - Sync 1 DAGs
[2026-04-01T08:17:39.177+0000] {logging_mixin.py:188} INFO - [2026-04-01T08:17:39.176+0000] {dag.py:3947} INFO - Setting next_dagrun for s3_to_redshift_pipeline to 2026-04-01 08:14:00+00:00, run_after=2026-04-01 08:16:00+00:00
[2026-04-01T08:17:39.244+0000] {processor.py:183} INFO - Processing /opt/airflow/dags/redshift-airflow-ingestion-dag.py took 0.298 seconds
[2026-04-01T08:18:09.675+0000] {processor.py:161} INFO - Started process (PID=2251) to work on /opt/airflow/dags/redshift-airflow-ingestion-dag.py
[2026-04-01T08:18:09.677+0000] {processor.py:830} INFO - Processing file /opt/airflow/dags/redshift-airflow-ingestion-dag.py for tasks to queue
[2026-04-01T08:18:09.681+0000] {logging_mixin.py:188} INFO - [2026-04-01T08:18:09.681+0000] {dagbag.py:545} INFO - Filling up the DagBag from /opt/airflow/dags/redshift-airflow-ingestion-dag.py
[2026-04-01T08:18:09.736+0000] {processor.py:840} INFO - DAG(s) 's3_to_redshift_pipeline' retrieved from /opt/airflow/dags/redshift-airflow-ingestion-dag.py
[2026-04-01T08:18:09.782+0000] {logging_mixin.py:188} INFO - [2026-04-01T08:18:09.781+0000] {dag.py:3089} INFO - Sync 1 DAGs
[2026-04-01T08:18:09.837+0000] {logging_mixin.py:188} INFO - [2026-04-01T08:18:09.837+0000] {dag.py:3947} INFO - Setting next_dagrun for s3_to_redshift_pipeline to 2026-04-01 08:16:00+00:00, run_after=2026-04-01 08:18:00+00:00
[2026-04-01T08:18:09.878+0000] {processor.py:183} INFO - Processing /opt/airflow/dags/redshift-airflow-ingestion-dag.py took 0.216 seconds
[2026-04-01T08:18:40.122+0000] {processor.py:161} INFO - Started process (PID=2276) to work on /opt/airflow/dags/redshift-airflow-ingestion-dag.py
[2026-04-01T08:18:40.124+0000] {processor.py:830} INFO - Processing file /opt/airflow/dags/redshift-airflow-ingestion-dag.py for tasks to queue
[2026-04-01T08:18:40.128+0000] {logging_mixin.py:188} INFO - [2026-04-01T08:18:40.127+0000] {dagbag.py:545} INFO - Filling up the DagBag from /opt/airflow/dags/redshift-airflow-ingestion-dag.py
[2026-04-01T08:18:40.176+0000] {processor.py:840} INFO - DAG(s) 's3_to_redshift_pipeline' retrieved from /opt/airflow/dags/redshift-airflow-ingestion-dag.py
[2026-04-01T08:18:40.222+0000] {logging_mixin.py:188} INFO - [2026-04-01T08:18:40.222+0000] {dag.py:3089} INFO - Sync 1 DAGs
[2026-04-01T08:18:40.264+0000] {logging_mixin.py:188} INFO - [2026-04-01T08:18:40.263+0000] {dag.py:3947} INFO - Setting next_dagrun for s3_to_redshift_pipeline to 2026-04-01 08:16:00+00:00, run_after=2026-04-01 08:18:00+00:00
[2026-04-01T08:18:40.301+0000] {processor.py:183} INFO - Processing /opt/airflow/dags/redshift-airflow-ingestion-dag.py took 0.190 seconds
[2026-04-01T08:19:10.470+0000] {processor.py:161} INFO - Started process (PID=2301) to work on /opt/airflow/dags/redshift-airflow-ingestion-dag.py
[2026-04-01T08:19:10.472+0000] {processor.py:830} INFO - Processing file /opt/airflow/dags/redshift-airflow-ingestion-dag.py for tasks to queue
[2026-04-01T08:19:10.477+0000] {logging_mixin.py:188} INFO - [2026-04-01T08:19:10.476+0000] {dagbag.py:545} INFO - Filling up the DagBag from /opt/airflow/dags/redshift-airflow-ingestion-dag.py
[2026-04-01T08:19:10.530+0000] {processor.py:840} INFO - DAG(s) 's3_to_redshift_pipeline' retrieved from /opt/airflow/dags/redshift-airflow-ingestion-dag.py
[2026-04-01T08:19:10.584+0000] {logging_mixin.py:188} INFO - [2026-04-01T08:19:10.583+0000] {dag.py:3089} INFO - Sync 1 DAGs
[2026-04-01T08:19:10.632+0000] {logging_mixin.py:188} INFO - [2026-04-01T08:19:10.632+0000] {dag.py:3947} INFO - Setting next_dagrun for s3_to_redshift_pipeline to 2026-04-01 08:16:00+00:00, run_after=2026-04-01 08:18:00+00:00
[2026-04-01T08:19:10.674+0000] {processor.py:183} INFO - Processing /opt/airflow/dags/redshift-airflow-ingestion-dag.py took 0.220 seconds
[2026-04-01T08:19:40.806+0000] {processor.py:161} INFO - Started process (PID=2326) to work on /opt/airflow/dags/redshift-airflow-ingestion-dag.py
[2026-04-01T08:19:40.808+0000] {processor.py:830} INFO - Processing file /opt/airflow/dags/redshift-airflow-ingestion-dag.py for tasks to queue
[2026-04-01T08:19:40.812+0000] {logging_mixin.py:188} INFO - [2026-04-01T08:19:40.811+0000] {dagbag.py:545} INFO - Filling up the DagBag from /opt/airflow/dags/redshift-airflow-ingestion-dag.py
[2026-04-01T08:19:40.865+0000] {processor.py:840} INFO - DAG(s) 's3_to_redshift_pipeline' retrieved from /opt/airflow/dags/redshift-airflow-ingestion-dag.py
[2026-04-01T08:19:40.913+0000] {logging_mixin.py:188} INFO - [2026-04-01T08:19:40.912+0000] {dag.py:3089} INFO - Sync 1 DAGs
[2026-04-01T08:19:40.970+0000] {logging_mixin.py:188} INFO - [2026-04-01T08:19:40.970+0000] {dag.py:3947} INFO - Setting next_dagrun for s3_to_redshift_pipeline to 2026-04-01 08:16:00+00:00, run_after=2026-04-01 08:18:00+00:00
[2026-04-01T08:19:41.017+0000] {processor.py:183} INFO - Processing /opt/airflow/dags/redshift-airflow-ingestion-dag.py took 0.226 seconds
[2026-04-01T08:20:11.233+0000] {processor.py:161} INFO - Started process (PID=2351) to work on /opt/airflow/dags/redshift-airflow-ingestion-dag.py
[2026-04-01T08:20:11.236+0000] {processor.py:830} INFO - Processing file /opt/airflow/dags/redshift-airflow-ingestion-dag.py for tasks to queue
[2026-04-01T08:20:11.240+0000] {logging_mixin.py:188} INFO - [2026-04-01T08:20:11.239+0000] {dagbag.py:545} INFO - Filling up the DagBag from /opt/airflow/dags/redshift-airflow-ingestion-dag.py
[2026-04-01T08:20:11.290+0000] {processor.py:840} INFO - DAG(s) 's3_to_redshift_pipeline' retrieved from /opt/airflow/dags/redshift-airflow-ingestion-dag.py
[2026-04-01T08:20:11.357+0000] {logging_mixin.py:188} INFO - [2026-04-01T08:20:11.357+0000] {dag.py:3089} INFO - Sync 1 DAGs
[2026-04-01T08:20:11.418+0000] {logging_mixin.py:188} INFO - [2026-04-01T08:20:11.418+0000] {dag.py:3947} INFO - Setting next_dagrun for s3_to_redshift_pipeline to 2026-04-01 08:18:00+00:00, run_after=2026-04-01 08:20:00+00:00
[2026-04-01T08:20:11.474+0000] {processor.py:183} INFO - Processing /opt/airflow/dags/redshift-airflow-ingestion-dag.py took 0.258 seconds
[2026-04-01T08:20:41.722+0000] {processor.py:161} INFO - Started process (PID=2376) to work on /opt/airflow/dags/redshift-airflow-ingestion-dag.py
[2026-04-01T08:20:41.724+0000] {processor.py:830} INFO - Processing file /opt/airflow/dags/redshift-airflow-ingestion-dag.py for tasks to queue
[2026-04-01T08:20:41.729+0000] {logging_mixin.py:188} INFO - [2026-04-01T08:20:41.728+0000] {dagbag.py:545} INFO - Filling up the DagBag from /opt/airflow/dags/redshift-airflow-ingestion-dag.py
[2026-04-01T08:20:41.779+0000] {processor.py:840} INFO - DAG(s) 's3_to_redshift_pipeline' retrieved from /opt/airflow/dags/redshift-airflow-ingestion-dag.py
[2026-04-01T08:20:41.829+0000] {logging_mixin.py:188} INFO - [2026-04-01T08:20:41.829+0000] {dag.py:3089} INFO - Sync 1 DAGs
[2026-04-01T08:20:41.875+0000] {logging_mixin.py:188} INFO - [2026-04-01T08:20:41.875+0000] {dag.py:3947} INFO - Setting next_dagrun for s3_to_redshift_pipeline to 2026-04-01 08:18:00+00:00, run_after=2026-04-01 08:20:00+00:00
[2026-04-01T08:20:41.935+0000] {processor.py:183} INFO - Processing /opt/airflow/dags/redshift-airflow-ingestion-dag.py took 0.227 seconds
[2026-04-01T08:21:12.084+0000] {processor.py:161} INFO - Started process (PID=2401) to work on /opt/airflow/dags/redshift-airflow-ingestion-dag.py
[2026-04-01T08:21:12.089+0000] {processor.py:830} INFO - Processing file /opt/airflow/dags/redshift-airflow-ingestion-dag.py for tasks to queue
[2026-04-01T08:21:12.094+0000] {logging_mixin.py:188} INFO - [2026-04-01T08:21:12.093+0000] {dagbag.py:545} INFO - Filling up the DagBag from /opt/airflow/dags/redshift-airflow-ingestion-dag.py
[2026-04-01T08:21:12.152+0000] {processor.py:840} INFO - DAG(s) 's3_to_redshift_pipeline' retrieved from /opt/airflow/dags/redshift-airflow-ingestion-dag.py
[2026-04-01T08:21:12.220+0000] {logging_mixin.py:188} INFO - [2026-04-01T08:21:12.219+0000] {dag.py:3089} INFO - Sync 1 DAGs
[2026-04-01T08:21:12.280+0000] {logging_mixin.py:188} INFO - [2026-04-01T08:21:12.279+0000] {dag.py:3947} INFO - Setting next_dagrun for s3_to_redshift_pipeline to 2026-04-01 08:18:00+00:00, run_after=2026-04-01 08:20:00+00:00
[2026-04-01T08:21:12.343+0000] {processor.py:183} INFO - Processing /opt/airflow/dags/redshift-airflow-ingestion-dag.py took 0.281 seconds
[2026-04-01T08:21:43.254+0000] {processor.py:161} INFO - Started process (PID=2426) to work on /opt/airflow/dags/redshift-airflow-ingestion-dag.py
[2026-04-01T08:21:43.256+0000] {processor.py:830} INFO - Processing file /opt/airflow/dags/redshift-airflow-ingestion-dag.py for tasks to queue
[2026-04-01T08:21:43.261+0000] {logging_mixin.py:188} INFO - [2026-04-01T08:21:43.261+0000] {dagbag.py:545} INFO - Filling up the DagBag from /opt/airflow/dags/redshift-airflow-ingestion-dag.py
[2026-04-01T08:21:43.308+0000] {processor.py:840} INFO - DAG(s) 's3_to_redshift_pipeline' retrieved from /opt/airflow/dags/redshift-airflow-ingestion-dag.py
[2026-04-01T08:21:43.354+0000] {logging_mixin.py:188} INFO - [2026-04-01T08:21:43.354+0000] {dag.py:3089} INFO - Sync 1 DAGs
[2026-04-01T08:21:43.397+0000] {logging_mixin.py:188} INFO - [2026-04-01T08:21:43.397+0000] {dag.py:3947} INFO - Setting next_dagrun for s3_to_redshift_pipeline to 2026-04-01 08:18:00+00:00, run_after=2026-04-01 08:20:00+00:00
[2026-04-01T08:21:43.435+0000] {processor.py:183} INFO - Processing /opt/airflow/dags/redshift-airflow-ingestion-dag.py took 0.196 seconds
[2026-04-01T08:22:13.671+0000] {processor.py:161} INFO - Started process (PID=2451) to work on /opt/airflow/dags/redshift-airflow-ingestion-dag.py
[2026-04-01T08:22:13.673+0000] {processor.py:830} INFO - Processing file /opt/airflow/dags/redshift-airflow-ingestion-dag.py for tasks to queue
[2026-04-01T08:22:13.678+0000] {logging_mixin.py:188} INFO - [2026-04-01T08:22:13.677+0000] {dagbag.py:545} INFO - Filling up the DagBag from /opt/airflow/dags/redshift-airflow-ingestion-dag.py
[2026-04-01T08:22:13.727+0000] {processor.py:840} INFO - DAG(s) 's3_to_redshift_pipeline' retrieved from /opt/airflow/dags/redshift-airflow-ingestion-dag.py
[2026-04-01T08:22:13.780+0000] {logging_mixin.py:188} INFO - [2026-04-01T08:22:13.780+0000] {dag.py:3089} INFO - Sync 1 DAGs
[2026-04-01T08:22:13.839+0000] {logging_mixin.py:188} INFO - [2026-04-01T08:22:13.839+0000] {dag.py:3947} INFO - Setting next_dagrun for s3_to_redshift_pipeline to 2026-04-01 08:20:00+00:00, run_after=2026-04-01 08:22:00+00:00
[2026-04-01T08:22:13.889+0000] {processor.py:183} INFO - Processing /opt/airflow/dags/redshift-airflow-ingestion-dag.py took 0.232 seconds
[2026-04-01T08:22:44.781+0000] {processor.py:161} INFO - Started process (PID=2476) to work on /opt/airflow/dags/redshift-airflow-ingestion-dag.py
[2026-04-01T08:22:44.784+0000] {processor.py:830} INFO - Processing file /opt/airflow/dags/redshift-airflow-ingestion-dag.py for tasks to queue
[2026-04-01T08:22:44.787+0000] {logging_mixin.py:188} INFO - [2026-04-01T08:22:44.787+0000] {dagbag.py:545} INFO - Filling up the DagBag from /opt/airflow/dags/redshift-airflow-ingestion-dag.py
[2026-04-01T08:22:44.842+0000] {processor.py:840} INFO - DAG(s) 's3_to_redshift_pipeline' retrieved from /opt/airflow/dags/redshift-airflow-ingestion-dag.py
[2026-04-01T08:22:44.907+0000] {logging_mixin.py:188} INFO - [2026-04-01T08:22:44.906+0000] {dag.py:3089} INFO - Sync 1 DAGs
[2026-04-01T08:22:44.978+0000] {logging_mixin.py:188} INFO - [2026-04-01T08:22:44.978+0000] {dag.py:3947} INFO - Setting next_dagrun for s3_to_redshift_pipeline to 2026-04-01 08:20:00+00:00, run_after=2026-04-01 08:22:00+00:00
[2026-04-01T08:22:45.027+0000] {processor.py:183} INFO - Processing /opt/airflow/dags/redshift-airflow-ingestion-dag.py took 0.266 seconds
[2026-04-01T08:23:15.424+0000] {processor.py:161} INFO - Started process (PID=2503) to work on /opt/airflow/dags/redshift-airflow-ingestion-dag.py
[2026-04-01T08:23:15.426+0000] {processor.py:830} INFO - Processing file /opt/airflow/dags/redshift-airflow-ingestion-dag.py for tasks to queue
[2026-04-01T08:23:15.430+0000] {logging_mixin.py:188} INFO - [2026-04-01T08:23:15.430+0000] {dagbag.py:545} INFO - Filling up the DagBag from /opt/airflow/dags/redshift-airflow-ingestion-dag.py
[2026-04-01T08:23:15.493+0000] {processor.py:840} INFO - DAG(s) 's3_to_redshift_pipeline' retrieved from /opt/airflow/dags/redshift-airflow-ingestion-dag.py
[2026-04-01T08:23:15.542+0000] {logging_mixin.py:188} INFO - [2026-04-01T08:23:15.542+0000] {dag.py:3089} INFO - Sync 1 DAGs
[2026-04-01T08:23:15.578+0000] {logging_mixin.py:188} INFO - [2026-04-01T08:23:15.577+0000] {dag.py:3947} INFO - Setting next_dagrun for s3_to_redshift_pipeline to 2026-04-01 08:20:00+00:00, run_after=2026-04-01 08:22:00+00:00
[2026-04-01T08:23:15.622+0000] {processor.py:183} INFO - Processing /opt/airflow/dags/redshift-airflow-ingestion-dag.py took 0.210 seconds
[2026-04-01T08:23:45.825+0000] {processor.py:161} INFO - Started process (PID=2526) to work on /opt/airflow/dags/redshift-airflow-ingestion-dag.py
[2026-04-01T08:23:45.827+0000] {processor.py:830} INFO - Processing file /opt/airflow/dags/redshift-airflow-ingestion-dag.py for tasks to queue
[2026-04-01T08:23:45.831+0000] {logging_mixin.py:188} INFO - [2026-04-01T08:23:45.830+0000] {dagbag.py:545} INFO - Filling up the DagBag from /opt/airflow/dags/redshift-airflow-ingestion-dag.py
[2026-04-01T08:23:45.880+0000] {processor.py:840} INFO - DAG(s) 's3_to_redshift_pipeline' retrieved from /opt/airflow/dags/redshift-airflow-ingestion-dag.py
[2026-04-01T08:23:45.933+0000] {logging_mixin.py:188} INFO - [2026-04-01T08:23:45.933+0000] {dag.py:3089} INFO - Sync 1 DAGs
[2026-04-01T08:23:45.978+0000] {logging_mixin.py:188} INFO - [2026-04-01T08:23:45.978+0000] {dag.py:3947} INFO - Setting next_dagrun for s3_to_redshift_pipeline to 2026-04-01 08:20:00+00:00, run_after=2026-04-01 08:22:00+00:00
[2026-04-01T08:23:46.013+0000] {processor.py:183} INFO - Processing /opt/airflow/dags/redshift-airflow-ingestion-dag.py took 0.201 seconds
[2026-04-01T08:24:16.316+0000] {processor.py:161} INFO - Started process (PID=2553) to work on /opt/airflow/dags/redshift-airflow-ingestion-dag.py
[2026-04-01T08:24:16.318+0000] {processor.py:830} INFO - Processing file /opt/airflow/dags/redshift-airflow-ingestion-dag.py for tasks to queue
[2026-04-01T08:24:16.323+0000] {logging_mixin.py:188} INFO - [2026-04-01T08:24:16.323+0000] {dagbag.py:545} INFO - Filling up the DagBag from /opt/airflow/dags/redshift-airflow-ingestion-dag.py
[2026-04-01T08:24:16.360+0000] {processor.py:840} INFO - DAG(s) 's3_to_redshift_pipeline' retrieved from /opt/airflow/dags/redshift-airflow-ingestion-dag.py
[2026-04-01T08:24:16.410+0000] {logging_mixin.py:188} INFO - [2026-04-01T08:24:16.409+0000] {dag.py:3089} INFO - Sync 1 DAGs
[2026-04-01T08:24:16.474+0000] {logging_mixin.py:188} INFO - [2026-04-01T08:24:16.474+0000] {dag.py:3947} INFO - Setting next_dagrun for s3_to_redshift_pipeline to 2026-04-01 08:22:00+00:00, run_after=2026-04-01 08:24:00+00:00
[2026-04-01T08:24:16.525+0000] {processor.py:183} INFO - Processing /opt/airflow/dags/redshift-airflow-ingestion-dag.py took 0.222 seconds
[2026-04-01T08:24:46.686+0000] {processor.py:161} INFO - Started process (PID=2578) to work on /opt/airflow/dags/redshift-airflow-ingestion-dag.py
[2026-04-01T08:24:46.688+0000] {processor.py:830} INFO - Processing file /opt/airflow/dags/redshift-airflow-ingestion-dag.py for tasks to queue
[2026-04-01T08:24:46.692+0000] {logging_mixin.py:188} INFO - [2026-04-01T08:24:46.691+0000] {dagbag.py:545} INFO - Filling up the DagBag from /opt/airflow/dags/redshift-airflow-ingestion-dag.py
[2026-04-01T08:24:46.742+0000] {processor.py:840} INFO - DAG(s) 's3_to_redshift_pipeline' retrieved from /opt/airflow/dags/redshift-airflow-ingestion-dag.py
[2026-04-01T08:24:46.792+0000] {logging_mixin.py:188} INFO - [2026-04-01T08:24:46.792+0000] {dag.py:3089} INFO - Sync 1 DAGs
[2026-04-01T08:24:46.846+0000] {logging_mixin.py:188} INFO - [2026-04-01T08:24:46.846+0000] {dag.py:3947} INFO - Setting next_dagrun for s3_to_redshift_pipeline to 2026-04-01 08:22:00+00:00, run_after=2026-04-01 08:24:00+00:00
[2026-04-01T08:24:46.908+0000] {processor.py:183} INFO - Processing /opt/airflow/dags/redshift-airflow-ingestion-dag.py took 0.233 seconds
[2026-04-01T08:25:17.043+0000] {processor.py:161} INFO - Started process (PID=2601) to work on /opt/airflow/dags/redshift-airflow-ingestion-dag.py
[2026-04-01T08:25:17.045+0000] {processor.py:830} INFO - Processing file /opt/airflow/dags/redshift-airflow-ingestion-dag.py for tasks to queue
[2026-04-01T08:25:17.050+0000] {logging_mixin.py:188} INFO - [2026-04-01T08:25:17.049+0000] {dagbag.py:545} INFO - Filling up the DagBag from /opt/airflow/dags/redshift-airflow-ingestion-dag.py
[2026-04-01T08:25:17.101+0000] {processor.py:840} INFO - DAG(s) 's3_to_redshift_pipeline' retrieved from /opt/airflow/dags/redshift-airflow-ingestion-dag.py
[2026-04-01T08:25:17.150+0000] {logging_mixin.py:188} INFO - [2026-04-01T08:25:17.150+0000] {dag.py:3089} INFO - Sync 1 DAGs
[2026-04-01T08:25:17.201+0000] {logging_mixin.py:188} INFO - [2026-04-01T08:25:17.201+0000] {dag.py:3947} INFO - Setting next_dagrun for s3_to_redshift_pipeline to 2026-04-01 08:22:00+00:00, run_after=2026-04-01 08:24:00+00:00
[2026-04-01T08:25:17.270+0000] {processor.py:183} INFO - Processing /opt/airflow/dags/redshift-airflow-ingestion-dag.py took 0.246 seconds
[2026-04-01T08:25:47.412+0000] {processor.py:161} INFO - Started process (PID=2626) to work on /opt/airflow/dags/redshift-airflow-ingestion-dag.py
[2026-04-01T08:25:47.414+0000] {processor.py:830} INFO - Processing file /opt/airflow/dags/redshift-airflow-ingestion-dag.py for tasks to queue
[2026-04-01T08:25:47.418+0000] {logging_mixin.py:188} INFO - [2026-04-01T08:25:47.418+0000] {dagbag.py:545} INFO - Filling up the DagBag from /opt/airflow/dags/redshift-airflow-ingestion-dag.py
[2026-04-01T08:25:47.465+0000] {processor.py:840} INFO - DAG(s) 's3_to_redshift_pipeline' retrieved from /opt/airflow/dags/redshift-airflow-ingestion-dag.py
[2026-04-01T08:25:47.519+0000] {logging_mixin.py:188} INFO - [2026-04-01T08:25:47.519+0000] {dag.py:3089} INFO - Sync 1 DAGs
[2026-04-01T08:25:47.570+0000] {logging_mixin.py:188} INFO - [2026-04-01T08:25:47.569+0000] {dag.py:3947} INFO - Setting next_dagrun for s3_to_redshift_pipeline to 2026-04-01 08:22:00+00:00, run_after=2026-04-01 08:24:00+00:00
[2026-04-01T08:25:47.609+0000] {processor.py:183} INFO - Processing /opt/airflow/dags/redshift-airflow-ingestion-dag.py took 0.207 seconds
[2026-04-01T08:26:17.747+0000] {processor.py:161} INFO - Started process (PID=2651) to work on /opt/airflow/dags/redshift-airflow-ingestion-dag.py
[2026-04-01T08:26:17.750+0000] {processor.py:830} INFO - Processing file /opt/airflow/dags/redshift-airflow-ingestion-dag.py for tasks to queue
[2026-04-01T08:26:17.756+0000] {logging_mixin.py:188} INFO - [2026-04-01T08:26:17.755+0000] {dagbag.py:545} INFO - Filling up the DagBag from /opt/airflow/dags/redshift-airflow-ingestion-dag.py
[2026-04-01T08:26:17.809+0000] {processor.py:840} INFO - DAG(s) 's3_to_redshift_pipeline' retrieved from /opt/airflow/dags/redshift-airflow-ingestion-dag.py
[2026-04-01T08:26:17.872+0000] {logging_mixin.py:188} INFO - [2026-04-01T08:26:17.871+0000] {dag.py:3089} INFO - Sync 1 DAGs
[2026-04-01T08:26:17.937+0000] {logging_mixin.py:188} INFO - [2026-04-01T08:26:17.936+0000] {dag.py:3947} INFO - Setting next_dagrun for s3_to_redshift_pipeline to 2026-04-01 08:24:00+00:00, run_after=2026-04-01 08:26:00+00:00
[2026-04-01T08:26:17.984+0000] {processor.py:183} INFO - Processing /opt/airflow/dags/redshift-airflow-ingestion-dag.py took 0.255 seconds
[2026-04-01T08:26:48.312+0000] {processor.py:161} INFO - Started process (PID=2676) to work on /opt/airflow/dags/redshift-airflow-ingestion-dag.py
[2026-04-01T08:26:48.314+0000] {processor.py:830} INFO - Processing file /opt/airflow/dags/redshift-airflow-ingestion-dag.py for tasks to queue
[2026-04-01T08:26:48.319+0000] {logging_mixin.py:188} INFO - [2026-04-01T08:26:48.318+0000] {dagbag.py:545} INFO - Filling up the DagBag from /opt/airflow/dags/redshift-airflow-ingestion-dag.py
[2026-04-01T08:26:48.375+0000] {processor.py:840} INFO - DAG(s) 's3_to_redshift_pipeline' retrieved from /opt/airflow/dags/redshift-airflow-ingestion-dag.py
[2026-04-01T08:26:48.432+0000] {logging_mixin.py:188} INFO - [2026-04-01T08:26:48.432+0000] {dag.py:3089} INFO - Sync 1 DAGs
[2026-04-01T08:26:48.494+0000] {logging_mixin.py:188} INFO - [2026-04-01T08:26:48.494+0000] {dag.py:3947} INFO - Setting next_dagrun for s3_to_redshift_pipeline to 2026-04-01 08:24:00+00:00, run_after=2026-04-01 08:26:00+00:00
[2026-04-01T08:26:48.540+0000] {processor.py:183} INFO - Processing /opt/airflow/dags/redshift-airflow-ingestion-dag.py took 0.242 seconds
[2026-04-01T08:27:18.940+0000] {processor.py:161} INFO - Started process (PID=2701) to work on /opt/airflow/dags/redshift-airflow-ingestion-dag.py
[2026-04-01T08:27:18.943+0000] {processor.py:830} INFO - Processing file /opt/airflow/dags/redshift-airflow-ingestion-dag.py for tasks to queue
[2026-04-01T08:27:18.949+0000] {logging_mixin.py:188} INFO - [2026-04-01T08:27:18.947+0000] {dagbag.py:545} INFO - Filling up the DagBag from /opt/airflow/dags/redshift-airflow-ingestion-dag.py
[2026-04-01T08:27:19.002+0000] {processor.py:840} INFO - DAG(s) 's3_to_redshift_pipeline' retrieved from /opt/airflow/dags/redshift-airflow-ingestion-dag.py
[2026-04-01T08:27:19.053+0000] {logging_mixin.py:188} INFO - [2026-04-01T08:27:19.052+0000] {dag.py:3089} INFO - Sync 1 DAGs
[2026-04-01T08:27:19.107+0000] {logging_mixin.py:188} INFO - [2026-04-01T08:27:19.106+0000] {dag.py:3947} INFO - Setting next_dagrun for s3_to_redshift_pipeline to 2026-04-01 08:24:00+00:00, run_after=2026-04-01 08:26:00+00:00
[2026-04-01T08:27:19.167+0000] {processor.py:183} INFO - Processing /opt/airflow/dags/redshift-airflow-ingestion-dag.py took 0.242 seconds
[2026-04-01T08:27:49.519+0000] {processor.py:161} INFO - Started process (PID=2726) to work on /opt/airflow/dags/redshift-airflow-ingestion-dag.py
[2026-04-01T08:27:49.521+0000] {processor.py:830} INFO - Processing file /opt/airflow/dags/redshift-airflow-ingestion-dag.py for tasks to queue
[2026-04-01T08:27:49.526+0000] {logging_mixin.py:188} INFO - [2026-04-01T08:27:49.525+0000] {dagbag.py:545} INFO - Filling up the DagBag from /opt/airflow/dags/redshift-airflow-ingestion-dag.py
[2026-04-01T08:27:49.579+0000] {processor.py:840} INFO - DAG(s) 's3_to_redshift_pipeline' retrieved from /opt/airflow/dags/redshift-airflow-ingestion-dag.py
[2026-04-01T08:27:49.639+0000] {logging_mixin.py:188} INFO - [2026-04-01T08:27:49.639+0000] {dag.py:3089} INFO - Sync 1 DAGs
[2026-04-01T08:27:49.707+0000] {logging_mixin.py:188} INFO - [2026-04-01T08:27:49.707+0000] {dag.py:3947} INFO - Setting next_dagrun for s3_to_redshift_pipeline to 2026-04-01 08:24:00+00:00, run_after=2026-04-01 08:26:00+00:00
[2026-04-01T08:27:49.782+0000] {processor.py:183} INFO - Processing /opt/airflow/dags/redshift-airflow-ingestion-dag.py took 0.283 seconds
[2026-04-01T08:28:20.819+0000] {processor.py:161} INFO - Started process (PID=2751) to work on /opt/airflow/dags/redshift-airflow-ingestion-dag.py
[2026-04-01T08:28:20.860+0000] {processor.py:830} INFO - Processing file /opt/airflow/dags/redshift-airflow-ingestion-dag.py for tasks to queue
[2026-04-01T08:28:20.878+0000] {logging_mixin.py:188} INFO - [2026-04-01T08:28:20.877+0000] {dagbag.py:545} INFO - Filling up the DagBag from /opt/airflow/dags/redshift-airflow-ingestion-dag.py
[2026-04-01T08:28:20.929+0000] {processor.py:840} INFO - DAG(s) 's3_to_redshift_pipeline' retrieved from /opt/airflow/dags/redshift-airflow-ingestion-dag.py
[2026-04-01T08:28:20.979+0000] {logging_mixin.py:188} INFO - [2026-04-01T08:28:20.978+0000] {dag.py:3089} INFO - Sync 1 DAGs
[2026-04-01T08:28:21.029+0000] {logging_mixin.py:188} INFO - [2026-04-01T08:28:21.029+0000] {dag.py:3947} INFO - Setting next_dagrun for s3_to_redshift_pipeline to 2026-04-01 08:26:00+00:00, run_after=2026-04-01 08:28:00+00:00
[2026-04-01T08:28:21.073+0000] {processor.py:183} INFO - Processing /opt/airflow/dags/redshift-airflow-ingestion-dag.py took 0.268 seconds
[2026-04-01T08:28:51.245+0000] {processor.py:161} INFO - Started process (PID=2776) to work on /opt/airflow/dags/redshift-airflow-ingestion-dag.py
[2026-04-01T08:28:51.247+0000] {processor.py:830} INFO - Processing file /opt/airflow/dags/redshift-airflow-ingestion-dag.py for tasks to queue
[2026-04-01T08:28:51.251+0000] {logging_mixin.py:188} INFO - [2026-04-01T08:28:51.250+0000] {dagbag.py:545} INFO - Filling up the DagBag from /opt/airflow/dags/redshift-airflow-ingestion-dag.py
[2026-04-01T08:28:51.309+0000] {processor.py:840} INFO - DAG(s) 's3_to_redshift_pipeline' retrieved from /opt/airflow/dags/redshift-airflow-ingestion-dag.py
[2026-04-01T08:28:51.361+0000] {logging_mixin.py:188} INFO - [2026-04-01T08:28:51.360+0000] {dag.py:3089} INFO - Sync 1 DAGs
[2026-04-01T08:28:51.412+0000] {logging_mixin.py:188} INFO - [2026-04-01T08:28:51.411+0000] {dag.py:3947} INFO - Setting next_dagrun for s3_to_redshift_pipeline to 2026-04-01 08:26:00+00:00, run_after=2026-04-01 08:28:00+00:00
[2026-04-01T08:28:51.451+0000] {processor.py:183} INFO - Processing /opt/airflow/dags/redshift-airflow-ingestion-dag.py took 0.217 seconds
[2026-04-01T08:29:21.761+0000] {processor.py:161} INFO - Started process (PID=2801) to work on /opt/airflow/dags/redshift-airflow-ingestion-dag.py
[2026-04-01T08:29:21.763+0000] {processor.py:830} INFO - Processing file /opt/airflow/dags/redshift-airflow-ingestion-dag.py for tasks to queue
[2026-04-01T08:29:21.768+0000] {logging_mixin.py:188} INFO - [2026-04-01T08:29:21.767+0000] {dagbag.py:545} INFO - Filling up the DagBag from /opt/airflow/dags/redshift-airflow-ingestion-dag.py
[2026-04-01T08:29:21.816+0000] {processor.py:840} INFO - DAG(s) 's3_to_redshift_pipeline' retrieved from /opt/airflow/dags/redshift-airflow-ingestion-dag.py
[2026-04-01T08:29:21.863+0000] {logging_mixin.py:188} INFO - [2026-04-01T08:29:21.863+0000] {dag.py:3089} INFO - Sync 1 DAGs
[2026-04-01T08:29:21.912+0000] {logging_mixin.py:188} INFO - [2026-04-01T08:29:21.912+0000] {dag.py:3947} INFO - Setting next_dagrun for s3_to_redshift_pipeline to 2026-04-01 08:26:00+00:00, run_after=2026-04-01 08:28:00+00:00
[2026-04-01T08:29:21.953+0000] {processor.py:183} INFO - Processing /opt/airflow/dags/redshift-airflow-ingestion-dag.py took 0.203 seconds
[2026-04-01T08:29:52.246+0000] {processor.py:161} INFO - Started process (PID=2826) to work on /opt/airflow/dags/redshift-airflow-ingestion-dag.py
[2026-04-01T08:29:52.249+0000] {processor.py:830} INFO - Processing file /opt/airflow/dags/redshift-airflow-ingestion-dag.py for tasks to queue
[2026-04-01T08:29:52.253+0000] {logging_mixin.py:188} INFO - [2026-04-01T08:29:52.252+0000] {dagbag.py:545} INFO - Filling up the DagBag from /opt/airflow/dags/redshift-airflow-ingestion-dag.py
[2026-04-01T08:29:52.295+0000] {processor.py:840} INFO - DAG(s) 's3_to_redshift_pipeline' retrieved from /opt/airflow/dags/redshift-airflow-ingestion-dag.py
[2026-04-01T08:29:52.353+0000] {logging_mixin.py:188} INFO - [2026-04-01T08:29:52.352+0000] {dag.py:3089} INFO - Sync 1 DAGs
[2026-04-01T08:29:52.410+0000] {logging_mixin.py:188} INFO - [2026-04-01T08:29:52.409+0000] {dag.py:3947} INFO - Setting next_dagrun for s3_to_redshift_pipeline to 2026-04-01 08:26:00+00:00, run_after=2026-04-01 08:28:00+00:00
[2026-04-01T08:29:52.464+0000] {processor.py:183} INFO - Processing /opt/airflow/dags/redshift-airflow-ingestion-dag.py took 0.232 seconds
[2026-04-01T08:30:23.629+0000] {processor.py:161} INFO - Started process (PID=2851) to work on /opt/airflow/dags/redshift-airflow-ingestion-dag.py
[2026-04-01T08:30:23.631+0000] {processor.py:830} INFO - Processing file /opt/airflow/dags/redshift-airflow-ingestion-dag.py for tasks to queue
[2026-04-01T08:30:23.635+0000] {logging_mixin.py:188} INFO - [2026-04-01T08:30:23.634+0000] {dagbag.py:545} INFO - Filling up the DagBag from /opt/airflow/dags/redshift-airflow-ingestion-dag.py
[2026-04-01T08:30:23.686+0000] {processor.py:840} INFO - DAG(s) 's3_to_redshift_pipeline' retrieved from /opt/airflow/dags/redshift-airflow-ingestion-dag.py
[2026-04-01T08:30:23.737+0000] {logging_mixin.py:188} INFO - [2026-04-01T08:30:23.736+0000] {dag.py:3089} INFO - Sync 1 DAGs
[2026-04-01T08:30:23.788+0000] {logging_mixin.py:188} INFO - [2026-04-01T08:30:23.788+0000] {dag.py:3947} INFO - Setting next_dagrun for s3_to_redshift_pipeline to 2026-04-01 08:28:00+00:00, run_after=2026-04-01 08:30:00+00:00
[2026-04-01T08:30:23.841+0000] {processor.py:183} INFO - Processing /opt/airflow/dags/redshift-airflow-ingestion-dag.py took 0.225 seconds
[2026-04-01T08:30:54.270+0000] {processor.py:161} INFO - Started process (PID=2876) to work on /opt/airflow/dags/redshift-airflow-ingestion-dag.py
[2026-04-01T08:30:54.272+0000] {processor.py:830} INFO - Processing file /opt/airflow/dags/redshift-airflow-ingestion-dag.py for tasks to queue
[2026-04-01T08:30:54.277+0000] {logging_mixin.py:188} INFO - [2026-04-01T08:30:54.276+0000] {dagbag.py:545} INFO - Filling up the DagBag from /opt/airflow/dags/redshift-airflow-ingestion-dag.py
[2026-04-01T08:30:54.328+0000] {processor.py:840} INFO - DAG(s) 's3_to_redshift_pipeline' retrieved from /opt/airflow/dags/redshift-airflow-ingestion-dag.py
[2026-04-01T08:30:54.376+0000] {logging_mixin.py:188} INFO - [2026-04-01T08:30:54.376+0000] {dag.py:3089} INFO - Sync 1 DAGs
[2026-04-01T08:30:54.428+0000] {logging_mixin.py:188} INFO - [2026-04-01T08:30:54.427+0000] {dag.py:3947} INFO - Setting next_dagrun for s3_to_redshift_pipeline to 2026-04-01 08:28:00+00:00, run_after=2026-04-01 08:30:00+00:00
[2026-04-01T08:30:54.464+0000] {processor.py:183} INFO - Processing /opt/airflow/dags/redshift-airflow-ingestion-dag.py took 0.208 seconds
[2026-04-01T08:31:24.610+0000] {processor.py:161} INFO - Started process (PID=2901) to work on /opt/airflow/dags/redshift-airflow-ingestion-dag.py
[2026-04-01T08:31:24.611+0000] {processor.py:830} INFO - Processing file /opt/airflow/dags/redshift-airflow-ingestion-dag.py for tasks to queue
[2026-04-01T08:31:24.615+0000] {logging_mixin.py:188} INFO - [2026-04-01T08:31:24.615+0000] {dagbag.py:545} INFO - Filling up the DagBag from /opt/airflow/dags/redshift-airflow-ingestion-dag.py
[2026-04-01T08:31:24.665+0000] {processor.py:840} INFO - DAG(s) 's3_to_redshift_pipeline' retrieved from /opt/airflow/dags/redshift-airflow-ingestion-dag.py
[2026-04-01T08:31:24.718+0000] {logging_mixin.py:188} INFO - [2026-04-01T08:31:24.717+0000] {dag.py:3089} INFO - Sync 1 DAGs
[2026-04-01T08:31:24.765+0000] {logging_mixin.py:188} INFO - [2026-04-01T08:31:24.765+0000] {dag.py:3947} INFO - Setting next_dagrun for s3_to_redshift_pipeline to 2026-04-01 08:28:00+00:00, run_after=2026-04-01 08:30:00+00:00
[2026-04-01T08:31:24.809+0000] {processor.py:183} INFO - Processing /opt/airflow/dags/redshift-airflow-ingestion-dag.py took 0.210 seconds
[2026-04-01T08:31:55.149+0000] {processor.py:161} INFO - Started process (PID=2926) to work on /opt/airflow/dags/redshift-airflow-ingestion-dag.py
[2026-04-01T08:31:55.151+0000] {processor.py:830} INFO - Processing file /opt/airflow/dags/redshift-airflow-ingestion-dag.py for tasks to queue
[2026-04-01T08:31:55.157+0000] {logging_mixin.py:188} INFO - [2026-04-01T08:31:55.156+0000] {dagbag.py:545} INFO - Filling up the DagBag from /opt/airflow/dags/redshift-airflow-ingestion-dag.py
[2026-04-01T08:31:55.207+0000] {processor.py:840} INFO - DAG(s) 's3_to_redshift_pipeline' retrieved from /opt/airflow/dags/redshift-airflow-ingestion-dag.py
[2026-04-01T08:31:55.255+0000] {logging_mixin.py:188} INFO - [2026-04-01T08:31:55.255+0000] {dag.py:3089} INFO - Sync 1 DAGs
[2026-04-01T08:31:55.308+0000] {logging_mixin.py:188} INFO - [2026-04-01T08:31:55.307+0000] {dag.py:3947} INFO - Setting next_dagrun for s3_to_redshift_pipeline to 2026-04-01 08:28:00+00:00, run_after=2026-04-01 08:30:00+00:00
[2026-04-01T08:31:55.361+0000] {processor.py:183} INFO - Processing /opt/airflow/dags/redshift-airflow-ingestion-dag.py took 0.226 seconds
[2026-04-01T08:32:25.577+0000] {processor.py:161} INFO - Started process (PID=2951) to work on /opt/airflow/dags/redshift-airflow-ingestion-dag.py
[2026-04-01T08:32:25.579+0000] {processor.py:830} INFO - Processing file /opt/airflow/dags/redshift-airflow-ingestion-dag.py for tasks to queue
[2026-04-01T08:32:25.584+0000] {logging_mixin.py:188} INFO - [2026-04-01T08:32:25.583+0000] {dagbag.py:545} INFO - Filling up the DagBag from /opt/airflow/dags/redshift-airflow-ingestion-dag.py
[2026-04-01T08:32:25.632+0000] {processor.py:840} INFO - DAG(s) 's3_to_redshift_pipeline' retrieved from /opt/airflow/dags/redshift-airflow-ingestion-dag.py
[2026-04-01T08:32:25.681+0000] {logging_mixin.py:188} INFO - [2026-04-01T08:32:25.680+0000] {dag.py:3089} INFO - Sync 1 DAGs
[2026-04-01T08:32:25.728+0000] {logging_mixin.py:188} INFO - [2026-04-01T08:32:25.728+0000] {dag.py:3947} INFO - Setting next_dagrun for s3_to_redshift_pipeline to 2026-04-01 08:30:00+00:00, run_after=2026-04-01 08:32:00+00:00
[2026-04-01T08:32:25.781+0000] {processor.py:183} INFO - Processing /opt/airflow/dags/redshift-airflow-ingestion-dag.py took 0.217 seconds
[2026-04-01T08:32:56.006+0000] {processor.py:161} INFO - Started process (PID=2976) to work on /opt/airflow/dags/redshift-airflow-ingestion-dag.py
[2026-04-01T08:32:56.009+0000] {processor.py:830} INFO - Processing file /opt/airflow/dags/redshift-airflow-ingestion-dag.py for tasks to queue
[2026-04-01T08:32:56.013+0000] {logging_mixin.py:188} INFO - [2026-04-01T08:32:56.012+0000] {dagbag.py:545} INFO - Filling up the DagBag from /opt/airflow/dags/redshift-airflow-ingestion-dag.py
[2026-04-01T08:32:56.061+0000] {processor.py:840} INFO - DAG(s) 's3_to_redshift_pipeline' retrieved from /opt/airflow/dags/redshift-airflow-ingestion-dag.py
[2026-04-01T08:32:56.110+0000] {logging_mixin.py:188} INFO - [2026-04-01T08:32:56.109+0000] {dag.py:3089} INFO - Sync 1 DAGs
[2026-04-01T08:32:56.160+0000] {logging_mixin.py:188} INFO - [2026-04-01T08:32:56.160+0000] {dag.py:3947} INFO - Setting next_dagrun for s3_to_redshift_pipeline to 2026-04-01 08:30:00+00:00, run_after=2026-04-01 08:32:00+00:00
[2026-04-01T08:32:56.199+0000] {processor.py:183} INFO - Processing /opt/airflow/dags/redshift-airflow-ingestion-dag.py took 0.206 seconds
[2026-04-01T08:33:26.634+0000] {processor.py:161} INFO - Started process (PID=3003) to work on /opt/airflow/dags/redshift-airflow-ingestion-dag.py
[2026-04-01T08:33:26.636+0000] {processor.py:830} INFO - Processing file /opt/airflow/dags/redshift-airflow-ingestion-dag.py for tasks to queue
[2026-04-01T08:33:26.641+0000] {logging_mixin.py:188} INFO - [2026-04-01T08:33:26.640+0000] {dagbag.py:545} INFO - Filling up the DagBag from /opt/airflow/dags/redshift-airflow-ingestion-dag.py
[2026-04-01T08:33:26.710+0000] {processor.py:840} INFO - DAG(s) 's3_to_redshift_pipeline' retrieved from /opt/airflow/dags/redshift-airflow-ingestion-dag.py
[2026-04-01T08:33:26.772+0000] {logging_mixin.py:188} INFO - [2026-04-01T08:33:26.772+0000] {dag.py:3089} INFO - Sync 1 DAGs
[2026-04-01T08:33:26.810+0000] {logging_mixin.py:188} INFO - [2026-04-01T08:33:26.809+0000] {dag.py:3947} INFO - Setting next_dagrun for s3_to_redshift_pipeline to 2026-04-01 08:30:00+00:00, run_after=2026-04-01 08:32:00+00:00
[2026-04-01T08:33:26.852+0000] {processor.py:183} INFO - Processing /opt/airflow/dags/redshift-airflow-ingestion-dag.py took 0.234 seconds
[2026-04-01T08:33:57.276+0000] {processor.py:161} INFO - Started process (PID=3026) to work on /opt/airflow/dags/redshift-airflow-ingestion-dag.py
[2026-04-01T08:33:57.279+0000] {processor.py:830} INFO - Processing file /opt/airflow/dags/redshift-airflow-ingestion-dag.py for tasks to queue
[2026-04-01T08:33:57.282+0000] {logging_mixin.py:188} INFO - [2026-04-01T08:33:57.282+0000] {dagbag.py:545} INFO - Filling up the DagBag from /opt/airflow/dags/redshift-airflow-ingestion-dag.py
[2026-04-01T08:33:57.336+0000] {processor.py:840} INFO - DAG(s) 's3_to_redshift_pipeline' retrieved from /opt/airflow/dags/redshift-airflow-ingestion-dag.py
[2026-04-01T08:33:57.398+0000] {logging_mixin.py:188} INFO - [2026-04-01T08:33:57.398+0000] {dag.py:3089} INFO - Sync 1 DAGs
[2026-04-01T08:33:57.447+0000] {logging_mixin.py:188} INFO - [2026-04-01T08:33:57.446+0000] {dag.py:3947} INFO - Setting next_dagrun for s3_to_redshift_pipeline to 2026-04-01 08:30:00+00:00, run_after=2026-04-01 08:32:00+00:00
[2026-04-01T08:33:57.490+0000] {processor.py:183} INFO - Processing /opt/airflow/dags/redshift-airflow-ingestion-dag.py took 0.224 seconds
[2026-04-01T08:34:27.641+0000] {processor.py:161} INFO - Started process (PID=3051) to work on /opt/airflow/dags/redshift-airflow-ingestion-dag.py
[2026-04-01T08:34:27.644+0000] {processor.py:830} INFO - Processing file /opt/airflow/dags/redshift-airflow-ingestion-dag.py for tasks to queue
[2026-04-01T08:34:27.649+0000] {logging_mixin.py:188} INFO - [2026-04-01T08:34:27.648+0000] {dagbag.py:545} INFO - Filling up the DagBag from /opt/airflow/dags/redshift-airflow-ingestion-dag.py
[2026-04-01T08:34:27.706+0000] {processor.py:840} INFO - DAG(s) 's3_to_redshift_pipeline' retrieved from /opt/airflow/dags/redshift-airflow-ingestion-dag.py
[2026-04-01T08:34:27.762+0000] {logging_mixin.py:188} INFO - [2026-04-01T08:34:27.761+0000] {dag.py:3089} INFO - Sync 1 DAGs
[2026-04-01T08:34:27.811+0000] {logging_mixin.py:188} INFO - [2026-04-01T08:34:27.811+0000] {dag.py:3947} INFO - Setting next_dagrun for s3_to_redshift_pipeline to 2026-04-01 08:32:00+00:00, run_after=2026-04-01 08:34:00+00:00
[2026-04-01T08:34:27.850+0000] {processor.py:183} INFO - Processing /opt/airflow/dags/redshift-airflow-ingestion-dag.py took 0.222 seconds
[2026-04-01T08:34:58.036+0000] {processor.py:161} INFO - Started process (PID=3076) to work on /opt/airflow/dags/redshift-airflow-ingestion-dag.py
[2026-04-01T08:34:58.039+0000] {processor.py:830} INFO - Processing file /opt/airflow/dags/redshift-airflow-ingestion-dag.py for tasks to queue
[2026-04-01T08:34:58.043+0000] {logging_mixin.py:188} INFO - [2026-04-01T08:34:58.043+0000] {dagbag.py:545} INFO - Filling up the DagBag from /opt/airflow/dags/redshift-airflow-ingestion-dag.py
[2026-04-01T08:34:58.094+0000] {processor.py:840} INFO - DAG(s) 's3_to_redshift_pipeline' retrieved from /opt/airflow/dags/redshift-airflow-ingestion-dag.py
[2026-04-01T08:34:58.147+0000] {logging_mixin.py:188} INFO - [2026-04-01T08:34:58.147+0000] {dag.py:3089} INFO - Sync 1 DAGs
[2026-04-01T08:34:58.198+0000] {logging_mixin.py:188} INFO - [2026-04-01T08:34:58.198+0000] {dag.py:3947} INFO - Setting next_dagrun for s3_to_redshift_pipeline to 2026-04-01 08:32:00+00:00, run_after=2026-04-01 08:34:00+00:00
[2026-04-01T08:34:58.238+0000] {processor.py:183} INFO - Processing /opt/airflow/dags/redshift-airflow-ingestion-dag.py took 0.216 seconds
[2026-04-01T08:35:28.535+0000] {processor.py:161} INFO - Started process (PID=3101) to work on /opt/airflow/dags/redshift-airflow-ingestion-dag.py
[2026-04-01T08:35:28.538+0000] {processor.py:830} INFO - Processing file /opt/airflow/dags/redshift-airflow-ingestion-dag.py for tasks to queue
[2026-04-01T08:35:28.541+0000] {logging_mixin.py:188} INFO - [2026-04-01T08:35:28.541+0000] {dagbag.py:545} INFO - Filling up the DagBag from /opt/airflow/dags/redshift-airflow-ingestion-dag.py
[2026-04-01T08:35:28.589+0000] {processor.py:840} INFO - DAG(s) 's3_to_redshift_pipeline' retrieved from /opt/airflow/dags/redshift-airflow-ingestion-dag.py
[2026-04-01T08:35:28.636+0000] {logging_mixin.py:188} INFO - [2026-04-01T08:35:28.635+0000] {dag.py:3089} INFO - Sync 1 DAGs
[2026-04-01T08:35:28.688+0000] {logging_mixin.py:188} INFO - [2026-04-01T08:35:28.688+0000] {dag.py:3947} INFO - Setting next_dagrun for s3_to_redshift_pipeline to 2026-04-01 08:32:00+00:00, run_after=2026-04-01 08:34:00+00:00
[2026-04-01T08:35:28.727+0000] {processor.py:183} INFO - Processing /opt/airflow/dags/redshift-airflow-ingestion-dag.py took 0.203 seconds
[2026-04-01T08:35:59.099+0000] {processor.py:161} INFO - Started process (PID=3126) to work on /opt/airflow/dags/redshift-airflow-ingestion-dag.py
[2026-04-01T08:35:59.104+0000] {processor.py:830} INFO - Processing file /opt/airflow/dags/redshift-airflow-ingestion-dag.py for tasks to queue
[2026-04-01T08:35:59.115+0000] {logging_mixin.py:188} INFO - [2026-04-01T08:35:59.112+0000] {dagbag.py:545} INFO - Filling up the DagBag from /opt/airflow/dags/redshift-airflow-ingestion-dag.py
[2026-04-01T08:35:59.227+0000] {processor.py:840} INFO - DAG(s) 's3_to_redshift_pipeline' retrieved from /opt/airflow/dags/redshift-airflow-ingestion-dag.py
[2026-04-01T08:35:59.278+0000] {logging_mixin.py:188} INFO - [2026-04-01T08:35:59.278+0000] {dag.py:3089} INFO - Sync 1 DAGs
[2026-04-01T08:35:59.325+0000] {logging_mixin.py:188} INFO - [2026-04-01T08:35:59.324+0000] {dag.py:3947} INFO - Setting next_dagrun for s3_to_redshift_pipeline to 2026-04-01 08:32:00+00:00, run_after=2026-04-01 08:34:00+00:00
[2026-04-01T08:35:59.370+0000] {processor.py:183} INFO - Processing /opt/airflow/dags/redshift-airflow-ingestion-dag.py took 0.300 seconds
[2026-04-01T08:36:29.510+0000] {processor.py:161} INFO - Started process (PID=3151) to work on /opt/airflow/dags/redshift-airflow-ingestion-dag.py
[2026-04-01T08:36:29.512+0000] {processor.py:830} INFO - Processing file /opt/airflow/dags/redshift-airflow-ingestion-dag.py for tasks to queue
[2026-04-01T08:36:29.517+0000] {logging_mixin.py:188} INFO - [2026-04-01T08:36:29.516+0000] {dagbag.py:545} INFO - Filling up the DagBag from /opt/airflow/dags/redshift-airflow-ingestion-dag.py
[2026-04-01T08:36:29.572+0000] {processor.py:840} INFO - DAG(s) 's3_to_redshift_pipeline' retrieved from /opt/airflow/dags/redshift-airflow-ingestion-dag.py
[2026-04-01T08:36:29.627+0000] {logging_mixin.py:188} INFO - [2026-04-01T08:36:29.626+0000] {dag.py:3089} INFO - Sync 1 DAGs
[2026-04-01T08:36:29.679+0000] {logging_mixin.py:188} INFO - [2026-04-01T08:36:29.678+0000] {dag.py:3947} INFO - Setting next_dagrun for s3_to_redshift_pipeline to 2026-04-01 08:34:00+00:00, run_after=2026-04-01 08:36:00+00:00
[2026-04-01T08:36:29.723+0000] {processor.py:183} INFO - Processing /opt/airflow/dags/redshift-airflow-ingestion-dag.py took 0.227 seconds
[2026-04-01T08:36:59.839+0000] {processor.py:161} INFO - Started process (PID=3176) to work on /opt/airflow/dags/redshift-airflow-ingestion-dag.py
[2026-04-01T08:36:59.841+0000] {processor.py:830} INFO - Processing file /opt/airflow/dags/redshift-airflow-ingestion-dag.py for tasks to queue
[2026-04-01T08:36:59.845+0000] {logging_mixin.py:188} INFO - [2026-04-01T08:36:59.844+0000] {dagbag.py:545} INFO - Filling up the DagBag from /opt/airflow/dags/redshift-airflow-ingestion-dag.py
[2026-04-01T08:36:59.896+0000] {processor.py:840} INFO - DAG(s) 's3_to_redshift_pipeline' retrieved from /opt/airflow/dags/redshift-airflow-ingestion-dag.py
[2026-04-01T08:36:59.946+0000] {logging_mixin.py:188} INFO - [2026-04-01T08:36:59.945+0000] {dag.py:3089} INFO - Sync 1 DAGs
[2026-04-01T08:37:00.019+0000] {logging_mixin.py:188} INFO - [2026-04-01T08:37:00.017+0000] {dag.py:3947} INFO - Setting next_dagrun for s3_to_redshift_pipeline to 2026-04-01 08:34:00+00:00, run_after=2026-04-01 08:36:00+00:00
[2026-04-01T08:37:00.074+0000] {processor.py:183} INFO - Processing /opt/airflow/dags/redshift-airflow-ingestion-dag.py took 0.248 seconds
[2026-04-01T08:37:30.404+0000] {processor.py:161} INFO - Started process (PID=3201) to work on /opt/airflow/dags/redshift-airflow-ingestion-dag.py
[2026-04-01T08:37:30.407+0000] {processor.py:830} INFO - Processing file /opt/airflow/dags/redshift-airflow-ingestion-dag.py for tasks to queue
[2026-04-01T08:37:30.411+0000] {logging_mixin.py:188} INFO - [2026-04-01T08:37:30.410+0000] {dagbag.py:545} INFO - Filling up the DagBag from /opt/airflow/dags/redshift-airflow-ingestion-dag.py
[2026-04-01T08:37:30.461+0000] {processor.py:840} INFO - DAG(s) 's3_to_redshift_pipeline' retrieved from /opt/airflow/dags/redshift-airflow-ingestion-dag.py
[2026-04-01T08:37:30.510+0000] {logging_mixin.py:188} INFO - [2026-04-01T08:37:30.509+0000] {dag.py:3089} INFO - Sync 1 DAGs
[2026-04-01T08:37:30.564+0000] {logging_mixin.py:188} INFO - [2026-04-01T08:37:30.564+0000] {dag.py:3947} INFO - Setting next_dagrun for s3_to_redshift_pipeline to 2026-04-01 08:34:00+00:00, run_after=2026-04-01 08:36:00+00:00
[2026-04-01T08:37:30.605+0000] {processor.py:183} INFO - Processing /opt/airflow/dags/redshift-airflow-ingestion-dag.py took 0.213 seconds
[2026-04-01T08:38:00.946+0000] {processor.py:161} INFO - Started process (PID=3226) to work on /opt/airflow/dags/redshift-airflow-ingestion-dag.py
[2026-04-01T08:38:00.949+0000] {processor.py:830} INFO - Processing file /opt/airflow/dags/redshift-airflow-ingestion-dag.py for tasks to queue
[2026-04-01T08:38:00.955+0000] {logging_mixin.py:188} INFO - [2026-04-01T08:38:00.954+0000] {dagbag.py:545} INFO - Filling up the DagBag from /opt/airflow/dags/redshift-airflow-ingestion-dag.py
[2026-04-01T08:38:01.009+0000] {processor.py:840} INFO - DAG(s) 's3_to_redshift_pipeline' retrieved from /opt/airflow/dags/redshift-airflow-ingestion-dag.py
[2026-04-01T08:38:01.069+0000] {logging_mixin.py:188} INFO - [2026-04-01T08:38:01.068+0000] {dag.py:3089} INFO - Sync 1 DAGs
[2026-04-01T08:38:01.134+0000] {logging_mixin.py:188} INFO - [2026-04-01T08:38:01.133+0000] {dag.py:3947} INFO - Setting next_dagrun for s3_to_redshift_pipeline to 2026-04-01 08:36:00+00:00, run_after=2026-04-01 08:38:00+00:00
[2026-04-01T08:38:01.201+0000] {processor.py:183} INFO - Processing /opt/airflow/dags/redshift-airflow-ingestion-dag.py took 0.272 seconds
[2026-04-01T08:38:31.374+0000] {processor.py:161} INFO - Started process (PID=3251) to work on /opt/airflow/dags/redshift-airflow-ingestion-dag.py
[2026-04-01T08:38:31.377+0000] {processor.py:830} INFO - Processing file /opt/airflow/dags/redshift-airflow-ingestion-dag.py for tasks to queue
[2026-04-01T08:38:31.380+0000] {logging_mixin.py:188} INFO - [2026-04-01T08:38:31.380+0000] {dagbag.py:545} INFO - Filling up the DagBag from /opt/airflow/dags/redshift-airflow-ingestion-dag.py
[2026-04-01T08:38:31.426+0000] {processor.py:840} INFO - DAG(s) 's3_to_redshift_pipeline' retrieved from /opt/airflow/dags/redshift-airflow-ingestion-dag.py
[2026-04-01T08:38:31.471+0000] {logging_mixin.py:188} INFO - [2026-04-01T08:38:31.470+0000] {dag.py:3089} INFO - Sync 1 DAGs
[2026-04-01T08:38:31.522+0000] {logging_mixin.py:188} INFO - [2026-04-01T08:38:31.522+0000] {dag.py:3947} INFO - Setting next_dagrun for s3_to_redshift_pipeline to 2026-04-01 08:36:00+00:00, run_after=2026-04-01 08:38:00+00:00
[2026-04-01T08:38:31.564+0000] {processor.py:183} INFO - Processing /opt/airflow/dags/redshift-airflow-ingestion-dag.py took 0.201 seconds
[2026-04-01T08:39:01.774+0000] {processor.py:161} INFO - Started process (PID=3276) to work on /opt/airflow/dags/redshift-airflow-ingestion-dag.py
[2026-04-01T08:39:01.776+0000] {processor.py:830} INFO - Processing file /opt/airflow/dags/redshift-airflow-ingestion-dag.py for tasks to queue
[2026-04-01T08:39:01.779+0000] {logging_mixin.py:188} INFO - [2026-04-01T08:39:01.779+0000] {dagbag.py:545} INFO - Filling up the DagBag from /opt/airflow/dags/redshift-airflow-ingestion-dag.py
[2026-04-01T08:39:01.826+0000] {processor.py:840} INFO - DAG(s) 's3_to_redshift_pipeline' retrieved from /opt/airflow/dags/redshift-airflow-ingestion-dag.py
[2026-04-01T08:39:01.878+0000] {logging_mixin.py:188} INFO - [2026-04-01T08:39:01.878+0000] {dag.py:3089} INFO - Sync 1 DAGs
[2026-04-01T08:39:01.925+0000] {logging_mixin.py:188} INFO - [2026-04-01T08:39:01.924+0000] {dag.py:3947} INFO - Setting next_dagrun for s3_to_redshift_pipeline to 2026-04-01 08:36:00+00:00, run_after=2026-04-01 08:38:00+00:00
[2026-04-01T08:39:01.978+0000] {processor.py:183} INFO - Processing /opt/airflow/dags/redshift-airflow-ingestion-dag.py took 0.217 seconds
[2026-04-01T08:39:32.234+0000] {processor.py:161} INFO - Started process (PID=3301) to work on /opt/airflow/dags/redshift-airflow-ingestion-dag.py
[2026-04-01T08:39:32.236+0000] {processor.py:830} INFO - Processing file /opt/airflow/dags/redshift-airflow-ingestion-dag.py for tasks to queue
[2026-04-01T08:39:32.240+0000] {logging_mixin.py:188} INFO - [2026-04-01T08:39:32.239+0000] {dagbag.py:545} INFO - Filling up the DagBag from /opt/airflow/dags/redshift-airflow-ingestion-dag.py
[2026-04-01T08:39:32.293+0000] {processor.py:840} INFO - DAG(s) 's3_to_redshift_pipeline' retrieved from /opt/airflow/dags/redshift-airflow-ingestion-dag.py
[2026-04-01T08:39:32.339+0000] {logging_mixin.py:188} INFO - [2026-04-01T08:39:32.339+0000] {dag.py:3089} INFO - Sync 1 DAGs
[2026-04-01T08:39:32.392+0000] {logging_mixin.py:188} INFO - [2026-04-01T08:39:32.392+0000] {dag.py:3947} INFO - Setting next_dagrun for s3_to_redshift_pipeline to 2026-04-01 08:36:00+00:00, run_after=2026-04-01 08:38:00+00:00
[2026-04-01T08:39:32.441+0000] {processor.py:183} INFO - Processing /opt/airflow/dags/redshift-airflow-ingestion-dag.py took 0.218 seconds
[2026-04-01T08:40:02.603+0000] {processor.py:161} INFO - Started process (PID=3326) to work on /opt/airflow/dags/redshift-airflow-ingestion-dag.py
[2026-04-01T08:40:02.606+0000] {processor.py:830} INFO - Processing file /opt/airflow/dags/redshift-airflow-ingestion-dag.py for tasks to queue
[2026-04-01T08:40:02.611+0000] {logging_mixin.py:188} INFO - [2026-04-01T08:40:02.610+0000] {dagbag.py:545} INFO - Filling up the DagBag from /opt/airflow/dags/redshift-airflow-ingestion-dag.py
[2026-04-01T08:40:02.669+0000] {processor.py:840} INFO - DAG(s) 's3_to_redshift_pipeline' retrieved from /opt/airflow/dags/redshift-airflow-ingestion-dag.py
[2026-04-01T08:40:02.745+0000] {logging_mixin.py:188} INFO - [2026-04-01T08:40:02.744+0000] {dag.py:3089} INFO - Sync 1 DAGs
[2026-04-01T08:40:02.801+0000] {logging_mixin.py:188} INFO - [2026-04-01T08:40:02.800+0000] {dag.py:3947} INFO - Setting next_dagrun for s3_to_redshift_pipeline to 2026-04-01 08:38:00+00:00, run_after=2026-04-01 08:40:00+00:00
[2026-04-01T08:40:02.857+0000] {processor.py:183} INFO - Processing /opt/airflow/dags/redshift-airflow-ingestion-dag.py took 0.276 seconds
[2026-04-01T08:40:33.104+0000] {processor.py:161} INFO - Started process (PID=3351) to work on /opt/airflow/dags/redshift-airflow-ingestion-dag.py
[2026-04-01T08:40:33.106+0000] {processor.py:830} INFO - Processing file /opt/airflow/dags/redshift-airflow-ingestion-dag.py for tasks to queue
[2026-04-01T08:40:33.110+0000] {logging_mixin.py:188} INFO - [2026-04-01T08:40:33.109+0000] {dagbag.py:545} INFO - Filling up the DagBag from /opt/airflow/dags/redshift-airflow-ingestion-dag.py
[2026-04-01T08:40:33.157+0000] {processor.py:840} INFO - DAG(s) 's3_to_redshift_pipeline' retrieved from /opt/airflow/dags/redshift-airflow-ingestion-dag.py
[2026-04-01T08:40:33.199+0000] {logging_mixin.py:188} INFO - [2026-04-01T08:40:33.198+0000] {dag.py:3089} INFO - Sync 1 DAGs
[2026-04-01T08:40:33.247+0000] {logging_mixin.py:188} INFO - [2026-04-01T08:40:33.246+0000] {dag.py:3947} INFO - Setting next_dagrun for s3_to_redshift_pipeline to 2026-04-01 08:38:00+00:00, run_after=2026-04-01 08:40:00+00:00
[2026-04-01T08:40:33.311+0000] {processor.py:183} INFO - Processing /opt/airflow/dags/redshift-airflow-ingestion-dag.py took 0.219 seconds
[2026-04-01T08:41:03.796+0000] {processor.py:161} INFO - Started process (PID=3376) to work on /opt/airflow/dags/redshift-airflow-ingestion-dag.py
[2026-04-01T08:41:03.798+0000] {processor.py:830} INFO - Processing file /opt/airflow/dags/redshift-airflow-ingestion-dag.py for tasks to queue
[2026-04-01T08:41:03.802+0000] {logging_mixin.py:188} INFO - [2026-04-01T08:41:03.801+0000] {dagbag.py:545} INFO - Filling up the DagBag from /opt/airflow/dags/redshift-airflow-ingestion-dag.py
[2026-04-01T08:41:03.846+0000] {processor.py:840} INFO - DAG(s) 's3_to_redshift_pipeline' retrieved from /opt/airflow/dags/redshift-airflow-ingestion-dag.py
[2026-04-01T08:41:03.894+0000] {logging_mixin.py:188} INFO - [2026-04-01T08:41:03.894+0000] {dag.py:3089} INFO - Sync 1 DAGs
[2026-04-01T08:41:03.946+0000] {logging_mixin.py:188} INFO - [2026-04-01T08:41:03.945+0000] {dag.py:3947} INFO - Setting next_dagrun for s3_to_redshift_pipeline to 2026-04-01 08:38:00+00:00, run_after=2026-04-01 08:40:00+00:00
[2026-04-01T08:41:03.985+0000] {processor.py:183} INFO - Processing /opt/airflow/dags/redshift-airflow-ingestion-dag.py took 0.203 seconds
[2026-04-01T08:41:34.277+0000] {processor.py:161} INFO - Started process (PID=3401) to work on /opt/airflow/dags/redshift-airflow-ingestion-dag.py
[2026-04-01T08:41:34.279+0000] {processor.py:830} INFO - Processing file /opt/airflow/dags/redshift-airflow-ingestion-dag.py for tasks to queue
[2026-04-01T08:41:34.283+0000] {logging_mixin.py:188} INFO - [2026-04-01T08:41:34.283+0000] {dagbag.py:545} INFO - Filling up the DagBag from /opt/airflow/dags/redshift-airflow-ingestion-dag.py
[2026-04-01T08:41:34.333+0000] {processor.py:840} INFO - DAG(s) 's3_to_redshift_pipeline' retrieved from /opt/airflow/dags/redshift-airflow-ingestion-dag.py
[2026-04-01T08:41:34.383+0000] {logging_mixin.py:188} INFO - [2026-04-01T08:41:34.382+0000] {dag.py:3089} INFO - Sync 1 DAGs
[2026-04-01T08:41:34.440+0000] {logging_mixin.py:188} INFO - [2026-04-01T08:41:34.440+0000] {dag.py:3947} INFO - Setting next_dagrun for s3_to_redshift_pipeline to 2026-04-01 08:38:00+00:00, run_after=2026-04-01 08:40:00+00:00
[2026-04-01T08:41:34.481+0000] {processor.py:183} INFO - Processing /opt/airflow/dags/redshift-airflow-ingestion-dag.py took 0.216 seconds
[2026-04-01T08:42:04.789+0000] {processor.py:161} INFO - Started process (PID=3426) to work on /opt/airflow/dags/redshift-airflow-ingestion-dag.py
[2026-04-01T08:42:04.792+0000] {processor.py:830} INFO - Processing file /opt/airflow/dags/redshift-airflow-ingestion-dag.py for tasks to queue
[2026-04-01T08:42:04.797+0000] {logging_mixin.py:188} INFO - [2026-04-01T08:42:04.796+0000] {dagbag.py:545} INFO - Filling up the DagBag from /opt/airflow/dags/redshift-airflow-ingestion-dag.py
[2026-04-01T08:42:04.848+0000] {processor.py:840} INFO - DAG(s) 's3_to_redshift_pipeline' retrieved from /opt/airflow/dags/redshift-airflow-ingestion-dag.py
[2026-04-01T08:42:04.901+0000] {logging_mixin.py:188} INFO - [2026-04-01T08:42:04.901+0000] {dag.py:3089} INFO - Sync 1 DAGs
[2026-04-01T08:42:04.955+0000] {logging_mixin.py:188} INFO - [2026-04-01T08:42:04.955+0000] {dag.py:3947} INFO - Setting next_dagrun for s3_to_redshift_pipeline to 2026-04-01 08:40:00+00:00, run_after=2026-04-01 08:42:00+00:00
[2026-04-01T08:42:04.998+0000] {processor.py:183} INFO - Processing /opt/airflow/dags/redshift-airflow-ingestion-dag.py took 0.224 seconds
[2026-04-01T08:42:35.206+0000] {processor.py:161} INFO - Started process (PID=3451) to work on /opt/airflow/dags/redshift-airflow-ingestion-dag.py
[2026-04-01T08:42:35.208+0000] {processor.py:830} INFO - Processing file /opt/airflow/dags/redshift-airflow-ingestion-dag.py for tasks to queue
[2026-04-01T08:42:35.212+0000] {logging_mixin.py:188} INFO - [2026-04-01T08:42:35.211+0000] {dagbag.py:545} INFO - Filling up the DagBag from /opt/airflow/dags/redshift-airflow-ingestion-dag.py
[2026-04-01T08:42:35.260+0000] {processor.py:840} INFO - DAG(s) 's3_to_redshift_pipeline' retrieved from /opt/airflow/dags/redshift-airflow-ingestion-dag.py
[2026-04-01T08:42:35.310+0000] {logging_mixin.py:188} INFO - [2026-04-01T08:42:35.310+0000] {dag.py:3089} INFO - Sync 1 DAGs
[2026-04-01T08:42:35.356+0000] {logging_mixin.py:188} INFO - [2026-04-01T08:42:35.356+0000] {dag.py:3947} INFO - Setting next_dagrun for s3_to_redshift_pipeline to 2026-04-01 08:40:00+00:00, run_after=2026-04-01 08:42:00+00:00
[2026-04-01T08:42:35.410+0000] {processor.py:183} INFO - Processing /opt/airflow/dags/redshift-airflow-ingestion-dag.py took 0.215 seconds
[2026-04-01T08:43:06.147+0000] {processor.py:161} INFO - Started process (PID=3476) to work on /opt/airflow/dags/redshift-airflow-ingestion-dag.py
[2026-04-01T08:43:06.149+0000] {processor.py:830} INFO - Processing file /opt/airflow/dags/redshift-airflow-ingestion-dag.py for tasks to queue
[2026-04-01T08:43:06.154+0000] {logging_mixin.py:188} INFO - [2026-04-01T08:43:06.153+0000] {dagbag.py:545} INFO - Filling up the DagBag from /opt/airflow/dags/redshift-airflow-ingestion-dag.py
[2026-04-01T08:43:06.199+0000] {processor.py:840} INFO - DAG(s) 's3_to_redshift_pipeline' retrieved from /opt/airflow/dags/redshift-airflow-ingestion-dag.py
[2026-04-01T08:43:06.248+0000] {logging_mixin.py:188} INFO - [2026-04-01T08:43:06.248+0000] {dag.py:3089} INFO - Sync 1 DAGs
[2026-04-01T08:43:06.302+0000] {logging_mixin.py:188} INFO - [2026-04-01T08:43:06.301+0000] {dag.py:3947} INFO - Setting next_dagrun for s3_to_redshift_pipeline to 2026-04-01 08:40:00+00:00, run_after=2026-04-01 08:42:00+00:00
[2026-04-01T08:43:06.340+0000] {processor.py:183} INFO - Processing /opt/airflow/dags/redshift-airflow-ingestion-dag.py took 0.205 seconds
[2026-04-01T08:43:36.814+0000] {processor.py:161} INFO - Started process (PID=3501) to work on /opt/airflow/dags/redshift-airflow-ingestion-dag.py
[2026-04-01T08:43:36.816+0000] {processor.py:830} INFO - Processing file /opt/airflow/dags/redshift-airflow-ingestion-dag.py for tasks to queue
[2026-04-01T08:43:36.822+0000] {logging_mixin.py:188} INFO - [2026-04-01T08:43:36.821+0000] {dagbag.py:545} INFO - Filling up the DagBag from /opt/airflow/dags/redshift-airflow-ingestion-dag.py
[2026-04-01T08:43:36.878+0000] {processor.py:840} INFO - DAG(s) 's3_to_redshift_pipeline' retrieved from /opt/airflow/dags/redshift-airflow-ingestion-dag.py
[2026-04-01T08:43:36.946+0000] {logging_mixin.py:188} INFO - [2026-04-01T08:43:36.945+0000] {dag.py:3089} INFO - Sync 1 DAGs
[2026-04-01T08:43:37.006+0000] {logging_mixin.py:188} INFO - [2026-04-01T08:43:37.006+0000] {dag.py:3947} INFO - Setting next_dagrun for s3_to_redshift_pipeline to 2026-04-01 08:40:00+00:00, run_after=2026-04-01 08:42:00+00:00
[2026-04-01T08:43:37.057+0000] {processor.py:183} INFO - Processing /opt/airflow/dags/redshift-airflow-ingestion-dag.py took 0.261 seconds
[2026-04-01T08:44:07.360+0000] {processor.py:161} INFO - Started process (PID=3526) to work on /opt/airflow/dags/redshift-airflow-ingestion-dag.py
[2026-04-01T08:44:07.362+0000] {processor.py:830} INFO - Processing file /opt/airflow/dags/redshift-airflow-ingestion-dag.py for tasks to queue
[2026-04-01T08:44:07.367+0000] {logging_mixin.py:188} INFO - [2026-04-01T08:44:07.366+0000] {dagbag.py:545} INFO - Filling up the DagBag from /opt/airflow/dags/redshift-airflow-ingestion-dag.py
[2026-04-01T08:44:07.422+0000] {processor.py:840} INFO - DAG(s) 's3_to_redshift_pipeline' retrieved from /opt/airflow/dags/redshift-airflow-ingestion-dag.py
[2026-04-01T08:44:07.481+0000] {logging_mixin.py:188} INFO - [2026-04-01T08:44:07.480+0000] {dag.py:3089} INFO - Sync 1 DAGs
[2026-04-01T08:44:07.545+0000] {logging_mixin.py:188} INFO - [2026-04-01T08:44:07.544+0000] {dag.py:3947} INFO - Setting next_dagrun for s3_to_redshift_pipeline to 2026-04-01 08:42:00+00:00, run_after=2026-04-01 08:44:00+00:00
[2026-04-01T08:44:07.593+0000] {processor.py:183} INFO - Processing /opt/airflow/dags/redshift-airflow-ingestion-dag.py took 0.250 seconds
[2026-04-01T08:44:37.999+0000] {processor.py:161} INFO - Started process (PID=3551) to work on /opt/airflow/dags/redshift-airflow-ingestion-dag.py
[2026-04-01T08:44:38.001+0000] {processor.py:830} INFO - Processing file /opt/airflow/dags/redshift-airflow-ingestion-dag.py for tasks to queue
[2026-04-01T08:44:38.006+0000] {logging_mixin.py:188} INFO - [2026-04-01T08:44:38.005+0000] {dagbag.py:545} INFO - Filling up the DagBag from /opt/airflow/dags/redshift-airflow-ingestion-dag.py
[2026-04-01T08:44:38.054+0000] {processor.py:840} INFO - DAG(s) 's3_to_redshift_pipeline' retrieved from /opt/airflow/dags/redshift-airflow-ingestion-dag.py
[2026-04-01T08:44:38.102+0000] {logging_mixin.py:188} INFO - [2026-04-01T08:44:38.101+0000] {dag.py:3089} INFO - Sync 1 DAGs
[2026-04-01T08:44:38.152+0000] {logging_mixin.py:188} INFO - [2026-04-01T08:44:38.151+0000] {dag.py:3947} INFO - Setting next_dagrun for s3_to_redshift_pipeline to 2026-04-01 08:42:00+00:00, run_after=2026-04-01 08:44:00+00:00
[2026-04-01T08:44:38.208+0000] {processor.py:183} INFO - Processing /opt/airflow/dags/redshift-airflow-ingestion-dag.py took 0.222 seconds
[2026-04-01T08:45:08.455+0000] {processor.py:161} INFO - Started process (PID=3576) to work on /opt/airflow/dags/redshift-airflow-ingestion-dag.py
[2026-04-01T08:45:08.457+0000] {processor.py:830} INFO - Processing file /opt/airflow/dags/redshift-airflow-ingestion-dag.py for tasks to queue
[2026-04-01T08:45:08.462+0000] {logging_mixin.py:188} INFO - [2026-04-01T08:45:08.461+0000] {dagbag.py:545} INFO - Filling up the DagBag from /opt/airflow/dags/redshift-airflow-ingestion-dag.py
[2026-04-01T08:45:08.512+0000] {processor.py:840} INFO - DAG(s) 's3_to_redshift_pipeline' retrieved from /opt/airflow/dags/redshift-airflow-ingestion-dag.py
[2026-04-01T08:45:08.560+0000] {logging_mixin.py:188} INFO - [2026-04-01T08:45:08.560+0000] {dag.py:3089} INFO - Sync 1 DAGs
[2026-04-01T08:45:08.608+0000] {logging_mixin.py:188} INFO - [2026-04-01T08:45:08.607+0000] {dag.py:3947} INFO - Setting next_dagrun for s3_to_redshift_pipeline to 2026-04-01 08:42:00+00:00, run_after=2026-04-01 08:44:00+00:00
[2026-04-01T08:45:08.656+0000] {processor.py:183} INFO - Processing /opt/airflow/dags/redshift-airflow-ingestion-dag.py took 0.213 seconds
[2026-04-01T08:45:38.967+0000] {processor.py:161} INFO - Started process (PID=3601) to work on /opt/airflow/dags/redshift-airflow-ingestion-dag.py
[2026-04-01T08:45:38.969+0000] {processor.py:830} INFO - Processing file /opt/airflow/dags/redshift-airflow-ingestion-dag.py for tasks to queue
[2026-04-01T08:45:38.974+0000] {logging_mixin.py:188} INFO - [2026-04-01T08:45:38.973+0000] {dagbag.py:545} INFO - Filling up the DagBag from /opt/airflow/dags/redshift-airflow-ingestion-dag.py
[2026-04-01T08:45:39.022+0000] {processor.py:840} INFO - DAG(s) 's3_to_redshift_pipeline' retrieved from /opt/airflow/dags/redshift-airflow-ingestion-dag.py
[2026-04-01T08:45:39.068+0000] {logging_mixin.py:188} INFO - [2026-04-01T08:45:39.068+0000] {dag.py:3089} INFO - Sync 1 DAGs
[2026-04-01T08:45:39.118+0000] {logging_mixin.py:188} INFO - [2026-04-01T08:45:39.118+0000] {dag.py:3947} INFO - Setting next_dagrun for s3_to_redshift_pipeline to 2026-04-01 08:42:00+00:00, run_after=2026-04-01 08:44:00+00:00
[2026-04-01T08:45:39.169+0000] {processor.py:183} INFO - Processing /opt/airflow/dags/redshift-airflow-ingestion-dag.py took 0.214 seconds
[2026-04-01T08:46:09.590+0000] {processor.py:161} INFO - Started process (PID=3626) to work on /opt/airflow/dags/redshift-airflow-ingestion-dag.py
[2026-04-01T08:46:09.592+0000] {processor.py:830} INFO - Processing file /opt/airflow/dags/redshift-airflow-ingestion-dag.py for tasks to queue
[2026-04-01T08:46:09.597+0000] {logging_mixin.py:188} INFO - [2026-04-01T08:46:09.596+0000] {dagbag.py:545} INFO - Filling up the DagBag from /opt/airflow/dags/redshift-airflow-ingestion-dag.py
[2026-04-01T08:46:09.675+0000] {processor.py:840} INFO - DAG(s) 's3_to_redshift_pipeline' retrieved from /opt/airflow/dags/redshift-airflow-ingestion-dag.py
[2026-04-01T08:46:09.759+0000] {logging_mixin.py:188} INFO - [2026-04-01T08:46:09.758+0000] {dag.py:3089} INFO - Sync 1 DAGs
[2026-04-01T08:46:09.831+0000] {logging_mixin.py:188} INFO - [2026-04-01T08:46:09.831+0000] {dag.py:3947} INFO - Setting next_dagrun for s3_to_redshift_pipeline to 2026-04-01 08:44:00+00:00, run_after=2026-04-01 08:46:00+00:00
[2026-04-01T08:46:09.883+0000] {processor.py:183} INFO - Processing /opt/airflow/dags/redshift-airflow-ingestion-dag.py took 0.305 seconds
[2026-04-01T08:46:40.347+0000] {processor.py:161} INFO - Started process (PID=3651) to work on /opt/airflow/dags/redshift-airflow-ingestion-dag.py
[2026-04-01T08:46:40.349+0000] {processor.py:830} INFO - Processing file /opt/airflow/dags/redshift-airflow-ingestion-dag.py for tasks to queue
[2026-04-01T08:46:40.353+0000] {logging_mixin.py:188} INFO - [2026-04-01T08:46:40.353+0000] {dagbag.py:545} INFO - Filling up the DagBag from /opt/airflow/dags/redshift-airflow-ingestion-dag.py
[2026-04-01T08:46:40.399+0000] {processor.py:840} INFO - DAG(s) 's3_to_redshift_pipeline' retrieved from /opt/airflow/dags/redshift-airflow-ingestion-dag.py
[2026-04-01T08:46:40.444+0000] {logging_mixin.py:188} INFO - [2026-04-01T08:46:40.444+0000] {dag.py:3089} INFO - Sync 1 DAGs
[2026-04-01T08:46:40.492+0000] {logging_mixin.py:188} INFO - [2026-04-01T08:46:40.491+0000] {dag.py:3947} INFO - Setting next_dagrun for s3_to_redshift_pipeline to 2026-04-01 08:44:00+00:00, run_after=2026-04-01 08:46:00+00:00
[2026-04-01T08:46:40.559+0000] {processor.py:183} INFO - Processing /opt/airflow/dags/redshift-airflow-ingestion-dag.py took 0.227 seconds
[2026-04-01T08:47:10.966+0000] {processor.py:161} INFO - Started process (PID=3676) to work on /opt/airflow/dags/redshift-airflow-ingestion-dag.py
[2026-04-01T08:47:10.968+0000] {processor.py:830} INFO - Processing file /opt/airflow/dags/redshift-airflow-ingestion-dag.py for tasks to queue
[2026-04-01T08:47:10.973+0000] {logging_mixin.py:188} INFO - [2026-04-01T08:47:10.972+0000] {dagbag.py:545} INFO - Filling up the DagBag from /opt/airflow/dags/redshift-airflow-ingestion-dag.py
[2026-04-01T08:47:11.061+0000] {processor.py:840} INFO - DAG(s) 's3_to_redshift_pipeline' retrieved from /opt/airflow/dags/redshift-airflow-ingestion-dag.py
[2026-04-01T08:47:11.196+0000] {logging_mixin.py:188} INFO - [2026-04-01T08:47:11.196+0000] {dag.py:3089} INFO - Sync 1 DAGs
[2026-04-01T08:47:11.278+0000] {logging_mixin.py:188} INFO - [2026-04-01T08:47:11.278+0000] {dag.py:3947} INFO - Setting next_dagrun for s3_to_redshift_pipeline to 2026-04-01 08:44:00+00:00, run_after=2026-04-01 08:46:00+00:00
[2026-04-01T08:47:11.316+0000] {processor.py:183} INFO - Processing /opt/airflow/dags/redshift-airflow-ingestion-dag.py took 0.364 seconds
[2026-04-01T08:47:41.448+0000] {processor.py:161} INFO - Started process (PID=3701) to work on /opt/airflow/dags/redshift-airflow-ingestion-dag.py
[2026-04-01T08:47:41.450+0000] {processor.py:830} INFO - Processing file /opt/airflow/dags/redshift-airflow-ingestion-dag.py for tasks to queue
[2026-04-01T08:47:41.454+0000] {logging_mixin.py:188} INFO - [2026-04-01T08:47:41.453+0000] {dagbag.py:545} INFO - Filling up the DagBag from /opt/airflow/dags/redshift-airflow-ingestion-dag.py
[2026-04-01T08:47:41.500+0000] {processor.py:840} INFO - DAG(s) 's3_to_redshift_pipeline' retrieved from /opt/airflow/dags/redshift-airflow-ingestion-dag.py
[2026-04-01T08:47:41.554+0000] {logging_mixin.py:188} INFO - [2026-04-01T08:47:41.553+0000] {dag.py:3089} INFO - Sync 1 DAGs
[2026-04-01T08:47:41.611+0000] {logging_mixin.py:188} INFO - [2026-04-01T08:47:41.611+0000] {dag.py:3947} INFO - Setting next_dagrun for s3_to_redshift_pipeline to 2026-04-01 08:44:00+00:00, run_after=2026-04-01 08:46:00+00:00
[2026-04-01T08:47:41.663+0000] {processor.py:183} INFO - Processing /opt/airflow/dags/redshift-airflow-ingestion-dag.py took 0.229 seconds
[2026-04-01T08:48:12.083+0000] {processor.py:161} INFO - Started process (PID=3726) to work on /opt/airflow/dags/redshift-airflow-ingestion-dag.py
[2026-04-01T08:48:12.086+0000] {processor.py:830} INFO - Processing file /opt/airflow/dags/redshift-airflow-ingestion-dag.py for tasks to queue
[2026-04-01T08:48:12.091+0000] {logging_mixin.py:188} INFO - [2026-04-01T08:48:12.090+0000] {dagbag.py:545} INFO - Filling up the DagBag from /opt/airflow/dags/redshift-airflow-ingestion-dag.py
[2026-04-01T08:48:12.142+0000] {processor.py:840} INFO - DAG(s) 's3_to_redshift_pipeline' retrieved from /opt/airflow/dags/redshift-airflow-ingestion-dag.py
[2026-04-01T08:48:12.244+0000] {logging_mixin.py:188} INFO - [2026-04-01T08:48:12.244+0000] {dag.py:3089} INFO - Sync 1 DAGs
[2026-04-01T08:48:12.300+0000] {logging_mixin.py:188} INFO - [2026-04-01T08:48:12.299+0000] {dag.py:3947} INFO - Setting next_dagrun for s3_to_redshift_pipeline to 2026-04-01 08:46:00+00:00, run_after=2026-04-01 08:48:00+00:00
[2026-04-01T08:48:12.345+0000] {processor.py:183} INFO - Processing /opt/airflow/dags/redshift-airflow-ingestion-dag.py took 0.274 seconds
[2026-04-01T08:48:42.552+0000] {processor.py:161} INFO - Started process (PID=3751) to work on /opt/airflow/dags/redshift-airflow-ingestion-dag.py
[2026-04-01T08:48:42.555+0000] {processor.py:830} INFO - Processing file /opt/airflow/dags/redshift-airflow-ingestion-dag.py for tasks to queue
[2026-04-01T08:48:42.562+0000] {logging_mixin.py:188} INFO - [2026-04-01T08:48:42.561+0000] {dagbag.py:545} INFO - Filling up the DagBag from /opt/airflow/dags/redshift-airflow-ingestion-dag.py
[2026-04-01T08:48:42.696+0000] {processor.py:840} INFO - DAG(s) 's3_to_redshift_pipeline' retrieved from /opt/airflow/dags/redshift-airflow-ingestion-dag.py
[2026-04-01T08:48:42.742+0000] {logging_mixin.py:188} INFO - [2026-04-01T08:48:42.741+0000] {dag.py:3089} INFO - Sync 1 DAGs
[2026-04-01T08:48:42.794+0000] {logging_mixin.py:188} INFO - [2026-04-01T08:48:42.794+0000] {dag.py:3947} INFO - Setting next_dagrun for s3_to_redshift_pipeline to 2026-04-01 08:46:00+00:00, run_after=2026-04-01 08:48:00+00:00
[2026-04-01T08:48:42.833+0000] {processor.py:183} INFO - Processing /opt/airflow/dags/redshift-airflow-ingestion-dag.py took 0.296 seconds
[2026-04-01T08:49:13.155+0000] {processor.py:161} INFO - Started process (PID=3776) to work on /opt/airflow/dags/redshift-airflow-ingestion-dag.py
[2026-04-01T08:49:13.157+0000] {processor.py:830} INFO - Processing file /opt/airflow/dags/redshift-airflow-ingestion-dag.py for tasks to queue
[2026-04-01T08:49:13.160+0000] {logging_mixin.py:188} INFO - [2026-04-01T08:49:13.160+0000] {dagbag.py:545} INFO - Filling up the DagBag from /opt/airflow/dags/redshift-airflow-ingestion-dag.py
[2026-04-01T08:49:13.207+0000] {processor.py:840} INFO - DAG(s) 's3_to_redshift_pipeline' retrieved from /opt/airflow/dags/redshift-airflow-ingestion-dag.py
[2026-04-01T08:49:13.251+0000] {logging_mixin.py:188} INFO - [2026-04-01T08:49:13.250+0000] {dag.py:3089} INFO - Sync 1 DAGs
[2026-04-01T08:49:13.298+0000] {logging_mixin.py:188} INFO - [2026-04-01T08:49:13.298+0000] {dag.py:3947} INFO - Setting next_dagrun for s3_to_redshift_pipeline to 2026-04-01 08:46:00+00:00, run_after=2026-04-01 08:48:00+00:00
[2026-04-01T08:49:13.362+0000] {processor.py:183} INFO - Processing /opt/airflow/dags/redshift-airflow-ingestion-dag.py took 0.218 seconds
[2026-04-01T08:49:43.499+0000] {processor.py:161} INFO - Started process (PID=3801) to work on /opt/airflow/dags/redshift-airflow-ingestion-dag.py
[2026-04-01T08:49:43.501+0000] {processor.py:830} INFO - Processing file /opt/airflow/dags/redshift-airflow-ingestion-dag.py for tasks to queue
[2026-04-01T08:49:43.506+0000] {logging_mixin.py:188} INFO - [2026-04-01T08:49:43.506+0000] {dagbag.py:545} INFO - Filling up the DagBag from /opt/airflow/dags/redshift-airflow-ingestion-dag.py
[2026-04-01T08:49:43.558+0000] {processor.py:840} INFO - DAG(s) 's3_to_redshift_pipeline' retrieved from /opt/airflow/dags/redshift-airflow-ingestion-dag.py
[2026-04-01T08:49:43.619+0000] {logging_mixin.py:188} INFO - [2026-04-01T08:49:43.618+0000] {dag.py:3089} INFO - Sync 1 DAGs
[2026-04-01T08:49:43.680+0000] {logging_mixin.py:188} INFO - [2026-04-01T08:49:43.680+0000] {dag.py:3947} INFO - Setting next_dagrun for s3_to_redshift_pipeline to 2026-04-01 08:46:00+00:00, run_after=2026-04-01 08:48:00+00:00
[2026-04-01T08:49:43.727+0000] {processor.py:183} INFO - Processing /opt/airflow/dags/redshift-airflow-ingestion-dag.py took 0.245 seconds
[2026-04-01T08:50:14.036+0000] {processor.py:161} INFO - Started process (PID=3826) to work on /opt/airflow/dags/redshift-airflow-ingestion-dag.py
[2026-04-01T08:50:14.038+0000] {processor.py:830} INFO - Processing file /opt/airflow/dags/redshift-airflow-ingestion-dag.py for tasks to queue
[2026-04-01T08:50:14.042+0000] {logging_mixin.py:188} INFO - [2026-04-01T08:50:14.041+0000] {dagbag.py:545} INFO - Filling up the DagBag from /opt/airflow/dags/redshift-airflow-ingestion-dag.py
[2026-04-01T08:50:14.122+0000] {processor.py:840} INFO - DAG(s) 's3_to_redshift_pipeline' retrieved from /opt/airflow/dags/redshift-airflow-ingestion-dag.py
[2026-04-01T08:50:14.197+0000] {logging_mixin.py:188} INFO - [2026-04-01T08:50:14.196+0000] {dag.py:3089} INFO - Sync 1 DAGs
[2026-04-01T08:50:14.254+0000] {logging_mixin.py:188} INFO - [2026-04-01T08:50:14.253+0000] {dag.py:3947} INFO - Setting next_dagrun for s3_to_redshift_pipeline to 2026-04-01 08:48:00+00:00, run_after=2026-04-01 08:50:00+00:00
[2026-04-01T08:50:14.295+0000] {processor.py:183} INFO - Processing /opt/airflow/dags/redshift-airflow-ingestion-dag.py took 0.270 seconds
[2026-04-01T08:50:44.738+0000] {processor.py:161} INFO - Started process (PID=3851) to work on /opt/airflow/dags/redshift-airflow-ingestion-dag.py
[2026-04-01T08:50:44.741+0000] {processor.py:830} INFO - Processing file /opt/airflow/dags/redshift-airflow-ingestion-dag.py for tasks to queue
[2026-04-01T08:50:44.747+0000] {logging_mixin.py:188} INFO - [2026-04-01T08:50:44.746+0000] {dagbag.py:545} INFO - Filling up the DagBag from /opt/airflow/dags/redshift-airflow-ingestion-dag.py
[2026-04-01T08:50:44.821+0000] {processor.py:840} INFO - DAG(s) 's3_to_redshift_pipeline' retrieved from /opt/airflow/dags/redshift-airflow-ingestion-dag.py
[2026-04-01T08:50:44.895+0000] {logging_mixin.py:188} INFO - [2026-04-01T08:50:44.895+0000] {dag.py:3089} INFO - Sync 1 DAGs
[2026-04-01T08:50:44.972+0000] {logging_mixin.py:188} INFO - [2026-04-01T08:50:44.971+0000] {dag.py:3947} INFO - Setting next_dagrun for s3_to_redshift_pipeline to 2026-04-01 08:48:00+00:00, run_after=2026-04-01 08:50:00+00:00
[2026-04-01T08:50:45.032+0000] {processor.py:183} INFO - Processing /opt/airflow/dags/redshift-airflow-ingestion-dag.py took 0.310 seconds
[2026-04-01T08:51:15.380+0000] {processor.py:161} INFO - Started process (PID=3876) to work on /opt/airflow/dags/redshift-airflow-ingestion-dag.py
[2026-04-01T08:51:15.383+0000] {processor.py:830} INFO - Processing file /opt/airflow/dags/redshift-airflow-ingestion-dag.py for tasks to queue
[2026-04-01T08:51:15.388+0000] {logging_mixin.py:188} INFO - [2026-04-01T08:51:15.387+0000] {dagbag.py:545} INFO - Filling up the DagBag from /opt/airflow/dags/redshift-airflow-ingestion-dag.py
[2026-04-01T08:51:15.449+0000] {processor.py:840} INFO - DAG(s) 's3_to_redshift_pipeline' retrieved from /opt/airflow/dags/redshift-airflow-ingestion-dag.py
[2026-04-01T08:51:15.513+0000] {logging_mixin.py:188} INFO - [2026-04-01T08:51:15.512+0000] {dag.py:3089} INFO - Sync 1 DAGs
[2026-04-01T08:51:15.585+0000] {logging_mixin.py:188} INFO - [2026-04-01T08:51:15.584+0000] {dag.py:3947} INFO - Setting next_dagrun for s3_to_redshift_pipeline to 2026-04-01 08:48:00+00:00, run_after=2026-04-01 08:50:00+00:00
[2026-04-01T08:51:15.637+0000] {processor.py:183} INFO - Processing /opt/airflow/dags/redshift-airflow-ingestion-dag.py took 0.276 seconds
[2026-04-01T08:51:46.134+0000] {processor.py:161} INFO - Started process (PID=3901) to work on /opt/airflow/dags/redshift-airflow-ingestion-dag.py
[2026-04-01T08:51:46.138+0000] {processor.py:830} INFO - Processing file /opt/airflow/dags/redshift-airflow-ingestion-dag.py for tasks to queue
[2026-04-01T08:51:46.142+0000] {logging_mixin.py:188} INFO - [2026-04-01T08:51:46.141+0000] {dagbag.py:545} INFO - Filling up the DagBag from /opt/airflow/dags/redshift-airflow-ingestion-dag.py
[2026-04-01T08:51:46.186+0000] {processor.py:840} INFO - DAG(s) 's3_to_redshift_pipeline' retrieved from /opt/airflow/dags/redshift-airflow-ingestion-dag.py
[2026-04-01T08:51:46.250+0000] {logging_mixin.py:188} INFO - [2026-04-01T08:51:46.249+0000] {dag.py:3089} INFO - Sync 1 DAGs
[2026-04-01T08:51:46.320+0000] {logging_mixin.py:188} INFO - [2026-04-01T08:51:46.320+0000] {dag.py:3947} INFO - Setting next_dagrun for s3_to_redshift_pipeline to 2026-04-01 08:48:00+00:00, run_after=2026-04-01 08:50:00+00:00
[2026-04-01T08:51:46.359+0000] {processor.py:183} INFO - Processing /opt/airflow/dags/redshift-airflow-ingestion-dag.py took 0.249 seconds
[2026-04-01T08:52:16.555+0000] {processor.py:161} INFO - Started process (PID=3926) to work on /opt/airflow/dags/redshift-airflow-ingestion-dag.py
[2026-04-01T08:52:16.557+0000] {processor.py:830} INFO - Processing file /opt/airflow/dags/redshift-airflow-ingestion-dag.py for tasks to queue
[2026-04-01T08:52:16.564+0000] {logging_mixin.py:188} INFO - [2026-04-01T08:52:16.563+0000] {dagbag.py:545} INFO - Filling up the DagBag from /opt/airflow/dags/redshift-airflow-ingestion-dag.py
[2026-04-01T08:52:16.616+0000] {processor.py:840} INFO - DAG(s) 's3_to_redshift_pipeline' retrieved from /opt/airflow/dags/redshift-airflow-ingestion-dag.py
[2026-04-01T08:52:16.671+0000] {logging_mixin.py:188} INFO - [2026-04-01T08:52:16.670+0000] {dag.py:3089} INFO - Sync 1 DAGs
[2026-04-01T08:52:16.724+0000] {logging_mixin.py:188} INFO - [2026-04-01T08:52:16.723+0000] {dag.py:3947} INFO - Setting next_dagrun for s3_to_redshift_pipeline to 2026-04-01 08:50:00+00:00, run_after=2026-04-01 08:52:00+00:00
[2026-04-01T08:52:16.763+0000] {processor.py:183} INFO - Processing /opt/airflow/dags/redshift-airflow-ingestion-dag.py took 0.220 seconds
[2026-04-01T08:52:47.116+0000] {processor.py:161} INFO - Started process (PID=3951) to work on /opt/airflow/dags/redshift-airflow-ingestion-dag.py
[2026-04-01T08:52:47.118+0000] {processor.py:830} INFO - Processing file /opt/airflow/dags/redshift-airflow-ingestion-dag.py for tasks to queue
[2026-04-01T08:52:47.122+0000] {logging_mixin.py:188} INFO - [2026-04-01T08:52:47.121+0000] {dagbag.py:545} INFO - Filling up the DagBag from /opt/airflow/dags/redshift-airflow-ingestion-dag.py
[2026-04-01T08:52:47.170+0000] {processor.py:840} INFO - DAG(s) 's3_to_redshift_pipeline' retrieved from /opt/airflow/dags/redshift-airflow-ingestion-dag.py
[2026-04-01T08:52:47.216+0000] {logging_mixin.py:188} INFO - [2026-04-01T08:52:47.216+0000] {dag.py:3089} INFO - Sync 1 DAGs
[2026-04-01T08:52:47.261+0000] {logging_mixin.py:188} INFO - [2026-04-01T08:52:47.260+0000] {dag.py:3947} INFO - Setting next_dagrun for s3_to_redshift_pipeline to 2026-04-01 08:50:00+00:00, run_after=2026-04-01 08:52:00+00:00
[2026-04-01T08:52:47.345+0000] {processor.py:183} INFO - Processing /opt/airflow/dags/redshift-airflow-ingestion-dag.py took 0.240 seconds
[2026-04-01T08:53:17.673+0000] {processor.py:161} INFO - Started process (PID=3976) to work on /opt/airflow/dags/redshift-airflow-ingestion-dag.py
[2026-04-01T08:53:17.675+0000] {processor.py:830} INFO - Processing file /opt/airflow/dags/redshift-airflow-ingestion-dag.py for tasks to queue
[2026-04-01T08:53:17.679+0000] {logging_mixin.py:188} INFO - [2026-04-01T08:53:17.678+0000] {dagbag.py:545} INFO - Filling up the DagBag from /opt/airflow/dags/redshift-airflow-ingestion-dag.py
[2026-04-01T08:53:17.727+0000] {processor.py:840} INFO - DAG(s) 's3_to_redshift_pipeline' retrieved from /opt/airflow/dags/redshift-airflow-ingestion-dag.py
[2026-04-01T08:53:17.776+0000] {logging_mixin.py:188} INFO - [2026-04-01T08:53:17.776+0000] {dag.py:3089} INFO - Sync 1 DAGs
[2026-04-01T08:53:17.827+0000] {logging_mixin.py:188} INFO - [2026-04-01T08:53:17.826+0000] {dag.py:3947} INFO - Setting next_dagrun for s3_to_redshift_pipeline to 2026-04-01 08:50:00+00:00, run_after=2026-04-01 08:52:00+00:00
[2026-04-01T08:53:17.868+0000] {processor.py:183} INFO - Processing /opt/airflow/dags/redshift-airflow-ingestion-dag.py took 0.205 seconds
[2026-04-01T08:53:48.157+0000] {processor.py:161} INFO - Started process (PID=4001) to work on /opt/airflow/dags/redshift-airflow-ingestion-dag.py
[2026-04-01T08:53:48.159+0000] {processor.py:830} INFO - Processing file /opt/airflow/dags/redshift-airflow-ingestion-dag.py for tasks to queue
[2026-04-01T08:53:48.163+0000] {logging_mixin.py:188} INFO - [2026-04-01T08:53:48.162+0000] {dagbag.py:545} INFO - Filling up the DagBag from /opt/airflow/dags/redshift-airflow-ingestion-dag.py
[2026-04-01T08:53:48.304+0000] {processor.py:840} INFO - DAG(s) 's3_to_redshift_pipeline' retrieved from /opt/airflow/dags/redshift-airflow-ingestion-dag.py
[2026-04-01T08:53:48.357+0000] {logging_mixin.py:188} INFO - [2026-04-01T08:53:48.356+0000] {dag.py:3089} INFO - Sync 1 DAGs
[2026-04-01T08:53:48.409+0000] {logging_mixin.py:188} INFO - [2026-04-01T08:53:48.408+0000] {dag.py:3947} INFO - Setting next_dagrun for s3_to_redshift_pipeline to 2026-04-01 08:50:00+00:00, run_after=2026-04-01 08:52:00+00:00
[2026-04-01T08:53:48.461+0000] {processor.py:183} INFO - Processing /opt/airflow/dags/redshift-airflow-ingestion-dag.py took 0.317 seconds
[2026-04-01T08:54:18.764+0000] {processor.py:161} INFO - Started process (PID=4026) to work on /opt/airflow/dags/redshift-airflow-ingestion-dag.py
[2026-04-01T08:54:18.766+0000] {processor.py:830} INFO - Processing file /opt/airflow/dags/redshift-airflow-ingestion-dag.py for tasks to queue
[2026-04-01T08:54:18.771+0000] {logging_mixin.py:188} INFO - [2026-04-01T08:54:18.770+0000] {dagbag.py:545} INFO - Filling up the DagBag from /opt/airflow/dags/redshift-airflow-ingestion-dag.py
[2026-04-01T08:54:18.819+0000] {processor.py:840} INFO - DAG(s) 's3_to_redshift_pipeline' retrieved from /opt/airflow/dags/redshift-airflow-ingestion-dag.py
[2026-04-01T08:54:18.876+0000] {logging_mixin.py:188} INFO - [2026-04-01T08:54:18.876+0000] {dag.py:3089} INFO - Sync 1 DAGs
[2026-04-01T08:54:18.928+0000] {logging_mixin.py:188} INFO - [2026-04-01T08:54:18.928+0000] {dag.py:3947} INFO - Setting next_dagrun for s3_to_redshift_pipeline to 2026-04-01 08:52:00+00:00, run_after=2026-04-01 08:54:00+00:00
[2026-04-01T08:54:18.990+0000] {processor.py:183} INFO - Processing /opt/airflow/dags/redshift-airflow-ingestion-dag.py took 0.238 seconds
[2026-04-01T08:54:49.266+0000] {processor.py:161} INFO - Started process (PID=4051) to work on /opt/airflow/dags/redshift-airflow-ingestion-dag.py
[2026-04-01T08:54:49.268+0000] {processor.py:830} INFO - Processing file /opt/airflow/dags/redshift-airflow-ingestion-dag.py for tasks to queue
[2026-04-01T08:54:49.272+0000] {logging_mixin.py:188} INFO - [2026-04-01T08:54:49.272+0000] {dagbag.py:545} INFO - Filling up the DagBag from /opt/airflow/dags/redshift-airflow-ingestion-dag.py
[2026-04-01T08:54:49.323+0000] {processor.py:840} INFO - DAG(s) 's3_to_redshift_pipeline' retrieved from /opt/airflow/dags/redshift-airflow-ingestion-dag.py
[2026-04-01T08:54:49.375+0000] {logging_mixin.py:188} INFO - [2026-04-01T08:54:49.375+0000] {dag.py:3089} INFO - Sync 1 DAGs
[2026-04-01T08:54:49.432+0000] {logging_mixin.py:188} INFO - [2026-04-01T08:54:49.432+0000] {dag.py:3947} INFO - Setting next_dagrun for s3_to_redshift_pipeline to 2026-04-01 08:52:00+00:00, run_after=2026-04-01 08:54:00+00:00
[2026-04-01T08:54:49.481+0000] {processor.py:183} INFO - Processing /opt/airflow/dags/redshift-airflow-ingestion-dag.py took 0.237 seconds
[2026-04-01T08:55:19.666+0000] {processor.py:161} INFO - Started process (PID=4076) to work on /opt/airflow/dags/redshift-airflow-ingestion-dag.py
[2026-04-01T08:55:19.668+0000] {processor.py:830} INFO - Processing file /opt/airflow/dags/redshift-airflow-ingestion-dag.py for tasks to queue
[2026-04-01T08:55:19.672+0000] {logging_mixin.py:188} INFO - [2026-04-01T08:55:19.671+0000] {dagbag.py:545} INFO - Filling up the DagBag from /opt/airflow/dags/redshift-airflow-ingestion-dag.py
[2026-04-01T08:55:19.721+0000] {processor.py:840} INFO - DAG(s) 's3_to_redshift_pipeline' retrieved from /opt/airflow/dags/redshift-airflow-ingestion-dag.py
[2026-04-01T08:55:19.771+0000] {logging_mixin.py:188} INFO - [2026-04-01T08:55:19.771+0000] {dag.py:3089} INFO - Sync 1 DAGs
[2026-04-01T08:55:19.818+0000] {logging_mixin.py:188} INFO - [2026-04-01T08:55:19.818+0000] {dag.py:3947} INFO - Setting next_dagrun for s3_to_redshift_pipeline to 2026-04-01 08:52:00+00:00, run_after=2026-04-01 08:54:00+00:00
[2026-04-01T08:55:19.855+0000] {processor.py:183} INFO - Processing /opt/airflow/dags/redshift-airflow-ingestion-dag.py took 0.204 seconds
[2026-04-01T08:55:50.258+0000] {processor.py:161} INFO - Started process (PID=4101) to work on /opt/airflow/dags/redshift-airflow-ingestion-dag.py
[2026-04-01T08:55:50.261+0000] {processor.py:830} INFO - Processing file /opt/airflow/dags/redshift-airflow-ingestion-dag.py for tasks to queue
[2026-04-01T08:55:50.266+0000] {logging_mixin.py:188} INFO - [2026-04-01T08:55:50.265+0000] {dagbag.py:545} INFO - Filling up the DagBag from /opt/airflow/dags/redshift-airflow-ingestion-dag.py
[2026-04-01T08:55:50.336+0000] {processor.py:840} INFO - DAG(s) 's3_to_redshift_pipeline' retrieved from /opt/airflow/dags/redshift-airflow-ingestion-dag.py
[2026-04-01T08:55:50.410+0000] {logging_mixin.py:188} INFO - [2026-04-01T08:55:50.410+0000] {dag.py:3089} INFO - Sync 1 DAGs
[2026-04-01T08:55:50.463+0000] {logging_mixin.py:188} INFO - [2026-04-01T08:55:50.463+0000] {dag.py:3947} INFO - Setting next_dagrun for s3_to_redshift_pipeline to 2026-04-01 08:52:00+00:00, run_after=2026-04-01 08:54:00+00:00
[2026-04-01T08:55:50.505+0000] {processor.py:183} INFO - Processing /opt/airflow/dags/redshift-airflow-ingestion-dag.py took 0.264 seconds
[2026-04-01T08:56:20.755+0000] {processor.py:161} INFO - Started process (PID=4126) to work on /opt/airflow/dags/redshift-airflow-ingestion-dag.py
[2026-04-01T08:56:20.757+0000] {processor.py:830} INFO - Processing file /opt/airflow/dags/redshift-airflow-ingestion-dag.py for tasks to queue
[2026-04-01T08:56:20.761+0000] {logging_mixin.py:188} INFO - [2026-04-01T08:56:20.760+0000] {dagbag.py:545} INFO - Filling up the DagBag from /opt/airflow/dags/redshift-airflow-ingestion-dag.py
[2026-04-01T08:56:20.809+0000] {processor.py:840} INFO - DAG(s) 's3_to_redshift_pipeline' retrieved from /opt/airflow/dags/redshift-airflow-ingestion-dag.py
[2026-04-01T08:56:20.862+0000] {logging_mixin.py:188} INFO - [2026-04-01T08:56:20.862+0000] {dag.py:3089} INFO - Sync 1 DAGs
[2026-04-01T08:56:20.913+0000] {logging_mixin.py:188} INFO - [2026-04-01T08:56:20.912+0000] {dag.py:3947} INFO - Setting next_dagrun for s3_to_redshift_pipeline to 2026-04-01 08:54:00+00:00, run_after=2026-04-01 08:56:00+00:00
[2026-04-01T08:56:20.953+0000] {processor.py:183} INFO - Processing /opt/airflow/dags/redshift-airflow-ingestion-dag.py took 0.210 seconds
[2026-04-01T08:56:51.229+0000] {processor.py:161} INFO - Started process (PID=4151) to work on /opt/airflow/dags/redshift-airflow-ingestion-dag.py
[2026-04-01T08:56:51.231+0000] {processor.py:830} INFO - Processing file /opt/airflow/dags/redshift-airflow-ingestion-dag.py for tasks to queue
[2026-04-01T08:56:51.234+0000] {logging_mixin.py:188} INFO - [2026-04-01T08:56:51.234+0000] {dagbag.py:545} INFO - Filling up the DagBag from /opt/airflow/dags/redshift-airflow-ingestion-dag.py
[2026-04-01T08:56:51.282+0000] {processor.py:840} INFO - DAG(s) 's3_to_redshift_pipeline' retrieved from /opt/airflow/dags/redshift-airflow-ingestion-dag.py
[2026-04-01T08:56:51.329+0000] {logging_mixin.py:188} INFO - [2026-04-01T08:56:51.329+0000] {dag.py:3089} INFO - Sync 1 DAGs
[2026-04-01T08:56:51.374+0000] {logging_mixin.py:188} INFO - [2026-04-01T08:56:51.373+0000] {dag.py:3947} INFO - Setting next_dagrun for s3_to_redshift_pipeline to 2026-04-01 08:54:00+00:00, run_after=2026-04-01 08:56:00+00:00
[2026-04-01T08:56:51.411+0000] {processor.py:183} INFO - Processing /opt/airflow/dags/redshift-airflow-ingestion-dag.py took 0.194 seconds
[2026-04-01T08:57:21.596+0000] {processor.py:161} INFO - Started process (PID=4176) to work on /opt/airflow/dags/redshift-airflow-ingestion-dag.py
[2026-04-01T08:57:21.598+0000] {processor.py:830} INFO - Processing file /opt/airflow/dags/redshift-airflow-ingestion-dag.py for tasks to queue
[2026-04-01T08:57:21.602+0000] {logging_mixin.py:188} INFO - [2026-04-01T08:57:21.601+0000] {dagbag.py:545} INFO - Filling up the DagBag from /opt/airflow/dags/redshift-airflow-ingestion-dag.py
[2026-04-01T08:57:21.648+0000] {processor.py:840} INFO - DAG(s) 's3_to_redshift_pipeline' retrieved from /opt/airflow/dags/redshift-airflow-ingestion-dag.py
[2026-04-01T08:57:21.700+0000] {logging_mixin.py:188} INFO - [2026-04-01T08:57:21.700+0000] {dag.py:3089} INFO - Sync 1 DAGs
[2026-04-01T08:57:21.751+0000] {logging_mixin.py:188} INFO - [2026-04-01T08:57:21.750+0000] {dag.py:3947} INFO - Setting next_dagrun for s3_to_redshift_pipeline to 2026-04-01 08:54:00+00:00, run_after=2026-04-01 08:56:00+00:00
[2026-04-01T08:57:21.798+0000] {processor.py:183} INFO - Processing /opt/airflow/dags/redshift-airflow-ingestion-dag.py took 0.214 seconds
[2026-04-01T08:57:52.162+0000] {processor.py:161} INFO - Started process (PID=4201) to work on /opt/airflow/dags/redshift-airflow-ingestion-dag.py
[2026-04-01T08:57:52.164+0000] {processor.py:830} INFO - Processing file /opt/airflow/dags/redshift-airflow-ingestion-dag.py for tasks to queue
[2026-04-01T08:57:52.169+0000] {logging_mixin.py:188} INFO - [2026-04-01T08:57:52.168+0000] {dagbag.py:545} INFO - Filling up the DagBag from /opt/airflow/dags/redshift-airflow-ingestion-dag.py
[2026-04-01T08:57:52.212+0000] {processor.py:840} INFO - DAG(s) 's3_to_redshift_pipeline' retrieved from /opt/airflow/dags/redshift-airflow-ingestion-dag.py
[2026-04-01T08:57:52.265+0000] {logging_mixin.py:188} INFO - [2026-04-01T08:57:52.265+0000] {dag.py:3089} INFO - Sync 1 DAGs
[2026-04-01T08:57:52.317+0000] {logging_mixin.py:188} INFO - [2026-04-01T08:57:52.317+0000] {dag.py:3947} INFO - Setting next_dagrun for s3_to_redshift_pipeline to 2026-04-01 08:54:00+00:00, run_after=2026-04-01 08:56:00+00:00
[2026-04-01T08:57:52.359+0000] {processor.py:183} INFO - Processing /opt/airflow/dags/redshift-airflow-ingestion-dag.py took 0.210 seconds
[2026-04-01T08:58:22.577+0000] {processor.py:161} INFO - Started process (PID=4226) to work on /opt/airflow/dags/redshift-airflow-ingestion-dag.py
[2026-04-01T08:58:22.580+0000] {processor.py:830} INFO - Processing file /opt/airflow/dags/redshift-airflow-ingestion-dag.py for tasks to queue
[2026-04-01T08:58:22.586+0000] {logging_mixin.py:188} INFO - [2026-04-01T08:58:22.585+0000] {dagbag.py:545} INFO - Filling up the DagBag from /opt/airflow/dags/redshift-airflow-ingestion-dag.py
[2026-04-01T08:58:22.643+0000] {processor.py:840} INFO - DAG(s) 's3_to_redshift_pipeline' retrieved from /opt/airflow/dags/redshift-airflow-ingestion-dag.py
[2026-04-01T08:58:22.708+0000] {logging_mixin.py:188} INFO - [2026-04-01T08:58:22.708+0000] {dag.py:3089} INFO - Sync 1 DAGs
[2026-04-01T08:58:22.756+0000] {logging_mixin.py:188} INFO - [2026-04-01T08:58:22.756+0000] {dag.py:3947} INFO - Setting next_dagrun for s3_to_redshift_pipeline to 2026-04-01 08:56:00+00:00, run_after=2026-04-01 08:58:00+00:00
[2026-04-01T08:58:22.809+0000] {processor.py:183} INFO - Processing /opt/airflow/dags/redshift-airflow-ingestion-dag.py took 0.250 seconds
[2026-04-01T08:58:52.968+0000] {processor.py:161} INFO - Started process (PID=4251) to work on /opt/airflow/dags/redshift-airflow-ingestion-dag.py
[2026-04-01T08:58:52.971+0000] {processor.py:830} INFO - Processing file /opt/airflow/dags/redshift-airflow-ingestion-dag.py for tasks to queue
[2026-04-01T08:58:52.976+0000] {logging_mixin.py:188} INFO - [2026-04-01T08:58:52.975+0000] {dagbag.py:545} INFO - Filling up the DagBag from /opt/airflow/dags/redshift-airflow-ingestion-dag.py
[2026-04-01T08:58:53.026+0000] {processor.py:840} INFO - DAG(s) 's3_to_redshift_pipeline' retrieved from /opt/airflow/dags/redshift-airflow-ingestion-dag.py
[2026-04-01T08:58:53.078+0000] {logging_mixin.py:188} INFO - [2026-04-01T08:58:53.078+0000] {dag.py:3089} INFO - Sync 1 DAGs
[2026-04-01T08:58:53.144+0000] {logging_mixin.py:188} INFO - [2026-04-01T08:58:53.144+0000] {dag.py:3947} INFO - Setting next_dagrun for s3_to_redshift_pipeline to 2026-04-01 08:56:00+00:00, run_after=2026-04-01 08:58:00+00:00
[2026-04-01T08:58:53.195+0000] {processor.py:183} INFO - Processing /opt/airflow/dags/redshift-airflow-ingestion-dag.py took 0.238 seconds
[2026-04-01T08:59:23.404+0000] {processor.py:161} INFO - Started process (PID=4276) to work on /opt/airflow/dags/redshift-airflow-ingestion-dag.py
[2026-04-01T08:59:23.406+0000] {processor.py:830} INFO - Processing file /opt/airflow/dags/redshift-airflow-ingestion-dag.py for tasks to queue
[2026-04-01T08:59:23.410+0000] {logging_mixin.py:188} INFO - [2026-04-01T08:59:23.409+0000] {dagbag.py:545} INFO - Filling up the DagBag from /opt/airflow/dags/redshift-airflow-ingestion-dag.py
[2026-04-01T08:59:23.461+0000] {processor.py:840} INFO - DAG(s) 's3_to_redshift_pipeline' retrieved from /opt/airflow/dags/redshift-airflow-ingestion-dag.py
[2026-04-01T08:59:23.541+0000] {logging_mixin.py:188} INFO - [2026-04-01T08:59:23.540+0000] {dag.py:3089} INFO - Sync 1 DAGs
[2026-04-01T08:59:23.620+0000] {logging_mixin.py:188} INFO - [2026-04-01T08:59:23.620+0000] {dag.py:3947} INFO - Setting next_dagrun for s3_to_redshift_pipeline to 2026-04-01 08:56:00+00:00, run_after=2026-04-01 08:58:00+00:00
[2026-04-01T08:59:23.659+0000] {processor.py:183} INFO - Processing /opt/airflow/dags/redshift-airflow-ingestion-dag.py took 0.267 seconds
[2026-04-01T08:59:54.489+0000] {processor.py:161} INFO - Started process (PID=4301) to work on /opt/airflow/dags/redshift-airflow-ingestion-dag.py
[2026-04-01T08:59:54.491+0000] {processor.py:830} INFO - Processing file /opt/airflow/dags/redshift-airflow-ingestion-dag.py for tasks to queue
[2026-04-01T08:59:54.496+0000] {logging_mixin.py:188} INFO - [2026-04-01T08:59:54.496+0000] {dagbag.py:545} INFO - Filling up the DagBag from /opt/airflow/dags/redshift-airflow-ingestion-dag.py
[2026-04-01T08:59:54.548+0000] {processor.py:840} INFO - DAG(s) 's3_to_redshift_pipeline' retrieved from /opt/airflow/dags/redshift-airflow-ingestion-dag.py
[2026-04-01T08:59:54.595+0000] {logging_mixin.py:188} INFO - [2026-04-01T08:59:54.594+0000] {dag.py:3089} INFO - Sync 1 DAGs
[2026-04-01T08:59:54.655+0000] {logging_mixin.py:188} INFO - [2026-04-01T08:59:54.654+0000] {dag.py:3947} INFO - Setting next_dagrun for s3_to_redshift_pipeline to 2026-04-01 08:56:00+00:00, run_after=2026-04-01 08:58:00+00:00
[2026-04-01T08:59:54.694+0000] {processor.py:183} INFO - Processing /opt/airflow/dags/redshift-airflow-ingestion-dag.py took 0.219 seconds
[2026-04-01T09:00:25.294+0000] {processor.py:161} INFO - Started process (PID=4326) to work on /opt/airflow/dags/redshift-airflow-ingestion-dag.py
[2026-04-01T09:00:25.296+0000] {processor.py:830} INFO - Processing file /opt/airflow/dags/redshift-airflow-ingestion-dag.py for tasks to queue
[2026-04-01T09:00:25.301+0000] {logging_mixin.py:188} INFO - [2026-04-01T09:00:25.300+0000] {dagbag.py:545} INFO - Filling up the DagBag from /opt/airflow/dags/redshift-airflow-ingestion-dag.py
[2026-04-01T09:00:25.351+0000] {processor.py:840} INFO - DAG(s) 's3_to_redshift_pipeline' retrieved from /opt/airflow/dags/redshift-airflow-ingestion-dag.py
[2026-04-01T09:00:25.397+0000] {logging_mixin.py:188} INFO - [2026-04-01T09:00:25.397+0000] {dag.py:3089} INFO - Sync 1 DAGs
[2026-04-01T09:00:25.449+0000] {logging_mixin.py:188} INFO - [2026-04-01T09:00:25.448+0000] {dag.py:3947} INFO - Setting next_dagrun for s3_to_redshift_pipeline to 2026-04-01 08:58:00+00:00, run_after=2026-04-01 09:00:00+00:00
[2026-04-01T09:00:25.509+0000] {processor.py:183} INFO - Processing /opt/airflow/dags/redshift-airflow-ingestion-dag.py took 0.229 seconds
[2026-04-01T09:00:55.659+0000] {processor.py:161} INFO - Started process (PID=4351) to work on /opt/airflow/dags/redshift-airflow-ingestion-dag.py
[2026-04-01T09:00:55.661+0000] {processor.py:830} INFO - Processing file /opt/airflow/dags/redshift-airflow-ingestion-dag.py for tasks to queue
[2026-04-01T09:00:55.665+0000] {logging_mixin.py:188} INFO - [2026-04-01T09:00:55.664+0000] {dagbag.py:545} INFO - Filling up the DagBag from /opt/airflow/dags/redshift-airflow-ingestion-dag.py
[2026-04-01T09:00:55.713+0000] {processor.py:840} INFO - DAG(s) 's3_to_redshift_pipeline' retrieved from /opt/airflow/dags/redshift-airflow-ingestion-dag.py
[2026-04-01T09:00:55.761+0000] {logging_mixin.py:188} INFO - [2026-04-01T09:00:55.761+0000] {dag.py:3089} INFO - Sync 1 DAGs
[2026-04-01T09:00:55.809+0000] {logging_mixin.py:188} INFO - [2026-04-01T09:00:55.809+0000] {dag.py:3947} INFO - Setting next_dagrun for s3_to_redshift_pipeline to 2026-04-01 08:58:00+00:00, run_after=2026-04-01 09:00:00+00:00
[2026-04-01T09:00:55.853+0000] {processor.py:183} INFO - Processing /opt/airflow/dags/redshift-airflow-ingestion-dag.py took 0.206 seconds
[2026-04-01T09:01:26.756+0000] {processor.py:161} INFO - Started process (PID=4376) to work on /opt/airflow/dags/redshift-airflow-ingestion-dag.py
[2026-04-01T09:01:26.759+0000] {processor.py:830} INFO - Processing file /opt/airflow/dags/redshift-airflow-ingestion-dag.py for tasks to queue
[2026-04-01T09:01:26.763+0000] {logging_mixin.py:188} INFO - [2026-04-01T09:01:26.762+0000] {dagbag.py:545} INFO - Filling up the DagBag from /opt/airflow/dags/redshift-airflow-ingestion-dag.py
[2026-04-01T09:01:26.811+0000] {processor.py:840} INFO - DAG(s) 's3_to_redshift_pipeline' retrieved from /opt/airflow/dags/redshift-airflow-ingestion-dag.py
[2026-04-01T09:01:26.853+0000] {logging_mixin.py:188} INFO - [2026-04-01T09:01:26.853+0000] {dag.py:3089} INFO - Sync 1 DAGs
[2026-04-01T09:01:26.900+0000] {logging_mixin.py:188} INFO - [2026-04-01T09:01:26.900+0000] {dag.py:3947} INFO - Setting next_dagrun for s3_to_redshift_pipeline to 2026-04-01 08:58:00+00:00, run_after=2026-04-01 09:00:00+00:00
[2026-04-01T09:01:26.955+0000] {processor.py:183} INFO - Processing /opt/airflow/dags/redshift-airflow-ingestion-dag.py took 0.210 seconds
[2026-04-01T09:01:57.326+0000] {processor.py:161} INFO - Started process (PID=4401) to work on /opt/airflow/dags/redshift-airflow-ingestion-dag.py
[2026-04-01T09:01:57.328+0000] {processor.py:830} INFO - Processing file /opt/airflow/dags/redshift-airflow-ingestion-dag.py for tasks to queue
[2026-04-01T09:01:57.333+0000] {logging_mixin.py:188} INFO - [2026-04-01T09:01:57.332+0000] {dagbag.py:545} INFO - Filling up the DagBag from /opt/airflow/dags/redshift-airflow-ingestion-dag.py
[2026-04-01T09:01:57.382+0000] {processor.py:840} INFO - DAG(s) 's3_to_redshift_pipeline' retrieved from /opt/airflow/dags/redshift-airflow-ingestion-dag.py
[2026-04-01T09:01:57.429+0000] {logging_mixin.py:188} INFO - [2026-04-01T09:01:57.429+0000] {dag.py:3089} INFO - Sync 1 DAGs
[2026-04-01T09:01:57.484+0000] {logging_mixin.py:188} INFO - [2026-04-01T09:01:57.483+0000] {dag.py:3947} INFO - Setting next_dagrun for s3_to_redshift_pipeline to 2026-04-01 08:58:00+00:00, run_after=2026-04-01 09:00:00+00:00
[2026-04-01T09:01:57.546+0000] {processor.py:183} INFO - Processing /opt/airflow/dags/redshift-airflow-ingestion-dag.py took 0.230 seconds
[2026-04-01T09:02:27.758+0000] {processor.py:161} INFO - Started process (PID=4426) to work on /opt/airflow/dags/redshift-airflow-ingestion-dag.py
[2026-04-01T09:02:27.760+0000] {processor.py:830} INFO - Processing file /opt/airflow/dags/redshift-airflow-ingestion-dag.py for tasks to queue
[2026-04-01T09:02:27.765+0000] {logging_mixin.py:188} INFO - [2026-04-01T09:02:27.764+0000] {dagbag.py:545} INFO - Filling up the DagBag from /opt/airflow/dags/redshift-airflow-ingestion-dag.py
[2026-04-01T09:02:27.815+0000] {processor.py:840} INFO - DAG(s) 's3_to_redshift_pipeline' retrieved from /opt/airflow/dags/redshift-airflow-ingestion-dag.py
[2026-04-01T09:02:27.863+0000] {logging_mixin.py:188} INFO - [2026-04-01T09:02:27.862+0000] {dag.py:3089} INFO - Sync 1 DAGs
[2026-04-01T09:02:27.911+0000] {logging_mixin.py:188} INFO - [2026-04-01T09:02:27.910+0000] {dag.py:3947} INFO - Setting next_dagrun for s3_to_redshift_pipeline to 2026-04-01 09:00:00+00:00, run_after=2026-04-01 09:02:00+00:00
[2026-04-01T09:02:27.948+0000] {processor.py:183} INFO - Processing /opt/airflow/dags/redshift-airflow-ingestion-dag.py took 0.202 seconds
[2026-04-01T09:02:58.379+0000] {processor.py:161} INFO - Started process (PID=4451) to work on /opt/airflow/dags/redshift-airflow-ingestion-dag.py
[2026-04-01T09:02:58.381+0000] {processor.py:830} INFO - Processing file /opt/airflow/dags/redshift-airflow-ingestion-dag.py for tasks to queue
[2026-04-01T09:02:58.385+0000] {logging_mixin.py:188} INFO - [2026-04-01T09:02:58.385+0000] {dagbag.py:545} INFO - Filling up the DagBag from /opt/airflow/dags/redshift-airflow-ingestion-dag.py
[2026-04-01T09:02:58.432+0000] {processor.py:840} INFO - DAG(s) 's3_to_redshift_pipeline' retrieved from /opt/airflow/dags/redshift-airflow-ingestion-dag.py
[2026-04-01T09:02:58.477+0000] {logging_mixin.py:188} INFO - [2026-04-01T09:02:58.477+0000] {dag.py:3089} INFO - Sync 1 DAGs
[2026-04-01T09:02:58.521+0000] {logging_mixin.py:188} INFO - [2026-04-01T09:02:58.520+0000] {dag.py:3947} INFO - Setting next_dagrun for s3_to_redshift_pipeline to 2026-04-01 09:00:00+00:00, run_after=2026-04-01 09:02:00+00:00
[2026-04-01T09:02:58.577+0000] {processor.py:183} INFO - Processing /opt/airflow/dags/redshift-airflow-ingestion-dag.py took 0.208 seconds
[2026-04-01T09:03:28.906+0000] {processor.py:161} INFO - Started process (PID=4476) to work on /opt/airflow/dags/redshift-airflow-ingestion-dag.py
[2026-04-01T09:03:28.910+0000] {processor.py:830} INFO - Processing file /opt/airflow/dags/redshift-airflow-ingestion-dag.py for tasks to queue
[2026-04-01T09:03:28.916+0000] {logging_mixin.py:188} INFO - [2026-04-01T09:03:28.915+0000] {dagbag.py:545} INFO - Filling up the DagBag from /opt/airflow/dags/redshift-airflow-ingestion-dag.py
[2026-04-01T09:03:28.969+0000] {processor.py:840} INFO - DAG(s) 's3_to_redshift_pipeline' retrieved from /opt/airflow/dags/redshift-airflow-ingestion-dag.py
[2026-04-01T09:03:29.041+0000] {logging_mixin.py:188} INFO - [2026-04-01T09:03:29.040+0000] {dag.py:3089} INFO - Sync 1 DAGs
[2026-04-01T09:03:29.123+0000] {logging_mixin.py:188} INFO - [2026-04-01T09:03:29.122+0000] {dag.py:3947} INFO - Setting next_dagrun for s3_to_redshift_pipeline to 2026-04-01 09:00:00+00:00, run_after=2026-04-01 09:02:00+00:00
[2026-04-01T09:03:29.201+0000] {processor.py:183} INFO - Processing /opt/airflow/dags/redshift-airflow-ingestion-dag.py took 0.320 seconds
