[2026-04-01T07:35:49.395+0000] {processor.py:161} INFO - Started process (PID=173) to work on /opt/airflow/dags/snowflake_pipeline_dag.py
[2026-04-01T07:35:49.397+0000] {processor.py:830} INFO - Processing file /opt/airflow/dags/snowflake_pipeline_dag.py for tasks to queue
[2026-04-01T07:35:49.401+0000] {logging_mixin.py:188} INFO - [2026-04-01T07:35:49.400+0000] {dagbag.py:545} INFO - Filling up the DagBag from /opt/airflow/dags/snowflake_pipeline_dag.py
[2026-04-01T07:35:49.460+0000] {processor.py:840} INFO - DAG(s) 'snowflake_realtime_pipeline' retrieved from /opt/airflow/dags/snowflake_pipeline_dag.py
[2026-04-01T07:35:49.737+0000] {logging_mixin.py:188} INFO - [2026-04-01T07:35:49.735+0000] {override.py:1858} INFO - Created Permission View: can delete on DAG:snowflake_realtime_pipeline
[2026-04-01T07:35:49.759+0000] {logging_mixin.py:188} INFO - [2026-04-01T07:35:49.759+0000] {override.py:1858} INFO - Created Permission View: can read on DAG:snowflake_realtime_pipeline
[2026-04-01T07:35:49.775+0000] {logging_mixin.py:188} INFO - [2026-04-01T07:35:49.775+0000] {override.py:1858} INFO - Created Permission View: can edit on DAG:snowflake_realtime_pipeline
[2026-04-01T07:35:49.777+0000] {logging_mixin.py:188} INFO - [2026-04-01T07:35:49.776+0000] {dag.py:3089} INFO - Sync 1 DAGs
[2026-04-01T07:35:49.801+0000] {logging_mixin.py:188} INFO - [2026-04-01T07:35:49.801+0000] {dag.py:3111} INFO - Creating ORM DAG for snowflake_realtime_pipeline
[2026-04-01T07:35:49.826+0000] {logging_mixin.py:188} INFO - [2026-04-01T07:35:49.826+0000] {dag.py:3947} INFO - Setting next_dagrun for snowflake_realtime_pipeline to 2026-04-01 07:30:00+00:00, run_after=2026-04-01 07:35:00+00:00
[2026-04-01T07:35:49.871+0000] {processor.py:183} INFO - Processing /opt/airflow/dags/snowflake_pipeline_dag.py took 0.490 seconds
[2026-04-01T07:36:20.224+0000] {processor.py:161} INFO - Started process (PID=198) to work on /opt/airflow/dags/snowflake_pipeline_dag.py
[2026-04-01T07:36:20.226+0000] {processor.py:830} INFO - Processing file /opt/airflow/dags/snowflake_pipeline_dag.py for tasks to queue
[2026-04-01T07:36:20.230+0000] {logging_mixin.py:188} INFO - [2026-04-01T07:36:20.229+0000] {dagbag.py:545} INFO - Filling up the DagBag from /opt/airflow/dags/snowflake_pipeline_dag.py
[2026-04-01T07:36:20.275+0000] {processor.py:840} INFO - DAG(s) 'snowflake_realtime_pipeline' retrieved from /opt/airflow/dags/snowflake_pipeline_dag.py
[2026-04-01T07:36:20.319+0000] {logging_mixin.py:188} INFO - [2026-04-01T07:36:20.319+0000] {dag.py:3089} INFO - Sync 1 DAGs
[2026-04-01T07:36:20.364+0000] {logging_mixin.py:188} INFO - [2026-04-01T07:36:20.363+0000] {dag.py:3947} INFO - Setting next_dagrun for snowflake_realtime_pipeline to 2026-04-01 07:30:00+00:00, run_after=2026-04-01 07:35:00+00:00
[2026-04-01T07:36:20.414+0000] {processor.py:183} INFO - Processing /opt/airflow/dags/snowflake_pipeline_dag.py took 0.202 seconds
[2026-04-01T07:36:50.615+0000] {processor.py:161} INFO - Started process (PID=223) to work on /opt/airflow/dags/snowflake_pipeline_dag.py
[2026-04-01T07:36:50.618+0000] {processor.py:830} INFO - Processing file /opt/airflow/dags/snowflake_pipeline_dag.py for tasks to queue
[2026-04-01T07:36:50.623+0000] {logging_mixin.py:188} INFO - [2026-04-01T07:36:50.622+0000] {dagbag.py:545} INFO - Filling up the DagBag from /opt/airflow/dags/snowflake_pipeline_dag.py
[2026-04-01T07:36:50.687+0000] {processor.py:840} INFO - DAG(s) 'snowflake_realtime_pipeline' retrieved from /opt/airflow/dags/snowflake_pipeline_dag.py
[2026-04-01T07:36:50.729+0000] {logging_mixin.py:188} INFO - [2026-04-01T07:36:50.729+0000] {dag.py:3089} INFO - Sync 1 DAGs
[2026-04-01T07:36:50.768+0000] {logging_mixin.py:188} INFO - [2026-04-01T07:36:50.768+0000] {dag.py:3947} INFO - Setting next_dagrun for snowflake_realtime_pipeline to 2026-04-01 07:30:00+00:00, run_after=2026-04-01 07:35:00+00:00
[2026-04-01T07:36:50.830+0000] {processor.py:183} INFO - Processing /opt/airflow/dags/snowflake_pipeline_dag.py took 0.230 seconds
[2026-04-01T07:37:21.235+0000] {processor.py:161} INFO - Started process (PID=248) to work on /opt/airflow/dags/snowflake_pipeline_dag.py
[2026-04-01T07:37:21.237+0000] {processor.py:830} INFO - Processing file /opt/airflow/dags/snowflake_pipeline_dag.py for tasks to queue
[2026-04-01T07:37:21.242+0000] {logging_mixin.py:188} INFO - [2026-04-01T07:37:21.242+0000] {dagbag.py:545} INFO - Filling up the DagBag from /opt/airflow/dags/snowflake_pipeline_dag.py
[2026-04-01T07:37:21.313+0000] {processor.py:840} INFO - DAG(s) 'snowflake_realtime_pipeline' retrieved from /opt/airflow/dags/snowflake_pipeline_dag.py
[2026-04-01T07:37:21.388+0000] {logging_mixin.py:188} INFO - [2026-04-01T07:37:21.388+0000] {dag.py:3089} INFO - Sync 1 DAGs
[2026-04-01T07:37:21.451+0000] {logging_mixin.py:188} INFO - [2026-04-01T07:37:21.450+0000] {dag.py:3947} INFO - Setting next_dagrun for snowflake_realtime_pipeline to 2026-04-01 07:30:00+00:00, run_after=2026-04-01 07:35:00+00:00
[2026-04-01T07:37:21.494+0000] {processor.py:183} INFO - Processing /opt/airflow/dags/snowflake_pipeline_dag.py took 0.276 seconds
[2026-04-01T07:37:51.836+0000] {processor.py:161} INFO - Started process (PID=273) to work on /opt/airflow/dags/snowflake_pipeline_dag.py
[2026-04-01T07:37:51.839+0000] {processor.py:830} INFO - Processing file /opt/airflow/dags/snowflake_pipeline_dag.py for tasks to queue
[2026-04-01T07:37:51.844+0000] {logging_mixin.py:188} INFO - [2026-04-01T07:37:51.843+0000] {dagbag.py:545} INFO - Filling up the DagBag from /opt/airflow/dags/snowflake_pipeline_dag.py
[2026-04-01T07:37:51.909+0000] {processor.py:840} INFO - DAG(s) 'snowflake_realtime_pipeline' retrieved from /opt/airflow/dags/snowflake_pipeline_dag.py
[2026-04-01T07:37:51.972+0000] {logging_mixin.py:188} INFO - [2026-04-01T07:37:51.972+0000] {dag.py:3089} INFO - Sync 1 DAGs
[2026-04-01T07:37:52.027+0000] {logging_mixin.py:188} INFO - [2026-04-01T07:37:52.027+0000] {dag.py:3947} INFO - Setting next_dagrun for snowflake_realtime_pipeline to 2026-04-01 07:30:00+00:00, run_after=2026-04-01 07:35:00+00:00
[2026-04-01T07:37:52.068+0000] {processor.py:183} INFO - Processing /opt/airflow/dags/snowflake_pipeline_dag.py took 0.248 seconds
[2026-04-01T07:38:22.334+0000] {processor.py:161} INFO - Started process (PID=298) to work on /opt/airflow/dags/snowflake_pipeline_dag.py
[2026-04-01T07:38:22.337+0000] {processor.py:830} INFO - Processing file /opt/airflow/dags/snowflake_pipeline_dag.py for tasks to queue
[2026-04-01T07:38:22.342+0000] {logging_mixin.py:188} INFO - [2026-04-01T07:38:22.341+0000] {dagbag.py:545} INFO - Filling up the DagBag from /opt/airflow/dags/snowflake_pipeline_dag.py
[2026-04-01T07:38:22.409+0000] {processor.py:840} INFO - DAG(s) 'snowflake_realtime_pipeline' retrieved from /opt/airflow/dags/snowflake_pipeline_dag.py
[2026-04-01T07:38:22.465+0000] {logging_mixin.py:188} INFO - [2026-04-01T07:38:22.464+0000] {dag.py:3089} INFO - Sync 1 DAGs
[2026-04-01T07:38:22.506+0000] {logging_mixin.py:188} INFO - [2026-04-01T07:38:22.506+0000] {dag.py:3947} INFO - Setting next_dagrun for snowflake_realtime_pipeline to 2026-04-01 07:30:00+00:00, run_after=2026-04-01 07:35:00+00:00
[2026-04-01T07:38:22.568+0000] {processor.py:183} INFO - Processing /opt/airflow/dags/snowflake_pipeline_dag.py took 0.252 seconds
[2026-04-01T07:38:52.697+0000] {processor.py:161} INFO - Started process (PID=323) to work on /opt/airflow/dags/snowflake_pipeline_dag.py
[2026-04-01T07:38:52.699+0000] {processor.py:830} INFO - Processing file /opt/airflow/dags/snowflake_pipeline_dag.py for tasks to queue
[2026-04-01T07:38:52.703+0000] {logging_mixin.py:188} INFO - [2026-04-01T07:38:52.703+0000] {dagbag.py:545} INFO - Filling up the DagBag from /opt/airflow/dags/snowflake_pipeline_dag.py
[2026-04-01T07:38:52.769+0000] {processor.py:840} INFO - DAG(s) 'snowflake_realtime_pipeline' retrieved from /opt/airflow/dags/snowflake_pipeline_dag.py
[2026-04-01T07:38:52.823+0000] {logging_mixin.py:188} INFO - [2026-04-01T07:38:52.823+0000] {dag.py:3089} INFO - Sync 1 DAGs
[2026-04-01T07:38:52.860+0000] {logging_mixin.py:188} INFO - [2026-04-01T07:38:52.860+0000] {dag.py:3947} INFO - Setting next_dagrun for snowflake_realtime_pipeline to 2026-04-01 07:30:00+00:00, run_after=2026-04-01 07:35:00+00:00
[2026-04-01T07:38:52.907+0000] {processor.py:183} INFO - Processing /opt/airflow/dags/snowflake_pipeline_dag.py took 0.223 seconds
[2026-04-01T07:39:23.185+0000] {processor.py:161} INFO - Started process (PID=348) to work on /opt/airflow/dags/snowflake_pipeline_dag.py
[2026-04-01T07:39:23.187+0000] {processor.py:830} INFO - Processing file /opt/airflow/dags/snowflake_pipeline_dag.py for tasks to queue
[2026-04-01T07:39:23.190+0000] {logging_mixin.py:188} INFO - [2026-04-01T07:39:23.190+0000] {dagbag.py:545} INFO - Filling up the DagBag from /opt/airflow/dags/snowflake_pipeline_dag.py
[2026-04-01T07:39:23.239+0000] {processor.py:840} INFO - DAG(s) 'snowflake_realtime_pipeline' retrieved from /opt/airflow/dags/snowflake_pipeline_dag.py
[2026-04-01T07:39:23.285+0000] {logging_mixin.py:188} INFO - [2026-04-01T07:39:23.284+0000] {dag.py:3089} INFO - Sync 1 DAGs
[2026-04-01T07:39:23.343+0000] {logging_mixin.py:188} INFO - [2026-04-01T07:39:23.343+0000] {dag.py:3947} INFO - Setting next_dagrun for snowflake_realtime_pipeline to 2026-04-01 07:30:00+00:00, run_after=2026-04-01 07:35:00+00:00
[2026-04-01T07:39:23.384+0000] {processor.py:183} INFO - Processing /opt/airflow/dags/snowflake_pipeline_dag.py took 0.209 seconds
[2026-04-01T07:39:53.683+0000] {processor.py:161} INFO - Started process (PID=373) to work on /opt/airflow/dags/snowflake_pipeline_dag.py
[2026-04-01T07:39:53.685+0000] {processor.py:830} INFO - Processing file /opt/airflow/dags/snowflake_pipeline_dag.py for tasks to queue
[2026-04-01T07:39:53.689+0000] {logging_mixin.py:188} INFO - [2026-04-01T07:39:53.689+0000] {dagbag.py:545} INFO - Filling up the DagBag from /opt/airflow/dags/snowflake_pipeline_dag.py
[2026-04-01T07:39:53.747+0000] {processor.py:840} INFO - DAG(s) 'snowflake_realtime_pipeline' retrieved from /opt/airflow/dags/snowflake_pipeline_dag.py
[2026-04-01T07:39:53.809+0000] {logging_mixin.py:188} INFO - [2026-04-01T07:39:53.808+0000] {dag.py:3089} INFO - Sync 1 DAGs
[2026-04-01T07:39:53.860+0000] {logging_mixin.py:188} INFO - [2026-04-01T07:39:53.860+0000] {dag.py:3947} INFO - Setting next_dagrun for snowflake_realtime_pipeline to 2026-04-01 07:30:00+00:00, run_after=2026-04-01 07:35:00+00:00
[2026-04-01T07:39:53.905+0000] {processor.py:183} INFO - Processing /opt/airflow/dags/snowflake_pipeline_dag.py took 0.233 seconds
[2026-04-01T07:40:24.203+0000] {processor.py:161} INFO - Started process (PID=398) to work on /opt/airflow/dags/snowflake_pipeline_dag.py
[2026-04-01T07:40:24.205+0000] {processor.py:830} INFO - Processing file /opt/airflow/dags/snowflake_pipeline_dag.py for tasks to queue
[2026-04-01T07:40:24.211+0000] {logging_mixin.py:188} INFO - [2026-04-01T07:40:24.210+0000] {dagbag.py:545} INFO - Filling up the DagBag from /opt/airflow/dags/snowflake_pipeline_dag.py
[2026-04-01T07:40:24.265+0000] {processor.py:840} INFO - DAG(s) 'snowflake_realtime_pipeline' retrieved from /opt/airflow/dags/snowflake_pipeline_dag.py
[2026-04-01T07:40:24.314+0000] {logging_mixin.py:188} INFO - [2026-04-01T07:40:24.314+0000] {dag.py:3089} INFO - Sync 1 DAGs
[2026-04-01T07:40:24.356+0000] {logging_mixin.py:188} INFO - [2026-04-01T07:40:24.355+0000] {dag.py:3947} INFO - Setting next_dagrun for snowflake_realtime_pipeline to 2026-04-01 07:35:00+00:00, run_after=2026-04-01 07:40:00+00:00
[2026-04-01T07:40:24.396+0000] {processor.py:183} INFO - Processing /opt/airflow/dags/snowflake_pipeline_dag.py took 0.208 seconds
[2026-04-01T07:40:54.845+0000] {processor.py:161} INFO - Started process (PID=423) to work on /opt/airflow/dags/snowflake_pipeline_dag.py
[2026-04-01T07:40:54.848+0000] {processor.py:830} INFO - Processing file /opt/airflow/dags/snowflake_pipeline_dag.py for tasks to queue
[2026-04-01T07:40:54.852+0000] {logging_mixin.py:188} INFO - [2026-04-01T07:40:54.852+0000] {dagbag.py:545} INFO - Filling up the DagBag from /opt/airflow/dags/snowflake_pipeline_dag.py
[2026-04-01T07:40:54.914+0000] {processor.py:840} INFO - DAG(s) 'snowflake_realtime_pipeline' retrieved from /opt/airflow/dags/snowflake_pipeline_dag.py
[2026-04-01T07:40:54.978+0000] {logging_mixin.py:188} INFO - [2026-04-01T07:40:54.978+0000] {dag.py:3089} INFO - Sync 1 DAGs
[2026-04-01T07:40:55.019+0000] {logging_mixin.py:188} INFO - [2026-04-01T07:40:55.018+0000] {dag.py:3947} INFO - Setting next_dagrun for snowflake_realtime_pipeline to 2026-04-01 07:35:00+00:00, run_after=2026-04-01 07:40:00+00:00
[2026-04-01T07:40:55.060+0000] {processor.py:183} INFO - Processing /opt/airflow/dags/snowflake_pipeline_dag.py took 0.231 seconds
[2026-04-01T07:41:25.322+0000] {processor.py:161} INFO - Started process (PID=448) to work on /opt/airflow/dags/snowflake_pipeline_dag.py
[2026-04-01T07:41:25.325+0000] {processor.py:830} INFO - Processing file /opt/airflow/dags/snowflake_pipeline_dag.py for tasks to queue
[2026-04-01T07:41:25.329+0000] {logging_mixin.py:188} INFO - [2026-04-01T07:41:25.328+0000] {dagbag.py:545} INFO - Filling up the DagBag from /opt/airflow/dags/snowflake_pipeline_dag.py
[2026-04-01T07:41:25.372+0000] {processor.py:840} INFO - DAG(s) 'snowflake_realtime_pipeline' retrieved from /opt/airflow/dags/snowflake_pipeline_dag.py
[2026-04-01T07:41:25.416+0000] {logging_mixin.py:188} INFO - [2026-04-01T07:41:25.416+0000] {dag.py:3089} INFO - Sync 1 DAGs
[2026-04-01T07:41:25.457+0000] {logging_mixin.py:188} INFO - [2026-04-01T07:41:25.457+0000] {dag.py:3947} INFO - Setting next_dagrun for snowflake_realtime_pipeline to 2026-04-01 07:35:00+00:00, run_after=2026-04-01 07:40:00+00:00
[2026-04-01T07:41:25.509+0000] {processor.py:183} INFO - Processing /opt/airflow/dags/snowflake_pipeline_dag.py took 0.202 seconds
[2026-04-01T07:41:55.755+0000] {processor.py:161} INFO - Started process (PID=473) to work on /opt/airflow/dags/snowflake_pipeline_dag.py
[2026-04-01T07:41:55.758+0000] {processor.py:830} INFO - Processing file /opt/airflow/dags/snowflake_pipeline_dag.py for tasks to queue
[2026-04-01T07:41:55.763+0000] {logging_mixin.py:188} INFO - [2026-04-01T07:41:55.762+0000] {dagbag.py:545} INFO - Filling up the DagBag from /opt/airflow/dags/snowflake_pipeline_dag.py
[2026-04-01T07:41:55.829+0000] {processor.py:840} INFO - DAG(s) 'snowflake_realtime_pipeline' retrieved from /opt/airflow/dags/snowflake_pipeline_dag.py
[2026-04-01T07:41:55.892+0000] {logging_mixin.py:188} INFO - [2026-04-01T07:41:55.891+0000] {dag.py:3089} INFO - Sync 1 DAGs
[2026-04-01T07:41:55.934+0000] {logging_mixin.py:188} INFO - [2026-04-01T07:41:55.933+0000] {dag.py:3947} INFO - Setting next_dagrun for snowflake_realtime_pipeline to 2026-04-01 07:35:00+00:00, run_after=2026-04-01 07:40:00+00:00
[2026-04-01T07:41:55.987+0000] {processor.py:183} INFO - Processing /opt/airflow/dags/snowflake_pipeline_dag.py took 0.246 seconds
[2026-04-01T07:42:26.270+0000] {processor.py:161} INFO - Started process (PID=498) to work on /opt/airflow/dags/snowflake_pipeline_dag.py
[2026-04-01T07:42:26.273+0000] {processor.py:830} INFO - Processing file /opt/airflow/dags/snowflake_pipeline_dag.py for tasks to queue
[2026-04-01T07:42:26.277+0000] {logging_mixin.py:188} INFO - [2026-04-01T07:42:26.276+0000] {dagbag.py:545} INFO - Filling up the DagBag from /opt/airflow/dags/snowflake_pipeline_dag.py
[2026-04-01T07:42:26.335+0000] {processor.py:840} INFO - DAG(s) 'snowflake_realtime_pipeline' retrieved from /opt/airflow/dags/snowflake_pipeline_dag.py
[2026-04-01T07:42:26.397+0000] {logging_mixin.py:188} INFO - [2026-04-01T07:42:26.396+0000] {dag.py:3089} INFO - Sync 1 DAGs
[2026-04-01T07:42:26.460+0000] {logging_mixin.py:188} INFO - [2026-04-01T07:42:26.459+0000] {dag.py:3947} INFO - Setting next_dagrun for snowflake_realtime_pipeline to 2026-04-01 07:35:00+00:00, run_after=2026-04-01 07:40:00+00:00
[2026-04-01T07:42:26.530+0000] {processor.py:183} INFO - Processing /opt/airflow/dags/snowflake_pipeline_dag.py took 0.275 seconds
[2026-04-01T07:42:56.835+0000] {processor.py:161} INFO - Started process (PID=523) to work on /opt/airflow/dags/snowflake_pipeline_dag.py
[2026-04-01T07:42:56.837+0000] {processor.py:830} INFO - Processing file /opt/airflow/dags/snowflake_pipeline_dag.py for tasks to queue
[2026-04-01T07:42:56.842+0000] {logging_mixin.py:188} INFO - [2026-04-01T07:42:56.841+0000] {dagbag.py:545} INFO - Filling up the DagBag from /opt/airflow/dags/snowflake_pipeline_dag.py
[2026-04-01T07:42:56.903+0000] {processor.py:840} INFO - DAG(s) 'snowflake_realtime_pipeline' retrieved from /opt/airflow/dags/snowflake_pipeline_dag.py
[2026-04-01T07:42:56.946+0000] {logging_mixin.py:188} INFO - [2026-04-01T07:42:56.945+0000] {dag.py:3089} INFO - Sync 1 DAGs
[2026-04-01T07:42:56.992+0000] {logging_mixin.py:188} INFO - [2026-04-01T07:42:56.991+0000] {dag.py:3947} INFO - Setting next_dagrun for snowflake_realtime_pipeline to 2026-04-01 07:35:00+00:00, run_after=2026-04-01 07:40:00+00:00
[2026-04-01T07:42:57.065+0000] {processor.py:183} INFO - Processing /opt/airflow/dags/snowflake_pipeline_dag.py took 0.241 seconds
[2026-04-01T07:43:27.323+0000] {processor.py:161} INFO - Started process (PID=548) to work on /opt/airflow/dags/snowflake_pipeline_dag.py
[2026-04-01T07:43:27.326+0000] {processor.py:830} INFO - Processing file /opt/airflow/dags/snowflake_pipeline_dag.py for tasks to queue
[2026-04-01T07:43:27.331+0000] {logging_mixin.py:188} INFO - [2026-04-01T07:43:27.330+0000] {dagbag.py:545} INFO - Filling up the DagBag from /opt/airflow/dags/snowflake_pipeline_dag.py
[2026-04-01T07:43:27.397+0000] {processor.py:840} INFO - DAG(s) 'snowflake_realtime_pipeline' retrieved from /opt/airflow/dags/snowflake_pipeline_dag.py
[2026-04-01T07:43:27.464+0000] {logging_mixin.py:188} INFO - [2026-04-01T07:43:27.463+0000] {dag.py:3089} INFO - Sync 1 DAGs
[2026-04-01T07:43:27.522+0000] {logging_mixin.py:188} INFO - [2026-04-01T07:43:27.522+0000] {dag.py:3947} INFO - Setting next_dagrun for snowflake_realtime_pipeline to 2026-04-01 07:35:00+00:00, run_after=2026-04-01 07:40:00+00:00
[2026-04-01T07:43:27.586+0000] {processor.py:183} INFO - Processing /opt/airflow/dags/snowflake_pipeline_dag.py took 0.279 seconds
[2026-04-01T07:43:58.044+0000] {processor.py:161} INFO - Started process (PID=573) to work on /opt/airflow/dags/snowflake_pipeline_dag.py
[2026-04-01T07:43:58.047+0000] {processor.py:830} INFO - Processing file /opt/airflow/dags/snowflake_pipeline_dag.py for tasks to queue
[2026-04-01T07:43:58.053+0000] {logging_mixin.py:188} INFO - [2026-04-01T07:43:58.052+0000] {dagbag.py:545} INFO - Filling up the DagBag from /opt/airflow/dags/snowflake_pipeline_dag.py
[2026-04-01T07:43:58.134+0000] {processor.py:840} INFO - DAG(s) 'snowflake_realtime_pipeline' retrieved from /opt/airflow/dags/snowflake_pipeline_dag.py
[2026-04-01T07:43:58.210+0000] {logging_mixin.py:188} INFO - [2026-04-01T07:43:58.209+0000] {dag.py:3089} INFO - Sync 1 DAGs
[2026-04-01T07:43:58.273+0000] {logging_mixin.py:188} INFO - [2026-04-01T07:43:58.272+0000] {dag.py:3947} INFO - Setting next_dagrun for snowflake_realtime_pipeline to 2026-04-01 07:35:00+00:00, run_after=2026-04-01 07:40:00+00:00
[2026-04-01T07:43:58.338+0000] {processor.py:183} INFO - Processing /opt/airflow/dags/snowflake_pipeline_dag.py took 0.315 seconds
[2026-04-01T07:44:28.580+0000] {processor.py:161} INFO - Started process (PID=598) to work on /opt/airflow/dags/snowflake_pipeline_dag.py
[2026-04-01T07:44:28.582+0000] {processor.py:830} INFO - Processing file /opt/airflow/dags/snowflake_pipeline_dag.py for tasks to queue
[2026-04-01T07:44:28.586+0000] {logging_mixin.py:188} INFO - [2026-04-01T07:44:28.586+0000] {dagbag.py:545} INFO - Filling up the DagBag from /opt/airflow/dags/snowflake_pipeline_dag.py
[2026-04-01T07:44:28.648+0000] {processor.py:840} INFO - DAG(s) 'snowflake_realtime_pipeline' retrieved from /opt/airflow/dags/snowflake_pipeline_dag.py
[2026-04-01T07:44:28.693+0000] {logging_mixin.py:188} INFO - [2026-04-01T07:44:28.693+0000] {dag.py:3089} INFO - Sync 1 DAGs
[2026-04-01T07:44:28.728+0000] {logging_mixin.py:188} INFO - [2026-04-01T07:44:28.728+0000] {dag.py:3947} INFO - Setting next_dagrun for snowflake_realtime_pipeline to 2026-04-01 07:35:00+00:00, run_after=2026-04-01 07:40:00+00:00
[2026-04-01T07:44:28.791+0000] {processor.py:183} INFO - Processing /opt/airflow/dags/snowflake_pipeline_dag.py took 0.224 seconds
[2026-04-01T07:44:58.972+0000] {processor.py:161} INFO - Started process (PID=623) to work on /opt/airflow/dags/snowflake_pipeline_dag.py
[2026-04-01T07:44:58.974+0000] {processor.py:830} INFO - Processing file /opt/airflow/dags/snowflake_pipeline_dag.py for tasks to queue
[2026-04-01T07:44:58.977+0000] {logging_mixin.py:188} INFO - [2026-04-01T07:44:58.977+0000] {dagbag.py:545} INFO - Filling up the DagBag from /opt/airflow/dags/snowflake_pipeline_dag.py
[2026-04-01T07:44:59.022+0000] {processor.py:840} INFO - DAG(s) 'snowflake_realtime_pipeline' retrieved from /opt/airflow/dags/snowflake_pipeline_dag.py
[2026-04-01T07:44:59.074+0000] {logging_mixin.py:188} INFO - [2026-04-01T07:44:59.074+0000] {dag.py:3089} INFO - Sync 1 DAGs
[2026-04-01T07:44:59.129+0000] {logging_mixin.py:188} INFO - [2026-04-01T07:44:59.129+0000] {dag.py:3947} INFO - Setting next_dagrun for snowflake_realtime_pipeline to 2026-04-01 07:35:00+00:00, run_after=2026-04-01 07:40:00+00:00
[2026-04-01T07:44:59.187+0000] {processor.py:183} INFO - Processing /opt/airflow/dags/snowflake_pipeline_dag.py took 0.225 seconds
[2026-04-01T07:45:29.484+0000] {processor.py:161} INFO - Started process (PID=648) to work on /opt/airflow/dags/snowflake_pipeline_dag.py
[2026-04-01T07:45:29.487+0000] {processor.py:830} INFO - Processing file /opt/airflow/dags/snowflake_pipeline_dag.py for tasks to queue
[2026-04-01T07:45:29.492+0000] {logging_mixin.py:188} INFO - [2026-04-01T07:45:29.491+0000] {dagbag.py:545} INFO - Filling up the DagBag from /opt/airflow/dags/snowflake_pipeline_dag.py
[2026-04-01T07:45:29.550+0000] {processor.py:840} INFO - DAG(s) 'snowflake_realtime_pipeline' retrieved from /opt/airflow/dags/snowflake_pipeline_dag.py
[2026-04-01T07:45:29.607+0000] {logging_mixin.py:188} INFO - [2026-04-01T07:45:29.606+0000] {dag.py:3089} INFO - Sync 1 DAGs
[2026-04-01T07:45:29.673+0000] {logging_mixin.py:188} INFO - [2026-04-01T07:45:29.673+0000] {dag.py:3947} INFO - Setting next_dagrun for snowflake_realtime_pipeline to 2026-04-01 07:40:00+00:00, run_after=2026-04-01 07:45:00+00:00
[2026-04-01T07:45:29.748+0000] {processor.py:183} INFO - Processing /opt/airflow/dags/snowflake_pipeline_dag.py took 0.281 seconds
[2026-04-01T07:46:00.070+0000] {processor.py:161} INFO - Started process (PID=673) to work on /opt/airflow/dags/snowflake_pipeline_dag.py
[2026-04-01T07:46:00.072+0000] {processor.py:830} INFO - Processing file /opt/airflow/dags/snowflake_pipeline_dag.py for tasks to queue
[2026-04-01T07:46:00.076+0000] {logging_mixin.py:188} INFO - [2026-04-01T07:46:00.075+0000] {dagbag.py:545} INFO - Filling up the DagBag from /opt/airflow/dags/snowflake_pipeline_dag.py
[2026-04-01T07:46:00.121+0000] {processor.py:840} INFO - DAG(s) 'snowflake_realtime_pipeline' retrieved from /opt/airflow/dags/snowflake_pipeline_dag.py
[2026-04-01T07:46:00.197+0000] {logging_mixin.py:188} INFO - [2026-04-01T07:46:00.196+0000] {dag.py:3089} INFO - Sync 1 DAGs
[2026-04-01T07:46:00.305+0000] {logging_mixin.py:188} INFO - [2026-04-01T07:46:00.305+0000] {dag.py:3947} INFO - Setting next_dagrun for snowflake_realtime_pipeline to 2026-04-01 07:40:00+00:00, run_after=2026-04-01 07:45:00+00:00
[2026-04-01T07:46:00.346+0000] {processor.py:183} INFO - Processing /opt/airflow/dags/snowflake_pipeline_dag.py took 0.290 seconds
[2026-04-01T07:46:30.712+0000] {processor.py:161} INFO - Started process (PID=698) to work on /opt/airflow/dags/snowflake_pipeline_dag.py
[2026-04-01T07:46:30.715+0000] {processor.py:830} INFO - Processing file /opt/airflow/dags/snowflake_pipeline_dag.py for tasks to queue
[2026-04-01T07:46:30.720+0000] {logging_mixin.py:188} INFO - [2026-04-01T07:46:30.719+0000] {dagbag.py:545} INFO - Filling up the DagBag from /opt/airflow/dags/snowflake_pipeline_dag.py
[2026-04-01T07:46:30.781+0000] {processor.py:840} INFO - DAG(s) 'snowflake_realtime_pipeline' retrieved from /opt/airflow/dags/snowflake_pipeline_dag.py
[2026-04-01T07:46:30.843+0000] {logging_mixin.py:188} INFO - [2026-04-01T07:46:30.842+0000] {dag.py:3089} INFO - Sync 1 DAGs
[2026-04-01T07:46:30.898+0000] {logging_mixin.py:188} INFO - [2026-04-01T07:46:30.897+0000] {dag.py:3947} INFO - Setting next_dagrun for snowflake_realtime_pipeline to 2026-04-01 07:40:00+00:00, run_after=2026-04-01 07:45:00+00:00
[2026-04-01T07:46:30.966+0000] {processor.py:183} INFO - Processing /opt/airflow/dags/snowflake_pipeline_dag.py took 0.272 seconds
[2026-04-01T07:47:01.208+0000] {processor.py:161} INFO - Started process (PID=723) to work on /opt/airflow/dags/snowflake_pipeline_dag.py
[2026-04-01T07:47:01.212+0000] {processor.py:830} INFO - Processing file /opt/airflow/dags/snowflake_pipeline_dag.py for tasks to queue
[2026-04-01T07:47:01.218+0000] {logging_mixin.py:188} INFO - [2026-04-01T07:47:01.217+0000] {dagbag.py:545} INFO - Filling up the DagBag from /opt/airflow/dags/snowflake_pipeline_dag.py
[2026-04-01T07:47:01.283+0000] {processor.py:840} INFO - DAG(s) 'snowflake_realtime_pipeline' retrieved from /opt/airflow/dags/snowflake_pipeline_dag.py
[2026-04-01T07:47:01.355+0000] {logging_mixin.py:188} INFO - [2026-04-01T07:47:01.355+0000] {dag.py:3089} INFO - Sync 1 DAGs
[2026-04-01T07:47:01.430+0000] {logging_mixin.py:188} INFO - [2026-04-01T07:47:01.430+0000] {dag.py:3947} INFO - Setting next_dagrun for snowflake_realtime_pipeline to 2026-04-01 07:40:00+00:00, run_after=2026-04-01 07:45:00+00:00
[2026-04-01T07:47:01.493+0000] {processor.py:183} INFO - Processing /opt/airflow/dags/snowflake_pipeline_dag.py took 0.305 seconds
[2026-04-01T07:47:32.277+0000] {processor.py:161} INFO - Started process (PID=748) to work on /opt/airflow/dags/snowflake_pipeline_dag.py
[2026-04-01T07:47:32.279+0000] {processor.py:830} INFO - Processing file /opt/airflow/dags/snowflake_pipeline_dag.py for tasks to queue
[2026-04-01T07:47:32.283+0000] {logging_mixin.py:188} INFO - [2026-04-01T07:47:32.282+0000] {dagbag.py:545} INFO - Filling up the DagBag from /opt/airflow/dags/snowflake_pipeline_dag.py
[2026-04-01T07:47:32.331+0000] {processor.py:840} INFO - DAG(s) 'snowflake_realtime_pipeline' retrieved from /opt/airflow/dags/snowflake_pipeline_dag.py
[2026-04-01T07:47:32.382+0000] {logging_mixin.py:188} INFO - [2026-04-01T07:47:32.382+0000] {dag.py:3089} INFO - Sync 1 DAGs
[2026-04-01T07:47:32.432+0000] {logging_mixin.py:188} INFO - [2026-04-01T07:47:32.432+0000] {dag.py:3947} INFO - Setting next_dagrun for snowflake_realtime_pipeline to 2026-04-01 07:40:00+00:00, run_after=2026-04-01 07:45:00+00:00
[2026-04-01T07:47:32.492+0000] {processor.py:183} INFO - Processing /opt/airflow/dags/snowflake_pipeline_dag.py took 0.227 seconds
[2026-04-01T07:48:03.128+0000] {processor.py:161} INFO - Started process (PID=773) to work on /opt/airflow/dags/snowflake_pipeline_dag.py
[2026-04-01T07:48:03.131+0000] {processor.py:830} INFO - Processing file /opt/airflow/dags/snowflake_pipeline_dag.py for tasks to queue
[2026-04-01T07:48:03.137+0000] {logging_mixin.py:188} INFO - [2026-04-01T07:48:03.136+0000] {dagbag.py:545} INFO - Filling up the DagBag from /opt/airflow/dags/snowflake_pipeline_dag.py
[2026-04-01T07:48:03.205+0000] {processor.py:840} INFO - DAG(s) 'snowflake_realtime_pipeline' retrieved from /opt/airflow/dags/snowflake_pipeline_dag.py
[2026-04-01T07:48:03.266+0000] {logging_mixin.py:188} INFO - [2026-04-01T07:48:03.265+0000] {dag.py:3089} INFO - Sync 1 DAGs
[2026-04-01T07:48:03.327+0000] {logging_mixin.py:188} INFO - [2026-04-01T07:48:03.326+0000] {dag.py:3947} INFO - Setting next_dagrun for snowflake_realtime_pipeline to 2026-04-01 07:40:00+00:00, run_after=2026-04-01 07:45:00+00:00
[2026-04-01T07:48:03.377+0000] {processor.py:183} INFO - Processing /opt/airflow/dags/snowflake_pipeline_dag.py took 0.272 seconds
[2026-04-01T07:48:33.652+0000] {processor.py:161} INFO - Started process (PID=798) to work on /opt/airflow/dags/snowflake_pipeline_dag.py
[2026-04-01T07:48:33.654+0000] {processor.py:830} INFO - Processing file /opt/airflow/dags/snowflake_pipeline_dag.py for tasks to queue
[2026-04-01T07:48:33.660+0000] {logging_mixin.py:188} INFO - [2026-04-01T07:48:33.659+0000] {dagbag.py:545} INFO - Filling up the DagBag from /opt/airflow/dags/snowflake_pipeline_dag.py
[2026-04-01T07:48:33.725+0000] {processor.py:840} INFO - DAG(s) 'snowflake_realtime_pipeline' retrieved from /opt/airflow/dags/snowflake_pipeline_dag.py
[2026-04-01T07:48:33.775+0000] {logging_mixin.py:188} INFO - [2026-04-01T07:48:33.775+0000] {dag.py:3089} INFO - Sync 1 DAGs
[2026-04-01T07:48:33.810+0000] {logging_mixin.py:188} INFO - [2026-04-01T07:48:33.809+0000] {dag.py:3947} INFO - Setting next_dagrun for snowflake_realtime_pipeline to 2026-04-01 07:40:00+00:00, run_after=2026-04-01 07:45:00+00:00
[2026-04-01T07:48:33.868+0000] {processor.py:183} INFO - Processing /opt/airflow/dags/snowflake_pipeline_dag.py took 0.233 seconds
[2026-04-01T07:49:04.522+0000] {processor.py:161} INFO - Started process (PID=823) to work on /opt/airflow/dags/snowflake_pipeline_dag.py
[2026-04-01T07:49:04.524+0000] {processor.py:830} INFO - Processing file /opt/airflow/dags/snowflake_pipeline_dag.py for tasks to queue
[2026-04-01T07:49:04.529+0000] {logging_mixin.py:188} INFO - [2026-04-01T07:49:04.528+0000] {dagbag.py:545} INFO - Filling up the DagBag from /opt/airflow/dags/snowflake_pipeline_dag.py
[2026-04-01T07:49:04.583+0000] {processor.py:840} INFO - DAG(s) 'snowflake_realtime_pipeline' retrieved from /opt/airflow/dags/snowflake_pipeline_dag.py
[2026-04-01T07:49:04.648+0000] {logging_mixin.py:188} INFO - [2026-04-01T07:49:04.647+0000] {dag.py:3089} INFO - Sync 1 DAGs
[2026-04-01T07:49:04.706+0000] {logging_mixin.py:188} INFO - [2026-04-01T07:49:04.706+0000] {dag.py:3947} INFO - Setting next_dagrun for snowflake_realtime_pipeline to 2026-04-01 07:40:00+00:00, run_after=2026-04-01 07:45:00+00:00
[2026-04-01T07:49:04.771+0000] {processor.py:183} INFO - Processing /opt/airflow/dags/snowflake_pipeline_dag.py took 0.262 seconds
[2026-04-01T07:49:35.765+0000] {processor.py:161} INFO - Started process (PID=848) to work on /opt/airflow/dags/snowflake_pipeline_dag.py
[2026-04-01T07:49:35.767+0000] {processor.py:830} INFO - Processing file /opt/airflow/dags/snowflake_pipeline_dag.py for tasks to queue
[2026-04-01T07:49:35.773+0000] {logging_mixin.py:188} INFO - [2026-04-01T07:49:35.772+0000] {dagbag.py:545} INFO - Filling up the DagBag from /opt/airflow/dags/snowflake_pipeline_dag.py
[2026-04-01T07:49:35.836+0000] {processor.py:840} INFO - DAG(s) 'snowflake_realtime_pipeline' retrieved from /opt/airflow/dags/snowflake_pipeline_dag.py
[2026-04-01T07:49:35.910+0000] {logging_mixin.py:188} INFO - [2026-04-01T07:49:35.909+0000] {dag.py:3089} INFO - Sync 1 DAGs
[2026-04-01T07:49:35.984+0000] {logging_mixin.py:188} INFO - [2026-04-01T07:49:35.983+0000] {dag.py:3947} INFO - Setting next_dagrun for snowflake_realtime_pipeline to 2026-04-01 07:40:00+00:00, run_after=2026-04-01 07:45:00+00:00
[2026-04-01T07:49:36.061+0000] {processor.py:183} INFO - Processing /opt/airflow/dags/snowflake_pipeline_dag.py took 0.310 seconds
[2026-04-01T07:50:06.168+0000] {processor.py:161} INFO - Started process (PID=873) to work on /opt/airflow/dags/snowflake_pipeline_dag.py
[2026-04-01T07:50:06.170+0000] {processor.py:830} INFO - Processing file /opt/airflow/dags/snowflake_pipeline_dag.py for tasks to queue
[2026-04-01T07:50:06.174+0000] {logging_mixin.py:188} INFO - [2026-04-01T07:50:06.173+0000] {dagbag.py:545} INFO - Filling up the DagBag from /opt/airflow/dags/snowflake_pipeline_dag.py
[2026-04-01T07:50:06.223+0000] {processor.py:840} INFO - DAG(s) 'snowflake_realtime_pipeline' retrieved from /opt/airflow/dags/snowflake_pipeline_dag.py
[2026-04-01T07:50:06.286+0000] {logging_mixin.py:188} INFO - [2026-04-01T07:50:06.285+0000] {dag.py:3089} INFO - Sync 1 DAGs
[2026-04-01T07:50:06.331+0000] {logging_mixin.py:188} INFO - [2026-04-01T07:50:06.330+0000] {dag.py:3947} INFO - Setting next_dagrun for snowflake_realtime_pipeline to 2026-04-01 07:45:00+00:00, run_after=2026-04-01 07:50:00+00:00
[2026-04-01T07:50:06.399+0000] {processor.py:183} INFO - Processing /opt/airflow/dags/snowflake_pipeline_dag.py took 0.245 seconds
[2026-04-01T07:50:36.701+0000] {processor.py:161} INFO - Started process (PID=898) to work on /opt/airflow/dags/snowflake_pipeline_dag.py
[2026-04-01T07:50:36.704+0000] {processor.py:830} INFO - Processing file /opt/airflow/dags/snowflake_pipeline_dag.py for tasks to queue
[2026-04-01T07:50:36.709+0000] {logging_mixin.py:188} INFO - [2026-04-01T07:50:36.708+0000] {dagbag.py:545} INFO - Filling up the DagBag from /opt/airflow/dags/snowflake_pipeline_dag.py
[2026-04-01T07:50:36.777+0000] {processor.py:840} INFO - DAG(s) 'snowflake_realtime_pipeline' retrieved from /opt/airflow/dags/snowflake_pipeline_dag.py
[2026-04-01T07:50:36.836+0000] {logging_mixin.py:188} INFO - [2026-04-01T07:50:36.836+0000] {dag.py:3089} INFO - Sync 1 DAGs
[2026-04-01T07:50:36.881+0000] {logging_mixin.py:188} INFO - [2026-04-01T07:50:36.881+0000] {dag.py:3947} INFO - Setting next_dagrun for snowflake_realtime_pipeline to 2026-04-01 07:45:00+00:00, run_after=2026-04-01 07:50:00+00:00
[2026-04-01T07:50:36.939+0000] {processor.py:183} INFO - Processing /opt/airflow/dags/snowflake_pipeline_dag.py took 0.254 seconds
[2026-04-01T07:51:07.492+0000] {processor.py:161} INFO - Started process (PID=923) to work on /opt/airflow/dags/snowflake_pipeline_dag.py
[2026-04-01T07:51:07.494+0000] {processor.py:830} INFO - Processing file /opt/airflow/dags/snowflake_pipeline_dag.py for tasks to queue
[2026-04-01T07:51:07.497+0000] {logging_mixin.py:188} INFO - [2026-04-01T07:51:07.497+0000] {dagbag.py:545} INFO - Filling up the DagBag from /opt/airflow/dags/snowflake_pipeline_dag.py
[2026-04-01T07:51:07.533+0000] {processor.py:840} INFO - DAG(s) 'snowflake_realtime_pipeline' retrieved from /opt/airflow/dags/snowflake_pipeline_dag.py
[2026-04-01T07:51:07.579+0000] {logging_mixin.py:188} INFO - [2026-04-01T07:51:07.579+0000] {dag.py:3089} INFO - Sync 1 DAGs
[2026-04-01T07:51:07.622+0000] {logging_mixin.py:188} INFO - [2026-04-01T07:51:07.622+0000] {dag.py:3947} INFO - Setting next_dagrun for snowflake_realtime_pipeline to 2026-04-01 07:45:00+00:00, run_after=2026-04-01 07:50:00+00:00
[2026-04-01T07:51:07.663+0000] {processor.py:183} INFO - Processing /opt/airflow/dags/snowflake_pipeline_dag.py took 0.184 seconds
[2026-04-01T07:51:38.046+0000] {processor.py:161} INFO - Started process (PID=948) to work on /opt/airflow/dags/snowflake_pipeline_dag.py
[2026-04-01T07:51:38.049+0000] {processor.py:830} INFO - Processing file /opt/airflow/dags/snowflake_pipeline_dag.py for tasks to queue
[2026-04-01T07:51:38.053+0000] {logging_mixin.py:188} INFO - [2026-04-01T07:51:38.053+0000] {dagbag.py:545} INFO - Filling up the DagBag from /opt/airflow/dags/snowflake_pipeline_dag.py
[2026-04-01T07:51:38.113+0000] {processor.py:840} INFO - DAG(s) 'snowflake_realtime_pipeline' retrieved from /opt/airflow/dags/snowflake_pipeline_dag.py
[2026-04-01T07:51:38.152+0000] {logging_mixin.py:188} INFO - [2026-04-01T07:51:38.151+0000] {dag.py:3089} INFO - Sync 1 DAGs
[2026-04-01T07:51:38.211+0000] {logging_mixin.py:188} INFO - [2026-04-01T07:51:38.211+0000] {dag.py:3947} INFO - Setting next_dagrun for snowflake_realtime_pipeline to 2026-04-01 07:45:00+00:00, run_after=2026-04-01 07:50:00+00:00
[2026-04-01T07:51:38.265+0000] {processor.py:183} INFO - Processing /opt/airflow/dags/snowflake_pipeline_dag.py took 0.234 seconds
[2026-04-01T07:52:08.674+0000] {processor.py:161} INFO - Started process (PID=973) to work on /opt/airflow/dags/snowflake_pipeline_dag.py
[2026-04-01T07:52:08.676+0000] {processor.py:830} INFO - Processing file /opt/airflow/dags/snowflake_pipeline_dag.py for tasks to queue
[2026-04-01T07:52:08.680+0000] {logging_mixin.py:188} INFO - [2026-04-01T07:52:08.679+0000] {dagbag.py:545} INFO - Filling up the DagBag from /opt/airflow/dags/snowflake_pipeline_dag.py
[2026-04-01T07:52:08.728+0000] {processor.py:840} INFO - DAG(s) 'snowflake_realtime_pipeline' retrieved from /opt/airflow/dags/snowflake_pipeline_dag.py
[2026-04-01T07:52:08.776+0000] {logging_mixin.py:188} INFO - [2026-04-01T07:52:08.775+0000] {dag.py:3089} INFO - Sync 1 DAGs
[2026-04-01T07:52:08.818+0000] {logging_mixin.py:188} INFO - [2026-04-01T07:52:08.817+0000] {dag.py:3947} INFO - Setting next_dagrun for snowflake_realtime_pipeline to 2026-04-01 07:45:00+00:00, run_after=2026-04-01 07:50:00+00:00
[2026-04-01T07:52:08.882+0000] {processor.py:183} INFO - Processing /opt/airflow/dags/snowflake_pipeline_dag.py took 0.221 seconds
[2026-04-01T07:52:39.172+0000] {processor.py:161} INFO - Started process (PID=998) to work on /opt/airflow/dags/snowflake_pipeline_dag.py
[2026-04-01T07:52:39.174+0000] {processor.py:830} INFO - Processing file /opt/airflow/dags/snowflake_pipeline_dag.py for tasks to queue
[2026-04-01T07:52:39.179+0000] {logging_mixin.py:188} INFO - [2026-04-01T07:52:39.178+0000] {dagbag.py:545} INFO - Filling up the DagBag from /opt/airflow/dags/snowflake_pipeline_dag.py
[2026-04-01T07:52:39.241+0000] {processor.py:840} INFO - DAG(s) 'snowflake_realtime_pipeline' retrieved from /opt/airflow/dags/snowflake_pipeline_dag.py
[2026-04-01T07:52:39.299+0000] {logging_mixin.py:188} INFO - [2026-04-01T07:52:39.299+0000] {dag.py:3089} INFO - Sync 1 DAGs
[2026-04-01T07:52:39.334+0000] {logging_mixin.py:188} INFO - [2026-04-01T07:52:39.334+0000] {dag.py:3947} INFO - Setting next_dagrun for snowflake_realtime_pipeline to 2026-04-01 07:45:00+00:00, run_after=2026-04-01 07:50:00+00:00
[2026-04-01T07:52:39.394+0000] {processor.py:183} INFO - Processing /opt/airflow/dags/snowflake_pipeline_dag.py took 0.235 seconds
[2026-04-01T07:53:09.482+0000] {processor.py:161} INFO - Started process (PID=1023) to work on /opt/airflow/dags/snowflake_pipeline_dag.py
[2026-04-01T07:53:09.485+0000] {processor.py:830} INFO - Processing file /opt/airflow/dags/snowflake_pipeline_dag.py for tasks to queue
[2026-04-01T07:53:09.488+0000] {logging_mixin.py:188} INFO - [2026-04-01T07:53:09.488+0000] {dagbag.py:545} INFO - Filling up the DagBag from /opt/airflow/dags/snowflake_pipeline_dag.py
[2026-04-01T07:53:09.536+0000] {processor.py:840} INFO - DAG(s) 'snowflake_realtime_pipeline' retrieved from /opt/airflow/dags/snowflake_pipeline_dag.py
[2026-04-01T07:53:09.578+0000] {logging_mixin.py:188} INFO - [2026-04-01T07:53:09.578+0000] {dag.py:3089} INFO - Sync 1 DAGs
[2026-04-01T07:53:09.622+0000] {logging_mixin.py:188} INFO - [2026-04-01T07:53:09.622+0000] {dag.py:3947} INFO - Setting next_dagrun for snowflake_realtime_pipeline to 2026-04-01 07:45:00+00:00, run_after=2026-04-01 07:50:00+00:00
[2026-04-01T07:53:09.671+0000] {processor.py:183} INFO - Processing /opt/airflow/dags/snowflake_pipeline_dag.py took 0.201 seconds
[2026-04-01T07:53:40.228+0000] {processor.py:161} INFO - Started process (PID=1048) to work on /opt/airflow/dags/snowflake_pipeline_dag.py
[2026-04-01T07:53:40.231+0000] {processor.py:830} INFO - Processing file /opt/airflow/dags/snowflake_pipeline_dag.py for tasks to queue
[2026-04-01T07:53:40.236+0000] {logging_mixin.py:188} INFO - [2026-04-01T07:53:40.235+0000] {dagbag.py:545} INFO - Filling up the DagBag from /opt/airflow/dags/snowflake_pipeline_dag.py
[2026-04-01T07:53:40.297+0000] {processor.py:840} INFO - DAG(s) 'snowflake_realtime_pipeline' retrieved from /opt/airflow/dags/snowflake_pipeline_dag.py
[2026-04-01T07:53:40.337+0000] {logging_mixin.py:188} INFO - [2026-04-01T07:53:40.336+0000] {dag.py:3089} INFO - Sync 1 DAGs
[2026-04-01T07:53:40.372+0000] {logging_mixin.py:188} INFO - [2026-04-01T07:53:40.371+0000] {dag.py:3947} INFO - Setting next_dagrun for snowflake_realtime_pipeline to 2026-04-01 07:45:00+00:00, run_after=2026-04-01 07:50:00+00:00
[2026-04-01T07:53:40.435+0000] {processor.py:183} INFO - Processing /opt/airflow/dags/snowflake_pipeline_dag.py took 0.225 seconds
[2026-04-01T07:54:10.765+0000] {processor.py:161} INFO - Started process (PID=1073) to work on /opt/airflow/dags/snowflake_pipeline_dag.py
[2026-04-01T07:54:10.768+0000] {processor.py:830} INFO - Processing file /opt/airflow/dags/snowflake_pipeline_dag.py for tasks to queue
[2026-04-01T07:54:10.773+0000] {logging_mixin.py:188} INFO - [2026-04-01T07:54:10.772+0000] {dagbag.py:545} INFO - Filling up the DagBag from /opt/airflow/dags/snowflake_pipeline_dag.py
[2026-04-01T07:54:10.820+0000] {processor.py:840} INFO - DAG(s) 'snowflake_realtime_pipeline' retrieved from /opt/airflow/dags/snowflake_pipeline_dag.py
[2026-04-01T07:54:10.866+0000] {logging_mixin.py:188} INFO - [2026-04-01T07:54:10.866+0000] {dag.py:3089} INFO - Sync 1 DAGs
[2026-04-01T07:54:10.916+0000] {logging_mixin.py:188} INFO - [2026-04-01T07:54:10.915+0000] {dag.py:3947} INFO - Setting next_dagrun for snowflake_realtime_pipeline to 2026-04-01 07:45:00+00:00, run_after=2026-04-01 07:50:00+00:00
[2026-04-01T07:54:10.982+0000] {processor.py:183} INFO - Processing /opt/airflow/dags/snowflake_pipeline_dag.py took 0.235 seconds
[2026-04-01T07:54:41.870+0000] {processor.py:161} INFO - Started process (PID=1098) to work on /opt/airflow/dags/snowflake_pipeline_dag.py
[2026-04-01T07:54:41.873+0000] {processor.py:830} INFO - Processing file /opt/airflow/dags/snowflake_pipeline_dag.py for tasks to queue
[2026-04-01T07:54:41.878+0000] {logging_mixin.py:188} INFO - [2026-04-01T07:54:41.877+0000] {dagbag.py:545} INFO - Filling up the DagBag from /opt/airflow/dags/snowflake_pipeline_dag.py
[2026-04-01T07:54:41.945+0000] {processor.py:840} INFO - DAG(s) 'snowflake_realtime_pipeline' retrieved from /opt/airflow/dags/snowflake_pipeline_dag.py
[2026-04-01T07:54:42.009+0000] {logging_mixin.py:188} INFO - [2026-04-01T07:54:42.009+0000] {dag.py:3089} INFO - Sync 1 DAGs
[2026-04-01T07:54:42.072+0000] {logging_mixin.py:188} INFO - [2026-04-01T07:54:42.072+0000] {dag.py:3947} INFO - Setting next_dagrun for snowflake_realtime_pipeline to 2026-04-01 07:45:00+00:00, run_after=2026-04-01 07:50:00+00:00
[2026-04-01T07:54:42.145+0000] {processor.py:183} INFO - Processing /opt/airflow/dags/snowflake_pipeline_dag.py took 0.290 seconds
[2026-04-01T07:55:12.489+0000] {processor.py:161} INFO - Started process (PID=1123) to work on /opt/airflow/dags/snowflake_pipeline_dag.py
[2026-04-01T07:55:12.491+0000] {processor.py:830} INFO - Processing file /opt/airflow/dags/snowflake_pipeline_dag.py for tasks to queue
[2026-04-01T07:55:12.495+0000] {logging_mixin.py:188} INFO - [2026-04-01T07:55:12.495+0000] {dagbag.py:545} INFO - Filling up the DagBag from /opt/airflow/dags/snowflake_pipeline_dag.py
[2026-04-01T07:55:12.548+0000] {processor.py:840} INFO - DAG(s) 'snowflake_realtime_pipeline' retrieved from /opt/airflow/dags/snowflake_pipeline_dag.py
[2026-04-01T07:55:12.599+0000] {logging_mixin.py:188} INFO - [2026-04-01T07:55:12.599+0000] {dag.py:3089} INFO - Sync 1 DAGs
[2026-04-01T07:55:12.651+0000] {logging_mixin.py:188} INFO - [2026-04-01T07:55:12.650+0000] {dag.py:3947} INFO - Setting next_dagrun for snowflake_realtime_pipeline to 2026-04-01 07:50:00+00:00, run_after=2026-04-01 07:55:00+00:00
[2026-04-01T07:55:12.693+0000] {processor.py:183} INFO - Processing /opt/airflow/dags/snowflake_pipeline_dag.py took 0.221 seconds
[2026-04-01T07:55:43.103+0000] {processor.py:161} INFO - Started process (PID=1148) to work on /opt/airflow/dags/snowflake_pipeline_dag.py
[2026-04-01T07:55:43.113+0000] {processor.py:830} INFO - Processing file /opt/airflow/dags/snowflake_pipeline_dag.py for tasks to queue
[2026-04-01T07:55:43.126+0000] {logging_mixin.py:188} INFO - [2026-04-01T07:55:43.124+0000] {dagbag.py:545} INFO - Filling up the DagBag from /opt/airflow/dags/snowflake_pipeline_dag.py
[2026-04-01T07:55:43.189+0000] {processor.py:840} INFO - DAG(s) 'snowflake_realtime_pipeline' retrieved from /opt/airflow/dags/snowflake_pipeline_dag.py
[2026-04-01T07:55:43.248+0000] {logging_mixin.py:188} INFO - [2026-04-01T07:55:43.248+0000] {dag.py:3089} INFO - Sync 1 DAGs
[2026-04-01T07:55:43.296+0000] {logging_mixin.py:188} INFO - [2026-04-01T07:55:43.296+0000] {dag.py:3947} INFO - Setting next_dagrun for snowflake_realtime_pipeline to 2026-04-01 07:50:00+00:00, run_after=2026-04-01 07:55:00+00:00
[2026-04-01T07:55:43.337+0000] {processor.py:183} INFO - Processing /opt/airflow/dags/snowflake_pipeline_dag.py took 0.267 seconds
[2026-04-01T07:56:13.710+0000] {processor.py:161} INFO - Started process (PID=1173) to work on /opt/airflow/dags/snowflake_pipeline_dag.py
[2026-04-01T07:56:13.712+0000] {processor.py:830} INFO - Processing file /opt/airflow/dags/snowflake_pipeline_dag.py for tasks to queue
[2026-04-01T07:56:13.716+0000] {logging_mixin.py:188} INFO - [2026-04-01T07:56:13.716+0000] {dagbag.py:545} INFO - Filling up the DagBag from /opt/airflow/dags/snowflake_pipeline_dag.py
[2026-04-01T07:56:13.786+0000] {processor.py:840} INFO - DAG(s) 'snowflake_realtime_pipeline' retrieved from /opt/airflow/dags/snowflake_pipeline_dag.py
[2026-04-01T07:56:13.851+0000] {logging_mixin.py:188} INFO - [2026-04-01T07:56:13.850+0000] {dag.py:3089} INFO - Sync 1 DAGs
[2026-04-01T07:56:13.923+0000] {logging_mixin.py:188} INFO - [2026-04-01T07:56:13.922+0000] {dag.py:3947} INFO - Setting next_dagrun for snowflake_realtime_pipeline to 2026-04-01 07:50:00+00:00, run_after=2026-04-01 07:55:00+00:00
[2026-04-01T07:56:13.983+0000] {processor.py:183} INFO - Processing /opt/airflow/dags/snowflake_pipeline_dag.py took 0.289 seconds
[2026-04-01T07:56:44.374+0000] {processor.py:161} INFO - Started process (PID=1198) to work on /opt/airflow/dags/snowflake_pipeline_dag.py
[2026-04-01T07:56:44.379+0000] {processor.py:830} INFO - Processing file /opt/airflow/dags/snowflake_pipeline_dag.py for tasks to queue
[2026-04-01T07:56:44.388+0000] {logging_mixin.py:188} INFO - [2026-04-01T07:56:44.386+0000] {dagbag.py:545} INFO - Filling up the DagBag from /opt/airflow/dags/snowflake_pipeline_dag.py
[2026-04-01T07:56:44.468+0000] {processor.py:840} INFO - DAG(s) 'snowflake_realtime_pipeline' retrieved from /opt/airflow/dags/snowflake_pipeline_dag.py
[2026-04-01T07:56:44.543+0000] {logging_mixin.py:188} INFO - [2026-04-01T07:56:44.542+0000] {dag.py:3089} INFO - Sync 1 DAGs
[2026-04-01T07:56:44.622+0000] {logging_mixin.py:188} INFO - [2026-04-01T07:56:44.621+0000] {dag.py:3947} INFO - Setting next_dagrun for snowflake_realtime_pipeline to 2026-04-01 07:50:00+00:00, run_after=2026-04-01 07:55:00+00:00
[2026-04-01T07:56:44.681+0000] {processor.py:183} INFO - Processing /opt/airflow/dags/snowflake_pipeline_dag.py took 0.337 seconds
[2026-04-01T07:57:14.980+0000] {processor.py:161} INFO - Started process (PID=1223) to work on /opt/airflow/dags/snowflake_pipeline_dag.py
[2026-04-01T07:57:14.983+0000] {processor.py:830} INFO - Processing file /opt/airflow/dags/snowflake_pipeline_dag.py for tasks to queue
[2026-04-01T07:57:14.988+0000] {logging_mixin.py:188} INFO - [2026-04-01T07:57:14.987+0000] {dagbag.py:545} INFO - Filling up the DagBag from /opt/airflow/dags/snowflake_pipeline_dag.py
[2026-04-01T07:57:15.043+0000] {processor.py:840} INFO - DAG(s) 'snowflake_realtime_pipeline' retrieved from /opt/airflow/dags/snowflake_pipeline_dag.py
[2026-04-01T07:57:15.116+0000] {logging_mixin.py:188} INFO - [2026-04-01T07:57:15.115+0000] {dag.py:3089} INFO - Sync 1 DAGs
[2026-04-01T07:57:15.181+0000] {logging_mixin.py:188} INFO - [2026-04-01T07:57:15.180+0000] {dag.py:3947} INFO - Setting next_dagrun for snowflake_realtime_pipeline to 2026-04-01 07:50:00+00:00, run_after=2026-04-01 07:55:00+00:00
[2026-04-01T07:57:15.250+0000] {processor.py:183} INFO - Processing /opt/airflow/dags/snowflake_pipeline_dag.py took 0.281 seconds
[2026-04-01T07:57:45.465+0000] {processor.py:161} INFO - Started process (PID=1248) to work on /opt/airflow/dags/snowflake_pipeline_dag.py
[2026-04-01T07:57:45.467+0000] {processor.py:830} INFO - Processing file /opt/airflow/dags/snowflake_pipeline_dag.py for tasks to queue
[2026-04-01T07:57:45.471+0000] {logging_mixin.py:188} INFO - [2026-04-01T07:57:45.471+0000] {dagbag.py:545} INFO - Filling up the DagBag from /opt/airflow/dags/snowflake_pipeline_dag.py
[2026-04-01T07:57:45.519+0000] {processor.py:840} INFO - DAG(s) 'snowflake_realtime_pipeline' retrieved from /opt/airflow/dags/snowflake_pipeline_dag.py
[2026-04-01T07:57:45.567+0000] {logging_mixin.py:188} INFO - [2026-04-01T07:57:45.567+0000] {dag.py:3089} INFO - Sync 1 DAGs
[2026-04-01T07:57:45.609+0000] {logging_mixin.py:188} INFO - [2026-04-01T07:57:45.609+0000] {dag.py:3947} INFO - Setting next_dagrun for snowflake_realtime_pipeline to 2026-04-01 07:50:00+00:00, run_after=2026-04-01 07:55:00+00:00
[2026-04-01T07:57:45.665+0000] {processor.py:183} INFO - Processing /opt/airflow/dags/snowflake_pipeline_dag.py took 0.212 seconds
[2026-04-01T07:58:15.911+0000] {processor.py:161} INFO - Started process (PID=1273) to work on /opt/airflow/dags/snowflake_pipeline_dag.py
[2026-04-01T07:58:15.913+0000] {processor.py:830} INFO - Processing file /opt/airflow/dags/snowflake_pipeline_dag.py for tasks to queue
[2026-04-01T07:58:15.918+0000] {logging_mixin.py:188} INFO - [2026-04-01T07:58:15.917+0000] {dagbag.py:545} INFO - Filling up the DagBag from /opt/airflow/dags/snowflake_pipeline_dag.py
[2026-04-01T07:58:15.973+0000] {processor.py:840} INFO - DAG(s) 'snowflake_realtime_pipeline' retrieved from /opt/airflow/dags/snowflake_pipeline_dag.py
[2026-04-01T07:58:16.041+0000] {logging_mixin.py:188} INFO - [2026-04-01T07:58:16.040+0000] {dag.py:3089} INFO - Sync 1 DAGs
[2026-04-01T07:58:16.111+0000] {logging_mixin.py:188} INFO - [2026-04-01T07:58:16.111+0000] {dag.py:3947} INFO - Setting next_dagrun for snowflake_realtime_pipeline to 2026-04-01 07:50:00+00:00, run_after=2026-04-01 07:55:00+00:00
[2026-04-01T07:58:16.154+0000] {processor.py:183} INFO - Processing /opt/airflow/dags/snowflake_pipeline_dag.py took 0.261 seconds
[2026-04-01T07:58:46.382+0000] {processor.py:161} INFO - Started process (PID=1298) to work on /opt/airflow/dags/snowflake_pipeline_dag.py
[2026-04-01T07:58:46.384+0000] {processor.py:830} INFO - Processing file /opt/airflow/dags/snowflake_pipeline_dag.py for tasks to queue
[2026-04-01T07:58:46.388+0000] {logging_mixin.py:188} INFO - [2026-04-01T07:58:46.387+0000] {dagbag.py:545} INFO - Filling up the DagBag from /opt/airflow/dags/snowflake_pipeline_dag.py
[2026-04-01T07:58:46.443+0000] {processor.py:840} INFO - DAG(s) 'snowflake_realtime_pipeline' retrieved from /opt/airflow/dags/snowflake_pipeline_dag.py
[2026-04-01T07:58:46.503+0000] {logging_mixin.py:188} INFO - [2026-04-01T07:58:46.503+0000] {dag.py:3089} INFO - Sync 1 DAGs
[2026-04-01T07:58:46.559+0000] {logging_mixin.py:188} INFO - [2026-04-01T07:58:46.559+0000] {dag.py:3947} INFO - Setting next_dagrun for snowflake_realtime_pipeline to 2026-04-01 07:50:00+00:00, run_after=2026-04-01 07:55:00+00:00
[2026-04-01T07:58:46.622+0000] {processor.py:183} INFO - Processing /opt/airflow/dags/snowflake_pipeline_dag.py took 0.256 seconds
[2026-04-01T07:59:17.004+0000] {processor.py:161} INFO - Started process (PID=1323) to work on /opt/airflow/dags/snowflake_pipeline_dag.py
[2026-04-01T07:59:17.007+0000] {processor.py:830} INFO - Processing file /opt/airflow/dags/snowflake_pipeline_dag.py for tasks to queue
[2026-04-01T07:59:17.011+0000] {logging_mixin.py:188} INFO - [2026-04-01T07:59:17.010+0000] {dagbag.py:545} INFO - Filling up the DagBag from /opt/airflow/dags/snowflake_pipeline_dag.py
[2026-04-01T07:59:17.087+0000] {processor.py:840} INFO - DAG(s) 'snowflake_realtime_pipeline' retrieved from /opt/airflow/dags/snowflake_pipeline_dag.py
[2026-04-01T07:59:17.199+0000] {logging_mixin.py:188} INFO - [2026-04-01T07:59:17.199+0000] {dag.py:3089} INFO - Sync 1 DAGs
[2026-04-01T07:59:17.267+0000] {logging_mixin.py:188} INFO - [2026-04-01T07:59:17.266+0000] {dag.py:3947} INFO - Setting next_dagrun for snowflake_realtime_pipeline to 2026-04-01 07:50:00+00:00, run_after=2026-04-01 07:55:00+00:00
[2026-04-01T07:59:17.328+0000] {processor.py:183} INFO - Processing /opt/airflow/dags/snowflake_pipeline_dag.py took 0.344 seconds
[2026-04-01T07:59:47.635+0000] {processor.py:161} INFO - Started process (PID=1348) to work on /opt/airflow/dags/snowflake_pipeline_dag.py
[2026-04-01T07:59:47.637+0000] {processor.py:830} INFO - Processing file /opt/airflow/dags/snowflake_pipeline_dag.py for tasks to queue
[2026-04-01T07:59:47.641+0000] {logging_mixin.py:188} INFO - [2026-04-01T07:59:47.640+0000] {dagbag.py:545} INFO - Filling up the DagBag from /opt/airflow/dags/snowflake_pipeline_dag.py
[2026-04-01T07:59:47.692+0000] {processor.py:840} INFO - DAG(s) 'snowflake_realtime_pipeline' retrieved from /opt/airflow/dags/snowflake_pipeline_dag.py
[2026-04-01T07:59:47.738+0000] {logging_mixin.py:188} INFO - [2026-04-01T07:59:47.737+0000] {dag.py:3089} INFO - Sync 1 DAGs
[2026-04-01T07:59:47.778+0000] {logging_mixin.py:188} INFO - [2026-04-01T07:59:47.777+0000] {dag.py:3947} INFO - Setting next_dagrun for snowflake_realtime_pipeline to 2026-04-01 07:50:00+00:00, run_after=2026-04-01 07:55:00+00:00
[2026-04-01T07:59:47.817+0000] {processor.py:183} INFO - Processing /opt/airflow/dags/snowflake_pipeline_dag.py took 0.195 seconds
[2026-04-01T08:00:18.106+0000] {processor.py:161} INFO - Started process (PID=1373) to work on /opt/airflow/dags/snowflake_pipeline_dag.py
[2026-04-01T08:00:18.108+0000] {processor.py:830} INFO - Processing file /opt/airflow/dags/snowflake_pipeline_dag.py for tasks to queue
[2026-04-01T08:00:18.118+0000] {logging_mixin.py:188} INFO - [2026-04-01T08:00:18.117+0000] {dagbag.py:545} INFO - Filling up the DagBag from /opt/airflow/dags/snowflake_pipeline_dag.py
[2026-04-01T08:00:18.173+0000] {processor.py:840} INFO - DAG(s) 'snowflake_realtime_pipeline' retrieved from /opt/airflow/dags/snowflake_pipeline_dag.py
[2026-04-01T08:00:18.229+0000] {logging_mixin.py:188} INFO - [2026-04-01T08:00:18.228+0000] {dag.py:3089} INFO - Sync 1 DAGs
[2026-04-01T08:00:18.279+0000] {logging_mixin.py:188} INFO - [2026-04-01T08:00:18.279+0000] {dag.py:3947} INFO - Setting next_dagrun for snowflake_realtime_pipeline to 2026-04-01 07:55:00+00:00, run_after=2026-04-01 08:00:00+00:00
[2026-04-01T08:00:18.346+0000] {processor.py:183} INFO - Processing /opt/airflow/dags/snowflake_pipeline_dag.py took 0.263 seconds
[2026-04-01T08:00:48.559+0000] {processor.py:161} INFO - Started process (PID=1398) to work on /opt/airflow/dags/snowflake_pipeline_dag.py
[2026-04-01T08:00:48.562+0000] {processor.py:830} INFO - Processing file /opt/airflow/dags/snowflake_pipeline_dag.py for tasks to queue
[2026-04-01T08:00:48.568+0000] {logging_mixin.py:188} INFO - [2026-04-01T08:00:48.566+0000] {dagbag.py:545} INFO - Filling up the DagBag from /opt/airflow/dags/snowflake_pipeline_dag.py
[2026-04-01T08:00:48.645+0000] {processor.py:840} INFO - DAG(s) 'snowflake_realtime_pipeline' retrieved from /opt/airflow/dags/snowflake_pipeline_dag.py
[2026-04-01T08:00:48.715+0000] {logging_mixin.py:188} INFO - [2026-04-01T08:00:48.714+0000] {dag.py:3089} INFO - Sync 1 DAGs
[2026-04-01T08:00:48.784+0000] {logging_mixin.py:188} INFO - [2026-04-01T08:00:48.784+0000] {dag.py:3947} INFO - Setting next_dagrun for snowflake_realtime_pipeline to 2026-04-01 07:55:00+00:00, run_after=2026-04-01 08:00:00+00:00
[2026-04-01T08:00:48.850+0000] {processor.py:183} INFO - Processing /opt/airflow/dags/snowflake_pipeline_dag.py took 0.313 seconds
[2026-04-01T08:01:19.148+0000] {processor.py:161} INFO - Started process (PID=1423) to work on /opt/airflow/dags/snowflake_pipeline_dag.py
[2026-04-01T08:01:19.150+0000] {processor.py:830} INFO - Processing file /opt/airflow/dags/snowflake_pipeline_dag.py for tasks to queue
[2026-04-01T08:01:19.156+0000] {logging_mixin.py:188} INFO - [2026-04-01T08:01:19.155+0000] {dagbag.py:545} INFO - Filling up the DagBag from /opt/airflow/dags/snowflake_pipeline_dag.py
[2026-04-01T08:01:19.208+0000] {processor.py:840} INFO - DAG(s) 'snowflake_realtime_pipeline' retrieved from /opt/airflow/dags/snowflake_pipeline_dag.py
[2026-04-01T08:01:19.271+0000] {logging_mixin.py:188} INFO - [2026-04-01T08:01:19.270+0000] {dag.py:3089} INFO - Sync 1 DAGs
[2026-04-01T08:01:19.350+0000] {logging_mixin.py:188} INFO - [2026-04-01T08:01:19.349+0000] {dag.py:3947} INFO - Setting next_dagrun for snowflake_realtime_pipeline to 2026-04-01 07:55:00+00:00, run_after=2026-04-01 08:00:00+00:00
[2026-04-01T08:01:19.412+0000] {processor.py:183} INFO - Processing /opt/airflow/dags/snowflake_pipeline_dag.py took 0.281 seconds
[2026-04-01T08:01:49.557+0000] {processor.py:161} INFO - Started process (PID=1448) to work on /opt/airflow/dags/snowflake_pipeline_dag.py
[2026-04-01T08:01:49.561+0000] {processor.py:830} INFO - Processing file /opt/airflow/dags/snowflake_pipeline_dag.py for tasks to queue
[2026-04-01T08:01:49.566+0000] {logging_mixin.py:188} INFO - [2026-04-01T08:01:49.565+0000] {dagbag.py:545} INFO - Filling up the DagBag from /opt/airflow/dags/snowflake_pipeline_dag.py
[2026-04-01T08:01:49.651+0000] {processor.py:840} INFO - DAG(s) 'snowflake_realtime_pipeline' retrieved from /opt/airflow/dags/snowflake_pipeline_dag.py
[2026-04-01T08:01:49.725+0000] {logging_mixin.py:188} INFO - [2026-04-01T08:01:49.725+0000] {dag.py:3089} INFO - Sync 1 DAGs
[2026-04-01T08:01:49.790+0000] {logging_mixin.py:188} INFO - [2026-04-01T08:01:49.789+0000] {dag.py:3947} INFO - Setting next_dagrun for snowflake_realtime_pipeline to 2026-04-01 07:55:00+00:00, run_after=2026-04-01 08:00:00+00:00
[2026-04-01T08:01:49.863+0000] {processor.py:183} INFO - Processing /opt/airflow/dags/snowflake_pipeline_dag.py took 0.332 seconds
[2026-04-01T08:02:20.164+0000] {processor.py:161} INFO - Started process (PID=1473) to work on /opt/airflow/dags/snowflake_pipeline_dag.py
[2026-04-01T08:02:20.166+0000] {processor.py:830} INFO - Processing file /opt/airflow/dags/snowflake_pipeline_dag.py for tasks to queue
[2026-04-01T08:02:20.170+0000] {logging_mixin.py:188} INFO - [2026-04-01T08:02:20.170+0000] {dagbag.py:545} INFO - Filling up the DagBag from /opt/airflow/dags/snowflake_pipeline_dag.py
[2026-04-01T08:02:20.226+0000] {processor.py:840} INFO - DAG(s) 'snowflake_realtime_pipeline' retrieved from /opt/airflow/dags/snowflake_pipeline_dag.py
[2026-04-01T08:02:20.286+0000] {logging_mixin.py:188} INFO - [2026-04-01T08:02:20.285+0000] {dag.py:3089} INFO - Sync 1 DAGs
[2026-04-01T08:02:20.351+0000] {logging_mixin.py:188} INFO - [2026-04-01T08:02:20.351+0000] {dag.py:3947} INFO - Setting next_dagrun for snowflake_realtime_pipeline to 2026-04-01 07:55:00+00:00, run_after=2026-04-01 08:00:00+00:00
[2026-04-01T08:02:20.394+0000] {processor.py:183} INFO - Processing /opt/airflow/dags/snowflake_pipeline_dag.py took 0.242 seconds
[2026-04-01T08:02:50.718+0000] {processor.py:161} INFO - Started process (PID=1498) to work on /opt/airflow/dags/snowflake_pipeline_dag.py
[2026-04-01T08:02:50.721+0000] {processor.py:830} INFO - Processing file /opt/airflow/dags/snowflake_pipeline_dag.py for tasks to queue
[2026-04-01T08:02:50.726+0000] {logging_mixin.py:188} INFO - [2026-04-01T08:02:50.725+0000] {dagbag.py:545} INFO - Filling up the DagBag from /opt/airflow/dags/snowflake_pipeline_dag.py
[2026-04-01T08:02:50.791+0000] {processor.py:840} INFO - DAG(s) 'snowflake_realtime_pipeline' retrieved from /opt/airflow/dags/snowflake_pipeline_dag.py
[2026-04-01T08:02:50.854+0000] {logging_mixin.py:188} INFO - [2026-04-01T08:02:50.853+0000] {dag.py:3089} INFO - Sync 1 DAGs
[2026-04-01T08:02:50.922+0000] {logging_mixin.py:188} INFO - [2026-04-01T08:02:50.922+0000] {dag.py:3947} INFO - Setting next_dagrun for snowflake_realtime_pipeline to 2026-04-01 07:55:00+00:00, run_after=2026-04-01 08:00:00+00:00
[2026-04-01T08:02:50.988+0000] {processor.py:183} INFO - Processing /opt/airflow/dags/snowflake_pipeline_dag.py took 0.286 seconds
[2026-04-01T08:03:21.990+0000] {processor.py:161} INFO - Started process (PID=1523) to work on /opt/airflow/dags/snowflake_pipeline_dag.py
[2026-04-01T08:03:21.993+0000] {processor.py:830} INFO - Processing file /opt/airflow/dags/snowflake_pipeline_dag.py for tasks to queue
[2026-04-01T08:03:21.999+0000] {logging_mixin.py:188} INFO - [2026-04-01T08:03:21.998+0000] {dagbag.py:545} INFO - Filling up the DagBag from /opt/airflow/dags/snowflake_pipeline_dag.py
[2026-04-01T08:03:22.058+0000] {processor.py:840} INFO - DAG(s) 'snowflake_realtime_pipeline' retrieved from /opt/airflow/dags/snowflake_pipeline_dag.py
[2026-04-01T08:03:22.120+0000] {logging_mixin.py:188} INFO - [2026-04-01T08:03:22.119+0000] {dag.py:3089} INFO - Sync 1 DAGs
[2026-04-01T08:03:22.172+0000] {logging_mixin.py:188} INFO - [2026-04-01T08:03:22.171+0000] {dag.py:3947} INFO - Setting next_dagrun for snowflake_realtime_pipeline to 2026-04-01 07:55:00+00:00, run_after=2026-04-01 08:00:00+00:00
[2026-04-01T08:03:22.214+0000] {processor.py:183} INFO - Processing /opt/airflow/dags/snowflake_pipeline_dag.py took 0.246 seconds
[2026-04-01T08:03:52.559+0000] {processor.py:161} INFO - Started process (PID=1548) to work on /opt/airflow/dags/snowflake_pipeline_dag.py
[2026-04-01T08:03:52.561+0000] {processor.py:830} INFO - Processing file /opt/airflow/dags/snowflake_pipeline_dag.py for tasks to queue
[2026-04-01T08:03:52.565+0000] {logging_mixin.py:188} INFO - [2026-04-01T08:03:52.565+0000] {dagbag.py:545} INFO - Filling up the DagBag from /opt/airflow/dags/snowflake_pipeline_dag.py
[2026-04-01T08:03:52.625+0000] {processor.py:840} INFO - DAG(s) 'snowflake_realtime_pipeline' retrieved from /opt/airflow/dags/snowflake_pipeline_dag.py
[2026-04-01T08:03:52.675+0000] {logging_mixin.py:188} INFO - [2026-04-01T08:03:52.674+0000] {dag.py:3089} INFO - Sync 1 DAGs
[2026-04-01T08:03:52.726+0000] {logging_mixin.py:188} INFO - [2026-04-01T08:03:52.726+0000] {dag.py:3947} INFO - Setting next_dagrun for snowflake_realtime_pipeline to 2026-04-01 07:55:00+00:00, run_after=2026-04-01 08:00:00+00:00
[2026-04-01T08:03:52.787+0000] {processor.py:183} INFO - Processing /opt/airflow/dags/snowflake_pipeline_dag.py took 0.245 seconds
[2026-04-01T08:04:23.010+0000] {processor.py:161} INFO - Started process (PID=1573) to work on /opt/airflow/dags/snowflake_pipeline_dag.py
[2026-04-01T08:04:23.012+0000] {processor.py:830} INFO - Processing file /opt/airflow/dags/snowflake_pipeline_dag.py for tasks to queue
[2026-04-01T08:04:23.018+0000] {logging_mixin.py:188} INFO - [2026-04-01T08:04:23.017+0000] {dagbag.py:545} INFO - Filling up the DagBag from /opt/airflow/dags/snowflake_pipeline_dag.py
[2026-04-01T08:04:23.085+0000] {processor.py:840} INFO - DAG(s) 'snowflake_realtime_pipeline' retrieved from /opt/airflow/dags/snowflake_pipeline_dag.py
[2026-04-01T08:04:23.157+0000] {logging_mixin.py:188} INFO - [2026-04-01T08:04:23.157+0000] {dag.py:3089} INFO - Sync 1 DAGs
[2026-04-01T08:04:23.222+0000] {logging_mixin.py:188} INFO - [2026-04-01T08:04:23.222+0000] {dag.py:3947} INFO - Setting next_dagrun for snowflake_realtime_pipeline to 2026-04-01 07:55:00+00:00, run_after=2026-04-01 08:00:00+00:00
[2026-04-01T08:04:23.275+0000] {processor.py:183} INFO - Processing /opt/airflow/dags/snowflake_pipeline_dag.py took 0.282 seconds
[2026-04-01T08:04:53.613+0000] {processor.py:161} INFO - Started process (PID=1598) to work on /opt/airflow/dags/snowflake_pipeline_dag.py
[2026-04-01T08:04:53.615+0000] {processor.py:830} INFO - Processing file /opt/airflow/dags/snowflake_pipeline_dag.py for tasks to queue
[2026-04-01T08:04:53.619+0000] {logging_mixin.py:188} INFO - [2026-04-01T08:04:53.618+0000] {dagbag.py:545} INFO - Filling up the DagBag from /opt/airflow/dags/snowflake_pipeline_dag.py
[2026-04-01T08:04:53.671+0000] {processor.py:840} INFO - DAG(s) 'snowflake_realtime_pipeline' retrieved from /opt/airflow/dags/snowflake_pipeline_dag.py
[2026-04-01T08:04:53.726+0000] {logging_mixin.py:188} INFO - [2026-04-01T08:04:53.725+0000] {dag.py:3089} INFO - Sync 1 DAGs
[2026-04-01T08:04:53.781+0000] {logging_mixin.py:188} INFO - [2026-04-01T08:04:53.781+0000] {dag.py:3947} INFO - Setting next_dagrun for snowflake_realtime_pipeline to 2026-04-01 07:55:00+00:00, run_after=2026-04-01 08:00:00+00:00
[2026-04-01T08:04:53.846+0000] {processor.py:183} INFO - Processing /opt/airflow/dags/snowflake_pipeline_dag.py took 0.245 seconds
[2026-04-01T08:05:24.092+0000] {processor.py:161} INFO - Started process (PID=1623) to work on /opt/airflow/dags/snowflake_pipeline_dag.py
[2026-04-01T08:05:24.094+0000] {processor.py:830} INFO - Processing file /opt/airflow/dags/snowflake_pipeline_dag.py for tasks to queue
[2026-04-01T08:05:24.097+0000] {logging_mixin.py:188} INFO - [2026-04-01T08:05:24.097+0000] {dagbag.py:545} INFO - Filling up the DagBag from /opt/airflow/dags/snowflake_pipeline_dag.py
[2026-04-01T08:05:24.149+0000] {processor.py:840} INFO - DAG(s) 'snowflake_realtime_pipeline' retrieved from /opt/airflow/dags/snowflake_pipeline_dag.py
[2026-04-01T08:05:24.197+0000] {logging_mixin.py:188} INFO - [2026-04-01T08:05:24.197+0000] {dag.py:3089} INFO - Sync 1 DAGs
[2026-04-01T08:05:24.246+0000] {logging_mixin.py:188} INFO - [2026-04-01T08:05:24.245+0000] {dag.py:3947} INFO - Setting next_dagrun for snowflake_realtime_pipeline to 2026-04-01 08:00:00+00:00, run_after=2026-04-01 08:05:00+00:00
[2026-04-01T08:05:24.316+0000] {processor.py:183} INFO - Processing /opt/airflow/dags/snowflake_pipeline_dag.py took 0.239 seconds
[2026-04-01T08:05:54.710+0000] {processor.py:161} INFO - Started process (PID=1648) to work on /opt/airflow/dags/snowflake_pipeline_dag.py
[2026-04-01T08:05:54.712+0000] {processor.py:830} INFO - Processing file /opt/airflow/dags/snowflake_pipeline_dag.py for tasks to queue
[2026-04-01T08:05:54.715+0000] {logging_mixin.py:188} INFO - [2026-04-01T08:05:54.715+0000] {dagbag.py:545} INFO - Filling up the DagBag from /opt/airflow/dags/snowflake_pipeline_dag.py
[2026-04-01T08:05:54.769+0000] {processor.py:840} INFO - DAG(s) 'snowflake_realtime_pipeline' retrieved from /opt/airflow/dags/snowflake_pipeline_dag.py
[2026-04-01T08:05:54.816+0000] {logging_mixin.py:188} INFO - [2026-04-01T08:05:54.815+0000] {dag.py:3089} INFO - Sync 1 DAGs
[2026-04-01T08:05:54.861+0000] {logging_mixin.py:188} INFO - [2026-04-01T08:05:54.861+0000] {dag.py:3947} INFO - Setting next_dagrun for snowflake_realtime_pipeline to 2026-04-01 08:00:00+00:00, run_after=2026-04-01 08:05:00+00:00
[2026-04-01T08:05:54.921+0000] {processor.py:183} INFO - Processing /opt/airflow/dags/snowflake_pipeline_dag.py took 0.222 seconds
[2026-04-01T08:06:25.257+0000] {processor.py:161} INFO - Started process (PID=1673) to work on /opt/airflow/dags/snowflake_pipeline_dag.py
[2026-04-01T08:06:25.260+0000] {processor.py:830} INFO - Processing file /opt/airflow/dags/snowflake_pipeline_dag.py for tasks to queue
[2026-04-01T08:06:25.263+0000] {logging_mixin.py:188} INFO - [2026-04-01T08:06:25.263+0000] {dagbag.py:545} INFO - Filling up the DagBag from /opt/airflow/dags/snowflake_pipeline_dag.py
[2026-04-01T08:06:25.319+0000] {processor.py:840} INFO - DAG(s) 'snowflake_realtime_pipeline' retrieved from /opt/airflow/dags/snowflake_pipeline_dag.py
[2026-04-01T08:06:25.374+0000] {logging_mixin.py:188} INFO - [2026-04-01T08:06:25.374+0000] {dag.py:3089} INFO - Sync 1 DAGs
[2026-04-01T08:06:25.440+0000] {logging_mixin.py:188} INFO - [2026-04-01T08:06:25.440+0000] {dag.py:3947} INFO - Setting next_dagrun for snowflake_realtime_pipeline to 2026-04-01 08:00:00+00:00, run_after=2026-04-01 08:05:00+00:00
[2026-04-01T08:06:25.512+0000] {processor.py:183} INFO - Processing /opt/airflow/dags/snowflake_pipeline_dag.py took 0.270 seconds
[2026-04-01T08:06:55.911+0000] {processor.py:161} INFO - Started process (PID=1698) to work on /opt/airflow/dags/snowflake_pipeline_dag.py
[2026-04-01T08:06:55.914+0000] {processor.py:830} INFO - Processing file /opt/airflow/dags/snowflake_pipeline_dag.py for tasks to queue
[2026-04-01T08:06:55.919+0000] {logging_mixin.py:188} INFO - [2026-04-01T08:06:55.918+0000] {dagbag.py:545} INFO - Filling up the DagBag from /opt/airflow/dags/snowflake_pipeline_dag.py
[2026-04-01T08:06:55.986+0000] {processor.py:840} INFO - DAG(s) 'snowflake_realtime_pipeline' retrieved from /opt/airflow/dags/snowflake_pipeline_dag.py
[2026-04-01T08:06:56.049+0000] {logging_mixin.py:188} INFO - [2026-04-01T08:06:56.049+0000] {dag.py:3089} INFO - Sync 1 DAGs
[2026-04-01T08:06:56.110+0000] {logging_mixin.py:188} INFO - [2026-04-01T08:06:56.110+0000] {dag.py:3947} INFO - Setting next_dagrun for snowflake_realtime_pipeline to 2026-04-01 08:00:00+00:00, run_after=2026-04-01 08:05:00+00:00
[2026-04-01T08:06:56.181+0000] {processor.py:183} INFO - Processing /opt/airflow/dags/snowflake_pipeline_dag.py took 0.287 seconds
[2026-04-01T08:07:27.351+0000] {processor.py:161} INFO - Started process (PID=1723) to work on /opt/airflow/dags/snowflake_pipeline_dag.py
[2026-04-01T08:07:27.353+0000] {processor.py:830} INFO - Processing file /opt/airflow/dags/snowflake_pipeline_dag.py for tasks to queue
[2026-04-01T08:07:27.361+0000] {logging_mixin.py:188} INFO - [2026-04-01T08:07:27.360+0000] {dagbag.py:545} INFO - Filling up the DagBag from /opt/airflow/dags/snowflake_pipeline_dag.py
[2026-04-01T08:07:27.413+0000] {processor.py:840} INFO - DAG(s) 'snowflake_realtime_pipeline' retrieved from /opt/airflow/dags/snowflake_pipeline_dag.py
[2026-04-01T08:07:27.463+0000] {logging_mixin.py:188} INFO - [2026-04-01T08:07:27.463+0000] {dag.py:3089} INFO - Sync 1 DAGs
[2026-04-01T08:07:27.516+0000] {logging_mixin.py:188} INFO - [2026-04-01T08:07:27.515+0000] {dag.py:3947} INFO - Setting next_dagrun for snowflake_realtime_pipeline to 2026-04-01 08:00:00+00:00, run_after=2026-04-01 08:05:00+00:00
[2026-04-01T08:07:27.569+0000] {processor.py:183} INFO - Processing /opt/airflow/dags/snowflake_pipeline_dag.py took 0.229 seconds
[2026-04-01T08:07:57.897+0000] {processor.py:161} INFO - Started process (PID=1748) to work on /opt/airflow/dags/snowflake_pipeline_dag.py
[2026-04-01T08:07:57.899+0000] {processor.py:830} INFO - Processing file /opt/airflow/dags/snowflake_pipeline_dag.py for tasks to queue
[2026-04-01T08:07:57.903+0000] {logging_mixin.py:188} INFO - [2026-04-01T08:07:57.902+0000] {dagbag.py:545} INFO - Filling up the DagBag from /opt/airflow/dags/snowflake_pipeline_dag.py
[2026-04-01T08:07:57.951+0000] {processor.py:840} INFO - DAG(s) 'snowflake_realtime_pipeline' retrieved from /opt/airflow/dags/snowflake_pipeline_dag.py
[2026-04-01T08:07:58.006+0000] {logging_mixin.py:188} INFO - [2026-04-01T08:07:58.006+0000] {dag.py:3089} INFO - Sync 1 DAGs
[2026-04-01T08:07:58.060+0000] {logging_mixin.py:188} INFO - [2026-04-01T08:07:58.060+0000] {dag.py:3947} INFO - Setting next_dagrun for snowflake_realtime_pipeline to 2026-04-01 08:00:00+00:00, run_after=2026-04-01 08:05:00+00:00
[2026-04-01T08:07:58.100+0000] {processor.py:183} INFO - Processing /opt/airflow/dags/snowflake_pipeline_dag.py took 0.218 seconds
[2026-04-01T08:08:28.384+0000] {processor.py:161} INFO - Started process (PID=1773) to work on /opt/airflow/dags/snowflake_pipeline_dag.py
[2026-04-01T08:08:28.388+0000] {processor.py:830} INFO - Processing file /opt/airflow/dags/snowflake_pipeline_dag.py for tasks to queue
[2026-04-01T08:08:28.393+0000] {logging_mixin.py:188} INFO - [2026-04-01T08:08:28.392+0000] {dagbag.py:545} INFO - Filling up the DagBag from /opt/airflow/dags/snowflake_pipeline_dag.py
[2026-04-01T08:08:28.499+0000] {processor.py:840} INFO - DAG(s) 'snowflake_realtime_pipeline' retrieved from /opt/airflow/dags/snowflake_pipeline_dag.py
[2026-04-01T08:08:28.566+0000] {logging_mixin.py:188} INFO - [2026-04-01T08:08:28.566+0000] {dag.py:3089} INFO - Sync 1 DAGs
[2026-04-01T08:08:28.638+0000] {logging_mixin.py:188} INFO - [2026-04-01T08:08:28.637+0000] {dag.py:3947} INFO - Setting next_dagrun for snowflake_realtime_pipeline to 2026-04-01 08:00:00+00:00, run_after=2026-04-01 08:05:00+00:00
[2026-04-01T08:08:28.703+0000] {processor.py:183} INFO - Processing /opt/airflow/dags/snowflake_pipeline_dag.py took 0.340 seconds
[2026-04-01T08:08:58.864+0000] {processor.py:161} INFO - Started process (PID=1798) to work on /opt/airflow/dags/snowflake_pipeline_dag.py
[2026-04-01T08:08:58.866+0000] {processor.py:830} INFO - Processing file /opt/airflow/dags/snowflake_pipeline_dag.py for tasks to queue
[2026-04-01T08:08:58.870+0000] {logging_mixin.py:188} INFO - [2026-04-01T08:08:58.869+0000] {dagbag.py:545} INFO - Filling up the DagBag from /opt/airflow/dags/snowflake_pipeline_dag.py
[2026-04-01T08:08:58.925+0000] {processor.py:840} INFO - DAG(s) 'snowflake_realtime_pipeline' retrieved from /opt/airflow/dags/snowflake_pipeline_dag.py
[2026-04-01T08:08:58.975+0000] {logging_mixin.py:188} INFO - [2026-04-01T08:08:58.975+0000] {dag.py:3089} INFO - Sync 1 DAGs
[2026-04-01T08:08:59.024+0000] {logging_mixin.py:188} INFO - [2026-04-01T08:08:59.024+0000] {dag.py:3947} INFO - Setting next_dagrun for snowflake_realtime_pipeline to 2026-04-01 08:00:00+00:00, run_after=2026-04-01 08:05:00+00:00
[2026-04-01T08:08:59.084+0000] {processor.py:183} INFO - Processing /opt/airflow/dags/snowflake_pipeline_dag.py took 0.234 seconds
[2026-04-01T08:09:29.489+0000] {processor.py:161} INFO - Started process (PID=1823) to work on /opt/airflow/dags/snowflake_pipeline_dag.py
[2026-04-01T08:09:29.493+0000] {processor.py:830} INFO - Processing file /opt/airflow/dags/snowflake_pipeline_dag.py for tasks to queue
[2026-04-01T08:09:29.497+0000] {logging_mixin.py:188} INFO - [2026-04-01T08:09:29.497+0000] {dagbag.py:545} INFO - Filling up the DagBag from /opt/airflow/dags/snowflake_pipeline_dag.py
[2026-04-01T08:09:29.555+0000] {processor.py:840} INFO - DAG(s) 'snowflake_realtime_pipeline' retrieved from /opt/airflow/dags/snowflake_pipeline_dag.py
[2026-04-01T08:09:29.622+0000] {logging_mixin.py:188} INFO - [2026-04-01T08:09:29.621+0000] {dag.py:3089} INFO - Sync 1 DAGs
[2026-04-01T08:09:29.680+0000] {logging_mixin.py:188} INFO - [2026-04-01T08:09:29.680+0000] {dag.py:3947} INFO - Setting next_dagrun for snowflake_realtime_pipeline to 2026-04-01 08:00:00+00:00, run_after=2026-04-01 08:05:00+00:00
[2026-04-01T08:09:29.725+0000] {processor.py:183} INFO - Processing /opt/airflow/dags/snowflake_pipeline_dag.py took 0.252 seconds
[2026-04-01T08:09:59.936+0000] {processor.py:161} INFO - Started process (PID=1848) to work on /opt/airflow/dags/snowflake_pipeline_dag.py
[2026-04-01T08:09:59.939+0000] {processor.py:830} INFO - Processing file /opt/airflow/dags/snowflake_pipeline_dag.py for tasks to queue
[2026-04-01T08:09:59.943+0000] {logging_mixin.py:188} INFO - [2026-04-01T08:09:59.942+0000] {dagbag.py:545} INFO - Filling up the DagBag from /opt/airflow/dags/snowflake_pipeline_dag.py
[2026-04-01T08:10:00.009+0000] {processor.py:840} INFO - DAG(s) 'snowflake_realtime_pipeline' retrieved from /opt/airflow/dags/snowflake_pipeline_dag.py
[2026-04-01T08:10:00.163+0000] {logging_mixin.py:188} INFO - [2026-04-01T08:10:00.162+0000] {dag.py:3089} INFO - Sync 1 DAGs
[2026-04-01T08:10:00.230+0000] {logging_mixin.py:188} INFO - [2026-04-01T08:10:00.230+0000] {dag.py:3947} INFO - Setting next_dagrun for snowflake_realtime_pipeline to 2026-04-01 08:05:00+00:00, run_after=2026-04-01 08:10:00+00:00
[2026-04-01T08:10:00.308+0000] {processor.py:183} INFO - Processing /opt/airflow/dags/snowflake_pipeline_dag.py took 0.388 seconds
[2026-04-01T08:10:31.152+0000] {processor.py:161} INFO - Started process (PID=1873) to work on /opt/airflow/dags/snowflake_pipeline_dag.py
[2026-04-01T08:10:31.154+0000] {processor.py:830} INFO - Processing file /opt/airflow/dags/snowflake_pipeline_dag.py for tasks to queue
[2026-04-01T08:10:31.158+0000] {logging_mixin.py:188} INFO - [2026-04-01T08:10:31.157+0000] {dagbag.py:545} INFO - Filling up the DagBag from /opt/airflow/dags/snowflake_pipeline_dag.py
[2026-04-01T08:10:31.214+0000] {processor.py:840} INFO - DAG(s) 'snowflake_realtime_pipeline' retrieved from /opt/airflow/dags/snowflake_pipeline_dag.py
[2026-04-01T08:10:31.277+0000] {logging_mixin.py:188} INFO - [2026-04-01T08:10:31.277+0000] {dag.py:3089} INFO - Sync 1 DAGs
[2026-04-01T08:10:31.336+0000] {logging_mixin.py:188} INFO - [2026-04-01T08:10:31.336+0000] {dag.py:3947} INFO - Setting next_dagrun for snowflake_realtime_pipeline to 2026-04-01 08:05:00+00:00, run_after=2026-04-01 08:10:00+00:00
[2026-04-01T08:10:31.402+0000] {processor.py:183} INFO - Processing /opt/airflow/dags/snowflake_pipeline_dag.py took 0.262 seconds
[2026-04-01T08:11:01.786+0000] {processor.py:161} INFO - Started process (PID=1898) to work on /opt/airflow/dags/snowflake_pipeline_dag.py
[2026-04-01T08:11:01.788+0000] {processor.py:830} INFO - Processing file /opt/airflow/dags/snowflake_pipeline_dag.py for tasks to queue
[2026-04-01T08:11:01.791+0000] {logging_mixin.py:188} INFO - [2026-04-01T08:11:01.791+0000] {dagbag.py:545} INFO - Filling up the DagBag from /opt/airflow/dags/snowflake_pipeline_dag.py
[2026-04-01T08:11:01.843+0000] {processor.py:840} INFO - DAG(s) 'snowflake_realtime_pipeline' retrieved from /opt/airflow/dags/snowflake_pipeline_dag.py
[2026-04-01T08:11:01.887+0000] {logging_mixin.py:188} INFO - [2026-04-01T08:11:01.887+0000] {dag.py:3089} INFO - Sync 1 DAGs
[2026-04-01T08:11:01.935+0000] {logging_mixin.py:188} INFO - [2026-04-01T08:11:01.935+0000] {dag.py:3947} INFO - Setting next_dagrun for snowflake_realtime_pipeline to 2026-04-01 08:05:00+00:00, run_after=2026-04-01 08:10:00+00:00
[2026-04-01T08:11:01.995+0000] {processor.py:183} INFO - Processing /opt/airflow/dags/snowflake_pipeline_dag.py took 0.224 seconds
[2026-04-01T08:11:32.600+0000] {processor.py:161} INFO - Started process (PID=1923) to work on /opt/airflow/dags/snowflake_pipeline_dag.py
[2026-04-01T08:11:32.602+0000] {processor.py:830} INFO - Processing file /opt/airflow/dags/snowflake_pipeline_dag.py for tasks to queue
[2026-04-01T08:11:32.606+0000] {logging_mixin.py:188} INFO - [2026-04-01T08:11:32.606+0000] {dagbag.py:545} INFO - Filling up the DagBag from /opt/airflow/dags/snowflake_pipeline_dag.py
[2026-04-01T08:11:32.664+0000] {processor.py:840} INFO - DAG(s) 'snowflake_realtime_pipeline' retrieved from /opt/airflow/dags/snowflake_pipeline_dag.py
[2026-04-01T08:11:32.717+0000] {logging_mixin.py:188} INFO - [2026-04-01T08:11:32.717+0000] {dag.py:3089} INFO - Sync 1 DAGs
[2026-04-01T08:11:32.772+0000] {logging_mixin.py:188} INFO - [2026-04-01T08:11:32.771+0000] {dag.py:3947} INFO - Setting next_dagrun for snowflake_realtime_pipeline to 2026-04-01 08:05:00+00:00, run_after=2026-04-01 08:10:00+00:00
[2026-04-01T08:11:32.839+0000] {processor.py:183} INFO - Processing /opt/airflow/dags/snowflake_pipeline_dag.py took 0.254 seconds
[2026-04-01T08:12:03.248+0000] {processor.py:161} INFO - Started process (PID=1948) to work on /opt/airflow/dags/snowflake_pipeline_dag.py
[2026-04-01T08:12:03.253+0000] {processor.py:830} INFO - Processing file /opt/airflow/dags/snowflake_pipeline_dag.py for tasks to queue
[2026-04-01T08:12:03.262+0000] {logging_mixin.py:188} INFO - [2026-04-01T08:12:03.260+0000] {dagbag.py:545} INFO - Filling up the DagBag from /opt/airflow/dags/snowflake_pipeline_dag.py
[2026-04-01T08:12:03.392+0000] {processor.py:840} INFO - DAG(s) 'snowflake_realtime_pipeline' retrieved from /opt/airflow/dags/snowflake_pipeline_dag.py
[2026-04-01T08:12:03.524+0000] {logging_mixin.py:188} INFO - [2026-04-01T08:12:03.523+0000] {dag.py:3089} INFO - Sync 1 DAGs
[2026-04-01T08:12:03.590+0000] {logging_mixin.py:188} INFO - [2026-04-01T08:12:03.589+0000] {dag.py:3947} INFO - Setting next_dagrun for snowflake_realtime_pipeline to 2026-04-01 08:05:00+00:00, run_after=2026-04-01 08:10:00+00:00
[2026-04-01T08:12:03.631+0000] {processor.py:183} INFO - Processing /opt/airflow/dags/snowflake_pipeline_dag.py took 0.411 seconds
[2026-04-01T08:12:34.077+0000] {processor.py:161} INFO - Started process (PID=1973) to work on /opt/airflow/dags/snowflake_pipeline_dag.py
[2026-04-01T08:12:34.080+0000] {processor.py:830} INFO - Processing file /opt/airflow/dags/snowflake_pipeline_dag.py for tasks to queue
[2026-04-01T08:12:34.083+0000] {logging_mixin.py:188} INFO - [2026-04-01T08:12:34.083+0000] {dagbag.py:545} INFO - Filling up the DagBag from /opt/airflow/dags/snowflake_pipeline_dag.py
[2026-04-01T08:12:34.137+0000] {processor.py:840} INFO - DAG(s) 'snowflake_realtime_pipeline' retrieved from /opt/airflow/dags/snowflake_pipeline_dag.py
[2026-04-01T08:12:34.192+0000] {logging_mixin.py:188} INFO - [2026-04-01T08:12:34.191+0000] {dag.py:3089} INFO - Sync 1 DAGs
[2026-04-01T08:12:34.245+0000] {logging_mixin.py:188} INFO - [2026-04-01T08:12:34.244+0000] {dag.py:3947} INFO - Setting next_dagrun for snowflake_realtime_pipeline to 2026-04-01 08:05:00+00:00, run_after=2026-04-01 08:10:00+00:00
[2026-04-01T08:12:34.310+0000] {processor.py:183} INFO - Processing /opt/airflow/dags/snowflake_pipeline_dag.py took 0.245 seconds
[2026-04-01T08:13:04.445+0000] {processor.py:161} INFO - Started process (PID=1998) to work on /opt/airflow/dags/snowflake_pipeline_dag.py
[2026-04-01T08:13:04.447+0000] {processor.py:830} INFO - Processing file /opt/airflow/dags/snowflake_pipeline_dag.py for tasks to queue
[2026-04-01T08:13:04.451+0000] {logging_mixin.py:188} INFO - [2026-04-01T08:13:04.450+0000] {dagbag.py:545} INFO - Filling up the DagBag from /opt/airflow/dags/snowflake_pipeline_dag.py
[2026-04-01T08:13:04.512+0000] {processor.py:840} INFO - DAG(s) 'snowflake_realtime_pipeline' retrieved from /opt/airflow/dags/snowflake_pipeline_dag.py
[2026-04-01T08:13:04.563+0000] {logging_mixin.py:188} INFO - [2026-04-01T08:13:04.563+0000] {dag.py:3089} INFO - Sync 1 DAGs
[2026-04-01T08:13:04.613+0000] {logging_mixin.py:188} INFO - [2026-04-01T08:13:04.613+0000] {dag.py:3947} INFO - Setting next_dagrun for snowflake_realtime_pipeline to 2026-04-01 08:05:00+00:00, run_after=2026-04-01 08:10:00+00:00
[2026-04-01T08:13:04.674+0000] {processor.py:183} INFO - Processing /opt/airflow/dags/snowflake_pipeline_dag.py took 0.245 seconds
[2026-04-01T08:13:35.111+0000] {processor.py:161} INFO - Started process (PID=2023) to work on /opt/airflow/dags/snowflake_pipeline_dag.py
[2026-04-01T08:13:35.113+0000] {processor.py:830} INFO - Processing file /opt/airflow/dags/snowflake_pipeline_dag.py for tasks to queue
[2026-04-01T08:13:35.116+0000] {logging_mixin.py:188} INFO - [2026-04-01T08:13:35.116+0000] {dagbag.py:545} INFO - Filling up the DagBag from /opt/airflow/dags/snowflake_pipeline_dag.py
[2026-04-01T08:13:35.171+0000] {processor.py:840} INFO - DAG(s) 'snowflake_realtime_pipeline' retrieved from /opt/airflow/dags/snowflake_pipeline_dag.py
[2026-04-01T08:13:35.221+0000] {logging_mixin.py:188} INFO - [2026-04-01T08:13:35.220+0000] {dag.py:3089} INFO - Sync 1 DAGs
[2026-04-01T08:13:35.274+0000] {logging_mixin.py:188} INFO - [2026-04-01T08:13:35.273+0000] {dag.py:3947} INFO - Setting next_dagrun for snowflake_realtime_pipeline to 2026-04-01 08:05:00+00:00, run_after=2026-04-01 08:10:00+00:00
[2026-04-01T08:13:35.318+0000] {processor.py:183} INFO - Processing /opt/airflow/dags/snowflake_pipeline_dag.py took 0.219 seconds
[2026-04-01T08:14:05.528+0000] {processor.py:161} INFO - Started process (PID=2048) to work on /opt/airflow/dags/snowflake_pipeline_dag.py
[2026-04-01T08:14:05.531+0000] {processor.py:830} INFO - Processing file /opt/airflow/dags/snowflake_pipeline_dag.py for tasks to queue
[2026-04-01T08:14:05.535+0000] {logging_mixin.py:188} INFO - [2026-04-01T08:14:05.534+0000] {dagbag.py:545} INFO - Filling up the DagBag from /opt/airflow/dags/snowflake_pipeline_dag.py
[2026-04-01T08:14:05.595+0000] {processor.py:840} INFO - DAG(s) 'snowflake_realtime_pipeline' retrieved from /opt/airflow/dags/snowflake_pipeline_dag.py
[2026-04-01T08:14:05.655+0000] {logging_mixin.py:188} INFO - [2026-04-01T08:14:05.654+0000] {dag.py:3089} INFO - Sync 1 DAGs
[2026-04-01T08:14:05.709+0000] {logging_mixin.py:188} INFO - [2026-04-01T08:14:05.709+0000] {dag.py:3947} INFO - Setting next_dagrun for snowflake_realtime_pipeline to 2026-04-01 08:05:00+00:00, run_after=2026-04-01 08:10:00+00:00
[2026-04-01T08:14:05.751+0000] {processor.py:183} INFO - Processing /opt/airflow/dags/snowflake_pipeline_dag.py took 0.241 seconds
[2026-04-01T08:14:36.027+0000] {processor.py:161} INFO - Started process (PID=2073) to work on /opt/airflow/dags/snowflake_pipeline_dag.py
[2026-04-01T08:14:36.029+0000] {processor.py:830} INFO - Processing file /opt/airflow/dags/snowflake_pipeline_dag.py for tasks to queue
[2026-04-01T08:14:36.033+0000] {logging_mixin.py:188} INFO - [2026-04-01T08:14:36.033+0000] {dagbag.py:545} INFO - Filling up the DagBag from /opt/airflow/dags/snowflake_pipeline_dag.py
[2026-04-01T08:14:36.084+0000] {processor.py:840} INFO - DAG(s) 'snowflake_realtime_pipeline' retrieved from /opt/airflow/dags/snowflake_pipeline_dag.py
[2026-04-01T08:14:36.143+0000] {logging_mixin.py:188} INFO - [2026-04-01T08:14:36.143+0000] {dag.py:3089} INFO - Sync 1 DAGs
[2026-04-01T08:14:36.211+0000] {logging_mixin.py:188} INFO - [2026-04-01T08:14:36.210+0000] {dag.py:3947} INFO - Setting next_dagrun for snowflake_realtime_pipeline to 2026-04-01 08:05:00+00:00, run_after=2026-04-01 08:10:00+00:00
[2026-04-01T08:14:36.259+0000] {processor.py:183} INFO - Processing /opt/airflow/dags/snowflake_pipeline_dag.py took 0.244 seconds
[2026-04-01T08:15:06.638+0000] {processor.py:161} INFO - Started process (PID=2098) to work on /opt/airflow/dags/snowflake_pipeline_dag.py
[2026-04-01T08:15:06.640+0000] {processor.py:830} INFO - Processing file /opt/airflow/dags/snowflake_pipeline_dag.py for tasks to queue
[2026-04-01T08:15:06.645+0000] {logging_mixin.py:188} INFO - [2026-04-01T08:15:06.644+0000] {dagbag.py:545} INFO - Filling up the DagBag from /opt/airflow/dags/snowflake_pipeline_dag.py
[2026-04-01T08:15:06.703+0000] {processor.py:840} INFO - DAG(s) 'snowflake_realtime_pipeline' retrieved from /opt/airflow/dags/snowflake_pipeline_dag.py
[2026-04-01T08:15:06.758+0000] {logging_mixin.py:188} INFO - [2026-04-01T08:15:06.757+0000] {dag.py:3089} INFO - Sync 1 DAGs
[2026-04-01T08:15:06.814+0000] {logging_mixin.py:188} INFO - [2026-04-01T08:15:06.813+0000] {dag.py:3947} INFO - Setting next_dagrun for snowflake_realtime_pipeline to 2026-04-01 08:10:00+00:00, run_after=2026-04-01 08:15:00+00:00
[2026-04-01T08:15:06.859+0000] {processor.py:183} INFO - Processing /opt/airflow/dags/snowflake_pipeline_dag.py took 0.238 seconds
[2026-04-01T08:15:37.090+0000] {processor.py:161} INFO - Started process (PID=2123) to work on /opt/airflow/dags/snowflake_pipeline_dag.py
[2026-04-01T08:15:37.093+0000] {processor.py:830} INFO - Processing file /opt/airflow/dags/snowflake_pipeline_dag.py for tasks to queue
[2026-04-01T08:15:37.100+0000] {logging_mixin.py:188} INFO - [2026-04-01T08:15:37.100+0000] {dagbag.py:545} INFO - Filling up the DagBag from /opt/airflow/dags/snowflake_pipeline_dag.py
[2026-04-01T08:15:37.153+0000] {processor.py:840} INFO - DAG(s) 'snowflake_realtime_pipeline' retrieved from /opt/airflow/dags/snowflake_pipeline_dag.py
[2026-04-01T08:15:37.207+0000] {logging_mixin.py:188} INFO - [2026-04-01T08:15:37.206+0000] {dag.py:3089} INFO - Sync 1 DAGs
[2026-04-01T08:15:37.262+0000] {logging_mixin.py:188} INFO - [2026-04-01T08:15:37.261+0000] {dag.py:3947} INFO - Setting next_dagrun for snowflake_realtime_pipeline to 2026-04-01 08:10:00+00:00, run_after=2026-04-01 08:15:00+00:00
[2026-04-01T08:15:37.322+0000] {processor.py:183} INFO - Processing /opt/airflow/dags/snowflake_pipeline_dag.py took 0.253 seconds
[2026-04-01T08:16:07.645+0000] {processor.py:161} INFO - Started process (PID=2148) to work on /opt/airflow/dags/snowflake_pipeline_dag.py
[2026-04-01T08:16:07.647+0000] {processor.py:830} INFO - Processing file /opt/airflow/dags/snowflake_pipeline_dag.py for tasks to queue
[2026-04-01T08:16:07.650+0000] {logging_mixin.py:188} INFO - [2026-04-01T08:16:07.650+0000] {dagbag.py:545} INFO - Filling up the DagBag from /opt/airflow/dags/snowflake_pipeline_dag.py
[2026-04-01T08:16:07.707+0000] {processor.py:840} INFO - DAG(s) 'snowflake_realtime_pipeline' retrieved from /opt/airflow/dags/snowflake_pipeline_dag.py
[2026-04-01T08:16:07.766+0000] {logging_mixin.py:188} INFO - [2026-04-01T08:16:07.765+0000] {dag.py:3089} INFO - Sync 1 DAGs
[2026-04-01T08:16:07.821+0000] {logging_mixin.py:188} INFO - [2026-04-01T08:16:07.821+0000] {dag.py:3947} INFO - Setting next_dagrun for snowflake_realtime_pipeline to 2026-04-01 08:10:00+00:00, run_after=2026-04-01 08:15:00+00:00
[2026-04-01T08:16:07.864+0000] {processor.py:183} INFO - Processing /opt/airflow/dags/snowflake_pipeline_dag.py took 0.232 seconds
[2026-04-01T08:16:38.025+0000] {processor.py:161} INFO - Started process (PID=2173) to work on /opt/airflow/dags/snowflake_pipeline_dag.py
[2026-04-01T08:16:38.027+0000] {processor.py:830} INFO - Processing file /opt/airflow/dags/snowflake_pipeline_dag.py for tasks to queue
[2026-04-01T08:16:38.031+0000] {logging_mixin.py:188} INFO - [2026-04-01T08:16:38.030+0000] {dagbag.py:545} INFO - Filling up the DagBag from /opt/airflow/dags/snowflake_pipeline_dag.py
[2026-04-01T08:16:38.083+0000] {processor.py:840} INFO - DAG(s) 'snowflake_realtime_pipeline' retrieved from /opt/airflow/dags/snowflake_pipeline_dag.py
[2026-04-01T08:16:38.133+0000] {logging_mixin.py:188} INFO - [2026-04-01T08:16:38.133+0000] {dag.py:3089} INFO - Sync 1 DAGs
[2026-04-01T08:16:38.186+0000] {logging_mixin.py:188} INFO - [2026-04-01T08:16:38.186+0000] {dag.py:3947} INFO - Setting next_dagrun for snowflake_realtime_pipeline to 2026-04-01 08:10:00+00:00, run_after=2026-04-01 08:15:00+00:00
[2026-04-01T08:16:38.227+0000] {processor.py:183} INFO - Processing /opt/airflow/dags/snowflake_pipeline_dag.py took 0.216 seconds
[2026-04-01T08:17:08.475+0000] {processor.py:161} INFO - Started process (PID=2198) to work on /opt/airflow/dags/snowflake_pipeline_dag.py
[2026-04-01T08:17:08.477+0000] {processor.py:830} INFO - Processing file /opt/airflow/dags/snowflake_pipeline_dag.py for tasks to queue
[2026-04-01T08:17:08.481+0000] {logging_mixin.py:188} INFO - [2026-04-01T08:17:08.481+0000] {dagbag.py:545} INFO - Filling up the DagBag from /opt/airflow/dags/snowflake_pipeline_dag.py
[2026-04-01T08:17:08.536+0000] {processor.py:840} INFO - DAG(s) 'snowflake_realtime_pipeline' retrieved from /opt/airflow/dags/snowflake_pipeline_dag.py
[2026-04-01T08:17:08.610+0000] {logging_mixin.py:188} INFO - [2026-04-01T08:17:08.610+0000] {dag.py:3089} INFO - Sync 1 DAGs
[2026-04-01T08:17:08.673+0000] {logging_mixin.py:188} INFO - [2026-04-01T08:17:08.673+0000] {dag.py:3947} INFO - Setting next_dagrun for snowflake_realtime_pipeline to 2026-04-01 08:10:00+00:00, run_after=2026-04-01 08:15:00+00:00
[2026-04-01T08:17:08.746+0000] {processor.py:183} INFO - Processing /opt/airflow/dags/snowflake_pipeline_dag.py took 0.286 seconds
[2026-04-01T08:17:38.947+0000] {processor.py:161} INFO - Started process (PID=2223) to work on /opt/airflow/dags/snowflake_pipeline_dag.py
[2026-04-01T08:17:38.950+0000] {processor.py:830} INFO - Processing file /opt/airflow/dags/snowflake_pipeline_dag.py for tasks to queue
[2026-04-01T08:17:38.956+0000] {logging_mixin.py:188} INFO - [2026-04-01T08:17:38.955+0000] {dagbag.py:545} INFO - Filling up the DagBag from /opt/airflow/dags/snowflake_pipeline_dag.py
[2026-04-01T08:17:39.018+0000] {processor.py:840} INFO - DAG(s) 'snowflake_realtime_pipeline' retrieved from /opt/airflow/dags/snowflake_pipeline_dag.py
[2026-04-01T08:17:39.092+0000] {logging_mixin.py:188} INFO - [2026-04-01T08:17:39.091+0000] {dag.py:3089} INFO - Sync 1 DAGs
[2026-04-01T08:17:39.168+0000] {logging_mixin.py:188} INFO - [2026-04-01T08:17:39.167+0000] {dag.py:3947} INFO - Setting next_dagrun for snowflake_realtime_pipeline to 2026-04-01 08:10:00+00:00, run_after=2026-04-01 08:15:00+00:00
[2026-04-01T08:17:39.242+0000] {processor.py:183} INFO - Processing /opt/airflow/dags/snowflake_pipeline_dag.py took 0.312 seconds
[2026-04-01T08:18:09.661+0000] {processor.py:161} INFO - Started process (PID=2248) to work on /opt/airflow/dags/snowflake_pipeline_dag.py
[2026-04-01T08:18:09.663+0000] {processor.py:830} INFO - Processing file /opt/airflow/dags/snowflake_pipeline_dag.py for tasks to queue
[2026-04-01T08:18:09.667+0000] {logging_mixin.py:188} INFO - [2026-04-01T08:18:09.666+0000] {dagbag.py:545} INFO - Filling up the DagBag from /opt/airflow/dags/snowflake_pipeline_dag.py
[2026-04-01T08:18:09.726+0000] {processor.py:840} INFO - DAG(s) 'snowflake_realtime_pipeline' retrieved from /opt/airflow/dags/snowflake_pipeline_dag.py
[2026-04-01T08:18:09.776+0000] {logging_mixin.py:188} INFO - [2026-04-01T08:18:09.775+0000] {dag.py:3089} INFO - Sync 1 DAGs
[2026-04-01T08:18:09.829+0000] {logging_mixin.py:188} INFO - [2026-04-01T08:18:09.828+0000] {dag.py:3947} INFO - Setting next_dagrun for snowflake_realtime_pipeline to 2026-04-01 08:10:00+00:00, run_after=2026-04-01 08:15:00+00:00
[2026-04-01T08:18:09.878+0000] {processor.py:183} INFO - Processing /opt/airflow/dags/snowflake_pipeline_dag.py took 0.231 seconds
[2026-04-01T08:18:40.109+0000] {processor.py:161} INFO - Started process (PID=2273) to work on /opt/airflow/dags/snowflake_pipeline_dag.py
[2026-04-01T08:18:40.111+0000] {processor.py:830} INFO - Processing file /opt/airflow/dags/snowflake_pipeline_dag.py for tasks to queue
[2026-04-01T08:18:40.115+0000] {logging_mixin.py:188} INFO - [2026-04-01T08:18:40.114+0000] {dagbag.py:545} INFO - Filling up the DagBag from /opt/airflow/dags/snowflake_pipeline_dag.py
[2026-04-01T08:18:40.162+0000] {processor.py:840} INFO - DAG(s) 'snowflake_realtime_pipeline' retrieved from /opt/airflow/dags/snowflake_pipeline_dag.py
[2026-04-01T08:18:40.210+0000] {logging_mixin.py:188} INFO - [2026-04-01T08:18:40.210+0000] {dag.py:3089} INFO - Sync 1 DAGs
[2026-04-01T08:18:40.252+0000] {logging_mixin.py:188} INFO - [2026-04-01T08:18:40.252+0000] {dag.py:3947} INFO - Setting next_dagrun for snowflake_realtime_pipeline to 2026-04-01 08:10:00+00:00, run_after=2026-04-01 08:15:00+00:00
[2026-04-01T08:18:40.289+0000] {processor.py:183} INFO - Processing /opt/airflow/dags/snowflake_pipeline_dag.py took 0.190 seconds
[2026-04-01T08:19:10.458+0000] {processor.py:161} INFO - Started process (PID=2298) to work on /opt/airflow/dags/snowflake_pipeline_dag.py
[2026-04-01T08:19:10.463+0000] {processor.py:830} INFO - Processing file /opt/airflow/dags/snowflake_pipeline_dag.py for tasks to queue
[2026-04-01T08:19:10.467+0000] {logging_mixin.py:188} INFO - [2026-04-01T08:19:10.466+0000] {dagbag.py:545} INFO - Filling up the DagBag from /opt/airflow/dags/snowflake_pipeline_dag.py
[2026-04-01T08:19:10.518+0000] {processor.py:840} INFO - DAG(s) 'snowflake_realtime_pipeline' retrieved from /opt/airflow/dags/snowflake_pipeline_dag.py
[2026-04-01T08:19:10.571+0000] {logging_mixin.py:188} INFO - [2026-04-01T08:19:10.571+0000] {dag.py:3089} INFO - Sync 1 DAGs
[2026-04-01T08:19:10.627+0000] {logging_mixin.py:188} INFO - [2026-04-01T08:19:10.627+0000] {dag.py:3947} INFO - Setting next_dagrun for snowflake_realtime_pipeline to 2026-04-01 08:10:00+00:00, run_after=2026-04-01 08:15:00+00:00
[2026-04-01T08:19:10.669+0000] {processor.py:183} INFO - Processing /opt/airflow/dags/snowflake_pipeline_dag.py took 0.228 seconds
[2026-04-01T08:19:40.767+0000] {processor.py:161} INFO - Started process (PID=2323) to work on /opt/airflow/dags/snowflake_pipeline_dag.py
[2026-04-01T08:19:40.769+0000] {processor.py:830} INFO - Processing file /opt/airflow/dags/snowflake_pipeline_dag.py for tasks to queue
[2026-04-01T08:19:40.773+0000] {logging_mixin.py:188} INFO - [2026-04-01T08:19:40.772+0000] {dagbag.py:545} INFO - Filling up the DagBag from /opt/airflow/dags/snowflake_pipeline_dag.py
[2026-04-01T08:19:40.828+0000] {processor.py:840} INFO - DAG(s) 'snowflake_realtime_pipeline' retrieved from /opt/airflow/dags/snowflake_pipeline_dag.py
[2026-04-01T08:19:40.879+0000] {logging_mixin.py:188} INFO - [2026-04-01T08:19:40.879+0000] {dag.py:3089} INFO - Sync 1 DAGs
[2026-04-01T08:19:40.934+0000] {logging_mixin.py:188} INFO - [2026-04-01T08:19:40.934+0000] {dag.py:3947} INFO - Setting next_dagrun for snowflake_realtime_pipeline to 2026-04-01 08:10:00+00:00, run_after=2026-04-01 08:15:00+00:00
[2026-04-01T08:19:40.975+0000] {processor.py:183} INFO - Processing /opt/airflow/dags/snowflake_pipeline_dag.py took 0.220 seconds
[2026-04-01T08:20:11.221+0000] {processor.py:161} INFO - Started process (PID=2348) to work on /opt/airflow/dags/snowflake_pipeline_dag.py
[2026-04-01T08:20:11.225+0000] {processor.py:830} INFO - Processing file /opt/airflow/dags/snowflake_pipeline_dag.py for tasks to queue
[2026-04-01T08:20:11.231+0000] {logging_mixin.py:188} INFO - [2026-04-01T08:20:11.230+0000] {dagbag.py:545} INFO - Filling up the DagBag from /opt/airflow/dags/snowflake_pipeline_dag.py
[2026-04-01T08:20:11.280+0000] {processor.py:840} INFO - DAG(s) 'snowflake_realtime_pipeline' retrieved from /opt/airflow/dags/snowflake_pipeline_dag.py
[2026-04-01T08:20:11.349+0000] {logging_mixin.py:188} INFO - [2026-04-01T08:20:11.348+0000] {dag.py:3089} INFO - Sync 1 DAGs
[2026-04-01T08:20:11.411+0000] {logging_mixin.py:188} INFO - [2026-04-01T08:20:11.411+0000] {dag.py:3947} INFO - Setting next_dagrun for snowflake_realtime_pipeline to 2026-04-01 08:15:00+00:00, run_after=2026-04-01 08:20:00+00:00
[2026-04-01T08:20:11.473+0000] {processor.py:183} INFO - Processing /opt/airflow/dags/snowflake_pipeline_dag.py took 0.271 seconds
[2026-04-01T08:20:41.712+0000] {processor.py:161} INFO - Started process (PID=2373) to work on /opt/airflow/dags/snowflake_pipeline_dag.py
[2026-04-01T08:20:41.715+0000] {processor.py:830} INFO - Processing file /opt/airflow/dags/snowflake_pipeline_dag.py for tasks to queue
[2026-04-01T08:20:41.718+0000] {logging_mixin.py:188} INFO - [2026-04-01T08:20:41.718+0000] {dagbag.py:545} INFO - Filling up the DagBag from /opt/airflow/dags/snowflake_pipeline_dag.py
[2026-04-01T08:20:41.771+0000] {processor.py:840} INFO - DAG(s) 'snowflake_realtime_pipeline' retrieved from /opt/airflow/dags/snowflake_pipeline_dag.py
[2026-04-01T08:20:41.824+0000] {logging_mixin.py:188} INFO - [2026-04-01T08:20:41.823+0000] {dag.py:3089} INFO - Sync 1 DAGs
[2026-04-01T08:20:41.869+0000] {logging_mixin.py:188} INFO - [2026-04-01T08:20:41.868+0000] {dag.py:3947} INFO - Setting next_dagrun for snowflake_realtime_pipeline to 2026-04-01 08:15:00+00:00, run_after=2026-04-01 08:20:00+00:00
[2026-04-01T08:20:41.934+0000] {processor.py:183} INFO - Processing /opt/airflow/dags/snowflake_pipeline_dag.py took 0.239 seconds
[2026-04-01T08:21:12.063+0000] {processor.py:161} INFO - Started process (PID=2398) to work on /opt/airflow/dags/snowflake_pipeline_dag.py
[2026-04-01T08:21:12.065+0000] {processor.py:830} INFO - Processing file /opt/airflow/dags/snowflake_pipeline_dag.py for tasks to queue
[2026-04-01T08:21:12.074+0000] {logging_mixin.py:188} INFO - [2026-04-01T08:21:12.073+0000] {dagbag.py:545} INFO - Filling up the DagBag from /opt/airflow/dags/snowflake_pipeline_dag.py
[2026-04-01T08:21:12.137+0000] {processor.py:840} INFO - DAG(s) 'snowflake_realtime_pipeline' retrieved from /opt/airflow/dags/snowflake_pipeline_dag.py
[2026-04-01T08:21:12.208+0000] {logging_mixin.py:188} INFO - [2026-04-01T08:21:12.207+0000] {dag.py:3089} INFO - Sync 1 DAGs
[2026-04-01T08:21:12.271+0000] {logging_mixin.py:188} INFO - [2026-04-01T08:21:12.270+0000] {dag.py:3947} INFO - Setting next_dagrun for snowflake_realtime_pipeline to 2026-04-01 08:15:00+00:00, run_after=2026-04-01 08:20:00+00:00
[2026-04-01T08:21:12.339+0000] {processor.py:183} INFO - Processing /opt/airflow/dags/snowflake_pipeline_dag.py took 0.294 seconds
[2026-04-01T08:21:43.235+0000] {processor.py:161} INFO - Started process (PID=2423) to work on /opt/airflow/dags/snowflake_pipeline_dag.py
[2026-04-01T08:21:43.238+0000] {processor.py:830} INFO - Processing file /opt/airflow/dags/snowflake_pipeline_dag.py for tasks to queue
[2026-04-01T08:21:43.241+0000] {logging_mixin.py:188} INFO - [2026-04-01T08:21:43.241+0000] {dagbag.py:545} INFO - Filling up the DagBag from /opt/airflow/dags/snowflake_pipeline_dag.py
[2026-04-01T08:21:43.294+0000] {processor.py:840} INFO - DAG(s) 'snowflake_realtime_pipeline' retrieved from /opt/airflow/dags/snowflake_pipeline_dag.py
[2026-04-01T08:21:43.354+0000] {logging_mixin.py:188} INFO - [2026-04-01T08:21:43.354+0000] {dag.py:3089} INFO - Sync 1 DAGs
[2026-04-01T08:21:43.397+0000] {logging_mixin.py:188} INFO - [2026-04-01T08:21:43.396+0000] {dag.py:3947} INFO - Setting next_dagrun for snowflake_realtime_pipeline to 2026-04-01 08:15:00+00:00, run_after=2026-04-01 08:20:00+00:00
[2026-04-01T08:21:43.438+0000] {processor.py:183} INFO - Processing /opt/airflow/dags/snowflake_pipeline_dag.py took 0.216 seconds
[2026-04-01T08:22:13.654+0000] {processor.py:161} INFO - Started process (PID=2448) to work on /opt/airflow/dags/snowflake_pipeline_dag.py
[2026-04-01T08:22:13.657+0000] {processor.py:830} INFO - Processing file /opt/airflow/dags/snowflake_pipeline_dag.py for tasks to queue
[2026-04-01T08:22:13.660+0000] {logging_mixin.py:188} INFO - [2026-04-01T08:22:13.659+0000] {dagbag.py:545} INFO - Filling up the DagBag from /opt/airflow/dags/snowflake_pipeline_dag.py
[2026-04-01T08:22:13.713+0000] {processor.py:840} INFO - DAG(s) 'snowflake_realtime_pipeline' retrieved from /opt/airflow/dags/snowflake_pipeline_dag.py
[2026-04-01T08:22:13.773+0000] {logging_mixin.py:188} INFO - [2026-04-01T08:22:13.772+0000] {dag.py:3089} INFO - Sync 1 DAGs
[2026-04-01T08:22:13.827+0000] {logging_mixin.py:188} INFO - [2026-04-01T08:22:13.827+0000] {dag.py:3947} INFO - Setting next_dagrun for snowflake_realtime_pipeline to 2026-04-01 08:15:00+00:00, run_after=2026-04-01 08:20:00+00:00
[2026-04-01T08:22:13.887+0000] {processor.py:183} INFO - Processing /opt/airflow/dags/snowflake_pipeline_dag.py took 0.246 seconds
[2026-04-01T08:22:44.756+0000] {processor.py:161} INFO - Started process (PID=2473) to work on /opt/airflow/dags/snowflake_pipeline_dag.py
[2026-04-01T08:22:44.758+0000] {processor.py:830} INFO - Processing file /opt/airflow/dags/snowflake_pipeline_dag.py for tasks to queue
[2026-04-01T08:22:44.764+0000] {logging_mixin.py:188} INFO - [2026-04-01T08:22:44.763+0000] {dagbag.py:545} INFO - Filling up the DagBag from /opt/airflow/dags/snowflake_pipeline_dag.py
[2026-04-01T08:22:44.820+0000] {processor.py:840} INFO - DAG(s) 'snowflake_realtime_pipeline' retrieved from /opt/airflow/dags/snowflake_pipeline_dag.py
[2026-04-01T08:22:44.885+0000] {logging_mixin.py:188} INFO - [2026-04-01T08:22:44.884+0000] {dag.py:3089} INFO - Sync 1 DAGs
[2026-04-01T08:22:44.955+0000] {logging_mixin.py:188} INFO - [2026-04-01T08:22:44.954+0000] {dag.py:3947} INFO - Setting next_dagrun for snowflake_realtime_pipeline to 2026-04-01 08:15:00+00:00, run_after=2026-04-01 08:20:00+00:00
[2026-04-01T08:22:45.025+0000] {processor.py:183} INFO - Processing /opt/airflow/dags/snowflake_pipeline_dag.py took 0.286 seconds
[2026-04-01T08:23:15.145+0000] {processor.py:161} INFO - Started process (PID=2498) to work on /opt/airflow/dags/snowflake_pipeline_dag.py
[2026-04-01T08:23:15.147+0000] {processor.py:830} INFO - Processing file /opt/airflow/dags/snowflake_pipeline_dag.py for tasks to queue
[2026-04-01T08:23:15.150+0000] {logging_mixin.py:188} INFO - [2026-04-01T08:23:15.149+0000] {dagbag.py:545} INFO - Filling up the DagBag from /opt/airflow/dags/snowflake_pipeline_dag.py
[2026-04-01T08:23:15.195+0000] {processor.py:840} INFO - DAG(s) 'snowflake_realtime_pipeline' retrieved from /opt/airflow/dags/snowflake_pipeline_dag.py
[2026-04-01T08:23:15.235+0000] {logging_mixin.py:188} INFO - [2026-04-01T08:23:15.235+0000] {dag.py:3089} INFO - Sync 1 DAGs
[2026-04-01T08:23:15.275+0000] {logging_mixin.py:188} INFO - [2026-04-01T08:23:15.275+0000] {dag.py:3947} INFO - Setting next_dagrun for snowflake_realtime_pipeline to 2026-04-01 08:15:00+00:00, run_after=2026-04-01 08:20:00+00:00
[2026-04-01T08:23:15.326+0000] {processor.py:183} INFO - Processing /opt/airflow/dags/snowflake_pipeline_dag.py took 0.192 seconds
[2026-04-01T08:23:45.605+0000] {processor.py:161} INFO - Started process (PID=2523) to work on /opt/airflow/dags/snowflake_pipeline_dag.py
[2026-04-01T08:23:45.607+0000] {processor.py:830} INFO - Processing file /opt/airflow/dags/snowflake_pipeline_dag.py for tasks to queue
[2026-04-01T08:23:45.614+0000] {logging_mixin.py:188} INFO - [2026-04-01T08:23:45.612+0000] {dagbag.py:545} INFO - Filling up the DagBag from /opt/airflow/dags/snowflake_pipeline_dag.py
[2026-04-01T08:23:45.673+0000] {processor.py:840} INFO - DAG(s) 'snowflake_realtime_pipeline' retrieved from /opt/airflow/dags/snowflake_pipeline_dag.py
[2026-04-01T08:23:45.714+0000] {logging_mixin.py:188} INFO - [2026-04-01T08:23:45.714+0000] {dag.py:3089} INFO - Sync 1 DAGs
[2026-04-01T08:23:45.764+0000] {logging_mixin.py:188} INFO - [2026-04-01T08:23:45.763+0000] {dag.py:3947} INFO - Setting next_dagrun for snowflake_realtime_pipeline to 2026-04-01 08:15:00+00:00, run_after=2026-04-01 08:20:00+00:00
[2026-04-01T08:23:45.807+0000] {processor.py:183} INFO - Processing /opt/airflow/dags/snowflake_pipeline_dag.py took 0.215 seconds
[2026-04-01T08:24:15.974+0000] {processor.py:161} INFO - Started process (PID=2548) to work on /opt/airflow/dags/snowflake_pipeline_dag.py
[2026-04-01T08:24:15.976+0000] {processor.py:830} INFO - Processing file /opt/airflow/dags/snowflake_pipeline_dag.py for tasks to queue
[2026-04-01T08:24:15.980+0000] {logging_mixin.py:188} INFO - [2026-04-01T08:24:15.980+0000] {dagbag.py:545} INFO - Filling up the DagBag from /opt/airflow/dags/snowflake_pipeline_dag.py
[2026-04-01T08:24:16.030+0000] {processor.py:840} INFO - DAG(s) 'snowflake_realtime_pipeline' retrieved from /opt/airflow/dags/snowflake_pipeline_dag.py
[2026-04-01T08:24:16.080+0000] {logging_mixin.py:188} INFO - [2026-04-01T08:24:16.080+0000] {dag.py:3089} INFO - Sync 1 DAGs
[2026-04-01T08:24:16.128+0000] {logging_mixin.py:188} INFO - [2026-04-01T08:24:16.127+0000] {dag.py:3947} INFO - Setting next_dagrun for snowflake_realtime_pipeline to 2026-04-01 08:15:00+00:00, run_after=2026-04-01 08:20:00+00:00
[2026-04-01T08:24:16.170+0000] {processor.py:183} INFO - Processing /opt/airflow/dags/snowflake_pipeline_dag.py took 0.208 seconds
[2026-04-01T08:24:46.395+0000] {processor.py:161} INFO - Started process (PID=2573) to work on /opt/airflow/dags/snowflake_pipeline_dag.py
[2026-04-01T08:24:46.398+0000] {processor.py:830} INFO - Processing file /opt/airflow/dags/snowflake_pipeline_dag.py for tasks to queue
[2026-04-01T08:24:46.402+0000] {logging_mixin.py:188} INFO - [2026-04-01T08:24:46.401+0000] {dagbag.py:545} INFO - Filling up the DagBag from /opt/airflow/dags/snowflake_pipeline_dag.py
[2026-04-01T08:24:46.450+0000] {processor.py:840} INFO - DAG(s) 'snowflake_realtime_pipeline' retrieved from /opt/airflow/dags/snowflake_pipeline_dag.py
[2026-04-01T08:24:46.496+0000] {logging_mixin.py:188} INFO - [2026-04-01T08:24:46.495+0000] {dag.py:3089} INFO - Sync 1 DAGs
[2026-04-01T08:24:46.545+0000] {logging_mixin.py:188} INFO - [2026-04-01T08:24:46.545+0000] {dag.py:3947} INFO - Setting next_dagrun for snowflake_realtime_pipeline to 2026-04-01 08:15:00+00:00, run_after=2026-04-01 08:20:00+00:00
[2026-04-01T08:24:46.605+0000] {processor.py:183} INFO - Processing /opt/airflow/dags/snowflake_pipeline_dag.py took 0.220 seconds
[2026-04-01T08:25:16.777+0000] {processor.py:161} INFO - Started process (PID=2598) to work on /opt/airflow/dags/snowflake_pipeline_dag.py
[2026-04-01T08:25:16.780+0000] {processor.py:830} INFO - Processing file /opt/airflow/dags/snowflake_pipeline_dag.py for tasks to queue
[2026-04-01T08:25:16.785+0000] {logging_mixin.py:188} INFO - [2026-04-01T08:25:16.785+0000] {dagbag.py:545} INFO - Filling up the DagBag from /opt/airflow/dags/snowflake_pipeline_dag.py
[2026-04-01T08:25:16.849+0000] {processor.py:840} INFO - DAG(s) 'snowflake_realtime_pipeline' retrieved from /opt/airflow/dags/snowflake_pipeline_dag.py
[2026-04-01T08:25:16.922+0000] {logging_mixin.py:188} INFO - [2026-04-01T08:25:16.922+0000] {dag.py:3089} INFO - Sync 1 DAGs
[2026-04-01T08:25:16.974+0000] {logging_mixin.py:188} INFO - [2026-04-01T08:25:16.973+0000] {dag.py:3947} INFO - Setting next_dagrun for snowflake_realtime_pipeline to 2026-04-01 08:20:00+00:00, run_after=2026-04-01 08:25:00+00:00
[2026-04-01T08:25:17.030+0000] {processor.py:183} INFO - Processing /opt/airflow/dags/snowflake_pipeline_dag.py took 0.268 seconds
[2026-04-01T08:25:47.401+0000] {processor.py:161} INFO - Started process (PID=2623) to work on /opt/airflow/dags/snowflake_pipeline_dag.py
[2026-04-01T08:25:47.403+0000] {processor.py:830} INFO - Processing file /opt/airflow/dags/snowflake_pipeline_dag.py for tasks to queue
[2026-04-01T08:25:47.407+0000] {logging_mixin.py:188} INFO - [2026-04-01T08:25:47.406+0000] {dagbag.py:545} INFO - Filling up the DagBag from /opt/airflow/dags/snowflake_pipeline_dag.py
[2026-04-01T08:25:47.455+0000] {processor.py:840} INFO - DAG(s) 'snowflake_realtime_pipeline' retrieved from /opt/airflow/dags/snowflake_pipeline_dag.py
[2026-04-01T08:25:47.509+0000] {logging_mixin.py:188} INFO - [2026-04-01T08:25:47.508+0000] {dag.py:3089} INFO - Sync 1 DAGs
[2026-04-01T08:25:47.560+0000] {logging_mixin.py:188} INFO - [2026-04-01T08:25:47.560+0000] {dag.py:3947} INFO - Setting next_dagrun for snowflake_realtime_pipeline to 2026-04-01 08:20:00+00:00, run_after=2026-04-01 08:25:00+00:00
[2026-04-01T08:25:47.601+0000] {processor.py:183} INFO - Processing /opt/airflow/dags/snowflake_pipeline_dag.py took 0.212 seconds
[2026-04-01T08:26:17.723+0000] {processor.py:161} INFO - Started process (PID=2648) to work on /opt/airflow/dags/snowflake_pipeline_dag.py
[2026-04-01T08:26:17.725+0000] {processor.py:830} INFO - Processing file /opt/airflow/dags/snowflake_pipeline_dag.py for tasks to queue
[2026-04-01T08:26:17.731+0000] {logging_mixin.py:188} INFO - [2026-04-01T08:26:17.730+0000] {dagbag.py:545} INFO - Filling up the DagBag from /opt/airflow/dags/snowflake_pipeline_dag.py
[2026-04-01T08:26:17.790+0000] {processor.py:840} INFO - DAG(s) 'snowflake_realtime_pipeline' retrieved from /opt/airflow/dags/snowflake_pipeline_dag.py
[2026-04-01T08:26:17.854+0000] {logging_mixin.py:188} INFO - [2026-04-01T08:26:17.853+0000] {dag.py:3089} INFO - Sync 1 DAGs
[2026-04-01T08:26:17.920+0000] {logging_mixin.py:188} INFO - [2026-04-01T08:26:17.920+0000] {dag.py:3947} INFO - Setting next_dagrun for snowflake_realtime_pipeline to 2026-04-01 08:20:00+00:00, run_after=2026-04-01 08:25:00+00:00
[2026-04-01T08:26:17.985+0000] {processor.py:183} INFO - Processing /opt/airflow/dags/snowflake_pipeline_dag.py took 0.278 seconds
[2026-04-01T08:26:48.296+0000] {processor.py:161} INFO - Started process (PID=2673) to work on /opt/airflow/dags/snowflake_pipeline_dag.py
[2026-04-01T08:26:48.298+0000] {processor.py:830} INFO - Processing file /opt/airflow/dags/snowflake_pipeline_dag.py for tasks to queue
[2026-04-01T08:26:48.303+0000] {logging_mixin.py:188} INFO - [2026-04-01T08:26:48.302+0000] {dagbag.py:545} INFO - Filling up the DagBag from /opt/airflow/dags/snowflake_pipeline_dag.py
[2026-04-01T08:26:48.360+0000] {processor.py:840} INFO - DAG(s) 'snowflake_realtime_pipeline' retrieved from /opt/airflow/dags/snowflake_pipeline_dag.py
[2026-04-01T08:26:48.417+0000] {logging_mixin.py:188} INFO - [2026-04-01T08:26:48.417+0000] {dag.py:3089} INFO - Sync 1 DAGs
[2026-04-01T08:26:48.475+0000] {logging_mixin.py:188} INFO - [2026-04-01T08:26:48.475+0000] {dag.py:3947} INFO - Setting next_dagrun for snowflake_realtime_pipeline to 2026-04-01 08:20:00+00:00, run_after=2026-04-01 08:25:00+00:00
[2026-04-01T08:26:48.540+0000] {processor.py:183} INFO - Processing /opt/airflow/dags/snowflake_pipeline_dag.py took 0.258 seconds
[2026-04-01T08:27:18.925+0000] {processor.py:161} INFO - Started process (PID=2698) to work on /opt/airflow/dags/snowflake_pipeline_dag.py
[2026-04-01T08:27:18.928+0000] {processor.py:830} INFO - Processing file /opt/airflow/dags/snowflake_pipeline_dag.py for tasks to queue
[2026-04-01T08:27:18.933+0000] {logging_mixin.py:188} INFO - [2026-04-01T08:27:18.933+0000] {dagbag.py:545} INFO - Filling up the DagBag from /opt/airflow/dags/snowflake_pipeline_dag.py
[2026-04-01T08:27:18.990+0000] {processor.py:840} INFO - DAG(s) 'snowflake_realtime_pipeline' retrieved from /opt/airflow/dags/snowflake_pipeline_dag.py
[2026-04-01T08:27:19.047+0000] {logging_mixin.py:188} INFO - [2026-04-01T08:27:19.046+0000] {dag.py:3089} INFO - Sync 1 DAGs
[2026-04-01T08:27:19.103+0000] {logging_mixin.py:188} INFO - [2026-04-01T08:27:19.102+0000] {dag.py:3947} INFO - Setting next_dagrun for snowflake_realtime_pipeline to 2026-04-01 08:20:00+00:00, run_after=2026-04-01 08:25:00+00:00
[2026-04-01T08:27:19.166+0000] {processor.py:183} INFO - Processing /opt/airflow/dags/snowflake_pipeline_dag.py took 0.262 seconds
[2026-04-01T08:27:49.500+0000] {processor.py:161} INFO - Started process (PID=2723) to work on /opt/airflow/dags/snowflake_pipeline_dag.py
[2026-04-01T08:27:49.502+0000] {processor.py:830} INFO - Processing file /opt/airflow/dags/snowflake_pipeline_dag.py for tasks to queue
[2026-04-01T08:27:49.507+0000] {logging_mixin.py:188} INFO - [2026-04-01T08:27:49.506+0000] {dagbag.py:545} INFO - Filling up the DagBag from /opt/airflow/dags/snowflake_pipeline_dag.py
[2026-04-01T08:27:49.563+0000] {processor.py:840} INFO - DAG(s) 'snowflake_realtime_pipeline' retrieved from /opt/airflow/dags/snowflake_pipeline_dag.py
[2026-04-01T08:27:49.623+0000] {logging_mixin.py:188} INFO - [2026-04-01T08:27:49.623+0000] {dag.py:3089} INFO - Sync 1 DAGs
[2026-04-01T08:27:49.698+0000] {logging_mixin.py:188} INFO - [2026-04-01T08:27:49.697+0000] {dag.py:3947} INFO - Setting next_dagrun for snowflake_realtime_pipeline to 2026-04-01 08:20:00+00:00, run_after=2026-04-01 08:25:00+00:00
[2026-04-01T08:27:49.776+0000] {processor.py:183} INFO - Processing /opt/airflow/dags/snowflake_pipeline_dag.py took 0.297 seconds
[2026-04-01T08:28:20.806+0000] {processor.py:161} INFO - Started process (PID=2748) to work on /opt/airflow/dags/snowflake_pipeline_dag.py
[2026-04-01T08:28:20.808+0000] {processor.py:830} INFO - Processing file /opt/airflow/dags/snowflake_pipeline_dag.py for tasks to queue
[2026-04-01T08:28:20.812+0000] {logging_mixin.py:188} INFO - [2026-04-01T08:28:20.811+0000] {dagbag.py:545} INFO - Filling up the DagBag from /opt/airflow/dags/snowflake_pipeline_dag.py
[2026-04-01T08:28:20.924+0000] {processor.py:840} INFO - DAG(s) 'snowflake_realtime_pipeline' retrieved from /opt/airflow/dags/snowflake_pipeline_dag.py
[2026-04-01T08:28:20.979+0000] {logging_mixin.py:188} INFO - [2026-04-01T08:28:20.978+0000] {dag.py:3089} INFO - Sync 1 DAGs
[2026-04-01T08:28:21.029+0000] {logging_mixin.py:188} INFO - [2026-04-01T08:28:21.028+0000] {dag.py:3947} INFO - Setting next_dagrun for snowflake_realtime_pipeline to 2026-04-01 08:20:00+00:00, run_after=2026-04-01 08:25:00+00:00
[2026-04-01T08:28:21.071+0000] {processor.py:183} INFO - Processing /opt/airflow/dags/snowflake_pipeline_dag.py took 0.281 seconds
[2026-04-01T08:28:51.234+0000] {processor.py:161} INFO - Started process (PID=2773) to work on /opt/airflow/dags/snowflake_pipeline_dag.py
[2026-04-01T08:28:51.236+0000] {processor.py:830} INFO - Processing file /opt/airflow/dags/snowflake_pipeline_dag.py for tasks to queue
[2026-04-01T08:28:51.239+0000] {logging_mixin.py:188} INFO - [2026-04-01T08:28:51.239+0000] {dagbag.py:545} INFO - Filling up the DagBag from /opt/airflow/dags/snowflake_pipeline_dag.py
[2026-04-01T08:28:51.298+0000] {processor.py:840} INFO - DAG(s) 'snowflake_realtime_pipeline' retrieved from /opt/airflow/dags/snowflake_pipeline_dag.py
[2026-04-01T08:28:51.350+0000] {logging_mixin.py:188} INFO - [2026-04-01T08:28:51.349+0000] {dag.py:3089} INFO - Sync 1 DAGs
[2026-04-01T08:28:51.402+0000] {logging_mixin.py:188} INFO - [2026-04-01T08:28:51.402+0000] {dag.py:3947} INFO - Setting next_dagrun for snowflake_realtime_pipeline to 2026-04-01 08:20:00+00:00, run_after=2026-04-01 08:25:00+00:00
[2026-04-01T08:28:51.441+0000] {processor.py:183} INFO - Processing /opt/airflow/dags/snowflake_pipeline_dag.py took 0.220 seconds
[2026-04-01T08:29:21.751+0000] {processor.py:161} INFO - Started process (PID=2798) to work on /opt/airflow/dags/snowflake_pipeline_dag.py
[2026-04-01T08:29:21.753+0000] {processor.py:830} INFO - Processing file /opt/airflow/dags/snowflake_pipeline_dag.py for tasks to queue
[2026-04-01T08:29:21.756+0000] {logging_mixin.py:188} INFO - [2026-04-01T08:29:21.756+0000] {dagbag.py:545} INFO - Filling up the DagBag from /opt/airflow/dags/snowflake_pipeline_dag.py
[2026-04-01T08:29:21.805+0000] {processor.py:840} INFO - DAG(s) 'snowflake_realtime_pipeline' retrieved from /opt/airflow/dags/snowflake_pipeline_dag.py
[2026-04-01T08:29:21.856+0000] {logging_mixin.py:188} INFO - [2026-04-01T08:29:21.855+0000] {dag.py:3089} INFO - Sync 1 DAGs
[2026-04-01T08:29:21.904+0000] {logging_mixin.py:188} INFO - [2026-04-01T08:29:21.904+0000] {dag.py:3947} INFO - Setting next_dagrun for snowflake_realtime_pipeline to 2026-04-01 08:20:00+00:00, run_after=2026-04-01 08:25:00+00:00
[2026-04-01T08:29:21.944+0000] {processor.py:183} INFO - Processing /opt/airflow/dags/snowflake_pipeline_dag.py took 0.208 seconds
[2026-04-01T08:29:52.233+0000] {processor.py:161} INFO - Started process (PID=2823) to work on /opt/airflow/dags/snowflake_pipeline_dag.py
[2026-04-01T08:29:52.235+0000] {processor.py:830} INFO - Processing file /opt/airflow/dags/snowflake_pipeline_dag.py for tasks to queue
[2026-04-01T08:29:52.239+0000] {logging_mixin.py:188} INFO - [2026-04-01T08:29:52.238+0000] {dagbag.py:545} INFO - Filling up the DagBag from /opt/airflow/dags/snowflake_pipeline_dag.py
[2026-04-01T08:29:52.286+0000] {processor.py:840} INFO - DAG(s) 'snowflake_realtime_pipeline' retrieved from /opt/airflow/dags/snowflake_pipeline_dag.py
[2026-04-01T08:29:52.343+0000] {logging_mixin.py:188} INFO - [2026-04-01T08:29:52.343+0000] {dag.py:3089} INFO - Sync 1 DAGs
[2026-04-01T08:29:52.399+0000] {logging_mixin.py:188} INFO - [2026-04-01T08:29:52.399+0000] {dag.py:3947} INFO - Setting next_dagrun for snowflake_realtime_pipeline to 2026-04-01 08:20:00+00:00, run_after=2026-04-01 08:25:00+00:00
[2026-04-01T08:29:52.463+0000] {processor.py:183} INFO - Processing /opt/airflow/dags/snowflake_pipeline_dag.py took 0.244 seconds
[2026-04-01T08:30:23.617+0000] {processor.py:161} INFO - Started process (PID=2848) to work on /opt/airflow/dags/snowflake_pipeline_dag.py
[2026-04-01T08:30:23.619+0000] {processor.py:830} INFO - Processing file /opt/airflow/dags/snowflake_pipeline_dag.py for tasks to queue
[2026-04-01T08:30:23.622+0000] {logging_mixin.py:188} INFO - [2026-04-01T08:30:23.622+0000] {dagbag.py:545} INFO - Filling up the DagBag from /opt/airflow/dags/snowflake_pipeline_dag.py
[2026-04-01T08:30:23.673+0000] {processor.py:840} INFO - DAG(s) 'snowflake_realtime_pipeline' retrieved from /opt/airflow/dags/snowflake_pipeline_dag.py
[2026-04-01T08:30:23.726+0000] {logging_mixin.py:188} INFO - [2026-04-01T08:30:23.726+0000] {dag.py:3089} INFO - Sync 1 DAGs
[2026-04-01T08:30:23.774+0000] {logging_mixin.py:188} INFO - [2026-04-01T08:30:23.774+0000] {dag.py:3947} INFO - Setting next_dagrun for snowflake_realtime_pipeline to 2026-04-01 08:25:00+00:00, run_after=2026-04-01 08:30:00+00:00
[2026-04-01T08:30:23.842+0000] {processor.py:183} INFO - Processing /opt/airflow/dags/snowflake_pipeline_dag.py took 0.250 seconds
[2026-04-01T08:30:54.251+0000] {processor.py:161} INFO - Started process (PID=2873) to work on /opt/airflow/dags/snowflake_pipeline_dag.py
[2026-04-01T08:30:54.253+0000] {processor.py:830} INFO - Processing file /opt/airflow/dags/snowflake_pipeline_dag.py for tasks to queue
[2026-04-01T08:30:54.257+0000] {logging_mixin.py:188} INFO - [2026-04-01T08:30:54.256+0000] {dagbag.py:545} INFO - Filling up the DagBag from /opt/airflow/dags/snowflake_pipeline_dag.py
[2026-04-01T08:30:54.308+0000] {processor.py:840} INFO - DAG(s) 'snowflake_realtime_pipeline' retrieved from /opt/airflow/dags/snowflake_pipeline_dag.py
[2026-04-01T08:30:54.359+0000] {logging_mixin.py:188} INFO - [2026-04-01T08:30:54.358+0000] {dag.py:3089} INFO - Sync 1 DAGs
[2026-04-01T08:30:54.407+0000] {logging_mixin.py:188} INFO - [2026-04-01T08:30:54.406+0000] {dag.py:3947} INFO - Setting next_dagrun for snowflake_realtime_pipeline to 2026-04-01 08:25:00+00:00, run_after=2026-04-01 08:30:00+00:00
[2026-04-01T08:30:54.464+0000] {processor.py:183} INFO - Processing /opt/airflow/dags/snowflake_pipeline_dag.py took 0.224 seconds
[2026-04-01T08:31:24.597+0000] {processor.py:161} INFO - Started process (PID=2898) to work on /opt/airflow/dags/snowflake_pipeline_dag.py
[2026-04-01T08:31:24.599+0000] {processor.py:830} INFO - Processing file /opt/airflow/dags/snowflake_pipeline_dag.py for tasks to queue
[2026-04-01T08:31:24.603+0000] {logging_mixin.py:188} INFO - [2026-04-01T08:31:24.602+0000] {dagbag.py:545} INFO - Filling up the DagBag from /opt/airflow/dags/snowflake_pipeline_dag.py
[2026-04-01T08:31:24.650+0000] {processor.py:840} INFO - DAG(s) 'snowflake_realtime_pipeline' retrieved from /opt/airflow/dags/snowflake_pipeline_dag.py
[2026-04-01T08:31:24.704+0000] {logging_mixin.py:188} INFO - [2026-04-01T08:31:24.703+0000] {dag.py:3089} INFO - Sync 1 DAGs
[2026-04-01T08:31:24.752+0000] {logging_mixin.py:188} INFO - [2026-04-01T08:31:24.751+0000] {dag.py:3947} INFO - Setting next_dagrun for snowflake_realtime_pipeline to 2026-04-01 08:25:00+00:00, run_after=2026-04-01 08:30:00+00:00
[2026-04-01T08:31:24.808+0000] {processor.py:183} INFO - Processing /opt/airflow/dags/snowflake_pipeline_dag.py took 0.223 seconds
[2026-04-01T08:31:55.137+0000] {processor.py:161} INFO - Started process (PID=2923) to work on /opt/airflow/dags/snowflake_pipeline_dag.py
[2026-04-01T08:31:55.140+0000] {processor.py:830} INFO - Processing file /opt/airflow/dags/snowflake_pipeline_dag.py for tasks to queue
[2026-04-01T08:31:55.144+0000] {logging_mixin.py:188} INFO - [2026-04-01T08:31:55.144+0000] {dagbag.py:545} INFO - Filling up the DagBag from /opt/airflow/dags/snowflake_pipeline_dag.py
[2026-04-01T08:31:55.197+0000] {processor.py:840} INFO - DAG(s) 'snowflake_realtime_pipeline' retrieved from /opt/airflow/dags/snowflake_pipeline_dag.py
[2026-04-01T08:31:55.246+0000] {logging_mixin.py:188} INFO - [2026-04-01T08:31:55.246+0000] {dag.py:3089} INFO - Sync 1 DAGs
[2026-04-01T08:31:55.298+0000] {logging_mixin.py:188} INFO - [2026-04-01T08:31:55.298+0000] {dag.py:3947} INFO - Setting next_dagrun for snowflake_realtime_pipeline to 2026-04-01 08:25:00+00:00, run_after=2026-04-01 08:30:00+00:00
[2026-04-01T08:31:55.359+0000] {processor.py:183} INFO - Processing /opt/airflow/dags/snowflake_pipeline_dag.py took 0.235 seconds
[2026-04-01T08:32:25.561+0000] {processor.py:161} INFO - Started process (PID=2948) to work on /opt/airflow/dags/snowflake_pipeline_dag.py
[2026-04-01T08:32:25.564+0000] {processor.py:830} INFO - Processing file /opt/airflow/dags/snowflake_pipeline_dag.py for tasks to queue
[2026-04-01T08:32:25.568+0000] {logging_mixin.py:188} INFO - [2026-04-01T08:32:25.567+0000] {dagbag.py:545} INFO - Filling up the DagBag from /opt/airflow/dags/snowflake_pipeline_dag.py
[2026-04-01T08:32:25.617+0000] {processor.py:840} INFO - DAG(s) 'snowflake_realtime_pipeline' retrieved from /opt/airflow/dags/snowflake_pipeline_dag.py
[2026-04-01T08:32:25.665+0000] {logging_mixin.py:188} INFO - [2026-04-01T08:32:25.665+0000] {dag.py:3089} INFO - Sync 1 DAGs
[2026-04-01T08:32:25.715+0000] {logging_mixin.py:188} INFO - [2026-04-01T08:32:25.715+0000] {dag.py:3947} INFO - Setting next_dagrun for snowflake_realtime_pipeline to 2026-04-01 08:25:00+00:00, run_after=2026-04-01 08:30:00+00:00
[2026-04-01T08:32:25.779+0000] {processor.py:183} INFO - Processing /opt/airflow/dags/snowflake_pipeline_dag.py took 0.231 seconds
[2026-04-01T08:32:55.990+0000] {processor.py:161} INFO - Started process (PID=2973) to work on /opt/airflow/dags/snowflake_pipeline_dag.py
[2026-04-01T08:32:55.992+0000] {processor.py:830} INFO - Processing file /opt/airflow/dags/snowflake_pipeline_dag.py for tasks to queue
[2026-04-01T08:32:55.997+0000] {logging_mixin.py:188} INFO - [2026-04-01T08:32:55.997+0000] {dagbag.py:545} INFO - Filling up the DagBag from /opt/airflow/dags/snowflake_pipeline_dag.py
[2026-04-01T08:32:56.048+0000] {processor.py:840} INFO - DAG(s) 'snowflake_realtime_pipeline' retrieved from /opt/airflow/dags/snowflake_pipeline_dag.py
[2026-04-01T08:32:56.096+0000] {logging_mixin.py:188} INFO - [2026-04-01T08:32:56.095+0000] {dag.py:3089} INFO - Sync 1 DAGs
[2026-04-01T08:32:56.146+0000] {logging_mixin.py:188} INFO - [2026-04-01T08:32:56.145+0000] {dag.py:3947} INFO - Setting next_dagrun for snowflake_realtime_pipeline to 2026-04-01 08:25:00+00:00, run_after=2026-04-01 08:30:00+00:00
[2026-04-01T08:32:56.188+0000] {processor.py:183} INFO - Processing /opt/airflow/dags/snowflake_pipeline_dag.py took 0.212 seconds
[2026-04-01T08:33:26.315+0000] {processor.py:161} INFO - Started process (PID=2998) to work on /opt/airflow/dags/snowflake_pipeline_dag.py
[2026-04-01T08:33:26.318+0000] {processor.py:830} INFO - Processing file /opt/airflow/dags/snowflake_pipeline_dag.py for tasks to queue
[2026-04-01T08:33:26.323+0000] {logging_mixin.py:188} INFO - [2026-04-01T08:33:26.322+0000] {dagbag.py:545} INFO - Filling up the DagBag from /opt/airflow/dags/snowflake_pipeline_dag.py
[2026-04-01T08:33:26.387+0000] {processor.py:840} INFO - DAG(s) 'snowflake_realtime_pipeline' retrieved from /opt/airflow/dags/snowflake_pipeline_dag.py
[2026-04-01T08:33:26.446+0000] {logging_mixin.py:188} INFO - [2026-04-01T08:33:26.446+0000] {dag.py:3089} INFO - Sync 1 DAGs
[2026-04-01T08:33:26.490+0000] {logging_mixin.py:188} INFO - [2026-04-01T08:33:26.490+0000] {dag.py:3947} INFO - Setting next_dagrun for snowflake_realtime_pipeline to 2026-04-01 08:25:00+00:00, run_after=2026-04-01 08:30:00+00:00
[2026-04-01T08:33:26.532+0000] {processor.py:183} INFO - Processing /opt/airflow/dags/snowflake_pipeline_dag.py took 0.232 seconds
[2026-04-01T08:33:57.268+0000] {processor.py:161} INFO - Started process (PID=3023) to work on /opt/airflow/dags/snowflake_pipeline_dag.py
[2026-04-01T08:33:57.270+0000] {processor.py:830} INFO - Processing file /opt/airflow/dags/snowflake_pipeline_dag.py for tasks to queue
[2026-04-01T08:33:57.273+0000] {logging_mixin.py:188} INFO - [2026-04-01T08:33:57.273+0000] {dagbag.py:545} INFO - Filling up the DagBag from /opt/airflow/dags/snowflake_pipeline_dag.py
[2026-04-01T08:33:57.319+0000] {processor.py:840} INFO - DAG(s) 'snowflake_realtime_pipeline' retrieved from /opt/airflow/dags/snowflake_pipeline_dag.py
[2026-04-01T08:33:57.384+0000] {logging_mixin.py:188} INFO - [2026-04-01T08:33:57.384+0000] {dag.py:3089} INFO - Sync 1 DAGs
[2026-04-01T08:33:57.432+0000] {logging_mixin.py:188} INFO - [2026-04-01T08:33:57.431+0000] {dag.py:3947} INFO - Setting next_dagrun for snowflake_realtime_pipeline to 2026-04-01 08:25:00+00:00, run_after=2026-04-01 08:30:00+00:00
[2026-04-01T08:33:57.489+0000] {processor.py:183} INFO - Processing /opt/airflow/dags/snowflake_pipeline_dag.py took 0.236 seconds
[2026-04-01T08:34:27.630+0000] {processor.py:161} INFO - Started process (PID=3048) to work on /opt/airflow/dags/snowflake_pipeline_dag.py
[2026-04-01T08:34:27.632+0000] {processor.py:830} INFO - Processing file /opt/airflow/dags/snowflake_pipeline_dag.py for tasks to queue
[2026-04-01T08:34:27.636+0000] {logging_mixin.py:188} INFO - [2026-04-01T08:34:27.635+0000] {dagbag.py:545} INFO - Filling up the DagBag from /opt/airflow/dags/snowflake_pipeline_dag.py
[2026-04-01T08:34:27.694+0000] {processor.py:840} INFO - DAG(s) 'snowflake_realtime_pipeline' retrieved from /opt/airflow/dags/snowflake_pipeline_dag.py
[2026-04-01T08:34:27.753+0000] {logging_mixin.py:188} INFO - [2026-04-01T08:34:27.752+0000] {dag.py:3089} INFO - Sync 1 DAGs
[2026-04-01T08:34:27.803+0000] {logging_mixin.py:188} INFO - [2026-04-01T08:34:27.802+0000] {dag.py:3947} INFO - Setting next_dagrun for snowflake_realtime_pipeline to 2026-04-01 08:25:00+00:00, run_after=2026-04-01 08:30:00+00:00
[2026-04-01T08:34:27.844+0000] {processor.py:183} INFO - Processing /opt/airflow/dags/snowflake_pipeline_dag.py took 0.229 seconds
[2026-04-01T08:34:58.019+0000] {processor.py:161} INFO - Started process (PID=3073) to work on /opt/airflow/dags/snowflake_pipeline_dag.py
[2026-04-01T08:34:58.022+0000] {processor.py:830} INFO - Processing file /opt/airflow/dags/snowflake_pipeline_dag.py for tasks to queue
[2026-04-01T08:34:58.025+0000] {logging_mixin.py:188} INFO - [2026-04-01T08:34:58.025+0000] {dagbag.py:545} INFO - Filling up the DagBag from /opt/airflow/dags/snowflake_pipeline_dag.py
[2026-04-01T08:34:58.081+0000] {processor.py:840} INFO - DAG(s) 'snowflake_realtime_pipeline' retrieved from /opt/airflow/dags/snowflake_pipeline_dag.py
[2026-04-01T08:34:58.133+0000] {logging_mixin.py:188} INFO - [2026-04-01T08:34:58.133+0000] {dag.py:3089} INFO - Sync 1 DAGs
[2026-04-01T08:34:58.188+0000] {logging_mixin.py:188} INFO - [2026-04-01T08:34:58.188+0000] {dag.py:3947} INFO - Setting next_dagrun for snowflake_realtime_pipeline to 2026-04-01 08:25:00+00:00, run_after=2026-04-01 08:30:00+00:00
[2026-04-01T08:34:58.229+0000] {processor.py:183} INFO - Processing /opt/airflow/dags/snowflake_pipeline_dag.py took 0.222 seconds
[2026-04-01T08:35:28.522+0000] {processor.py:161} INFO - Started process (PID=3098) to work on /opt/airflow/dags/snowflake_pipeline_dag.py
[2026-04-01T08:35:28.524+0000] {processor.py:830} INFO - Processing file /opt/airflow/dags/snowflake_pipeline_dag.py for tasks to queue
[2026-04-01T08:35:28.527+0000] {logging_mixin.py:188} INFO - [2026-04-01T08:35:28.527+0000] {dagbag.py:545} INFO - Filling up the DagBag from /opt/airflow/dags/snowflake_pipeline_dag.py
[2026-04-01T08:35:28.575+0000] {processor.py:840} INFO - DAG(s) 'snowflake_realtime_pipeline' retrieved from /opt/airflow/dags/snowflake_pipeline_dag.py
[2026-04-01T08:35:28.624+0000] {logging_mixin.py:188} INFO - [2026-04-01T08:35:28.623+0000] {dag.py:3089} INFO - Sync 1 DAGs
[2026-04-01T08:35:28.676+0000] {logging_mixin.py:188} INFO - [2026-04-01T08:35:28.675+0000] {dag.py:3947} INFO - Setting next_dagrun for snowflake_realtime_pipeline to 2026-04-01 08:30:00+00:00, run_after=2026-04-01 08:35:00+00:00
[2026-04-01T08:35:28.716+0000] {processor.py:183} INFO - Processing /opt/airflow/dags/snowflake_pipeline_dag.py took 0.208 seconds
[2026-04-01T08:35:59.065+0000] {processor.py:161} INFO - Started process (PID=3123) to work on /opt/airflow/dags/snowflake_pipeline_dag.py
[2026-04-01T08:35:59.070+0000] {processor.py:830} INFO - Processing file /opt/airflow/dags/snowflake_pipeline_dag.py for tasks to queue
[2026-04-01T08:35:59.079+0000] {logging_mixin.py:188} INFO - [2026-04-01T08:35:59.077+0000] {dagbag.py:545} INFO - Filling up the DagBag from /opt/airflow/dags/snowflake_pipeline_dag.py
[2026-04-01T08:35:59.206+0000] {processor.py:840} INFO - DAG(s) 'snowflake_realtime_pipeline' retrieved from /opt/airflow/dags/snowflake_pipeline_dag.py
[2026-04-01T08:35:59.268+0000] {logging_mixin.py:188} INFO - [2026-04-01T08:35:59.268+0000] {dag.py:3089} INFO - Sync 1 DAGs
[2026-04-01T08:35:59.313+0000] {logging_mixin.py:188} INFO - [2026-04-01T08:35:59.312+0000] {dag.py:3947} INFO - Setting next_dagrun for snowflake_realtime_pipeline to 2026-04-01 08:30:00+00:00, run_after=2026-04-01 08:35:00+00:00
[2026-04-01T08:35:59.371+0000] {processor.py:183} INFO - Processing /opt/airflow/dags/snowflake_pipeline_dag.py took 0.337 seconds
[2026-04-01T08:36:29.497+0000] {processor.py:161} INFO - Started process (PID=3148) to work on /opt/airflow/dags/snowflake_pipeline_dag.py
[2026-04-01T08:36:29.499+0000] {processor.py:830} INFO - Processing file /opt/airflow/dags/snowflake_pipeline_dag.py for tasks to queue
[2026-04-01T08:36:29.503+0000] {logging_mixin.py:188} INFO - [2026-04-01T08:36:29.503+0000] {dagbag.py:545} INFO - Filling up the DagBag from /opt/airflow/dags/snowflake_pipeline_dag.py
[2026-04-01T08:36:29.557+0000] {processor.py:840} INFO - DAG(s) 'snowflake_realtime_pipeline' retrieved from /opt/airflow/dags/snowflake_pipeline_dag.py
[2026-04-01T08:36:29.609+0000] {logging_mixin.py:188} INFO - [2026-04-01T08:36:29.608+0000] {dag.py:3089} INFO - Sync 1 DAGs
[2026-04-01T08:36:29.660+0000] {logging_mixin.py:188} INFO - [2026-04-01T08:36:29.659+0000] {dag.py:3947} INFO - Setting next_dagrun for snowflake_realtime_pipeline to 2026-04-01 08:30:00+00:00, run_after=2026-04-01 08:35:00+00:00
[2026-04-01T08:36:29.703+0000] {processor.py:183} INFO - Processing /opt/airflow/dags/snowflake_pipeline_dag.py took 0.223 seconds
[2026-04-01T08:36:59.829+0000] {processor.py:161} INFO - Started process (PID=3173) to work on /opt/airflow/dags/snowflake_pipeline_dag.py
[2026-04-01T08:36:59.831+0000] {processor.py:830} INFO - Processing file /opt/airflow/dags/snowflake_pipeline_dag.py for tasks to queue
[2026-04-01T08:36:59.835+0000] {logging_mixin.py:188} INFO - [2026-04-01T08:36:59.834+0000] {dagbag.py:545} INFO - Filling up the DagBag from /opt/airflow/dags/snowflake_pipeline_dag.py
[2026-04-01T08:36:59.888+0000] {processor.py:840} INFO - DAG(s) 'snowflake_realtime_pipeline' retrieved from /opt/airflow/dags/snowflake_pipeline_dag.py
[2026-04-01T08:36:59.945+0000] {logging_mixin.py:188} INFO - [2026-04-01T08:36:59.945+0000] {dag.py:3089} INFO - Sync 1 DAGs
[2026-04-01T08:37:00.020+0000] {logging_mixin.py:188} INFO - [2026-04-01T08:37:00.019+0000] {dag.py:3947} INFO - Setting next_dagrun for snowflake_realtime_pipeline to 2026-04-01 08:30:00+00:00, run_after=2026-04-01 08:35:00+00:00
[2026-04-01T08:37:00.073+0000] {processor.py:183} INFO - Processing /opt/airflow/dags/snowflake_pipeline_dag.py took 0.261 seconds
[2026-04-01T08:37:30.390+0000] {processor.py:161} INFO - Started process (PID=3198) to work on /opt/airflow/dags/snowflake_pipeline_dag.py
[2026-04-01T08:37:30.392+0000] {processor.py:830} INFO - Processing file /opt/airflow/dags/snowflake_pipeline_dag.py for tasks to queue
[2026-04-01T08:37:30.396+0000] {logging_mixin.py:188} INFO - [2026-04-01T08:37:30.396+0000] {dagbag.py:545} INFO - Filling up the DagBag from /opt/airflow/dags/snowflake_pipeline_dag.py
[2026-04-01T08:37:30.445+0000] {processor.py:840} INFO - DAG(s) 'snowflake_realtime_pipeline' retrieved from /opt/airflow/dags/snowflake_pipeline_dag.py
[2026-04-01T08:37:30.494+0000] {logging_mixin.py:188} INFO - [2026-04-01T08:37:30.494+0000] {dag.py:3089} INFO - Sync 1 DAGs
[2026-04-01T08:37:30.546+0000] {logging_mixin.py:188} INFO - [2026-04-01T08:37:30.546+0000] {dag.py:3947} INFO - Setting next_dagrun for snowflake_realtime_pipeline to 2026-04-01 08:30:00+00:00, run_after=2026-04-01 08:35:00+00:00
[2026-04-01T08:37:30.605+0000] {processor.py:183} INFO - Processing /opt/airflow/dags/snowflake_pipeline_dag.py took 0.227 seconds
[2026-04-01T08:38:00.926+0000] {processor.py:161} INFO - Started process (PID=3223) to work on /opt/airflow/dags/snowflake_pipeline_dag.py
[2026-04-01T08:38:00.928+0000] {processor.py:830} INFO - Processing file /opt/airflow/dags/snowflake_pipeline_dag.py for tasks to queue
[2026-04-01T08:38:00.932+0000] {logging_mixin.py:188} INFO - [2026-04-01T08:38:00.931+0000] {dagbag.py:545} INFO - Filling up the DagBag from /opt/airflow/dags/snowflake_pipeline_dag.py
[2026-04-01T08:38:00.988+0000] {processor.py:840} INFO - DAG(s) 'snowflake_realtime_pipeline' retrieved from /opt/airflow/dags/snowflake_pipeline_dag.py
[2026-04-01T08:38:01.057+0000] {logging_mixin.py:188} INFO - [2026-04-01T08:38:01.057+0000] {dag.py:3089} INFO - Sync 1 DAGs
[2026-04-01T08:38:01.119+0000] {logging_mixin.py:188} INFO - [2026-04-01T08:38:01.118+0000] {dag.py:3947} INFO - Setting next_dagrun for snowflake_realtime_pipeline to 2026-04-01 08:30:00+00:00, run_after=2026-04-01 08:35:00+00:00
[2026-04-01T08:38:01.197+0000] {processor.py:183} INFO - Processing /opt/airflow/dags/snowflake_pipeline_dag.py took 0.292 seconds
[2026-04-01T08:38:31.343+0000] {processor.py:161} INFO - Started process (PID=3248) to work on /opt/airflow/dags/snowflake_pipeline_dag.py
[2026-04-01T08:38:31.345+0000] {processor.py:830} INFO - Processing file /opt/airflow/dags/snowflake_pipeline_dag.py for tasks to queue
[2026-04-01T08:38:31.349+0000] {logging_mixin.py:188} INFO - [2026-04-01T08:38:31.348+0000] {dagbag.py:545} INFO - Filling up the DagBag from /opt/airflow/dags/snowflake_pipeline_dag.py
[2026-04-01T08:38:31.395+0000] {processor.py:840} INFO - DAG(s) 'snowflake_realtime_pipeline' retrieved from /opt/airflow/dags/snowflake_pipeline_dag.py
[2026-04-01T08:38:31.438+0000] {logging_mixin.py:188} INFO - [2026-04-01T08:38:31.438+0000] {dag.py:3089} INFO - Sync 1 DAGs
[2026-04-01T08:38:31.481+0000] {logging_mixin.py:188} INFO - [2026-04-01T08:38:31.481+0000] {dag.py:3947} INFO - Setting next_dagrun for snowflake_realtime_pipeline to 2026-04-01 08:30:00+00:00, run_after=2026-04-01 08:35:00+00:00
[2026-04-01T08:38:31.538+0000] {processor.py:183} INFO - Processing /opt/airflow/dags/snowflake_pipeline_dag.py took 0.209 seconds
[2026-04-01T08:39:01.758+0000] {processor.py:161} INFO - Started process (PID=3273) to work on /opt/airflow/dags/snowflake_pipeline_dag.py
[2026-04-01T08:39:01.760+0000] {processor.py:830} INFO - Processing file /opt/airflow/dags/snowflake_pipeline_dag.py for tasks to queue
[2026-04-01T08:39:01.763+0000] {logging_mixin.py:188} INFO - [2026-04-01T08:39:01.763+0000] {dagbag.py:545} INFO - Filling up the DagBag from /opt/airflow/dags/snowflake_pipeline_dag.py
[2026-04-01T08:39:01.812+0000] {processor.py:840} INFO - DAG(s) 'snowflake_realtime_pipeline' retrieved from /opt/airflow/dags/snowflake_pipeline_dag.py
[2026-04-01T08:39:01.867+0000] {logging_mixin.py:188} INFO - [2026-04-01T08:39:01.867+0000] {dag.py:3089} INFO - Sync 1 DAGs
[2026-04-01T08:39:01.912+0000] {logging_mixin.py:188} INFO - [2026-04-01T08:39:01.912+0000] {dag.py:3947} INFO - Setting next_dagrun for snowflake_realtime_pipeline to 2026-04-01 08:30:00+00:00, run_after=2026-04-01 08:35:00+00:00
[2026-04-01T08:39:01.978+0000] {processor.py:183} INFO - Processing /opt/airflow/dags/snowflake_pipeline_dag.py took 0.231 seconds
[2026-04-01T08:39:32.222+0000] {processor.py:161} INFO - Started process (PID=3298) to work on /opt/airflow/dags/snowflake_pipeline_dag.py
[2026-04-01T08:39:32.224+0000] {processor.py:830} INFO - Processing file /opt/airflow/dags/snowflake_pipeline_dag.py for tasks to queue
[2026-04-01T08:39:32.228+0000] {logging_mixin.py:188} INFO - [2026-04-01T08:39:32.227+0000] {dagbag.py:545} INFO - Filling up the DagBag from /opt/airflow/dags/snowflake_pipeline_dag.py
[2026-04-01T08:39:32.280+0000] {processor.py:840} INFO - DAG(s) 'snowflake_realtime_pipeline' retrieved from /opt/airflow/dags/snowflake_pipeline_dag.py
[2026-04-01T08:39:32.329+0000] {logging_mixin.py:188} INFO - [2026-04-01T08:39:32.328+0000] {dag.py:3089} INFO - Sync 1 DAGs
[2026-04-01T08:39:32.380+0000] {logging_mixin.py:188} INFO - [2026-04-01T08:39:32.380+0000] {dag.py:3947} INFO - Setting next_dagrun for snowflake_realtime_pipeline to 2026-04-01 08:30:00+00:00, run_after=2026-04-01 08:35:00+00:00
[2026-04-01T08:39:32.440+0000] {processor.py:183} INFO - Processing /opt/airflow/dags/snowflake_pipeline_dag.py took 0.232 seconds
[2026-04-01T08:40:02.581+0000] {processor.py:161} INFO - Started process (PID=3323) to work on /opt/airflow/dags/snowflake_pipeline_dag.py
[2026-04-01T08:40:02.583+0000] {processor.py:830} INFO - Processing file /opt/airflow/dags/snowflake_pipeline_dag.py for tasks to queue
[2026-04-01T08:40:02.589+0000] {logging_mixin.py:188} INFO - [2026-04-01T08:40:02.588+0000] {dagbag.py:545} INFO - Filling up the DagBag from /opt/airflow/dags/snowflake_pipeline_dag.py
[2026-04-01T08:40:02.647+0000] {processor.py:840} INFO - DAG(s) 'snowflake_realtime_pipeline' retrieved from /opt/airflow/dags/snowflake_pipeline_dag.py
[2026-04-01T08:40:02.723+0000] {logging_mixin.py:188} INFO - [2026-04-01T08:40:02.722+0000] {dag.py:3089} INFO - Sync 1 DAGs
[2026-04-01T08:40:02.792+0000] {logging_mixin.py:188} INFO - [2026-04-01T08:40:02.792+0000] {dag.py:3947} INFO - Setting next_dagrun for snowflake_realtime_pipeline to 2026-04-01 08:35:00+00:00, run_after=2026-04-01 08:40:00+00:00
[2026-04-01T08:40:02.857+0000] {processor.py:183} INFO - Processing /opt/airflow/dags/snowflake_pipeline_dag.py took 0.291 seconds
[2026-04-01T08:40:33.089+0000] {processor.py:161} INFO - Started process (PID=3348) to work on /opt/airflow/dags/snowflake_pipeline_dag.py
[2026-04-01T08:40:33.091+0000] {processor.py:830} INFO - Processing file /opt/airflow/dags/snowflake_pipeline_dag.py for tasks to queue
[2026-04-01T08:40:33.095+0000] {logging_mixin.py:188} INFO - [2026-04-01T08:40:33.094+0000] {dagbag.py:545} INFO - Filling up the DagBag from /opt/airflow/dags/snowflake_pipeline_dag.py
[2026-04-01T08:40:33.144+0000] {processor.py:840} INFO - DAG(s) 'snowflake_realtime_pipeline' retrieved from /opt/airflow/dags/snowflake_pipeline_dag.py
[2026-04-01T08:40:33.192+0000] {logging_mixin.py:188} INFO - [2026-04-01T08:40:33.192+0000] {dag.py:3089} INFO - Sync 1 DAGs
[2026-04-01T08:40:33.244+0000] {logging_mixin.py:188} INFO - [2026-04-01T08:40:33.244+0000] {dag.py:3947} INFO - Setting next_dagrun for snowflake_realtime_pipeline to 2026-04-01 08:35:00+00:00, run_after=2026-04-01 08:40:00+00:00
[2026-04-01T08:40:33.311+0000] {processor.py:183} INFO - Processing /opt/airflow/dags/snowflake_pipeline_dag.py took 0.233 seconds
[2026-04-01T08:41:03.773+0000] {processor.py:161} INFO - Started process (PID=3373) to work on /opt/airflow/dags/snowflake_pipeline_dag.py
[2026-04-01T08:41:03.775+0000] {processor.py:830} INFO - Processing file /opt/airflow/dags/snowflake_pipeline_dag.py for tasks to queue
[2026-04-01T08:41:03.779+0000] {logging_mixin.py:188} INFO - [2026-04-01T08:41:03.778+0000] {dagbag.py:545} INFO - Filling up the DagBag from /opt/airflow/dags/snowflake_pipeline_dag.py
[2026-04-01T08:41:03.817+0000] {processor.py:840} INFO - DAG(s) 'snowflake_realtime_pipeline' retrieved from /opt/airflow/dags/snowflake_pipeline_dag.py
[2026-04-01T08:41:03.868+0000] {logging_mixin.py:188} INFO - [2026-04-01T08:41:03.867+0000] {dag.py:3089} INFO - Sync 1 DAGs
[2026-04-01T08:41:03.919+0000] {logging_mixin.py:188} INFO - [2026-04-01T08:41:03.918+0000] {dag.py:3947} INFO - Setting next_dagrun for snowflake_realtime_pipeline to 2026-04-01 08:35:00+00:00, run_after=2026-04-01 08:40:00+00:00
[2026-04-01T08:41:03.978+0000] {processor.py:183} INFO - Processing /opt/airflow/dags/snowflake_pipeline_dag.py took 0.218 seconds
[2026-04-01T08:41:34.261+0000] {processor.py:161} INFO - Started process (PID=3398) to work on /opt/airflow/dags/snowflake_pipeline_dag.py
[2026-04-01T08:41:34.263+0000] {processor.py:830} INFO - Processing file /opt/airflow/dags/snowflake_pipeline_dag.py for tasks to queue
[2026-04-01T08:41:34.267+0000] {logging_mixin.py:188} INFO - [2026-04-01T08:41:34.267+0000] {dagbag.py:545} INFO - Filling up the DagBag from /opt/airflow/dags/snowflake_pipeline_dag.py
[2026-04-01T08:41:34.315+0000] {processor.py:840} INFO - DAG(s) 'snowflake_realtime_pipeline' retrieved from /opt/airflow/dags/snowflake_pipeline_dag.py
[2026-04-01T08:41:34.368+0000] {logging_mixin.py:188} INFO - [2026-04-01T08:41:34.368+0000] {dag.py:3089} INFO - Sync 1 DAGs
[2026-04-01T08:41:34.421+0000] {logging_mixin.py:188} INFO - [2026-04-01T08:41:34.421+0000] {dag.py:3947} INFO - Setting next_dagrun for snowflake_realtime_pipeline to 2026-04-01 08:35:00+00:00, run_after=2026-04-01 08:40:00+00:00
[2026-04-01T08:41:34.481+0000] {processor.py:183} INFO - Processing /opt/airflow/dags/snowflake_pipeline_dag.py took 0.231 seconds
[2026-04-01T08:42:04.771+0000] {processor.py:161} INFO - Started process (PID=3423) to work on /opt/airflow/dags/snowflake_pipeline_dag.py
[2026-04-01T08:42:04.774+0000] {processor.py:830} INFO - Processing file /opt/airflow/dags/snowflake_pipeline_dag.py for tasks to queue
[2026-04-01T08:42:04.778+0000] {logging_mixin.py:188} INFO - [2026-04-01T08:42:04.777+0000] {dagbag.py:545} INFO - Filling up the DagBag from /opt/airflow/dags/snowflake_pipeline_dag.py
[2026-04-01T08:42:04.831+0000] {processor.py:840} INFO - DAG(s) 'snowflake_realtime_pipeline' retrieved from /opt/airflow/dags/snowflake_pipeline_dag.py
[2026-04-01T08:42:04.881+0000] {logging_mixin.py:188} INFO - [2026-04-01T08:42:04.880+0000] {dag.py:3089} INFO - Sync 1 DAGs
[2026-04-01T08:42:04.932+0000] {logging_mixin.py:188} INFO - [2026-04-01T08:42:04.931+0000] {dag.py:3947} INFO - Setting next_dagrun for snowflake_realtime_pipeline to 2026-04-01 08:35:00+00:00, run_after=2026-04-01 08:40:00+00:00
[2026-04-01T08:42:04.993+0000] {processor.py:183} INFO - Processing /opt/airflow/dags/snowflake_pipeline_dag.py took 0.235 seconds
[2026-04-01T08:42:35.192+0000] {processor.py:161} INFO - Started process (PID=3448) to work on /opt/airflow/dags/snowflake_pipeline_dag.py
[2026-04-01T08:42:35.195+0000] {processor.py:830} INFO - Processing file /opt/airflow/dags/snowflake_pipeline_dag.py for tasks to queue
[2026-04-01T08:42:35.198+0000] {logging_mixin.py:188} INFO - [2026-04-01T08:42:35.197+0000] {dagbag.py:545} INFO - Filling up the DagBag from /opt/airflow/dags/snowflake_pipeline_dag.py
[2026-04-01T08:42:35.248+0000] {processor.py:840} INFO - DAG(s) 'snowflake_realtime_pipeline' retrieved from /opt/airflow/dags/snowflake_pipeline_dag.py
[2026-04-01T08:42:35.299+0000] {logging_mixin.py:188} INFO - [2026-04-01T08:42:35.299+0000] {dag.py:3089} INFO - Sync 1 DAGs
[2026-04-01T08:42:35.344+0000] {logging_mixin.py:188} INFO - [2026-04-01T08:42:35.344+0000] {dag.py:3947} INFO - Setting next_dagrun for snowflake_realtime_pipeline to 2026-04-01 08:35:00+00:00, run_after=2026-04-01 08:40:00+00:00
[2026-04-01T08:42:35.408+0000] {processor.py:183} INFO - Processing /opt/airflow/dags/snowflake_pipeline_dag.py took 0.228 seconds
[2026-04-01T08:43:06.136+0000] {processor.py:161} INFO - Started process (PID=3473) to work on /opt/airflow/dags/snowflake_pipeline_dag.py
[2026-04-01T08:43:06.138+0000] {processor.py:830} INFO - Processing file /opt/airflow/dags/snowflake_pipeline_dag.py for tasks to queue
[2026-04-01T08:43:06.141+0000] {logging_mixin.py:188} INFO - [2026-04-01T08:43:06.140+0000] {dagbag.py:545} INFO - Filling up the DagBag from /opt/airflow/dags/snowflake_pipeline_dag.py
[2026-04-01T08:43:06.191+0000] {processor.py:840} INFO - DAG(s) 'snowflake_realtime_pipeline' retrieved from /opt/airflow/dags/snowflake_pipeline_dag.py
[2026-04-01T08:43:06.243+0000] {logging_mixin.py:188} INFO - [2026-04-01T08:43:06.242+0000] {dag.py:3089} INFO - Sync 1 DAGs
[2026-04-01T08:43:06.295+0000] {logging_mixin.py:188} INFO - [2026-04-01T08:43:06.295+0000] {dag.py:3947} INFO - Setting next_dagrun for snowflake_realtime_pipeline to 2026-04-01 08:35:00+00:00, run_after=2026-04-01 08:40:00+00:00
[2026-04-01T08:43:06.335+0000] {processor.py:183} INFO - Processing /opt/airflow/dags/snowflake_pipeline_dag.py took 0.210 seconds
[2026-04-01T08:43:36.797+0000] {processor.py:161} INFO - Started process (PID=3498) to work on /opt/airflow/dags/snowflake_pipeline_dag.py
[2026-04-01T08:43:36.799+0000] {processor.py:830} INFO - Processing file /opt/airflow/dags/snowflake_pipeline_dag.py for tasks to queue
[2026-04-01T08:43:36.804+0000] {logging_mixin.py:188} INFO - [2026-04-01T08:43:36.803+0000] {dagbag.py:545} INFO - Filling up the DagBag from /opt/airflow/dags/snowflake_pipeline_dag.py
[2026-04-01T08:43:36.863+0000] {processor.py:840} INFO - DAG(s) 'snowflake_realtime_pipeline' retrieved from /opt/airflow/dags/snowflake_pipeline_dag.py
[2026-04-01T08:43:36.936+0000] {logging_mixin.py:188} INFO - [2026-04-01T08:43:36.936+0000] {dag.py:3089} INFO - Sync 1 DAGs
[2026-04-01T08:43:36.996+0000] {logging_mixin.py:188} INFO - [2026-04-01T08:43:36.996+0000] {dag.py:3947} INFO - Setting next_dagrun for snowflake_realtime_pipeline to 2026-04-01 08:35:00+00:00, run_after=2026-04-01 08:40:00+00:00
[2026-04-01T08:43:37.046+0000] {processor.py:183} INFO - Processing /opt/airflow/dags/snowflake_pipeline_dag.py took 0.268 seconds
[2026-04-01T08:44:07.341+0000] {processor.py:161} INFO - Started process (PID=3523) to work on /opt/airflow/dags/snowflake_pipeline_dag.py
[2026-04-01T08:44:07.343+0000] {processor.py:830} INFO - Processing file /opt/airflow/dags/snowflake_pipeline_dag.py for tasks to queue
[2026-04-01T08:44:07.348+0000] {logging_mixin.py:188} INFO - [2026-04-01T08:44:07.347+0000] {dagbag.py:545} INFO - Filling up the DagBag from /opt/airflow/dags/snowflake_pipeline_dag.py
[2026-04-01T08:44:07.406+0000] {processor.py:840} INFO - DAG(s) 'snowflake_realtime_pipeline' retrieved from /opt/airflow/dags/snowflake_pipeline_dag.py
[2026-04-01T08:44:07.483+0000] {logging_mixin.py:188} INFO - [2026-04-01T08:44:07.482+0000] {dag.py:3089} INFO - Sync 1 DAGs
[2026-04-01T08:44:07.547+0000] {logging_mixin.py:188} INFO - [2026-04-01T08:44:07.547+0000] {dag.py:3947} INFO - Setting next_dagrun for snowflake_realtime_pipeline to 2026-04-01 08:35:00+00:00, run_after=2026-04-01 08:40:00+00:00
[2026-04-01T08:44:07.595+0000] {processor.py:183} INFO - Processing /opt/airflow/dags/snowflake_pipeline_dag.py took 0.268 seconds
[2026-04-01T08:44:37.983+0000] {processor.py:161} INFO - Started process (PID=3548) to work on /opt/airflow/dags/snowflake_pipeline_dag.py
[2026-04-01T08:44:37.986+0000] {processor.py:830} INFO - Processing file /opt/airflow/dags/snowflake_pipeline_dag.py for tasks to queue
[2026-04-01T08:44:37.990+0000] {logging_mixin.py:188} INFO - [2026-04-01T08:44:37.989+0000] {dagbag.py:545} INFO - Filling up the DagBag from /opt/airflow/dags/snowflake_pipeline_dag.py
[2026-04-01T08:44:38.040+0000] {processor.py:840} INFO - DAG(s) 'snowflake_realtime_pipeline' retrieved from /opt/airflow/dags/snowflake_pipeline_dag.py
[2026-04-01T08:44:38.093+0000] {logging_mixin.py:188} INFO - [2026-04-01T08:44:38.093+0000] {dag.py:3089} INFO - Sync 1 DAGs
[2026-04-01T08:44:38.145+0000] {logging_mixin.py:188} INFO - [2026-04-01T08:44:38.144+0000] {dag.py:3947} INFO - Setting next_dagrun for snowflake_realtime_pipeline to 2026-04-01 08:35:00+00:00, run_after=2026-04-01 08:40:00+00:00
[2026-04-01T08:44:38.208+0000] {processor.py:183} INFO - Processing /opt/airflow/dags/snowflake_pipeline_dag.py took 0.239 seconds
[2026-04-01T08:45:08.445+0000] {processor.py:161} INFO - Started process (PID=3573) to work on /opt/airflow/dags/snowflake_pipeline_dag.py
[2026-04-01T08:45:08.447+0000] {processor.py:830} INFO - Processing file /opt/airflow/dags/snowflake_pipeline_dag.py for tasks to queue
[2026-04-01T08:45:08.451+0000] {logging_mixin.py:188} INFO - [2026-04-01T08:45:08.450+0000] {dagbag.py:545} INFO - Filling up the DagBag from /opt/airflow/dags/snowflake_pipeline_dag.py
[2026-04-01T08:45:08.502+0000] {processor.py:840} INFO - DAG(s) 'snowflake_realtime_pipeline' retrieved from /opt/airflow/dags/snowflake_pipeline_dag.py
[2026-04-01T08:45:08.551+0000] {logging_mixin.py:188} INFO - [2026-04-01T08:45:08.551+0000] {dag.py:3089} INFO - Sync 1 DAGs
[2026-04-01T08:45:08.597+0000] {logging_mixin.py:188} INFO - [2026-04-01T08:45:08.596+0000] {dag.py:3947} INFO - Setting next_dagrun for snowflake_realtime_pipeline to 2026-04-01 08:40:00+00:00, run_after=2026-04-01 08:45:00+00:00
[2026-04-01T08:45:08.655+0000] {processor.py:183} INFO - Processing /opt/airflow/dags/snowflake_pipeline_dag.py took 0.222 seconds
[2026-04-01T08:45:38.956+0000] {processor.py:161} INFO - Started process (PID=3598) to work on /opt/airflow/dags/snowflake_pipeline_dag.py
[2026-04-01T08:45:38.958+0000] {processor.py:830} INFO - Processing file /opt/airflow/dags/snowflake_pipeline_dag.py for tasks to queue
[2026-04-01T08:45:38.962+0000] {logging_mixin.py:188} INFO - [2026-04-01T08:45:38.961+0000] {dagbag.py:545} INFO - Filling up the DagBag from /opt/airflow/dags/snowflake_pipeline_dag.py
[2026-04-01T08:45:39.013+0000] {processor.py:840} INFO - DAG(s) 'snowflake_realtime_pipeline' retrieved from /opt/airflow/dags/snowflake_pipeline_dag.py
[2026-04-01T08:45:39.059+0000] {logging_mixin.py:188} INFO - [2026-04-01T08:45:39.059+0000] {dag.py:3089} INFO - Sync 1 DAGs
[2026-04-01T08:45:39.110+0000] {logging_mixin.py:188} INFO - [2026-04-01T08:45:39.109+0000] {dag.py:3947} INFO - Setting next_dagrun for snowflake_realtime_pipeline to 2026-04-01 08:40:00+00:00, run_after=2026-04-01 08:45:00+00:00
[2026-04-01T08:45:39.167+0000] {processor.py:183} INFO - Processing /opt/airflow/dags/snowflake_pipeline_dag.py took 0.222 seconds
[2026-04-01T08:46:09.574+0000] {processor.py:161} INFO - Started process (PID=3623) to work on /opt/airflow/dags/snowflake_pipeline_dag.py
[2026-04-01T08:46:09.577+0000] {processor.py:830} INFO - Processing file /opt/airflow/dags/snowflake_pipeline_dag.py for tasks to queue
[2026-04-01T08:46:09.583+0000] {logging_mixin.py:188} INFO - [2026-04-01T08:46:09.582+0000] {dagbag.py:545} INFO - Filling up the DagBag from /opt/airflow/dags/snowflake_pipeline_dag.py
[2026-04-01T08:46:09.650+0000] {processor.py:840} INFO - DAG(s) 'snowflake_realtime_pipeline' retrieved from /opt/airflow/dags/snowflake_pipeline_dag.py
[2026-04-01T08:46:09.756+0000] {logging_mixin.py:188} INFO - [2026-04-01T08:46:09.756+0000] {dag.py:3089} INFO - Sync 1 DAGs
[2026-04-01T08:46:09.824+0000] {logging_mixin.py:188} INFO - [2026-04-01T08:46:09.823+0000] {dag.py:3947} INFO - Setting next_dagrun for snowflake_realtime_pipeline to 2026-04-01 08:40:00+00:00, run_after=2026-04-01 08:45:00+00:00
[2026-04-01T08:46:09.875+0000] {processor.py:183} INFO - Processing /opt/airflow/dags/snowflake_pipeline_dag.py took 0.317 seconds
[2026-04-01T08:46:40.342+0000] {processor.py:161} INFO - Started process (PID=3648) to work on /opt/airflow/dags/snowflake_pipeline_dag.py
[2026-04-01T08:46:40.344+0000] {processor.py:830} INFO - Processing file /opt/airflow/dags/snowflake_pipeline_dag.py for tasks to queue
[2026-04-01T08:46:40.348+0000] {logging_mixin.py:188} INFO - [2026-04-01T08:46:40.347+0000] {dagbag.py:545} INFO - Filling up the DagBag from /opt/airflow/dags/snowflake_pipeline_dag.py
[2026-04-01T08:46:40.395+0000] {processor.py:840} INFO - DAG(s) 'snowflake_realtime_pipeline' retrieved from /opt/airflow/dags/snowflake_pipeline_dag.py
[2026-04-01T08:46:40.442+0000] {logging_mixin.py:188} INFO - [2026-04-01T08:46:40.441+0000] {dag.py:3089} INFO - Sync 1 DAGs
[2026-04-01T08:46:40.489+0000] {logging_mixin.py:188} INFO - [2026-04-01T08:46:40.489+0000] {dag.py:3947} INFO - Setting next_dagrun for snowflake_realtime_pipeline to 2026-04-01 08:40:00+00:00, run_after=2026-04-01 08:45:00+00:00
[2026-04-01T08:46:40.557+0000] {processor.py:183} INFO - Processing /opt/airflow/dags/snowflake_pipeline_dag.py took 0.235 seconds
[2026-04-01T08:47:10.954+0000] {processor.py:161} INFO - Started process (PID=3673) to work on /opt/airflow/dags/snowflake_pipeline_dag.py
[2026-04-01T08:47:10.956+0000] {processor.py:830} INFO - Processing file /opt/airflow/dags/snowflake_pipeline_dag.py for tasks to queue
[2026-04-01T08:47:10.961+0000] {logging_mixin.py:188} INFO - [2026-04-01T08:47:10.960+0000] {dagbag.py:545} INFO - Filling up the DagBag from /opt/airflow/dags/snowflake_pipeline_dag.py
[2026-04-01T08:47:11.016+0000] {processor.py:840} INFO - DAG(s) 'snowflake_realtime_pipeline' retrieved from /opt/airflow/dags/snowflake_pipeline_dag.py
[2026-04-01T08:47:11.176+0000] {logging_mixin.py:188} INFO - [2026-04-01T08:47:11.175+0000] {dag.py:3089} INFO - Sync 1 DAGs
[2026-04-01T08:47:11.256+0000] {logging_mixin.py:188} INFO - [2026-04-01T08:47:11.255+0000] {dag.py:3947} INFO - Setting next_dagrun for snowflake_realtime_pipeline to 2026-04-01 08:40:00+00:00, run_after=2026-04-01 08:45:00+00:00
[2026-04-01T08:47:11.306+0000] {processor.py:183} INFO - Processing /opt/airflow/dags/snowflake_pipeline_dag.py took 0.366 seconds
[2026-04-01T08:47:41.429+0000] {processor.py:161} INFO - Started process (PID=3698) to work on /opt/airflow/dags/snowflake_pipeline_dag.py
[2026-04-01T08:47:41.432+0000] {processor.py:830} INFO - Processing file /opt/airflow/dags/snowflake_pipeline_dag.py for tasks to queue
[2026-04-01T08:47:41.435+0000] {logging_mixin.py:188} INFO - [2026-04-01T08:47:41.435+0000] {dagbag.py:545} INFO - Filling up the DagBag from /opt/airflow/dags/snowflake_pipeline_dag.py
[2026-04-01T08:47:41.480+0000] {processor.py:840} INFO - DAG(s) 'snowflake_realtime_pipeline' retrieved from /opt/airflow/dags/snowflake_pipeline_dag.py
[2026-04-01T08:47:41.535+0000] {logging_mixin.py:188} INFO - [2026-04-01T08:47:41.535+0000] {dag.py:3089} INFO - Sync 1 DAGs
[2026-04-01T08:47:41.588+0000] {logging_mixin.py:188} INFO - [2026-04-01T08:47:41.588+0000] {dag.py:3947} INFO - Setting next_dagrun for snowflake_realtime_pipeline to 2026-04-01 08:40:00+00:00, run_after=2026-04-01 08:45:00+00:00
[2026-04-01T08:47:41.635+0000] {processor.py:183} INFO - Processing /opt/airflow/dags/snowflake_pipeline_dag.py took 0.222 seconds
[2026-04-01T08:48:12.069+0000] {processor.py:161} INFO - Started process (PID=3723) to work on /opt/airflow/dags/snowflake_pipeline_dag.py
[2026-04-01T08:48:12.071+0000] {processor.py:830} INFO - Processing file /opt/airflow/dags/snowflake_pipeline_dag.py for tasks to queue
[2026-04-01T08:48:12.075+0000] {logging_mixin.py:188} INFO - [2026-04-01T08:48:12.074+0000] {dagbag.py:545} INFO - Filling up the DagBag from /opt/airflow/dags/snowflake_pipeline_dag.py
[2026-04-01T08:48:12.130+0000] {processor.py:840} INFO - DAG(s) 'snowflake_realtime_pipeline' retrieved from /opt/airflow/dags/snowflake_pipeline_dag.py
[2026-04-01T08:48:12.224+0000] {logging_mixin.py:188} INFO - [2026-04-01T08:48:12.224+0000] {dag.py:3089} INFO - Sync 1 DAGs
[2026-04-01T08:48:12.289+0000] {logging_mixin.py:188} INFO - [2026-04-01T08:48:12.288+0000] {dag.py:3947} INFO - Setting next_dagrun for snowflake_realtime_pipeline to 2026-04-01 08:40:00+00:00, run_after=2026-04-01 08:45:00+00:00
[2026-04-01T08:48:12.344+0000] {processor.py:183} INFO - Processing /opt/airflow/dags/snowflake_pipeline_dag.py took 0.289 seconds
[2026-04-01T08:48:42.536+0000] {processor.py:161} INFO - Started process (PID=3748) to work on /opt/airflow/dags/snowflake_pipeline_dag.py
[2026-04-01T08:48:42.538+0000] {processor.py:830} INFO - Processing file /opt/airflow/dags/snowflake_pipeline_dag.py for tasks to queue
[2026-04-01T08:48:42.543+0000] {logging_mixin.py:188} INFO - [2026-04-01T08:48:42.542+0000] {dagbag.py:545} INFO - Filling up the DagBag from /opt/airflow/dags/snowflake_pipeline_dag.py
[2026-04-01T08:48:42.681+0000] {processor.py:840} INFO - DAG(s) 'snowflake_realtime_pipeline' retrieved from /opt/airflow/dags/snowflake_pipeline_dag.py
[2026-04-01T08:48:42.727+0000] {logging_mixin.py:188} INFO - [2026-04-01T08:48:42.727+0000] {dag.py:3089} INFO - Sync 1 DAGs
[2026-04-01T08:48:42.773+0000] {logging_mixin.py:188} INFO - [2026-04-01T08:48:42.772+0000] {dag.py:3947} INFO - Setting next_dagrun for snowflake_realtime_pipeline to 2026-04-01 08:40:00+00:00, run_after=2026-04-01 08:45:00+00:00
[2026-04-01T08:48:42.812+0000] {processor.py:183} INFO - Processing /opt/airflow/dags/snowflake_pipeline_dag.py took 0.291 seconds
[2026-04-01T08:49:13.141+0000] {processor.py:161} INFO - Started process (PID=3773) to work on /opt/airflow/dags/snowflake_pipeline_dag.py
[2026-04-01T08:49:13.143+0000] {processor.py:830} INFO - Processing file /opt/airflow/dags/snowflake_pipeline_dag.py for tasks to queue
[2026-04-01T08:49:13.146+0000] {logging_mixin.py:188} INFO - [2026-04-01T08:49:13.146+0000] {dagbag.py:545} INFO - Filling up the DagBag from /opt/airflow/dags/snowflake_pipeline_dag.py
[2026-04-01T08:49:13.200+0000] {processor.py:840} INFO - DAG(s) 'snowflake_realtime_pipeline' retrieved from /opt/airflow/dags/snowflake_pipeline_dag.py
[2026-04-01T08:49:13.248+0000] {logging_mixin.py:188} INFO - [2026-04-01T08:49:13.248+0000] {dag.py:3089} INFO - Sync 1 DAGs
[2026-04-01T08:49:13.297+0000] {logging_mixin.py:188} INFO - [2026-04-01T08:49:13.296+0000] {dag.py:3947} INFO - Setting next_dagrun for snowflake_realtime_pipeline to 2026-04-01 08:40:00+00:00, run_after=2026-04-01 08:45:00+00:00
[2026-04-01T08:49:13.361+0000] {processor.py:183} INFO - Processing /opt/airflow/dags/snowflake_pipeline_dag.py took 0.233 seconds
[2026-04-01T08:49:43.482+0000] {processor.py:161} INFO - Started process (PID=3798) to work on /opt/airflow/dags/snowflake_pipeline_dag.py
[2026-04-01T08:49:43.484+0000] {processor.py:830} INFO - Processing file /opt/airflow/dags/snowflake_pipeline_dag.py for tasks to queue
[2026-04-01T08:49:43.488+0000] {logging_mixin.py:188} INFO - [2026-04-01T08:49:43.487+0000] {dagbag.py:545} INFO - Filling up the DagBag from /opt/airflow/dags/snowflake_pipeline_dag.py
[2026-04-01T08:49:43.540+0000] {processor.py:840} INFO - DAG(s) 'snowflake_realtime_pipeline' retrieved from /opt/airflow/dags/snowflake_pipeline_dag.py
[2026-04-01T08:49:43.598+0000] {logging_mixin.py:188} INFO - [2026-04-01T08:49:43.598+0000] {dag.py:3089} INFO - Sync 1 DAGs
[2026-04-01T08:49:43.655+0000] {logging_mixin.py:188} INFO - [2026-04-01T08:49:43.655+0000] {dag.py:3947} INFO - Setting next_dagrun for snowflake_realtime_pipeline to 2026-04-01 08:40:00+00:00, run_after=2026-04-01 08:45:00+00:00
[2026-04-01T08:49:43.726+0000] {processor.py:183} INFO - Processing /opt/airflow/dags/snowflake_pipeline_dag.py took 0.260 seconds
[2026-04-01T08:50:14.023+0000] {processor.py:161} INFO - Started process (PID=3823) to work on /opt/airflow/dags/snowflake_pipeline_dag.py
[2026-04-01T08:50:14.025+0000] {processor.py:830} INFO - Processing file /opt/airflow/dags/snowflake_pipeline_dag.py for tasks to queue
[2026-04-01T08:50:14.029+0000] {logging_mixin.py:188} INFO - [2026-04-01T08:50:14.028+0000] {dagbag.py:545} INFO - Filling up the DagBag from /opt/airflow/dags/snowflake_pipeline_dag.py
[2026-04-01T08:50:14.091+0000] {processor.py:840} INFO - DAG(s) 'snowflake_realtime_pipeline' retrieved from /opt/airflow/dags/snowflake_pipeline_dag.py
[2026-04-01T08:50:14.177+0000] {logging_mixin.py:188} INFO - [2026-04-01T08:50:14.177+0000] {dag.py:3089} INFO - Sync 1 DAGs
[2026-04-01T08:50:14.231+0000] {logging_mixin.py:188} INFO - [2026-04-01T08:50:14.230+0000] {dag.py:3947} INFO - Setting next_dagrun for snowflake_realtime_pipeline to 2026-04-01 08:45:00+00:00, run_after=2026-04-01 08:50:00+00:00
[2026-04-01T08:50:14.272+0000] {processor.py:183} INFO - Processing /opt/airflow/dags/snowflake_pipeline_dag.py took 0.261 seconds
[2026-04-01T08:50:44.722+0000] {processor.py:161} INFO - Started process (PID=3848) to work on /opt/airflow/dags/snowflake_pipeline_dag.py
[2026-04-01T08:50:44.725+0000] {processor.py:830} INFO - Processing file /opt/airflow/dags/snowflake_pipeline_dag.py for tasks to queue
[2026-04-01T08:50:44.731+0000] {logging_mixin.py:188} INFO - [2026-04-01T08:50:44.730+0000] {dagbag.py:545} INFO - Filling up the DagBag from /opt/airflow/dags/snowflake_pipeline_dag.py
[2026-04-01T08:50:44.804+0000] {processor.py:840} INFO - DAG(s) 'snowflake_realtime_pipeline' retrieved from /opt/airflow/dags/snowflake_pipeline_dag.py
[2026-04-01T08:50:44.886+0000] {logging_mixin.py:188} INFO - [2026-04-01T08:50:44.886+0000] {dag.py:3089} INFO - Sync 1 DAGs
[2026-04-01T08:50:44.961+0000] {logging_mixin.py:188} INFO - [2026-04-01T08:50:44.961+0000] {dag.py:3947} INFO - Setting next_dagrun for snowflake_realtime_pipeline to 2026-04-01 08:45:00+00:00, run_after=2026-04-01 08:50:00+00:00
[2026-04-01T08:50:45.024+0000] {processor.py:183} INFO - Processing /opt/airflow/dags/snowflake_pipeline_dag.py took 0.322 seconds
[2026-04-01T08:51:15.361+0000] {processor.py:161} INFO - Started process (PID=3873) to work on /opt/airflow/dags/snowflake_pipeline_dag.py
[2026-04-01T08:51:15.365+0000] {processor.py:830} INFO - Processing file /opt/airflow/dags/snowflake_pipeline_dag.py for tasks to queue
[2026-04-01T08:51:15.371+0000] {logging_mixin.py:188} INFO - [2026-04-01T08:51:15.370+0000] {dagbag.py:545} INFO - Filling up the DagBag from /opt/airflow/dags/snowflake_pipeline_dag.py
[2026-04-01T08:51:15.434+0000] {processor.py:840} INFO - DAG(s) 'snowflake_realtime_pipeline' retrieved from /opt/airflow/dags/snowflake_pipeline_dag.py
[2026-04-01T08:51:15.499+0000] {logging_mixin.py:188} INFO - [2026-04-01T08:51:15.499+0000] {dag.py:3089} INFO - Sync 1 DAGs
[2026-04-01T08:51:15.565+0000] {logging_mixin.py:188} INFO - [2026-04-01T08:51:15.565+0000] {dag.py:3947} INFO - Setting next_dagrun for snowflake_realtime_pipeline to 2026-04-01 08:45:00+00:00, run_after=2026-04-01 08:50:00+00:00
[2026-04-01T08:51:15.617+0000] {processor.py:183} INFO - Processing /opt/airflow/dags/snowflake_pipeline_dag.py took 0.278 seconds
[2026-04-01T08:51:46.049+0000] {processor.py:161} INFO - Started process (PID=3898) to work on /opt/airflow/dags/snowflake_pipeline_dag.py
[2026-04-01T08:51:46.071+0000] {processor.py:830} INFO - Processing file /opt/airflow/dags/snowflake_pipeline_dag.py for tasks to queue
[2026-04-01T08:51:46.079+0000] {logging_mixin.py:188} INFO - [2026-04-01T08:51:46.078+0000] {dagbag.py:545} INFO - Filling up the DagBag from /opt/airflow/dags/snowflake_pipeline_dag.py
[2026-04-01T08:51:46.170+0000] {processor.py:840} INFO - DAG(s) 'snowflake_realtime_pipeline' retrieved from /opt/airflow/dags/snowflake_pipeline_dag.py
[2026-04-01T08:51:46.231+0000] {logging_mixin.py:188} INFO - [2026-04-01T08:51:46.231+0000] {dag.py:3089} INFO - Sync 1 DAGs
[2026-04-01T08:51:46.291+0000] {logging_mixin.py:188} INFO - [2026-04-01T08:51:46.291+0000] {dag.py:3947} INFO - Setting next_dagrun for snowflake_realtime_pipeline to 2026-04-01 08:45:00+00:00, run_after=2026-04-01 08:50:00+00:00
[2026-04-01T08:51:46.334+0000] {processor.py:183} INFO - Processing /opt/airflow/dags/snowflake_pipeline_dag.py took 0.320 seconds
[2026-04-01T08:52:16.545+0000] {processor.py:161} INFO - Started process (PID=3923) to work on /opt/airflow/dags/snowflake_pipeline_dag.py
[2026-04-01T08:52:16.546+0000] {processor.py:830} INFO - Processing file /opt/airflow/dags/snowflake_pipeline_dag.py for tasks to queue
[2026-04-01T08:52:16.549+0000] {logging_mixin.py:188} INFO - [2026-04-01T08:52:16.548+0000] {dagbag.py:545} INFO - Filling up the DagBag from /opt/airflow/dags/snowflake_pipeline_dag.py
[2026-04-01T08:52:16.606+0000] {processor.py:840} INFO - DAG(s) 'snowflake_realtime_pipeline' retrieved from /opt/airflow/dags/snowflake_pipeline_dag.py
[2026-04-01T08:52:16.662+0000] {logging_mixin.py:188} INFO - [2026-04-01T08:52:16.661+0000] {dag.py:3089} INFO - Sync 1 DAGs
[2026-04-01T08:52:16.714+0000] {logging_mixin.py:188} INFO - [2026-04-01T08:52:16.714+0000] {dag.py:3947} INFO - Setting next_dagrun for snowflake_realtime_pipeline to 2026-04-01 08:45:00+00:00, run_after=2026-04-01 08:50:00+00:00
[2026-04-01T08:52:16.752+0000] {processor.py:183} INFO - Processing /opt/airflow/dags/snowflake_pipeline_dag.py took 0.219 seconds
[2026-04-01T08:52:47.112+0000] {processor.py:161} INFO - Started process (PID=3948) to work on /opt/airflow/dags/snowflake_pipeline_dag.py
[2026-04-01T08:52:47.114+0000] {processor.py:830} INFO - Processing file /opt/airflow/dags/snowflake_pipeline_dag.py for tasks to queue
[2026-04-01T08:52:47.118+0000] {logging_mixin.py:188} INFO - [2026-04-01T08:52:47.117+0000] {dagbag.py:545} INFO - Filling up the DagBag from /opt/airflow/dags/snowflake_pipeline_dag.py
[2026-04-01T08:52:47.170+0000] {processor.py:840} INFO - DAG(s) 'snowflake_realtime_pipeline' retrieved from /opt/airflow/dags/snowflake_pipeline_dag.py
[2026-04-01T08:52:47.217+0000] {logging_mixin.py:188} INFO - [2026-04-01T08:52:47.216+0000] {dag.py:3089} INFO - Sync 1 DAGs
[2026-04-01T08:52:47.260+0000] {logging_mixin.py:188} INFO - [2026-04-01T08:52:47.260+0000] {dag.py:3947} INFO - Setting next_dagrun for snowflake_realtime_pipeline to 2026-04-01 08:45:00+00:00, run_after=2026-04-01 08:50:00+00:00
[2026-04-01T08:52:47.346+0000] {processor.py:183} INFO - Processing /opt/airflow/dags/snowflake_pipeline_dag.py took 0.248 seconds
[2026-04-01T08:53:17.662+0000] {processor.py:161} INFO - Started process (PID=3973) to work on /opt/airflow/dags/snowflake_pipeline_dag.py
[2026-04-01T08:53:17.664+0000] {processor.py:830} INFO - Processing file /opt/airflow/dags/snowflake_pipeline_dag.py for tasks to queue
[2026-04-01T08:53:17.668+0000] {logging_mixin.py:188} INFO - [2026-04-01T08:53:17.667+0000] {dagbag.py:545} INFO - Filling up the DagBag from /opt/airflow/dags/snowflake_pipeline_dag.py
[2026-04-01T08:53:17.717+0000] {processor.py:840} INFO - DAG(s) 'snowflake_realtime_pipeline' retrieved from /opt/airflow/dags/snowflake_pipeline_dag.py
[2026-04-01T08:53:17.768+0000] {logging_mixin.py:188} INFO - [2026-04-01T08:53:17.768+0000] {dag.py:3089} INFO - Sync 1 DAGs
[2026-04-01T08:53:17.819+0000] {logging_mixin.py:188} INFO - [2026-04-01T08:53:17.818+0000] {dag.py:3947} INFO - Setting next_dagrun for snowflake_realtime_pipeline to 2026-04-01 08:45:00+00:00, run_after=2026-04-01 08:50:00+00:00
[2026-04-01T08:53:17.869+0000] {processor.py:183} INFO - Processing /opt/airflow/dags/snowflake_pipeline_dag.py took 0.220 seconds
[2026-04-01T08:53:48.147+0000] {processor.py:161} INFO - Started process (PID=3998) to work on /opt/airflow/dags/snowflake_pipeline_dag.py
[2026-04-01T08:53:48.149+0000] {processor.py:830} INFO - Processing file /opt/airflow/dags/snowflake_pipeline_dag.py for tasks to queue
[2026-04-01T08:53:48.153+0000] {logging_mixin.py:188} INFO - [2026-04-01T08:53:48.152+0000] {dagbag.py:545} INFO - Filling up the DagBag from /opt/airflow/dags/snowflake_pipeline_dag.py
[2026-04-01T08:53:48.271+0000] {processor.py:840} INFO - DAG(s) 'snowflake_realtime_pipeline' retrieved from /opt/airflow/dags/snowflake_pipeline_dag.py
[2026-04-01T08:53:48.336+0000] {logging_mixin.py:188} INFO - [2026-04-01T08:53:48.336+0000] {dag.py:3089} INFO - Sync 1 DAGs
[2026-04-01T08:53:48.393+0000] {logging_mixin.py:188} INFO - [2026-04-01T08:53:48.392+0000] {dag.py:3947} INFO - Setting next_dagrun for snowflake_realtime_pipeline to 2026-04-01 08:45:00+00:00, run_after=2026-04-01 08:50:00+00:00
[2026-04-01T08:53:48.459+0000] {processor.py:183} INFO - Processing /opt/airflow/dags/snowflake_pipeline_dag.py took 0.328 seconds
[2026-04-01T08:54:18.755+0000] {processor.py:161} INFO - Started process (PID=4023) to work on /opt/airflow/dags/snowflake_pipeline_dag.py
[2026-04-01T08:54:18.758+0000] {processor.py:830} INFO - Processing file /opt/airflow/dags/snowflake_pipeline_dag.py for tasks to queue
[2026-04-01T08:54:18.763+0000] {logging_mixin.py:188} INFO - [2026-04-01T08:54:18.762+0000] {dagbag.py:545} INFO - Filling up the DagBag from /opt/airflow/dags/snowflake_pipeline_dag.py
[2026-04-01T08:54:18.810+0000] {processor.py:840} INFO - DAG(s) 'snowflake_realtime_pipeline' retrieved from /opt/airflow/dags/snowflake_pipeline_dag.py
[2026-04-01T08:54:18.868+0000] {logging_mixin.py:188} INFO - [2026-04-01T08:54:18.868+0000] {dag.py:3089} INFO - Sync 1 DAGs
[2026-04-01T08:54:18.927+0000] {logging_mixin.py:188} INFO - [2026-04-01T08:54:18.927+0000] {dag.py:3947} INFO - Setting next_dagrun for snowflake_realtime_pipeline to 2026-04-01 08:45:00+00:00, run_after=2026-04-01 08:50:00+00:00
[2026-04-01T08:54:18.988+0000] {processor.py:183} INFO - Processing /opt/airflow/dags/snowflake_pipeline_dag.py took 0.255 seconds
[2026-04-01T08:54:49.250+0000] {processor.py:161} INFO - Started process (PID=4048) to work on /opt/airflow/dags/snowflake_pipeline_dag.py
[2026-04-01T08:54:49.253+0000] {processor.py:830} INFO - Processing file /opt/airflow/dags/snowflake_pipeline_dag.py for tasks to queue
[2026-04-01T08:54:49.258+0000] {logging_mixin.py:188} INFO - [2026-04-01T08:54:49.257+0000] {dagbag.py:545} INFO - Filling up the DagBag from /opt/airflow/dags/snowflake_pipeline_dag.py
[2026-04-01T08:54:49.309+0000] {processor.py:840} INFO - DAG(s) 'snowflake_realtime_pipeline' retrieved from /opt/airflow/dags/snowflake_pipeline_dag.py
[2026-04-01T08:54:49.361+0000] {logging_mixin.py:188} INFO - [2026-04-01T08:54:49.361+0000] {dag.py:3089} INFO - Sync 1 DAGs
[2026-04-01T08:54:49.418+0000] {logging_mixin.py:188} INFO - [2026-04-01T08:54:49.417+0000] {dag.py:3947} INFO - Setting next_dagrun for snowflake_realtime_pipeline to 2026-04-01 08:45:00+00:00, run_after=2026-04-01 08:50:00+00:00
[2026-04-01T08:54:49.479+0000] {processor.py:183} INFO - Processing /opt/airflow/dags/snowflake_pipeline_dag.py took 0.248 seconds
[2026-04-01T08:55:19.653+0000] {processor.py:161} INFO - Started process (PID=4073) to work on /opt/airflow/dags/snowflake_pipeline_dag.py
[2026-04-01T08:55:19.655+0000] {processor.py:830} INFO - Processing file /opt/airflow/dags/snowflake_pipeline_dag.py for tasks to queue
[2026-04-01T08:55:19.658+0000] {logging_mixin.py:188} INFO - [2026-04-01T08:55:19.658+0000] {dagbag.py:545} INFO - Filling up the DagBag from /opt/airflow/dags/snowflake_pipeline_dag.py
[2026-04-01T08:55:19.709+0000] {processor.py:840} INFO - DAG(s) 'snowflake_realtime_pipeline' retrieved from /opt/airflow/dags/snowflake_pipeline_dag.py
[2026-04-01T08:55:19.763+0000] {logging_mixin.py:188} INFO - [2026-04-01T08:55:19.763+0000] {dag.py:3089} INFO - Sync 1 DAGs
[2026-04-01T08:55:19.811+0000] {logging_mixin.py:188} INFO - [2026-04-01T08:55:19.810+0000] {dag.py:3947} INFO - Setting next_dagrun for snowflake_realtime_pipeline to 2026-04-01 08:50:00+00:00, run_after=2026-04-01 08:55:00+00:00
[2026-04-01T08:55:19.848+0000] {processor.py:183} INFO - Processing /opt/airflow/dags/snowflake_pipeline_dag.py took 0.210 seconds
[2026-04-01T08:55:50.244+0000] {processor.py:161} INFO - Started process (PID=4098) to work on /opt/airflow/dags/snowflake_pipeline_dag.py
[2026-04-01T08:55:50.247+0000] {processor.py:830} INFO - Processing file /opt/airflow/dags/snowflake_pipeline_dag.py for tasks to queue
[2026-04-01T08:55:50.252+0000] {logging_mixin.py:188} INFO - [2026-04-01T08:55:50.251+0000] {dagbag.py:545} INFO - Filling up the DagBag from /opt/airflow/dags/snowflake_pipeline_dag.py
[2026-04-01T08:55:50.323+0000] {processor.py:840} INFO - DAG(s) 'snowflake_realtime_pipeline' retrieved from /opt/airflow/dags/snowflake_pipeline_dag.py
[2026-04-01T08:55:50.403+0000] {logging_mixin.py:188} INFO - [2026-04-01T08:55:50.403+0000] {dag.py:3089} INFO - Sync 1 DAGs
[2026-04-01T08:55:50.461+0000] {logging_mixin.py:188} INFO - [2026-04-01T08:55:50.460+0000] {dag.py:3947} INFO - Setting next_dagrun for snowflake_realtime_pipeline to 2026-04-01 08:50:00+00:00, run_after=2026-04-01 08:55:00+00:00
[2026-04-01T08:55:50.504+0000] {processor.py:183} INFO - Processing /opt/airflow/dags/snowflake_pipeline_dag.py took 0.279 seconds
[2026-04-01T08:56:20.740+0000] {processor.py:161} INFO - Started process (PID=4123) to work on /opt/airflow/dags/snowflake_pipeline_dag.py
[2026-04-01T08:56:20.742+0000] {processor.py:830} INFO - Processing file /opt/airflow/dags/snowflake_pipeline_dag.py for tasks to queue
[2026-04-01T08:56:20.746+0000] {logging_mixin.py:188} INFO - [2026-04-01T08:56:20.745+0000] {dagbag.py:545} INFO - Filling up the DagBag from /opt/airflow/dags/snowflake_pipeline_dag.py
[2026-04-01T08:56:20.798+0000] {processor.py:840} INFO - DAG(s) 'snowflake_realtime_pipeline' retrieved from /opt/airflow/dags/snowflake_pipeline_dag.py
[2026-04-01T08:56:20.855+0000] {logging_mixin.py:188} INFO - [2026-04-01T08:56:20.854+0000] {dag.py:3089} INFO - Sync 1 DAGs
[2026-04-01T08:56:20.904+0000] {logging_mixin.py:188} INFO - [2026-04-01T08:56:20.903+0000] {dag.py:3947} INFO - Setting next_dagrun for snowflake_realtime_pipeline to 2026-04-01 08:50:00+00:00, run_after=2026-04-01 08:55:00+00:00
[2026-04-01T08:56:20.945+0000] {processor.py:183} INFO - Processing /opt/airflow/dags/snowflake_pipeline_dag.py took 0.218 seconds
[2026-04-01T08:56:51.217+0000] {processor.py:161} INFO - Started process (PID=4148) to work on /opt/airflow/dags/snowflake_pipeline_dag.py
[2026-04-01T08:56:51.219+0000] {processor.py:830} INFO - Processing file /opt/airflow/dags/snowflake_pipeline_dag.py for tasks to queue
[2026-04-01T08:56:51.222+0000] {logging_mixin.py:188} INFO - [2026-04-01T08:56:51.222+0000] {dagbag.py:545} INFO - Filling up the DagBag from /opt/airflow/dags/snowflake_pipeline_dag.py
[2026-04-01T08:56:51.271+0000] {processor.py:840} INFO - DAG(s) 'snowflake_realtime_pipeline' retrieved from /opt/airflow/dags/snowflake_pipeline_dag.py
[2026-04-01T08:56:51.321+0000] {logging_mixin.py:188} INFO - [2026-04-01T08:56:51.321+0000] {dag.py:3089} INFO - Sync 1 DAGs
[2026-04-01T08:56:51.366+0000] {logging_mixin.py:188} INFO - [2026-04-01T08:56:51.366+0000] {dag.py:3947} INFO - Setting next_dagrun for snowflake_realtime_pipeline to 2026-04-01 08:50:00+00:00, run_after=2026-04-01 08:55:00+00:00
[2026-04-01T08:56:51.409+0000] {processor.py:183} INFO - Processing /opt/airflow/dags/snowflake_pipeline_dag.py took 0.206 seconds
[2026-04-01T08:57:21.581+0000] {processor.py:161} INFO - Started process (PID=4173) to work on /opt/airflow/dags/snowflake_pipeline_dag.py
[2026-04-01T08:57:21.583+0000] {processor.py:830} INFO - Processing file /opt/airflow/dags/snowflake_pipeline_dag.py for tasks to queue
[2026-04-01T08:57:21.587+0000] {logging_mixin.py:188} INFO - [2026-04-01T08:57:21.587+0000] {dagbag.py:545} INFO - Filling up the DagBag from /opt/airflow/dags/snowflake_pipeline_dag.py
[2026-04-01T08:57:21.636+0000] {processor.py:840} INFO - DAG(s) 'snowflake_realtime_pipeline' retrieved from /opt/airflow/dags/snowflake_pipeline_dag.py
[2026-04-01T08:57:21.689+0000] {logging_mixin.py:188} INFO - [2026-04-01T08:57:21.688+0000] {dag.py:3089} INFO - Sync 1 DAGs
[2026-04-01T08:57:21.738+0000] {logging_mixin.py:188} INFO - [2026-04-01T08:57:21.737+0000] {dag.py:3947} INFO - Setting next_dagrun for snowflake_realtime_pipeline to 2026-04-01 08:50:00+00:00, run_after=2026-04-01 08:55:00+00:00
[2026-04-01T08:57:21.798+0000] {processor.py:183} INFO - Processing /opt/airflow/dags/snowflake_pipeline_dag.py took 0.234 seconds
[2026-04-01T08:57:52.145+0000] {processor.py:161} INFO - Started process (PID=4198) to work on /opt/airflow/dags/snowflake_pipeline_dag.py
[2026-04-01T08:57:52.147+0000] {processor.py:830} INFO - Processing file /opt/airflow/dags/snowflake_pipeline_dag.py for tasks to queue
[2026-04-01T08:57:52.151+0000] {logging_mixin.py:188} INFO - [2026-04-01T08:57:52.150+0000] {dagbag.py:545} INFO - Filling up the DagBag from /opt/airflow/dags/snowflake_pipeline_dag.py
[2026-04-01T08:57:52.204+0000] {processor.py:840} INFO - DAG(s) 'snowflake_realtime_pipeline' retrieved from /opt/airflow/dags/snowflake_pipeline_dag.py
[2026-04-01T08:57:52.260+0000] {logging_mixin.py:188} INFO - [2026-04-01T08:57:52.260+0000] {dag.py:3089} INFO - Sync 1 DAGs
[2026-04-01T08:57:52.315+0000] {logging_mixin.py:188} INFO - [2026-04-01T08:57:52.314+0000] {dag.py:3947} INFO - Setting next_dagrun for snowflake_realtime_pipeline to 2026-04-01 08:50:00+00:00, run_after=2026-04-01 08:55:00+00:00
[2026-04-01T08:57:52.357+0000] {processor.py:183} INFO - Processing /opt/airflow/dags/snowflake_pipeline_dag.py took 0.226 seconds
[2026-04-01T08:58:22.560+0000] {processor.py:161} INFO - Started process (PID=4223) to work on /opt/airflow/dags/snowflake_pipeline_dag.py
[2026-04-01T08:58:22.563+0000] {processor.py:830} INFO - Processing file /opt/airflow/dags/snowflake_pipeline_dag.py for tasks to queue
[2026-04-01T08:58:22.567+0000] {logging_mixin.py:188} INFO - [2026-04-01T08:58:22.567+0000] {dagbag.py:545} INFO - Filling up the DagBag from /opt/airflow/dags/snowflake_pipeline_dag.py
[2026-04-01T08:58:22.628+0000] {processor.py:840} INFO - DAG(s) 'snowflake_realtime_pipeline' retrieved from /opt/airflow/dags/snowflake_pipeline_dag.py
[2026-04-01T08:58:22.689+0000] {logging_mixin.py:188} INFO - [2026-04-01T08:58:22.688+0000] {dag.py:3089} INFO - Sync 1 DAGs
[2026-04-01T08:58:22.742+0000] {logging_mixin.py:188} INFO - [2026-04-01T08:58:22.742+0000] {dag.py:3947} INFO - Setting next_dagrun for snowflake_realtime_pipeline to 2026-04-01 08:50:00+00:00, run_after=2026-04-01 08:55:00+00:00
[2026-04-01T08:58:22.808+0000] {processor.py:183} INFO - Processing /opt/airflow/dags/snowflake_pipeline_dag.py took 0.262 seconds
[2026-04-01T08:58:52.955+0000] {processor.py:161} INFO - Started process (PID=4248) to work on /opt/airflow/dags/snowflake_pipeline_dag.py
[2026-04-01T08:58:52.957+0000] {processor.py:830} INFO - Processing file /opt/airflow/dags/snowflake_pipeline_dag.py for tasks to queue
[2026-04-01T08:58:52.961+0000] {logging_mixin.py:188} INFO - [2026-04-01T08:58:52.961+0000] {dagbag.py:545} INFO - Filling up the DagBag from /opt/airflow/dags/snowflake_pipeline_dag.py
[2026-04-01T08:58:53.013+0000] {processor.py:840} INFO - DAG(s) 'snowflake_realtime_pipeline' retrieved from /opt/airflow/dags/snowflake_pipeline_dag.py
[2026-04-01T08:58:53.066+0000] {logging_mixin.py:188} INFO - [2026-04-01T08:58:53.066+0000] {dag.py:3089} INFO - Sync 1 DAGs
[2026-04-01T08:58:53.128+0000] {logging_mixin.py:188} INFO - [2026-04-01T08:58:53.128+0000] {dag.py:3947} INFO - Setting next_dagrun for snowflake_realtime_pipeline to 2026-04-01 08:50:00+00:00, run_after=2026-04-01 08:55:00+00:00
[2026-04-01T08:58:53.195+0000] {processor.py:183} INFO - Processing /opt/airflow/dags/snowflake_pipeline_dag.py took 0.253 seconds
[2026-04-01T08:59:23.393+0000] {processor.py:161} INFO - Started process (PID=4273) to work on /opt/airflow/dags/snowflake_pipeline_dag.py
[2026-04-01T08:59:23.395+0000] {processor.py:830} INFO - Processing file /opt/airflow/dags/snowflake_pipeline_dag.py for tasks to queue
[2026-04-01T08:59:23.399+0000] {logging_mixin.py:188} INFO - [2026-04-01T08:59:23.398+0000] {dagbag.py:545} INFO - Filling up the DagBag from /opt/airflow/dags/snowflake_pipeline_dag.py
[2026-04-01T08:59:23.448+0000] {processor.py:840} INFO - DAG(s) 'snowflake_realtime_pipeline' retrieved from /opt/airflow/dags/snowflake_pipeline_dag.py
[2026-04-01T08:59:23.494+0000] {logging_mixin.py:188} INFO - [2026-04-01T08:59:23.493+0000] {dag.py:3089} INFO - Sync 1 DAGs
[2026-04-01T08:59:23.583+0000] {logging_mixin.py:188} INFO - [2026-04-01T08:59:23.583+0000] {dag.py:3947} INFO - Setting next_dagrun for snowflake_realtime_pipeline to 2026-04-01 08:50:00+00:00, run_after=2026-04-01 08:55:00+00:00
[2026-04-01T08:59:23.623+0000] {processor.py:183} INFO - Processing /opt/airflow/dags/snowflake_pipeline_dag.py took 0.242 seconds
[2026-04-01T08:59:54.474+0000] {processor.py:161} INFO - Started process (PID=4298) to work on /opt/airflow/dags/snowflake_pipeline_dag.py
[2026-04-01T08:59:54.476+0000] {processor.py:830} INFO - Processing file /opt/airflow/dags/snowflake_pipeline_dag.py for tasks to queue
[2026-04-01T08:59:54.480+0000] {logging_mixin.py:188} INFO - [2026-04-01T08:59:54.480+0000] {dagbag.py:545} INFO - Filling up the DagBag from /opt/airflow/dags/snowflake_pipeline_dag.py
[2026-04-01T08:59:54.535+0000] {processor.py:840} INFO - DAG(s) 'snowflake_realtime_pipeline' retrieved from /opt/airflow/dags/snowflake_pipeline_dag.py
[2026-04-01T08:59:54.584+0000] {logging_mixin.py:188} INFO - [2026-04-01T08:59:54.584+0000] {dag.py:3089} INFO - Sync 1 DAGs
[2026-04-01T08:59:54.632+0000] {logging_mixin.py:188} INFO - [2026-04-01T08:59:54.631+0000] {dag.py:3947} INFO - Setting next_dagrun for snowflake_realtime_pipeline to 2026-04-01 08:50:00+00:00, run_after=2026-04-01 08:55:00+00:00
[2026-04-01T08:59:54.691+0000] {processor.py:183} INFO - Processing /opt/airflow/dags/snowflake_pipeline_dag.py took 0.231 seconds
[2026-04-01T09:00:25.282+0000] {processor.py:161} INFO - Started process (PID=4323) to work on /opt/airflow/dags/snowflake_pipeline_dag.py
[2026-04-01T09:00:25.284+0000] {processor.py:830} INFO - Processing file /opt/airflow/dags/snowflake_pipeline_dag.py for tasks to queue
[2026-04-01T09:00:25.288+0000] {logging_mixin.py:188} INFO - [2026-04-01T09:00:25.287+0000] {dagbag.py:545} INFO - Filling up the DagBag from /opt/airflow/dags/snowflake_pipeline_dag.py
[2026-04-01T09:00:25.343+0000] {processor.py:840} INFO - DAG(s) 'snowflake_realtime_pipeline' retrieved from /opt/airflow/dags/snowflake_pipeline_dag.py
[2026-04-01T09:00:25.395+0000] {logging_mixin.py:188} INFO - [2026-04-01T09:00:25.395+0000] {dag.py:3089} INFO - Sync 1 DAGs
[2026-04-01T09:00:25.442+0000] {logging_mixin.py:188} INFO - [2026-04-01T09:00:25.442+0000] {dag.py:3947} INFO - Setting next_dagrun for snowflake_realtime_pipeline to 2026-04-01 08:55:00+00:00, run_after=2026-04-01 09:00:00+00:00
[2026-04-01T09:00:25.510+0000] {processor.py:183} INFO - Processing /opt/airflow/dags/snowflake_pipeline_dag.py took 0.243 seconds
[2026-04-01T09:00:55.656+0000] {processor.py:161} INFO - Started process (PID=4348) to work on /opt/airflow/dags/snowflake_pipeline_dag.py
[2026-04-01T09:00:55.657+0000] {processor.py:830} INFO - Processing file /opt/airflow/dags/snowflake_pipeline_dag.py for tasks to queue
[2026-04-01T09:00:55.661+0000] {logging_mixin.py:188} INFO - [2026-04-01T09:00:55.661+0000] {dagbag.py:545} INFO - Filling up the DagBag from /opt/airflow/dags/snowflake_pipeline_dag.py
[2026-04-01T09:00:55.709+0000] {processor.py:840} INFO - DAG(s) 'snowflake_realtime_pipeline' retrieved from /opt/airflow/dags/snowflake_pipeline_dag.py
[2026-04-01T09:00:55.759+0000] {logging_mixin.py:188} INFO - [2026-04-01T09:00:55.759+0000] {dag.py:3089} INFO - Sync 1 DAGs
[2026-04-01T09:00:55.814+0000] {logging_mixin.py:188} INFO - [2026-04-01T09:00:55.814+0000] {dag.py:3947} INFO - Setting next_dagrun for snowflake_realtime_pipeline to 2026-04-01 08:55:00+00:00, run_after=2026-04-01 09:00:00+00:00
[2026-04-01T09:00:55.856+0000] {processor.py:183} INFO - Processing /opt/airflow/dags/snowflake_pipeline_dag.py took 0.211 seconds
[2026-04-01T09:01:26.742+0000] {processor.py:161} INFO - Started process (PID=4373) to work on /opt/airflow/dags/snowflake_pipeline_dag.py
[2026-04-01T09:01:26.744+0000] {processor.py:830} INFO - Processing file /opt/airflow/dags/snowflake_pipeline_dag.py for tasks to queue
[2026-04-01T09:01:26.748+0000] {logging_mixin.py:188} INFO - [2026-04-01T09:01:26.747+0000] {dagbag.py:545} INFO - Filling up the DagBag from /opt/airflow/dags/snowflake_pipeline_dag.py
[2026-04-01T09:01:26.799+0000] {processor.py:840} INFO - DAG(s) 'snowflake_realtime_pipeline' retrieved from /opt/airflow/dags/snowflake_pipeline_dag.py
[2026-04-01T09:01:26.845+0000] {logging_mixin.py:188} INFO - [2026-04-01T09:01:26.844+0000] {dag.py:3089} INFO - Sync 1 DAGs
[2026-04-01T09:01:26.887+0000] {logging_mixin.py:188} INFO - [2026-04-01T09:01:26.887+0000] {dag.py:3947} INFO - Setting next_dagrun for snowflake_realtime_pipeline to 2026-04-01 08:55:00+00:00, run_after=2026-04-01 09:00:00+00:00
[2026-04-01T09:01:26.954+0000] {processor.py:183} INFO - Processing /opt/airflow/dags/snowflake_pipeline_dag.py took 0.226 seconds
[2026-04-01T09:01:57.316+0000] {processor.py:161} INFO - Started process (PID=4398) to work on /opt/airflow/dags/snowflake_pipeline_dag.py
[2026-04-01T09:01:57.318+0000] {processor.py:830} INFO - Processing file /opt/airflow/dags/snowflake_pipeline_dag.py for tasks to queue
[2026-04-01T09:01:57.322+0000] {logging_mixin.py:188} INFO - [2026-04-01T09:01:57.321+0000] {dagbag.py:545} INFO - Filling up the DagBag from /opt/airflow/dags/snowflake_pipeline_dag.py
[2026-04-01T09:01:57.374+0000] {processor.py:840} INFO - DAG(s) 'snowflake_realtime_pipeline' retrieved from /opt/airflow/dags/snowflake_pipeline_dag.py
[2026-04-01T09:01:57.422+0000] {logging_mixin.py:188} INFO - [2026-04-01T09:01:57.421+0000] {dag.py:3089} INFO - Sync 1 DAGs
[2026-04-01T09:01:57.474+0000] {logging_mixin.py:188} INFO - [2026-04-01T09:01:57.474+0000] {dag.py:3947} INFO - Setting next_dagrun for snowflake_realtime_pipeline to 2026-04-01 08:55:00+00:00, run_after=2026-04-01 09:00:00+00:00
[2026-04-01T09:01:57.542+0000] {processor.py:183} INFO - Processing /opt/airflow/dags/snowflake_pipeline_dag.py took 0.239 seconds
[2026-04-01T09:02:27.750+0000] {processor.py:161} INFO - Started process (PID=4423) to work on /opt/airflow/dags/snowflake_pipeline_dag.py
[2026-04-01T09:02:27.752+0000] {processor.py:830} INFO - Processing file /opt/airflow/dags/snowflake_pipeline_dag.py for tasks to queue
[2026-04-01T09:02:27.756+0000] {logging_mixin.py:188} INFO - [2026-04-01T09:02:27.755+0000] {dagbag.py:545} INFO - Filling up the DagBag from /opt/airflow/dags/snowflake_pipeline_dag.py
[2026-04-01T09:02:27.807+0000] {processor.py:840} INFO - DAG(s) 'snowflake_realtime_pipeline' retrieved from /opt/airflow/dags/snowflake_pipeline_dag.py
[2026-04-01T09:02:27.855+0000] {logging_mixin.py:188} INFO - [2026-04-01T09:02:27.854+0000] {dag.py:3089} INFO - Sync 1 DAGs
[2026-04-01T09:02:27.905+0000] {logging_mixin.py:188} INFO - [2026-04-01T09:02:27.904+0000] {dag.py:3947} INFO - Setting next_dagrun for snowflake_realtime_pipeline to 2026-04-01 08:55:00+00:00, run_after=2026-04-01 09:00:00+00:00
[2026-04-01T09:02:27.944+0000] {processor.py:183} INFO - Processing /opt/airflow/dags/snowflake_pipeline_dag.py took 0.209 seconds
[2026-04-01T09:02:58.369+0000] {processor.py:161} INFO - Started process (PID=4448) to work on /opt/airflow/dags/snowflake_pipeline_dag.py
[2026-04-01T09:02:58.371+0000] {processor.py:830} INFO - Processing file /opt/airflow/dags/snowflake_pipeline_dag.py for tasks to queue
[2026-04-01T09:02:58.374+0000] {logging_mixin.py:188} INFO - [2026-04-01T09:02:58.374+0000] {dagbag.py:545} INFO - Filling up the DagBag from /opt/airflow/dags/snowflake_pipeline_dag.py
[2026-04-01T09:02:58.422+0000] {processor.py:840} INFO - DAG(s) 'snowflake_realtime_pipeline' retrieved from /opt/airflow/dags/snowflake_pipeline_dag.py
[2026-04-01T09:02:58.469+0000] {logging_mixin.py:188} INFO - [2026-04-01T09:02:58.468+0000] {dag.py:3089} INFO - Sync 1 DAGs
[2026-04-01T09:02:58.512+0000] {logging_mixin.py:188} INFO - [2026-04-01T09:02:58.512+0000] {dag.py:3947} INFO - Setting next_dagrun for snowflake_realtime_pipeline to 2026-04-01 08:55:00+00:00, run_after=2026-04-01 09:00:00+00:00
[2026-04-01T09:02:58.576+0000] {processor.py:183} INFO - Processing /opt/airflow/dags/snowflake_pipeline_dag.py took 0.224 seconds
[2026-04-01T09:03:28.892+0000] {processor.py:161} INFO - Started process (PID=4473) to work on /opt/airflow/dags/snowflake_pipeline_dag.py
[2026-04-01T09:03:28.895+0000] {processor.py:830} INFO - Processing file /opt/airflow/dags/snowflake_pipeline_dag.py for tasks to queue
[2026-04-01T09:03:28.902+0000] {logging_mixin.py:188} INFO - [2026-04-01T09:03:28.901+0000] {dagbag.py:545} INFO - Filling up the DagBag from /opt/airflow/dags/snowflake_pipeline_dag.py
[2026-04-01T09:03:28.963+0000] {processor.py:840} INFO - DAG(s) 'snowflake_realtime_pipeline' retrieved from /opt/airflow/dags/snowflake_pipeline_dag.py
[2026-04-01T09:03:29.035+0000] {logging_mixin.py:188} INFO - [2026-04-01T09:03:29.034+0000] {dag.py:3089} INFO - Sync 1 DAGs
[2026-04-01T09:03:29.108+0000] {logging_mixin.py:188} INFO - [2026-04-01T09:03:29.108+0000] {dag.py:3947} INFO - Setting next_dagrun for snowflake_realtime_pipeline to 2026-04-01 08:55:00+00:00, run_after=2026-04-01 09:00:00+00:00
[2026-04-01T09:03:29.200+0000] {processor.py:183} INFO - Processing /opt/airflow/dags/snowflake_pipeline_dag.py took 0.331 seconds
