[2026-03-27T15:41:54.419+0000] {manager.py:470} INFO - Processing files using up to 2 processes at a time 
[2026-03-27T15:41:54.420+0000] {manager.py:471} INFO - Process each file at most once every 30 seconds
[2026-03-27T15:41:54.422+0000] {manager.py:472} INFO - Checking for new files in /opt/airflow/dags every 300 seconds
[2026-03-27T15:41:54.424+0000] {manager.py:737} INFO - Searching for files in /opt/airflow/dags
[2026-03-27T15:41:54.496+0000] {manager.py:740} INFO - There are 4 files in /opt/airflow/dags
[2026-03-27T15:41:54.695+0000] {manager.py:878} INFO - 
================================================================================
DAG File Processing Stats

File Path                                              PID  Runtime      # DAGs    # Errors  Last Runtime    Last Run
---------------------------------------------------  -----  ---------  --------  ----------  --------------  ----------
/opt/airflow/dags/postgres-airflow-ingestion-dag.py                           0           0
/opt/airflow/dags/redshift-airflow-ingestion-dag.py                           0           0
/opt/airflow/dags/snowflake_pipeline_dag.py            167  0.07s             0           0
/opt/airflow/dags/spark-airflow-s3-ingestion-dag.py    164  0.10s             0           0
================================================================================
[2026-03-27T15:42:24.926+0000] {manager.py:878} INFO - 
================================================================================
DAG File Processing Stats

File Path                                            PID    Runtime      # DAGs    # Errors  Last Runtime    Last Run
---------------------------------------------------  -----  ---------  --------  ----------  --------------  -------------------
/opt/airflow/dags/spark-airflow-s3-ingestion-dag.py                           1           0  0.87s           2026-03-27T15:41:55
/opt/airflow/dags/snowflake_pipeline_dag.py                                   1           0  0.61s           2026-03-27T15:41:55
/opt/airflow/dags/redshift-airflow-ingestion-dag.py                           1           0  0.35s           2026-03-27T15:41:55
/opt/airflow/dags/postgres-airflow-ingestion-dag.py                           1           0  0.31s           2026-03-27T15:41:55
================================================================================
[2026-03-27T15:42:55.878+0000] {manager.py:878} INFO - 
================================================================================
DAG File Processing Stats

File Path                                            PID    Runtime      # DAGs    # Errors  Last Runtime    Last Run
---------------------------------------------------  -----  ---------  --------  ----------  --------------  -------------------
/opt/airflow/dags/spark-airflow-s3-ingestion-dag.py                           1           0  0.23s           2026-03-27T15:42:26
/opt/airflow/dags/redshift-airflow-ingestion-dag.py                           1           0  0.18s           2026-03-27T15:42:26
/opt/airflow/dags/postgres-airflow-ingestion-dag.py                           1           0  0.18s           2026-03-27T15:42:26
/opt/airflow/dags/snowflake_pipeline_dag.py                                   1           0  0.15s           2026-03-27T15:42:26
================================================================================
[2026-03-27T15:43:26.761+0000] {manager.py:878} INFO - 
================================================================================
DAG File Processing Stats

File Path                                            PID    Runtime      # DAGs    # Errors  Last Runtime    Last Run
---------------------------------------------------  -----  ---------  --------  ----------  --------------  -------------------
/opt/airflow/dags/spark-airflow-s3-ingestion-dag.py                           1           0  0.20s           2026-03-27T15:42:57
/opt/airflow/dags/snowflake_pipeline_dag.py                                   1           0  0.14s           2026-03-27T15:42:57
/opt/airflow/dags/redshift-airflow-ingestion-dag.py                           1           0  0.13s           2026-03-27T15:42:57
/opt/airflow/dags/postgres-airflow-ingestion-dag.py                           1           0  0.12s           2026-03-27T15:42:57
================================================================================
[2026-03-27T15:43:57.648+0000] {manager.py:878} INFO - 
================================================================================
DAG File Processing Stats

File Path                                            PID    Runtime      # DAGs    # Errors  Last Runtime    Last Run
---------------------------------------------------  -----  ---------  --------  ----------  --------------  -------------------
/opt/airflow/dags/spark-airflow-s3-ingestion-dag.py                           1           0  0.23s           2026-03-27T15:43:28
/opt/airflow/dags/snowflake_pipeline_dag.py                                   1           0  0.13s           2026-03-27T15:43:27
/opt/airflow/dags/redshift-airflow-ingestion-dag.py                           1           0  0.13s           2026-03-27T15:43:28
/opt/airflow/dags/postgres-airflow-ingestion-dag.py                           1           0  0.12s           2026-03-27T15:43:28
================================================================================
[2026-03-27T15:44:28.401+0000] {manager.py:878} INFO - 
================================================================================
DAG File Processing Stats

File Path                                            PID    Runtime      # DAGs    # Errors  Last Runtime    Last Run
---------------------------------------------------  -----  ---------  --------  ----------  --------------  -------------------
/opt/airflow/dags/spark-airflow-s3-ingestion-dag.py                           1           0  0.20s           2026-03-27T15:43:58
/opt/airflow/dags/redshift-airflow-ingestion-dag.py                           1           0  0.14s           2026-03-27T15:43:58
/opt/airflow/dags/snowflake_pipeline_dag.py                                   1           0  0.13s           2026-03-27T15:43:58
/opt/airflow/dags/postgres-airflow-ingestion-dag.py                           1           0  0.12s           2026-03-27T15:43:59
================================================================================
[2026-03-27T15:44:59.118+0000] {manager.py:878} INFO - 
================================================================================
DAG File Processing Stats

File Path                                            PID    Runtime      # DAGs    # Errors  Last Runtime    Last Run
---------------------------------------------------  -----  ---------  --------  ----------  --------------  -------------------
/opt/airflow/dags/spark-airflow-s3-ingestion-dag.py                           1           0  0.21s           2026-03-27T15:44:29
/opt/airflow/dags/redshift-airflow-ingestion-dag.py                           1           0  0.15s           2026-03-27T15:44:29
/opt/airflow/dags/snowflake_pipeline_dag.py                                   1           0  0.15s           2026-03-27T15:44:29
/opt/airflow/dags/postgres-airflow-ingestion-dag.py                           1           0  0.13s           2026-03-27T15:44:29
================================================================================
[2026-03-27T15:45:29.420+0000] {manager.py:878} INFO - 
================================================================================
DAG File Processing Stats

File Path                                            PID    Runtime      # DAGs    # Errors  Last Runtime    Last Run
---------------------------------------------------  -----  ---------  --------  ----------  --------------  -------------------
/opt/airflow/dags/spark-airflow-s3-ingestion-dag.py                           1           0  0.68s           2026-03-27T15:45:00
/opt/airflow/dags/snowflake_pipeline_dag.py                                   1           0  0.49s           2026-03-27T15:45:00
/opt/airflow/dags/redshift-airflow-ingestion-dag.py                           1           0  0.35s           2026-03-27T15:45:01
/opt/airflow/dags/postgres-airflow-ingestion-dag.py                           1           0  0.31s           2026-03-27T15:45:01
================================================================================
[2026-03-27T15:45:59.450+0000] {manager.py:878} INFO - 
================================================================================
DAG File Processing Stats

File Path                                            PID    Runtime      # DAGs    # Errors  Last Runtime    Last Run
---------------------------------------------------  -----  ---------  --------  ----------  --------------  -------------------
/opt/airflow/dags/spark-airflow-s3-ingestion-dag.py                           1           0  0.54s           2026-03-27T15:45:31
/opt/airflow/dags/redshift-airflow-ingestion-dag.py                           1           0  0.31s           2026-03-27T15:45:32
/opt/airflow/dags/snowflake_pipeline_dag.py                                   1           0  0.28s           2026-03-27T15:45:31
/opt/airflow/dags/postgres-airflow-ingestion-dag.py                           1           0  0.25s           2026-03-27T15:45:32
================================================================================
[2026-03-27T15:46:30.348+0000] {manager.py:878} INFO - 
================================================================================
DAG File Processing Stats

File Path                                            PID    Runtime      # DAGs    # Errors  Last Runtime    Last Run
---------------------------------------------------  -----  ---------  --------  ----------  --------------  -------------------
/opt/airflow/dags/spark-airflow-s3-ingestion-dag.py                           1           0  0.25s           2026-03-27T15:46:02
/opt/airflow/dags/snowflake_pipeline_dag.py                                   1           0  0.18s           2026-03-27T15:46:02
/opt/airflow/dags/redshift-airflow-ingestion-dag.py                           1           0  0.14s           2026-03-27T15:46:02
/opt/airflow/dags/postgres-airflow-ingestion-dag.py                           1           0  0.12s           2026-03-27T15:46:02
================================================================================
[2026-03-27T15:46:55.106+0000] {manager.py:737} INFO - Searching for files in /opt/airflow/dags
[2026-03-27T15:46:55.148+0000] {manager.py:740} INFO - There are 4 files in /opt/airflow/dags
[2026-03-27T15:47:01.270+0000] {manager.py:878} INFO - 
================================================================================
DAG File Processing Stats

File Path                                            PID    Runtime      # DAGs    # Errors  Last Runtime    Last Run
---------------------------------------------------  -----  ---------  --------  ----------  --------------  -------------------
/opt/airflow/dags/spark-airflow-s3-ingestion-dag.py                           1           0  0.22s           2026-03-27T15:46:33
/opt/airflow/dags/snowflake_pipeline_dag.py                                   1           0  0.15s           2026-03-27T15:46:33
/opt/airflow/dags/redshift-airflow-ingestion-dag.py                           1           0  0.15s           2026-03-27T15:46:33
/opt/airflow/dags/postgres-airflow-ingestion-dag.py                           1           0  0.13s           2026-03-27T15:46:33
================================================================================
[2026-03-27T15:47:32.014+0000] {manager.py:878} INFO - 
================================================================================
DAG File Processing Stats

File Path                                            PID    Runtime      # DAGs    # Errors  Last Runtime    Last Run
---------------------------------------------------  -----  ---------  --------  ----------  --------------  -------------------
/opt/airflow/dags/spark-airflow-s3-ingestion-dag.py                           1           0  0.19s           2026-03-27T15:47:04
/opt/airflow/dags/redshift-airflow-ingestion-dag.py                           1           0  0.15s           2026-03-27T15:47:04
/opt/airflow/dags/snowflake_pipeline_dag.py                                   1           0  0.14s           2026-03-27T15:47:04
/opt/airflow/dags/postgres-airflow-ingestion-dag.py                           1           0  0.13s           2026-03-27T15:47:04
================================================================================
[2026-03-27T15:48:02.911+0000] {manager.py:878} INFO - 
================================================================================
DAG File Processing Stats

File Path                                            PID    Runtime      # DAGs    # Errors  Last Runtime    Last Run
---------------------------------------------------  -----  ---------  --------  ----------  --------------  -------------------
/opt/airflow/dags/spark-airflow-s3-ingestion-dag.py                           1           0  0.20s           2026-03-27T15:47:35
/opt/airflow/dags/redshift-airflow-ingestion-dag.py                           1           0  0.14s           2026-03-27T15:47:35
/opt/airflow/dags/postgres-airflow-ingestion-dag.py                           1           0  0.13s           2026-03-27T15:47:35
/opt/airflow/dags/snowflake_pipeline_dag.py                                   1           0  0.13s           2026-03-27T15:47:35
================================================================================
[2026-03-27T15:48:33.768+0000] {manager.py:878} INFO - 
================================================================================
DAG File Processing Stats

File Path                                            PID    Runtime      # DAGs    # Errors  Last Runtime    Last Run
---------------------------------------------------  -----  ---------  --------  ----------  --------------  -------------------
/opt/airflow/dags/spark-airflow-s3-ingestion-dag.py                           1           0  0.20s           2026-03-27T15:48:06
/opt/airflow/dags/redshift-airflow-ingestion-dag.py                           1           0  0.14s           2026-03-27T15:48:06
/opt/airflow/dags/postgres-airflow-ingestion-dag.py                           1           0  0.13s           2026-03-27T15:48:06
/opt/airflow/dags/snowflake_pipeline_dag.py                                   1           0  0.13s           2026-03-27T15:48:06
================================================================================
[2026-03-27T15:49:04.588+0000] {manager.py:878} INFO - 
================================================================================
DAG File Processing Stats

File Path                                            PID    Runtime      # DAGs    # Errors  Last Runtime    Last Run
---------------------------------------------------  -----  ---------  --------  ----------  --------------  -------------------
/opt/airflow/dags/spark-airflow-s3-ingestion-dag.py                           1           0  0.21s           2026-03-27T15:48:37
/opt/airflow/dags/redshift-airflow-ingestion-dag.py                           1           0  0.15s           2026-03-27T15:48:37
/opt/airflow/dags/snowflake_pipeline_dag.py                                   1           0  0.14s           2026-03-27T15:48:36
/opt/airflow/dags/postgres-airflow-ingestion-dag.py                           1           0  0.14s           2026-03-27T15:48:37
================================================================================
[2026-03-27T15:49:35.436+0000] {manager.py:878} INFO - 
================================================================================
DAG File Processing Stats

File Path                                            PID    Runtime      # DAGs    # Errors  Last Runtime    Last Run
---------------------------------------------------  -----  ---------  --------  ----------  --------------  -------------------
/opt/airflow/dags/spark-airflow-s3-ingestion-dag.py                           1           0  0.21s           2026-03-27T15:49:07
/opt/airflow/dags/redshift-airflow-ingestion-dag.py                           1           0  0.17s           2026-03-27T15:49:07
/opt/airflow/dags/postgres-airflow-ingestion-dag.py                           1           0  0.15s           2026-03-27T15:49:08
/opt/airflow/dags/snowflake_pipeline_dag.py                                   1           0  0.14s           2026-03-27T15:49:07
================================================================================
[2026-03-27T15:50:06.330+0000] {manager.py:878} INFO - 
================================================================================
DAG File Processing Stats

File Path                                            PID    Runtime      # DAGs    # Errors  Last Runtime    Last Run
---------------------------------------------------  -----  ---------  --------  ----------  --------------  -------------------
/opt/airflow/dags/spark-airflow-s3-ingestion-dag.py                           1           0  0.20s           2026-03-27T15:49:38
/opt/airflow/dags/redshift-airflow-ingestion-dag.py                           1           0  0.14s           2026-03-27T15:49:38
/opt/airflow/dags/postgres-airflow-ingestion-dag.py                           1           0  0.13s           2026-03-27T15:49:38
/opt/airflow/dags/snowflake_pipeline_dag.py                                   1           0  0.13s           2026-03-27T15:49:38
================================================================================
[2026-03-27T15:50:37.197+0000] {manager.py:878} INFO - 
================================================================================
DAG File Processing Stats

File Path                                            PID    Runtime      # DAGs    # Errors  Last Runtime    Last Run
---------------------------------------------------  -----  ---------  --------  ----------  --------------  -------------------
/opt/airflow/dags/spark-airflow-s3-ingestion-dag.py                           1           0  0.34s           2026-03-27T15:50:09
/opt/airflow/dags/snowflake_pipeline_dag.py                                   1           0  0.25s           2026-03-27T15:50:09
/opt/airflow/dags/redshift-airflow-ingestion-dag.py                           1           0  0.20s           2026-03-27T15:50:09
/opt/airflow/dags/postgres-airflow-ingestion-dag.py                           1           0  0.18s           2026-03-27T15:50:09
================================================================================
[2026-03-27T15:51:07.951+0000] {manager.py:878} INFO - 
================================================================================
DAG File Processing Stats

File Path                                            PID    Runtime      # DAGs    # Errors  Last Runtime    Last Run
---------------------------------------------------  -----  ---------  --------  ----------  --------------  -------------------
/opt/airflow/dags/spark-airflow-s3-ingestion-dag.py                           1           0  0.22s           2026-03-27T15:50:40
/opt/airflow/dags/postgres-airflow-ingestion-dag.py                           1           0  0.16s           2026-03-27T15:50:40
/opt/airflow/dags/redshift-airflow-ingestion-dag.py                           1           0  0.15s           2026-03-27T15:50:40
/opt/airflow/dags/snowflake_pipeline_dag.py                                   1           0  0.15s           2026-03-27T15:50:40
================================================================================
[2026-03-27T15:51:38.728+0000] {manager.py:878} INFO - 
================================================================================
DAG File Processing Stats

File Path                                            PID    Runtime      # DAGs    # Errors  Last Runtime    Last Run
---------------------------------------------------  -----  ---------  --------  ----------  --------------  -------------------
/opt/airflow/dags/spark-airflow-s3-ingestion-dag.py                           1           0  0.21s           2026-03-27T15:51:11
/opt/airflow/dags/snowflake_pipeline_dag.py                                   1           0  0.15s           2026-03-27T15:51:11
/opt/airflow/dags/redshift-airflow-ingestion-dag.py                           1           0  0.15s           2026-03-27T15:51:11
/opt/airflow/dags/postgres-airflow-ingestion-dag.py                           1           0  0.13s           2026-03-27T15:51:11
================================================================================
[2026-03-27T15:51:55.340+0000] {manager.py:737} INFO - Searching for files in /opt/airflow/dags
[2026-03-27T15:51:55.414+0000] {manager.py:740} INFO - There are 4 files in /opt/airflow/dags
[2026-03-27T15:52:09.650+0000] {manager.py:878} INFO - 
================================================================================
DAG File Processing Stats

File Path                                            PID    Runtime      # DAGs    # Errors  Last Runtime    Last Run
---------------------------------------------------  -----  ---------  --------  ----------  --------------  -------------------
/opt/airflow/dags/spark-airflow-s3-ingestion-dag.py                           1           0  0.21s           2026-03-27T15:51:41
/opt/airflow/dags/snowflake_pipeline_dag.py                                   1           0  0.15s           2026-03-27T15:51:41
/opt/airflow/dags/redshift-airflow-ingestion-dag.py                           1           0  0.14s           2026-03-27T15:51:42
/opt/airflow/dags/postgres-airflow-ingestion-dag.py                           1           0  0.13s           2026-03-27T15:51:42
================================================================================
[2026-03-27T15:52:40.515+0000] {manager.py:878} INFO - 
================================================================================
DAG File Processing Stats

File Path                                            PID    Runtime      # DAGs    # Errors  Last Runtime    Last Run
---------------------------------------------------  -----  ---------  --------  ----------  --------------  -------------------
/opt/airflow/dags/spark-airflow-s3-ingestion-dag.py                           1           0  0.24s           2026-03-27T15:52:12
/opt/airflow/dags/snowflake_pipeline_dag.py                                   1           0  0.16s           2026-03-27T15:52:12
/opt/airflow/dags/redshift-airflow-ingestion-dag.py                           1           0  0.16s           2026-03-27T15:52:13
/opt/airflow/dags/postgres-airflow-ingestion-dag.py                           1           0  0.14s           2026-03-27T15:52:13
================================================================================
[2026-03-27T15:53:11.368+0000] {manager.py:878} INFO - 
================================================================================
DAG File Processing Stats

File Path                                            PID    Runtime      # DAGs    # Errors  Last Runtime    Last Run
---------------------------------------------------  -----  ---------  --------  ----------  --------------  -------------------
/opt/airflow/dags/spark-airflow-s3-ingestion-dag.py                           1           0  0.21s           2026-03-27T15:52:43
/opt/airflow/dags/snowflake_pipeline_dag.py                                   1           0  0.14s           2026-03-27T15:52:43
/opt/airflow/dags/redshift-airflow-ingestion-dag.py                           1           0  0.14s           2026-03-27T15:52:43
/opt/airflow/dags/postgres-airflow-ingestion-dag.py                           1           0  0.13s           2026-03-27T15:52:43
================================================================================
[2026-03-27T15:53:42.171+0000] {manager.py:878} INFO - 
================================================================================
DAG File Processing Stats

File Path                                            PID    Runtime      # DAGs    # Errors  Last Runtime    Last Run
---------------------------------------------------  -----  ---------  --------  ----------  --------------  -------------------
/opt/airflow/dags/spark-airflow-s3-ingestion-dag.py                           1           0  0.22s           2026-03-27T15:53:14
/opt/airflow/dags/snowflake_pipeline_dag.py                                   1           0  0.15s           2026-03-27T15:53:14
/opt/airflow/dags/redshift-airflow-ingestion-dag.py                           1           0  0.14s           2026-03-27T15:53:14
/opt/airflow/dags/postgres-airflow-ingestion-dag.py                           1           0  0.13s           2026-03-27T15:53:14
================================================================================
[2026-03-27T15:54:12.990+0000] {manager.py:878} INFO - 
================================================================================
DAG File Processing Stats

File Path                                            PID    Runtime      # DAGs    # Errors  Last Runtime    Last Run
---------------------------------------------------  -----  ---------  --------  ----------  --------------  -------------------
/opt/airflow/dags/spark-airflow-s3-ingestion-dag.py                           1           0  0.21s           2026-03-27T15:53:45
/opt/airflow/dags/redshift-airflow-ingestion-dag.py                           1           0  0.15s           2026-03-27T15:53:45
/opt/airflow/dags/snowflake_pipeline_dag.py                                   1           0  0.14s           2026-03-27T15:53:45
/opt/airflow/dags/postgres-airflow-ingestion-dag.py                           1           0  0.14s           2026-03-27T15:53:45
================================================================================
[2026-03-27T15:54:43.930+0000] {manager.py:878} INFO - 
================================================================================
DAG File Processing Stats

File Path                                            PID    Runtime      # DAGs    # Errors  Last Runtime    Last Run
---------------------------------------------------  -----  ---------  --------  ----------  --------------  -------------------
/opt/airflow/dags/spark-airflow-s3-ingestion-dag.py                           1           0  0.20s           2026-03-27T15:54:16
/opt/airflow/dags/redshift-airflow-ingestion-dag.py                           1           0  0.15s           2026-03-27T15:54:16
/opt/airflow/dags/snowflake_pipeline_dag.py                                   1           0  0.15s           2026-03-27T15:54:16
/opt/airflow/dags/postgres-airflow-ingestion-dag.py                           1           0  0.13s           2026-03-27T15:54:16
================================================================================
[2026-03-27T15:55:14.815+0000] {manager.py:878} INFO - 
================================================================================
DAG File Processing Stats

File Path                                            PID    Runtime      # DAGs    # Errors  Last Runtime    Last Run
---------------------------------------------------  -----  ---------  --------  ----------  --------------  -------------------
/opt/airflow/dags/spark-airflow-s3-ingestion-dag.py                           1           0  0.21s           2026-03-27T15:54:47
/opt/airflow/dags/snowflake_pipeline_dag.py                                   1           0  0.15s           2026-03-27T15:54:47
/opt/airflow/dags/redshift-airflow-ingestion-dag.py                           1           0  0.14s           2026-03-27T15:54:47
/opt/airflow/dags/postgres-airflow-ingestion-dag.py                           1           0  0.12s           2026-03-27T15:54:47
================================================================================
[2026-03-27T15:55:45.698+0000] {manager.py:878} INFO - 
================================================================================
DAG File Processing Stats

File Path                                            PID    Runtime      # DAGs    # Errors  Last Runtime    Last Run
---------------------------------------------------  -----  ---------  --------  ----------  --------------  -------------------
/opt/airflow/dags/spark-airflow-s3-ingestion-dag.py                           1           0  0.22s           2026-03-27T15:55:18
/opt/airflow/dags/redshift-airflow-ingestion-dag.py                           1           0  0.14s           2026-03-27T15:55:18
/opt/airflow/dags/snowflake_pipeline_dag.py                                   1           0  0.14s           2026-03-27T15:55:18
/opt/airflow/dags/postgres-airflow-ingestion-dag.py                           1           0  0.13s           2026-03-27T15:55:18
================================================================================
[2026-03-27T15:56:16.619+0000] {manager.py:878} INFO - 
================================================================================
DAG File Processing Stats

File Path                                            PID    Runtime      # DAGs    # Errors  Last Runtime    Last Run
---------------------------------------------------  -----  ---------  --------  ----------  --------------  -------------------
/opt/airflow/dags/spark-airflow-s3-ingestion-dag.py                           1           0  0.21s           2026-03-27T15:55:48
/opt/airflow/dags/snowflake_pipeline_dag.py                                   1           0  0.14s           2026-03-27T15:55:48
/opt/airflow/dags/redshift-airflow-ingestion-dag.py                           1           0  0.14s           2026-03-27T15:55:49
/opt/airflow/dags/postgres-airflow-ingestion-dag.py                           1           0  0.13s           2026-03-27T15:55:49
================================================================================
[2026-03-27T15:56:47.528+0000] {manager.py:878} INFO - 
================================================================================
DAG File Processing Stats

File Path                                            PID    Runtime      # DAGs    # Errors  Last Runtime    Last Run
---------------------------------------------------  -----  ---------  --------  ----------  --------------  -------------------
/opt/airflow/dags/spark-airflow-s3-ingestion-dag.py                           1           0  0.22s           2026-03-27T15:56:19
/opt/airflow/dags/redshift-airflow-ingestion-dag.py                           1           0  0.14s           2026-03-27T15:56:20
/opt/airflow/dags/snowflake_pipeline_dag.py                                   1           0  0.14s           2026-03-27T15:56:19
/opt/airflow/dags/postgres-airflow-ingestion-dag.py                           1           0  0.12s           2026-03-27T15:56:20
================================================================================
[2026-03-27T15:56:56.047+0000] {manager.py:737} INFO - Searching for files in /opt/airflow/dags
[2026-03-27T15:56:56.102+0000] {manager.py:740} INFO - There are 4 files in /opt/airflow/dags
[2026-03-27T15:57:17.587+0000] {manager.py:878} INFO - 
================================================================================
DAG File Processing Stats

File Path                                            PID    Runtime      # DAGs    # Errors  Last Runtime    Last Run
---------------------------------------------------  -----  ---------  --------  ----------  --------------  -------------------
/opt/airflow/dags/spark-airflow-s3-ingestion-dag.py                           1           0  0.21s           2026-03-27T15:56:50
/opt/airflow/dags/redshift-airflow-ingestion-dag.py                           1           0  0.15s           2026-03-27T15:56:50
/opt/airflow/dags/postgres-airflow-ingestion-dag.py                           1           0  0.14s           2026-03-27T15:56:50
/opt/airflow/dags/snowflake_pipeline_dag.py                                   1           0  0.14s           2026-03-27T15:56:50
================================================================================
[2026-03-27T15:57:48.487+0000] {manager.py:878} INFO - 
================================================================================
DAG File Processing Stats

File Path                                            PID    Runtime      # DAGs    # Errors  Last Runtime    Last Run
---------------------------------------------------  -----  ---------  --------  ----------  --------------  -------------------
/opt/airflow/dags/spark-airflow-s3-ingestion-dag.py                           1           0  0.21s           2026-03-27T15:57:21
/opt/airflow/dags/redshift-airflow-ingestion-dag.py                           1           0  0.14s           2026-03-27T15:57:22
/opt/airflow/dags/snowflake_pipeline_dag.py                                   1           0  0.13s           2026-03-27T15:57:21
/opt/airflow/dags/postgres-airflow-ingestion-dag.py                           1           0  0.13s           2026-03-27T15:57:22
================================================================================
[2026-03-27T15:58:19.323+0000] {manager.py:878} INFO - 
================================================================================
DAG File Processing Stats

File Path                                            PID    Runtime      # DAGs    # Errors  Last Runtime    Last Run
---------------------------------------------------  -----  ---------  --------  ----------  --------------  -------------------
/opt/airflow/dags/spark-airflow-s3-ingestion-dag.py                           1           0  0.21s           2026-03-27T15:57:52
/opt/airflow/dags/snowflake_pipeline_dag.py                                   1           0  0.14s           2026-03-27T15:57:52
/opt/airflow/dags/redshift-airflow-ingestion-dag.py                           1           0  0.13s           2026-03-27T15:57:52
/opt/airflow/dags/postgres-airflow-ingestion-dag.py                           1           0  0.12s           2026-03-27T15:57:52
================================================================================
[2026-03-27T15:58:50.201+0000] {manager.py:878} INFO - 
================================================================================
DAG File Processing Stats

File Path                                            PID    Runtime      # DAGs    # Errors  Last Runtime    Last Run
---------------------------------------------------  -----  ---------  --------  ----------  --------------  -------------------
/opt/airflow/dags/spark-airflow-s3-ingestion-dag.py                           1           0  0.22s           2026-03-27T15:58:23
/opt/airflow/dags/snowflake_pipeline_dag.py                                   1           0  0.14s           2026-03-27T15:58:23
/opt/airflow/dags/redshift-airflow-ingestion-dag.py                           1           0  0.13s           2026-03-27T15:58:23
/opt/airflow/dags/postgres-airflow-ingestion-dag.py                           1           0  0.13s           2026-03-27T15:58:23
================================================================================
[2026-03-27T15:59:21.123+0000] {manager.py:878} INFO - 
================================================================================
DAG File Processing Stats

File Path                                            PID    Runtime      # DAGs    # Errors  Last Runtime    Last Run
---------------------------------------------------  -----  ---------  --------  ----------  --------------  -------------------
/opt/airflow/dags/spark-airflow-s3-ingestion-dag.py                           1           0  0.21s           2026-03-27T15:58:54
/opt/airflow/dags/redshift-airflow-ingestion-dag.py                           1           0  0.14s           2026-03-27T15:58:54
/opt/airflow/dags/snowflake_pipeline_dag.py                                   1           0  0.14s           2026-03-27T15:58:54
/opt/airflow/dags/postgres-airflow-ingestion-dag.py                           1           0  0.13s           2026-03-27T15:58:54
================================================================================
[2026-03-27T15:59:52.017+0000] {manager.py:878} INFO - 
================================================================================
DAG File Processing Stats

File Path                                            PID    Runtime      # DAGs    # Errors  Last Runtime    Last Run
---------------------------------------------------  -----  ---------  --------  ----------  --------------  -------------------
/opt/airflow/dags/spark-airflow-s3-ingestion-dag.py                           1           0  0.21s           2026-03-27T15:59:25
/opt/airflow/dags/snowflake_pipeline_dag.py                                   1           0  0.15s           2026-03-27T15:59:25
/opt/airflow/dags/postgres-airflow-ingestion-dag.py                           1           0  0.14s           2026-03-27T15:59:25
/opt/airflow/dags/redshift-airflow-ingestion-dag.py                           1           0  0.14s           2026-03-27T15:59:25
================================================================================
[2026-03-27T16:00:22.647+0000] {manager.py:878} INFO - 
================================================================================
DAG File Processing Stats

File Path                                            PID    Runtime      # DAGs    # Errors  Last Runtime    Last Run
---------------------------------------------------  -----  ---------  --------  ----------  --------------  -------------------
/opt/airflow/dags/spark-airflow-s3-ingestion-dag.py                           1           0  0.24s           2026-03-27T15:59:56
/opt/airflow/dags/snowflake_pipeline_dag.py                                   1           0  0.16s           2026-03-27T15:59:56
/opt/airflow/dags/redshift-airflow-ingestion-dag.py                           1           0  0.15s           2026-03-27T15:59:56
/opt/airflow/dags/postgres-airflow-ingestion-dag.py                           1           0  0.13s           2026-03-27T15:59:56
================================================================================
[2026-03-27T16:00:53.429+0000] {manager.py:878} INFO - 
================================================================================
DAG File Processing Stats

File Path                                            PID    Runtime      # DAGs    # Errors  Last Runtime    Last Run
---------------------------------------------------  -----  ---------  --------  ----------  --------------  -------------------
/opt/airflow/dags/spark-airflow-s3-ingestion-dag.py                           1           0  0.38s           2026-03-27T16:00:27
/opt/airflow/dags/postgres-airflow-ingestion-dag.py                           1           0  0.25s           2026-03-27T16:00:27
/opt/airflow/dags/redshift-airflow-ingestion-dag.py                           1           0  0.23s           2026-03-27T16:00:27
/opt/airflow/dags/snowflake_pipeline_dag.py                                   1           0  0.22s           2026-03-27T16:00:26
================================================================================
[2026-03-27T16:01:24.047+0000] {manager.py:878} INFO - 
================================================================================
DAG File Processing Stats

File Path                                            PID    Runtime      # DAGs    # Errors  Last Runtime    Last Run
---------------------------------------------------  -----  ---------  --------  ----------  --------------  -------------------
/opt/airflow/dags/spark-airflow-s3-ingestion-dag.py                           1           0  0.25s           2026-03-27T16:00:57
/opt/airflow/dags/redshift-airflow-ingestion-dag.py                           1           0  0.17s           2026-03-27T16:00:57
/opt/airflow/dags/snowflake_pipeline_dag.py                                   1           0  0.16s           2026-03-27T16:00:57
/opt/airflow/dags/postgres-airflow-ingestion-dag.py                           1           0  0.15s           2026-03-27T16:00:57
================================================================================
[2026-03-27T16:01:54.684+0000] {manager.py:878} INFO - 
================================================================================
DAG File Processing Stats

File Path                                            PID    Runtime      # DAGs    # Errors  Last Runtime    Last Run
---------------------------------------------------  -----  ---------  --------  ----------  --------------  -------------------
/opt/airflow/dags/spark-airflow-s3-ingestion-dag.py                           1           0  0.24s           2026-03-27T16:01:28
/opt/airflow/dags/redshift-airflow-ingestion-dag.py                           1           0  0.18s           2026-03-27T16:01:28
/opt/airflow/dags/postgres-airflow-ingestion-dag.py                           1           0  0.16s           2026-03-27T16:01:28
/opt/airflow/dags/snowflake_pipeline_dag.py                                   1           0  0.16s           2026-03-27T16:01:28
================================================================================
[2026-03-27T16:01:56.698+0000] {manager.py:737} INFO - Searching for files in /opt/airflow/dags
[2026-03-27T16:01:56.745+0000] {manager.py:740} INFO - There are 4 files in /opt/airflow/dags
[2026-03-27T16:02:25.448+0000] {manager.py:878} INFO - 
================================================================================
DAG File Processing Stats

File Path                                            PID    Runtime      # DAGs    # Errors  Last Runtime    Last Run
---------------------------------------------------  -----  ---------  --------  ----------  --------------  -------------------
/opt/airflow/dags/spark-airflow-s3-ingestion-dag.py                           1           0  0.27s           2026-03-27T16:01:59
/opt/airflow/dags/redshift-airflow-ingestion-dag.py                           1           0  0.22s           2026-03-27T16:01:59
/opt/airflow/dags/postgres-airflow-ingestion-dag.py                           1           0  0.18s           2026-03-27T16:01:59
/opt/airflow/dags/snowflake_pipeline_dag.py                                   1           0  0.17s           2026-03-27T16:01:58
================================================================================
[2026-03-27T16:02:56.135+0000] {manager.py:878} INFO - 
================================================================================
DAG File Processing Stats

File Path                                            PID    Runtime      # DAGs    # Errors  Last Runtime    Last Run
---------------------------------------------------  -----  ---------  --------  ----------  --------------  -------------------
/opt/airflow/dags/spark-airflow-s3-ingestion-dag.py                           1           0  0.27s           2026-03-27T16:02:29
/opt/airflow/dags/snowflake_pipeline_dag.py                                   1           0  0.20s           2026-03-27T16:02:29
/opt/airflow/dags/redshift-airflow-ingestion-dag.py                           1           0  0.19s           2026-03-27T16:02:29
/opt/airflow/dags/postgres-airflow-ingestion-dag.py                           1           0  0.16s           2026-03-27T16:02:29
================================================================================
[2026-03-27T16:03:26.809+0000] {manager.py:878} INFO - 
================================================================================
DAG File Processing Stats

File Path                                            PID    Runtime      # DAGs    # Errors  Last Runtime    Last Run
---------------------------------------------------  -----  ---------  --------  ----------  --------------  -------------------
/opt/airflow/dags/spark-airflow-s3-ingestion-dag.py                           1           0  0.26s           2026-03-27T16:03:00
/opt/airflow/dags/redshift-airflow-ingestion-dag.py                           1           0  0.18s           2026-03-27T16:03:00
/opt/airflow/dags/snowflake_pipeline_dag.py                                   1           0  0.16s           2026-03-27T16:03:00
/opt/airflow/dags/postgres-airflow-ingestion-dag.py                           1           0  0.16s           2026-03-27T16:03:00
================================================================================
[2026-03-27T16:03:57.649+0000] {manager.py:878} INFO - 
================================================================================
DAG File Processing Stats

File Path                                            PID    Runtime      # DAGs    # Errors  Last Runtime    Last Run
---------------------------------------------------  -----  ---------  --------  ----------  --------------  -------------------
/opt/airflow/dags/spark-airflow-s3-ingestion-dag.py                           1           0  0.33s           2026-03-27T16:03:31
/opt/airflow/dags/redshift-airflow-ingestion-dag.py                           1           0  0.27s           2026-03-27T16:03:31
/opt/airflow/dags/postgres-airflow-ingestion-dag.py                           1           0  0.23s           2026-03-27T16:03:31
/opt/airflow/dags/snowflake_pipeline_dag.py                                   1           0  0.23s           2026-03-27T16:03:31
================================================================================
[2026-03-27T16:04:28.395+0000] {manager.py:878} INFO - 
================================================================================
DAG File Processing Stats

File Path                                            PID    Runtime      # DAGs    # Errors  Last Runtime    Last Run
---------------------------------------------------  -----  ---------  --------  ----------  --------------  -------------------
/opt/airflow/dags/spark-airflow-s3-ingestion-dag.py                           1           0  0.29s           2026-03-27T16:04:01
/opt/airflow/dags/snowflake_pipeline_dag.py                                   1           0  0.21s           2026-03-27T16:04:01
/opt/airflow/dags/redshift-airflow-ingestion-dag.py                           1           0  0.20s           2026-03-27T16:04:02
/opt/airflow/dags/postgres-airflow-ingestion-dag.py                           1           0  0.17s           2026-03-27T16:04:02
================================================================================
[2026-03-27T16:04:59.289+0000] {manager.py:878} INFO - 
================================================================================
DAG File Processing Stats

File Path                                            PID    Runtime      # DAGs    # Errors  Last Runtime    Last Run
---------------------------------------------------  -----  ---------  --------  ----------  --------------  -------------------
/opt/airflow/dags/spark-airflow-s3-ingestion-dag.py                           1           0  0.27s           2026-03-27T16:04:32
/opt/airflow/dags/snowflake_pipeline_dag.py                                   1           0  0.18s           2026-03-27T16:04:32
/opt/airflow/dags/redshift-airflow-ingestion-dag.py                           1           0  0.18s           2026-03-27T16:04:32
/opt/airflow/dags/postgres-airflow-ingestion-dag.py                           1           0  0.15s           2026-03-27T16:04:32
================================================================================
[2026-03-27T16:05:29.640+0000] {manager.py:878} INFO - 
================================================================================
DAG File Processing Stats

File Path                                            PID    Runtime      # DAGs    # Errors  Last Runtime    Last Run
---------------------------------------------------  -----  ---------  --------  ----------  --------------  -------------------
/opt/airflow/dags/spark-airflow-s3-ingestion-dag.py                           1           0  0.46s           2026-03-27T16:05:03
/opt/airflow/dags/snowflake_pipeline_dag.py                                   1           0  0.32s           2026-03-27T16:05:03
/opt/airflow/dags/redshift-airflow-ingestion-dag.py                           1           0  0.30s           2026-03-27T16:05:04
/opt/airflow/dags/postgres-airflow-ingestion-dag.py                           1           0  0.28s           2026-03-27T16:05:04
================================================================================
[2026-03-27T16:06:00.291+0000] {manager.py:878} INFO - 
================================================================================
DAG File Processing Stats

File Path                                            PID    Runtime      # DAGs    # Errors  Last Runtime    Last Run
---------------------------------------------------  -----  ---------  --------  ----------  --------------  -------------------
/opt/airflow/dags/snowflake_pipeline_dag.py                                   1           0  0.42s           2026-03-27T16:05:34
/opt/airflow/dags/spark-airflow-s3-ingestion-dag.py                           1           0  0.40s           2026-03-27T16:05:34
/opt/airflow/dags/redshift-airflow-ingestion-dag.py                           1           0  0.29s           2026-03-27T16:05:34
/opt/airflow/dags/postgres-airflow-ingestion-dag.py                           1           0  0.26s           2026-03-27T16:05:34
================================================================================
[2026-03-27T16:06:30.761+0000] {manager.py:878} INFO - 
================================================================================
DAG File Processing Stats

File Path                                            PID    Runtime      # DAGs    # Errors  Last Runtime    Last Run
---------------------------------------------------  -----  ---------  --------  ----------  --------------  -------------------
/opt/airflow/dags/spark-airflow-s3-ingestion-dag.py                           1           0  0.38s           2026-03-27T16:06:05
/opt/airflow/dags/snowflake_pipeline_dag.py                                   1           0  0.32s           2026-03-27T16:06:04
/opt/airflow/dags/redshift-airflow-ingestion-dag.py                           1           0  0.25s           2026-03-27T16:06:05
/opt/airflow/dags/postgres-airflow-ingestion-dag.py                           1           0  0.23s           2026-03-27T16:06:05
================================================================================
[2026-03-27T16:06:57.241+0000] {manager.py:737} INFO - Searching for files in /opt/airflow/dags
[2026-03-27T16:06:57.404+0000] {manager.py:740} INFO - There are 4 files in /opt/airflow/dags
[2026-03-27T16:07:01.527+0000] {manager.py:878} INFO - 
================================================================================
DAG File Processing Stats

File Path                                            PID    Runtime      # DAGs    # Errors  Last Runtime    Last Run
---------------------------------------------------  -----  ---------  --------  ----------  --------------  -------------------
/opt/airflow/dags/spark-airflow-s3-ingestion-dag.py                           1           0  0.41s           2026-03-27T16:06:35
/opt/airflow/dags/snowflake_pipeline_dag.py                                   1           0  0.35s           2026-03-27T16:06:35
/opt/airflow/dags/redshift-airflow-ingestion-dag.py                           1           0  0.29s           2026-03-27T16:06:35
/opt/airflow/dags/postgres-airflow-ingestion-dag.py                           1           0  0.23s           2026-03-27T16:06:35
================================================================================
[2026-03-27T16:07:32.079+0000] {manager.py:878} INFO - 
================================================================================
DAG File Processing Stats

File Path                                            PID    Runtime      # DAGs    # Errors  Last Runtime    Last Run
---------------------------------------------------  -----  ---------  --------  ----------  --------------  -------------------
/opt/airflow/dags/spark-airflow-s3-ingestion-dag.py                           1           0  0.42s           2026-03-27T16:07:06
/opt/airflow/dags/postgres-airflow-ingestion-dag.py                           1           0  0.34s           2026-03-27T16:07:06
/opt/airflow/dags/snowflake_pipeline_dag.py                                   1           0  0.30s           2026-03-27T16:07:05
/opt/airflow/dags/redshift-airflow-ingestion-dag.py                           1           0  0.29s           2026-03-27T16:07:05
================================================================================
[2026-03-27T16:08:02.676+0000] {manager.py:878} INFO - 
================================================================================
DAG File Processing Stats

File Path                                            PID    Runtime      # DAGs    # Errors  Last Runtime    Last Run
---------------------------------------------------  -----  ---------  --------  ----------  --------------  -------------------
/opt/airflow/dags/spark-airflow-s3-ingestion-dag.py                           1           0  0.45s           2026-03-27T16:07:37
/opt/airflow/dags/snowflake_pipeline_dag.py                                   1           0  0.37s           2026-03-27T16:07:36
/opt/airflow/dags/redshift-airflow-ingestion-dag.py                           1           0  0.37s           2026-03-27T16:07:36
/opt/airflow/dags/postgres-airflow-ingestion-dag.py                           1           0  0.28s           2026-03-27T16:07:37
================================================================================
[2026-03-27T16:08:33.228+0000] {manager.py:878} INFO - 
================================================================================
DAG File Processing Stats

File Path                                            PID    Runtime      # DAGs    # Errors  Last Runtime    Last Run
---------------------------------------------------  -----  ---------  --------  ----------  --------------  -------------------
/opt/airflow/dags/spark-airflow-s3-ingestion-dag.py                           1           0  0.49s           2026-03-27T16:08:07
/opt/airflow/dags/redshift-airflow-ingestion-dag.py                           1           0  0.34s           2026-03-27T16:08:07
/opt/airflow/dags/snowflake_pipeline_dag.py                                   1           0  0.33s           2026-03-27T16:08:07
/opt/airflow/dags/postgres-airflow-ingestion-dag.py                           1           0  0.27s           2026-03-27T16:08:07
================================================================================
[2026-03-27T16:09:03.728+0000] {manager.py:878} INFO - 
================================================================================
DAG File Processing Stats

File Path                                            PID    Runtime      # DAGs    # Errors  Last Runtime    Last Run
---------------------------------------------------  -----  ---------  --------  ----------  --------------  -------------------
/opt/airflow/dags/spark-airflow-s3-ingestion-dag.py                           1           0  0.48s           2026-03-27T16:08:38
/opt/airflow/dags/redshift-airflow-ingestion-dag.py                           1           0  0.37s           2026-03-27T16:08:37
/opt/airflow/dags/snowflake_pipeline_dag.py                                   1           0  0.35s           2026-03-27T16:08:37
/opt/airflow/dags/postgres-airflow-ingestion-dag.py                           1           0  0.31s           2026-03-27T16:08:38
================================================================================
[2026-03-27T16:09:34.267+0000] {manager.py:878} INFO - 
================================================================================
DAG File Processing Stats

File Path                                            PID    Runtime      # DAGs    # Errors  Last Runtime    Last Run
---------------------------------------------------  -----  ---------  --------  ----------  --------------  -------------------
/opt/airflow/dags/spark-airflow-s3-ingestion-dag.py                           1           0  0.43s           2026-03-27T16:09:08
/opt/airflow/dags/snowflake_pipeline_dag.py                                   1           0  0.37s           2026-03-27T16:09:08
/opt/airflow/dags/redshift-airflow-ingestion-dag.py                           1           0  0.28s           2026-03-27T16:09:08
/opt/airflow/dags/postgres-airflow-ingestion-dag.py                           1           0  0.26s           2026-03-27T16:09:08
================================================================================
[2026-03-27T16:10:04.776+0000] {manager.py:878} INFO - 
================================================================================
DAG File Processing Stats

File Path                                            PID    Runtime      # DAGs    # Errors  Last Runtime    Last Run
---------------------------------------------------  -----  ---------  --------  ----------  --------------  -------------------
/opt/airflow/dags/spark-airflow-s3-ingestion-dag.py                           1           0  0.38s           2026-03-27T16:09:39
/opt/airflow/dags/snowflake_pipeline_dag.py                                   1           0  0.33s           2026-03-27T16:09:38
/opt/airflow/dags/redshift-airflow-ingestion-dag.py                           1           0  0.29s           2026-03-27T16:09:38
/opt/airflow/dags/postgres-airflow-ingestion-dag.py                           1           0  0.29s           2026-03-27T16:09:39
================================================================================
[2026-03-27T16:10:35.234+0000] {manager.py:878} INFO - 
================================================================================
DAG File Processing Stats

File Path                                            PID    Runtime      # DAGs    # Errors  Last Runtime    Last Run
---------------------------------------------------  -----  ---------  --------  ----------  --------------  -------------------
/opt/airflow/dags/spark-airflow-s3-ingestion-dag.py                           1           0  0.39s           2026-03-27T16:10:09
/opt/airflow/dags/postgres-airflow-ingestion-dag.py                           1           0  0.31s           2026-03-27T16:10:09
/opt/airflow/dags/redshift-airflow-ingestion-dag.py                           1           0  0.31s           2026-03-27T16:10:09
/opt/airflow/dags/snowflake_pipeline_dag.py                                   1           0  0.30s           2026-03-27T16:10:09
================================================================================
[2026-03-27T16:11:05.722+0000] {manager.py:878} INFO - 
================================================================================
DAG File Processing Stats

File Path                                            PID    Runtime      # DAGs    # Errors  Last Runtime    Last Run
---------------------------------------------------  -----  ---------  --------  ----------  --------------  -------------------
/opt/airflow/dags/spark-airflow-s3-ingestion-dag.py                           1           0  0.45s           2026-03-27T16:10:40
/opt/airflow/dags/snowflake_pipeline_dag.py                                   1           0  0.31s           2026-03-27T16:10:39
/opt/airflow/dags/redshift-airflow-ingestion-dag.py                           1           0  0.31s           2026-03-27T16:10:39
/opt/airflow/dags/postgres-airflow-ingestion-dag.py                           1           0  0.25s           2026-03-27T16:10:40
================================================================================
[2026-03-27T16:11:36.273+0000] {manager.py:878} INFO - 
================================================================================
DAG File Processing Stats

File Path                                            PID    Runtime      # DAGs    # Errors  Last Runtime    Last Run
---------------------------------------------------  -----  ---------  --------  ----------  --------------  -------------------
/opt/airflow/dags/spark-airflow-s3-ingestion-dag.py                           1           0  0.43s           2026-03-27T16:11:10
/opt/airflow/dags/redshift-airflow-ingestion-dag.py                           1           0  0.33s           2026-03-27T16:11:10
/opt/airflow/dags/snowflake_pipeline_dag.py                                   1           0  0.32s           2026-03-27T16:11:10
/opt/airflow/dags/postgres-airflow-ingestion-dag.py                           1           0  0.27s           2026-03-27T16:11:10
================================================================================
[2026-03-27T16:11:57.525+0000] {manager.py:737} INFO - Searching for files in /opt/airflow/dags
[2026-03-27T16:11:57.709+0000] {manager.py:740} INFO - There are 4 files in /opt/airflow/dags
[2026-03-27T16:12:06.936+0000] {manager.py:878} INFO - 
================================================================================
DAG File Processing Stats

File Path                                            PID    Runtime      # DAGs    # Errors  Last Runtime    Last Run
---------------------------------------------------  -----  ---------  --------  ----------  --------------  -------------------
/opt/airflow/dags/spark-airflow-s3-ingestion-dag.py                           1           0  0.39s           2026-03-27T16:11:41
/opt/airflow/dags/snowflake_pipeline_dag.py                                   1           0  0.30s           2026-03-27T16:11:40
/opt/airflow/dags/postgres-airflow-ingestion-dag.py                           1           0  0.28s           2026-03-27T16:11:41
/opt/airflow/dags/redshift-airflow-ingestion-dag.py                           1           0  0.26s           2026-03-27T16:11:40
================================================================================
[2026-03-27T16:12:37.547+0000] {manager.py:878} INFO - 
================================================================================
DAG File Processing Stats

File Path                                            PID    Runtime      # DAGs    # Errors  Last Runtime    Last Run
---------------------------------------------------  -----  ---------  --------  ----------  --------------  -------------------
/opt/airflow/dags/spark-airflow-s3-ingestion-dag.py                           1           0  0.47s           2026-03-27T16:12:11
/opt/airflow/dags/redshift-airflow-ingestion-dag.py                           1           0  0.32s           2026-03-27T16:12:11
/opt/airflow/dags/snowflake_pipeline_dag.py                                   1           0  0.31s           2026-03-27T16:12:11
/opt/airflow/dags/postgres-airflow-ingestion-dag.py                           1           0  0.29s           2026-03-27T16:12:12
================================================================================
[2026-03-27T16:13:08.182+0000] {manager.py:878} INFO - 
================================================================================
DAG File Processing Stats

File Path                                            PID    Runtime      # DAGs    # Errors  Last Runtime    Last Run
---------------------------------------------------  -----  ---------  --------  ----------  --------------  -------------------
/opt/airflow/dags/spark-airflow-s3-ingestion-dag.py                           1           0  0.47s           2026-03-27T16:12:42
/opt/airflow/dags/snowflake_pipeline_dag.py                                   1           0  0.40s           2026-03-27T16:12:42
/opt/airflow/dags/redshift-airflow-ingestion-dag.py                           1           0  0.33s           2026-03-27T16:12:42
/opt/airflow/dags/postgres-airflow-ingestion-dag.py                           1           0  0.23s           2026-03-27T16:12:42
================================================================================
[2026-03-27T16:13:38.732+0000] {manager.py:878} INFO - 
================================================================================
DAG File Processing Stats

File Path                                            PID    Runtime      # DAGs    # Errors  Last Runtime    Last Run
---------------------------------------------------  -----  ---------  --------  ----------  --------------  -------------------
/opt/airflow/dags/spark-airflow-s3-ingestion-dag.py                           1           0  0.45s           2026-03-27T16:13:13
/opt/airflow/dags/snowflake_pipeline_dag.py                                   1           0  0.39s           2026-03-27T16:13:12
/opt/airflow/dags/redshift-airflow-ingestion-dag.py                           1           0  0.33s           2026-03-27T16:13:12
/opt/airflow/dags/postgres-airflow-ingestion-dag.py                           1           0  0.26s           2026-03-27T16:13:13
================================================================================
[2026-03-27T16:14:09.222+0000] {manager.py:878} INFO - 
================================================================================
DAG File Processing Stats

File Path                                            PID    Runtime      # DAGs    # Errors  Last Runtime    Last Run
---------------------------------------------------  -----  ---------  --------  ----------  --------------  -------------------
/opt/airflow/dags/spark-airflow-s3-ingestion-dag.py                           1           0  0.43s           2026-03-27T16:13:43
/opt/airflow/dags/snowflake_pipeline_dag.py                                   1           0  0.35s           2026-03-27T16:13:43
/opt/airflow/dags/postgres-airflow-ingestion-dag.py                           1           0  0.33s           2026-03-27T16:13:44
/opt/airflow/dags/redshift-airflow-ingestion-dag.py                           1           0  0.32s           2026-03-27T16:13:43
================================================================================
[2026-03-27T16:14:39.304+0000] {manager.py:878} INFO - 
================================================================================
DAG File Processing Stats

File Path                                            PID    Runtime      # DAGs    # Errors  Last Runtime    Last Run
---------------------------------------------------  -----  ---------  --------  ----------  --------------  -------------------
/opt/airflow/dags/spark-airflow-s3-ingestion-dag.py                           1           0  0.50s           2026-03-27T16:14:14
/opt/airflow/dags/snowflake_pipeline_dag.py                                   1           0  0.44s           2026-03-27T16:14:13
/opt/airflow/dags/redshift-airflow-ingestion-dag.py                           1           0  0.39s           2026-03-27T16:14:13
/opt/airflow/dags/postgres-airflow-ingestion-dag.py                           1           0  0.27s           2026-03-27T16:14:14
================================================================================
[2026-03-27T16:15:09.580+0000] {manager.py:878} INFO - 
================================================================================
DAG File Processing Stats

File Path                                            PID    Runtime      # DAGs    # Errors  Last Runtime    Last Run
---------------------------------------------------  -----  ---------  --------  ----------  --------------  -------------------
/opt/airflow/dags/spark-airflow-s3-ingestion-dag.py                           1           0  0.40s           2026-03-27T16:14:44
/opt/airflow/dags/redshift-airflow-ingestion-dag.py                           1           0  0.35s           2026-03-27T16:14:44
/opt/airflow/dags/snowflake_pipeline_dag.py                                   1           0  0.35s           2026-03-27T16:14:44
/opt/airflow/dags/postgres-airflow-ingestion-dag.py                           1           0  0.24s           2026-03-27T16:14:45
================================================================================
[2026-03-27T16:15:40.277+0000] {manager.py:878} INFO - 
================================================================================
DAG File Processing Stats

File Path                                            PID    Runtime      # DAGs    # Errors  Last Runtime    Last Run
---------------------------------------------------  -----  ---------  --------  ----------  --------------  -------------------
/opt/airflow/dags/spark-airflow-s3-ingestion-dag.py                           1           0  0.50s           2026-03-27T16:15:15
/opt/airflow/dags/snowflake_pipeline_dag.py                                   1           0  0.36s           2026-03-27T16:15:15
/opt/airflow/dags/redshift-airflow-ingestion-dag.py                           1           0  0.36s           2026-03-27T16:15:15
/opt/airflow/dags/postgres-airflow-ingestion-dag.py                           1           0  0.26s           2026-03-27T16:15:15
================================================================================
[2026-03-27T16:16:10.291+0000] {manager.py:878} INFO - 
================================================================================
DAG File Processing Stats

File Path                                            PID    Runtime      # DAGs    # Errors  Last Runtime    Last Run
---------------------------------------------------  -----  ---------  --------  ----------  --------------  -------------------
/opt/airflow/dags/spark-airflow-s3-ingestion-dag.py                           1           0  0.47s           2026-03-27T16:15:46
/opt/airflow/dags/snowflake_pipeline_dag.py                                   1           0  0.41s           2026-03-27T16:15:45
/opt/airflow/dags/redshift-airflow-ingestion-dag.py                           1           0  0.37s           2026-03-27T16:15:45
/opt/airflow/dags/postgres-airflow-ingestion-dag.py                           1           0  0.34s           2026-03-27T16:15:46
================================================================================
[2026-03-27T16:16:32.787+0000] {manager.py:452} INFO - Exiting gracefully upon receiving signal 15
[2026-03-27T16:20:38.084+0000] {manager.py:470} INFO - Processing files using up to 2 processes at a time 
[2026-03-27T16:20:38.088+0000] {manager.py:471} INFO - Process each file at most once every 30 seconds
[2026-03-27T16:20:38.090+0000] {manager.py:472} INFO - Checking for new files in /opt/airflow/dags every 300 seconds
[2026-03-27T16:20:38.092+0000] {manager.py:737} INFO - Searching for files in /opt/airflow/dags
[2026-03-27T16:20:38.235+0000] {manager.py:740} INFO - There are 4 files in /opt/airflow/dags
[2026-03-27T16:20:39.278+0000] {manager.py:878} INFO - 
================================================================================
DAG File Processing Stats

File Path                                              PID  Runtime      # DAGs    # Errors  Last Runtime    Last Run
---------------------------------------------------  -----  ---------  --------  ----------  --------------  ----------
/opt/airflow/dags/postgres-airflow-ingestion-dag.py                           0           0
/opt/airflow/dags/redshift-airflow-ingestion-dag.py                           0           0
/opt/airflow/dags/snowflake_pipeline_dag.py            167  0.04s             0           0
/opt/airflow/dags/spark-airflow-s3-ingestion-dag.py    164  0.07s             0           0
================================================================================
[2026-03-27T16:21:09.788+0000] {manager.py:878} INFO - 
================================================================================
DAG File Processing Stats

File Path                                            PID    Runtime      # DAGs    # Errors  Last Runtime    Last Run
---------------------------------------------------  -----  ---------  --------  ----------  --------------  -------------------
/opt/airflow/dags/spark-airflow-s3-ingestion-dag.py                           1           0  0.70s           2026-03-27T16:20:39
/opt/airflow/dags/snowflake_pipeline_dag.py                                   1           0  0.69s           2026-03-27T16:20:39
/opt/airflow/dags/redshift-airflow-ingestion-dag.py                           1           0  0.47s           2026-03-27T16:20:40
/opt/airflow/dags/postgres-airflow-ingestion-dag.py                           1           0  0.40s           2026-03-27T16:20:40
================================================================================
[2026-03-27T16:21:40.375+0000] {manager.py:878} INFO - 
================================================================================
DAG File Processing Stats

File Path                                            PID    Runtime      # DAGs    # Errors  Last Runtime    Last Run
---------------------------------------------------  -----  ---------  --------  ----------  --------------  -------------------
/opt/airflow/dags/postgres-airflow-ingestion-dag.py                           1           0  0.35s           2026-03-27T16:21:11
/opt/airflow/dags/snowflake_pipeline_dag.py                                   1           0  0.34s           2026-03-27T16:21:10
/opt/airflow/dags/spark-airflow-s3-ingestion-dag.py                           1           0  0.32s           2026-03-27T16:21:10
/opt/airflow/dags/redshift-airflow-ingestion-dag.py                           1           0  0.27s           2026-03-27T16:21:10
================================================================================
[2026-03-27T16:22:10.986+0000] {manager.py:878} INFO - 
================================================================================
DAG File Processing Stats

File Path                                            PID    Runtime      # DAGs    # Errors  Last Runtime    Last Run
---------------------------------------------------  -----  ---------  --------  ----------  --------------  -------------------
/opt/airflow/dags/snowflake_pipeline_dag.py                                   1           0  0.36s           2026-03-27T16:21:41
/opt/airflow/dags/spark-airflow-s3-ingestion-dag.py                           1           0  0.35s           2026-03-27T16:21:41
/opt/airflow/dags/postgres-airflow-ingestion-dag.py                           1           0  0.33s           2026-03-27T16:21:41
/opt/airflow/dags/redshift-airflow-ingestion-dag.py                           1           0  0.28s           2026-03-27T16:21:41
================================================================================
[2026-03-27T16:22:41.804+0000] {manager.py:878} INFO - 
================================================================================
DAG File Processing Stats

File Path                                            PID    Runtime      # DAGs    # Errors  Last Runtime    Last Run
---------------------------------------------------  -----  ---------  --------  ----------  --------------  -------------------
/opt/airflow/dags/snowflake_pipeline_dag.py                                   1           0  0.55s           2026-03-27T16:22:11
/opt/airflow/dags/spark-airflow-s3-ingestion-dag.py                           1           0  0.48s           2026-03-27T16:22:11
/opt/airflow/dags/redshift-airflow-ingestion-dag.py                           1           0  0.45s           2026-03-27T16:22:12
/opt/airflow/dags/postgres-airflow-ingestion-dag.py                           1           0  0.42s           2026-03-27T16:22:12
================================================================================
[2026-03-27T16:23:12.531+0000] {manager.py:878} INFO - 
================================================================================
DAG File Processing Stats

File Path                                              PID  Runtime      # DAGs    # Errors  Last Runtime    Last Run
---------------------------------------------------  -----  ---------  --------  ----------  --------------  -------------------
/opt/airflow/dags/redshift-airflow-ingestion-dag.py                           1           0  0.51s           2026-03-27T16:22:42
/opt/airflow/dags/snowflake_pipeline_dag.py                                   1           0  0.49s           2026-03-27T16:22:42
/opt/airflow/dags/spark-airflow-s3-ingestion-dag.py   1400  0.02s             1           0  0.45s           2026-03-27T16:22:42
/opt/airflow/dags/postgres-airflow-ingestion-dag.py                           1           0  0.32s           2026-03-27T16:22:43
================================================================================
[2026-03-27T16:23:43.027+0000] {manager.py:878} INFO - 
================================================================================
DAG File Processing Stats

File Path                                              PID  Runtime      # DAGs    # Errors  Last Runtime    Last Run
---------------------------------------------------  -----  ---------  --------  ----------  --------------  -------------------
/opt/airflow/dags/redshift-airflow-ingestion-dag.py                           1           0  0.48s           2026-03-27T16:23:14
/opt/airflow/dags/snowflake_pipeline_dag.py                                   1           0  0.47s           2026-03-27T16:23:14
/opt/airflow/dags/spark-airflow-s3-ingestion-dag.py   1657  0.02s             1           0  0.32s           2026-03-27T16:23:12
/opt/airflow/dags/postgres-airflow-ingestion-dag.py                           1           0  0.30s           2026-03-27T16:23:14
================================================================================
[2026-03-27T16:24:13.641+0000] {manager.py:878} INFO - 
================================================================================
DAG File Processing Stats

File Path                                              PID  Runtime      # DAGs    # Errors  Last Runtime    Last Run
---------------------------------------------------  -----  ---------  --------  ----------  --------------  -------------------
/opt/airflow/dags/snowflake_pipeline_dag.py                                   1           0  0.41s           2026-03-27T16:23:44
/opt/airflow/dags/redshift-airflow-ingestion-dag.py                           1           0  0.39s           2026-03-27T16:23:44
/opt/airflow/dags/spark-airflow-s3-ingestion-dag.py   1677  0.01s             1           0  0.38s           2026-03-27T16:23:43
/opt/airflow/dags/postgres-airflow-ingestion-dag.py                           1           0  0.34s           2026-03-27T16:23:45
================================================================================
[2026-03-27T16:24:44.360+0000] {manager.py:878} INFO - 
================================================================================
DAG File Processing Stats

File Path                                              PID  Runtime      # DAGs    # Errors  Last Runtime    Last Run
---------------------------------------------------  -----  ---------  --------  ----------  --------------  -------------------
/opt/airflow/dags/snowflake_pipeline_dag.py                                   1           0  0.46s           2026-03-27T16:24:15
/opt/airflow/dags/redshift-airflow-ingestion-dag.py                           1           0  0.44s           2026-03-27T16:24:15
/opt/airflow/dags/spark-airflow-s3-ingestion-dag.py   1697  0.02s             1           0  0.32s           2026-03-27T16:24:13
/opt/airflow/dags/postgres-airflow-ingestion-dag.py                           1           0  0.32s           2026-03-27T16:24:15
================================================================================
[2026-03-27T16:25:14.752+0000] {manager.py:878} INFO - 
================================================================================
DAG File Processing Stats

File Path                                            PID    Runtime      # DAGs    # Errors  Last Runtime    Last Run
---------------------------------------------------  -----  ---------  --------  ----------  --------------  -------------------
/opt/airflow/dags/spark-airflow-s3-ingestion-dag.py                           1           0  0.40s           2026-03-27T16:24:44
/opt/airflow/dags/snowflake_pipeline_dag.py                                   1           0  0.38s           2026-03-27T16:24:46
/opt/airflow/dags/redshift-airflow-ingestion-dag.py                           1           0  0.34s           2026-03-27T16:24:46
/opt/airflow/dags/postgres-airflow-ingestion-dag.py                           1           0  0.26s           2026-03-27T16:24:46
================================================================================
[2026-03-27T16:25:16.905+0000] {manager.py:452} INFO - Exiting gracefully upon receiving signal 15
[2026-03-27T16:25:16.905+0000] {manager.py:452} INFO - Exiting gracefully upon receiving signal 15
[2026-03-27T17:29:11.505+0000] {manager.py:470} INFO - Processing files using up to 2 processes at a time 
[2026-03-27T17:29:11.508+0000] {manager.py:471} INFO - Process each file at most once every 30 seconds
[2026-03-27T17:29:11.510+0000] {manager.py:472} INFO - Checking for new files in /opt/airflow/dags every 300 seconds
[2026-03-27T17:29:11.512+0000] {manager.py:737} INFO - Searching for files in /opt/airflow/dags
[2026-03-27T17:29:11.662+0000] {manager.py:740} INFO - There are 5 files in /opt/airflow/dags
[2026-03-27T17:29:16.608+0000] {manager.py:878} INFO - 
================================================================================
DAG File Processing Stats

File Path                                               PID  Runtime      # DAGs    # Errors  Last Runtime    Last Run
----------------------------------------------------  -----  ---------  --------  ----------  --------------  ----------
/opt/airflow/dags/dag-dbt-transformation-pipeline.py    167  0.56s             0           0
/opt/airflow/dags/dag-spark-airflow-s3-ingestion.py     170  0.04s             0           0
/opt/airflow/dags/postgres-airflow-ingestion-dag.py                            0           0
/opt/airflow/dags/redshift-airflow-ingestion-dag.py                            0           0
/opt/airflow/dags/snowflake_pipeline_dag.py                                    0           0
================================================================================
[2026-03-27T17:29:47.139+0000] {manager.py:878} INFO - 
================================================================================
DAG File Processing Stats

File Path                                               PID  Runtime      # DAGs    # Errors  Last Runtime    Last Run
----------------------------------------------------  -----  ---------  --------  ----------  --------------  -------------------
/opt/airflow/dags/dag-dbt-transformation-pipeline.py    192  0.04s             1           0  0.83s           2026-03-27T17:29:16
/opt/airflow/dags/dag-spark-airflow-s3-ingestion.py     195  0.01s             1           0  0.47s           2026-03-27T17:29:17
/opt/airflow/dags/snowflake_pipeline_dag.py                                    1           0  0.47s           2026-03-27T17:29:17
/opt/airflow/dags/redshift-airflow-ingestion-dag.py                            1           0  0.45s           2026-03-27T17:29:17
/opt/airflow/dags/postgres-airflow-ingestion-dag.py                            1           0  0.39s           2026-03-27T17:29:17
================================================================================
[2026-03-27T17:30:17.863+0000] {manager.py:878} INFO - 
================================================================================
DAG File Processing Stats

File Path                                               PID  Runtime      # DAGs    # Errors  Last Runtime    Last Run
----------------------------------------------------  -----  ---------  --------  ----------  --------------  -------------------
/opt/airflow/dags/dag-dbt-transformation-pipeline.py    226  0.07s             1           0  0.33s           2026-03-27T17:29:47
/opt/airflow/dags/dag-spark-airflow-s3-ingestion.py     229  0.03s             1           0  0.30s           2026-03-27T17:29:47
/opt/airflow/dags/redshift-airflow-ingestion-dag.py                            1           0  0.28s           2026-03-27T17:29:48
/opt/airflow/dags/postgres-airflow-ingestion-dag.py                            1           0  0.28s           2026-03-27T17:29:48
/opt/airflow/dags/snowflake_pipeline_dag.py                                    1           0  0.28s           2026-03-27T17:29:47
================================================================================
[2026-03-27T17:30:48.442+0000] {manager.py:878} INFO - 
================================================================================
DAG File Processing Stats

File Path                                               PID  Runtime      # DAGs    # Errors  Last Runtime    Last Run
----------------------------------------------------  -----  ---------  --------  ----------  --------------  -------------------
/opt/airflow/dags/dag-dbt-transformation-pipeline.py    257  0.04s             1           0  0.42s           2026-03-27T17:30:18
/opt/airflow/dags/snowflake_pipeline_dag.py                                    1           0  0.40s           2026-03-27T17:30:18
/opt/airflow/dags/dag-spark-airflow-s3-ingestion.py     260  0.01s             1           0  0.34s           2026-03-27T17:30:18
/opt/airflow/dags/redshift-airflow-ingestion-dag.py                            1           0  0.34s           2026-03-27T17:30:18
/opt/airflow/dags/postgres-airflow-ingestion-dag.py                            1           0  0.31s           2026-03-27T17:30:18
================================================================================
[2026-03-27T17:31:18.686+0000] {manager.py:878} INFO - 
================================================================================
DAG File Processing Stats

File Path                                             PID    Runtime      # DAGs    # Errors  Last Runtime    Last Run
----------------------------------------------------  -----  ---------  --------  ----------  --------------  -------------------
/opt/airflow/dags/dag-dbt-transformation-pipeline.py                           1           0  0.29s           2026-03-27T17:30:48
/opt/airflow/dags/redshift-airflow-ingestion-dag.py                            1           0  0.28s           2026-03-27T17:30:49
/opt/airflow/dags/snowflake_pipeline_dag.py                                    1           0  0.26s           2026-03-27T17:30:48
/opt/airflow/dags/dag-spark-airflow-s3-ingestion.py                            1           0  0.25s           2026-03-27T17:30:48
/opt/airflow/dags/postgres-airflow-ingestion-dag.py                            1           0  0.24s           2026-03-27T17:30:49
================================================================================
[2026-03-27T17:31:48.856+0000] {manager.py:878} INFO - 
================================================================================
DAG File Processing Stats

File Path                                             PID    Runtime      # DAGs    # Errors  Last Runtime    Last Run
----------------------------------------------------  -----  ---------  --------  ----------  --------------  -------------------
/opt/airflow/dags/dag-dbt-transformation-pipeline.py                           1           0  0.47s           2026-03-27T17:31:45
/opt/airflow/dags/dag-spark-airflow-s3-ingestion.py                            1           0  0.37s           2026-03-27T17:31:19
/opt/airflow/dags/snowflake_pipeline_dag.py                                    1           0  0.37s           2026-03-27T17:31:19
/opt/airflow/dags/redshift-airflow-ingestion-dag.py                            1           0  0.34s           2026-03-27T17:31:20
/opt/airflow/dags/postgres-airflow-ingestion-dag.py                            1           0  0.30s           2026-03-27T17:31:20
================================================================================
[2026-03-27T17:32:19.307+0000] {manager.py:878} INFO - 
================================================================================
DAG File Processing Stats

File Path                                             PID    Runtime      # DAGs    # Errors  Last Runtime    Last Run
----------------------------------------------------  -----  ---------  --------  ----------  --------------  -------------------
/opt/airflow/dags/redshift-airflow-ingestion-dag.py                            1           0  0.35s           2026-03-27T17:31:50
/opt/airflow/dags/postgres-airflow-ingestion-dag.py                            1           0  0.29s           2026-03-27T17:31:50
/opt/airflow/dags/dag-dbt-transformation-pipeline.py                           1           0  0.26s           2026-03-27T17:32:15
/opt/airflow/dags/snowflake_pipeline_dag.py                                    1           0  0.25s           2026-03-27T17:31:50
/opt/airflow/dags/dag-spark-airflow-s3-ingestion.py                            1           0  0.25s           2026-03-27T17:31:50
================================================================================
[2026-03-27T17:32:32.079+0000] {manager.py:452} INFO - Exiting gracefully upon receiving signal 15
[2026-03-27T17:33:29.951+0000] {manager.py:470} INFO - Processing files using up to 2 processes at a time 
[2026-03-27T17:33:29.953+0000] {manager.py:471} INFO - Process each file at most once every 30 seconds
[2026-03-27T17:33:29.955+0000] {manager.py:472} INFO - Checking for new files in /opt/airflow/dags every 300 seconds
[2026-03-27T17:33:29.956+0000] {manager.py:737} INFO - Searching for files in /opt/airflow/dags
[2026-03-27T17:33:30.105+0000] {manager.py:740} INFO - There are 5 files in /opt/airflow/dags
[2026-03-27T17:33:31.523+0000] {manager.py:878} INFO - 
================================================================================
DAG File Processing Stats

File Path                                               PID  Runtime      # DAGs    # Errors  Last Runtime    Last Run
----------------------------------------------------  -----  ---------  --------  ----------  --------------  -------------------
/opt/airflow/dags/dag-dbt-transformation-pipeline.py                           1           0  1.17s           2026-03-27T17:33:31
/opt/airflow/dags/dag-spark-airflow-s3-ingestion.py     169  0.05s             0           0
/opt/airflow/dags/postgres-airflow-ingestion-dag.py                            0           0
/opt/airflow/dags/redshift-airflow-ingestion-dag.py                            0           0
/opt/airflow/dags/snowflake_pipeline_dag.py             172  0.01s             0           0
================================================================================
[2026-03-27T17:34:01.565+0000] {manager.py:878} INFO - 
================================================================================
DAG File Processing Stats

File Path                                               PID  Runtime      # DAGs    # Errors  Last Runtime    Last Run
----------------------------------------------------  -----  ---------  --------  ----------  --------------  -------------------
/opt/airflow/dags/dag-dbt-transformation-pipeline.py    189  0.01s             1           0  1.17s           2026-03-27T17:33:31
/opt/airflow/dags/redshift-airflow-ingestion-dag.py                            1           0  0.56s           2026-03-27T17:33:32
/opt/airflow/dags/dag-spark-airflow-s3-ingestion.py                            1           0  0.56s           2026-03-27T17:33:32
/opt/airflow/dags/snowflake_pipeline_dag.py                                    1           0  0.56s           2026-03-27T17:33:32
/opt/airflow/dags/postgres-airflow-ingestion-dag.py                            1           0  0.50s           2026-03-27T17:33:32
================================================================================
[2026-03-27T17:34:31.657+0000] {manager.py:878} INFO - 
================================================================================
DAG File Processing Stats

File Path                                             PID    Runtime      # DAGs    # Errors  Last Runtime    Last Run
----------------------------------------------------  -----  ---------  --------  ----------  --------------  -------------------
/opt/airflow/dags/snowflake_pipeline_dag.py                                    1           0  0.30s           2026-03-27T17:34:02
/opt/airflow/dags/dag-spark-airflow-s3-ingestion.py                            1           0  0.28s           2026-03-27T17:34:02
/opt/airflow/dags/dag-dbt-transformation-pipeline.py                           1           0  0.28s           2026-03-27T17:34:01
/opt/airflow/dags/redshift-airflow-ingestion-dag.py                            1           0  0.27s           2026-03-27T17:34:03
/opt/airflow/dags/postgres-airflow-ingestion-dag.py                            1           0  0.24s           2026-03-27T17:34:03
================================================================================
[2026-03-27T17:35:02.146+0000] {manager.py:878} INFO - 
================================================================================
DAG File Processing Stats

File Path                                             PID    Runtime      # DAGs    # Errors  Last Runtime    Last Run
----------------------------------------------------  -----  ---------  --------  ----------  --------------  -------------------
/opt/airflow/dags/redshift-airflow-ingestion-dag.py                            1           0  0.32s           2026-03-27T17:34:33
/opt/airflow/dags/snowflake_pipeline_dag.py                                    1           0  0.29s           2026-03-27T17:34:33
/opt/airflow/dags/dag-dbt-transformation-pipeline.py                           1           0  0.29s           2026-03-27T17:34:33
/opt/airflow/dags/dag-spark-airflow-s3-ingestion.py                            1           0  0.28s           2026-03-27T17:34:33
/opt/airflow/dags/postgres-airflow-ingestion-dag.py                            1           0  0.26s           2026-03-27T17:34:33
================================================================================
[2026-03-27T17:35:32.514+0000] {manager.py:878} INFO - 
================================================================================
DAG File Processing Stats

File Path                                             PID    Runtime      # DAGs    # Errors  Last Runtime    Last Run
----------------------------------------------------  -----  ---------  --------  ----------  --------------  -------------------
/opt/airflow/dags/dag-dbt-transformation-pipeline.py                           1           0  0.30s           2026-03-27T17:35:03
/opt/airflow/dags/redshift-airflow-ingestion-dag.py                            1           0  0.27s           2026-03-27T17:35:04
/opt/airflow/dags/dag-spark-airflow-s3-ingestion.py                            1           0  0.26s           2026-03-27T17:35:03
/opt/airflow/dags/snowflake_pipeline_dag.py                                    1           0  0.25s           2026-03-27T17:35:03
/opt/airflow/dags/postgres-airflow-ingestion-dag.py                            1           0  0.24s           2026-03-27T17:35:04
================================================================================
[2026-03-27T17:36:02.703+0000] {manager.py:878} INFO - 
================================================================================
DAG File Processing Stats

File Path                                             PID    Runtime      # DAGs    # Errors  Last Runtime    Last Run
----------------------------------------------------  -----  ---------  --------  ----------  --------------  -------------------
/opt/airflow/dags/redshift-airflow-ingestion-dag.py                            1           0  0.40s           2026-03-27T17:35:34
/opt/airflow/dags/snowflake_pipeline_dag.py                                    1           0  0.37s           2026-03-27T17:35:34
/opt/airflow/dags/dag-spark-airflow-s3-ingestion.py                            1           0  0.35s           2026-03-27T17:35:34
/opt/airflow/dags/postgres-airflow-ingestion-dag.py                            1           0  0.32s           2026-03-27T17:35:35
/opt/airflow/dags/dag-dbt-transformation-pipeline.py                           1           0  0.30s           2026-03-27T17:35:33
================================================================================
[2026-03-27T17:36:33.416+0000] {manager.py:878} INFO - 
================================================================================
DAG File Processing Stats

File Path                                             PID    Runtime      # DAGs    # Errors  Last Runtime    Last Run
----------------------------------------------------  -----  ---------  --------  ----------  --------------  -------------------
/opt/airflow/dags/dag-dbt-transformation-pipeline.py                           1           0  0.54s           2026-03-27T17:36:04
/opt/airflow/dags/dag-spark-airflow-s3-ingestion.py                            1           0  0.52s           2026-03-27T17:36:04
/opt/airflow/dags/snowflake_pipeline_dag.py                                    1           0  0.50s           2026-03-27T17:36:05
/opt/airflow/dags/redshift-airflow-ingestion-dag.py                            1           0  0.48s           2026-03-27T17:36:05
/opt/airflow/dags/postgres-airflow-ingestion-dag.py                            1           0  0.40s           2026-03-27T17:36:05
================================================================================
[2026-03-27T17:37:04.304+0000] {manager.py:878} INFO - 
================================================================================
DAG File Processing Stats

File Path                                             PID    Runtime      # DAGs    # Errors  Last Runtime    Last Run
----------------------------------------------------  -----  ---------  --------  ----------  --------------  -------------------
/opt/airflow/dags/redshift-airflow-ingestion-dag.py                            1           0  0.41s           2026-03-27T17:36:36
/opt/airflow/dags/dag-dbt-transformation-pipeline.py                           1           0  0.40s           2026-03-27T17:36:35
/opt/airflow/dags/dag-spark-airflow-s3-ingestion.py                            1           0  0.40s           2026-03-27T17:36:35
/opt/airflow/dags/snowflake_pipeline_dag.py                                    1           0  0.39s           2026-03-27T17:36:36
/opt/airflow/dags/postgres-airflow-ingestion-dag.py                            1           0  0.36s           2026-03-27T17:36:36
================================================================================
[2026-03-27T17:37:35.022+0000] {manager.py:878} INFO - 
================================================================================
DAG File Processing Stats

File Path                                             PID    Runtime      # DAGs    # Errors  Last Runtime    Last Run
----------------------------------------------------  -----  ---------  --------  ----------  --------------  -------------------
/opt/airflow/dags/dag-spark-airflow-s3-ingestion.py                            1           0  0.36s           2026-03-27T17:37:06
/opt/airflow/dags/dag-dbt-transformation-pipeline.py                           1           0  0.34s           2026-03-27T17:37:06
/opt/airflow/dags/redshift-airflow-ingestion-dag.py                            1           0  0.29s           2026-03-27T17:37:07
/opt/airflow/dags/snowflake_pipeline_dag.py                                    1           0  0.28s           2026-03-27T17:37:07
/opt/airflow/dags/postgres-airflow-ingestion-dag.py                            1           0  0.24s           2026-03-27T17:37:07
================================================================================
[2026-03-27T17:38:05.584+0000] {manager.py:878} INFO - 
================================================================================
DAG File Processing Stats

File Path                                             PID    Runtime      # DAGs    # Errors  Last Runtime    Last Run
----------------------------------------------------  -----  ---------  --------  ----------  --------------  -------------------
/opt/airflow/dags/redshift-airflow-ingestion-dag.py                            1           0  0.35s           2026-03-27T17:37:38
/opt/airflow/dags/dag-dbt-transformation-pipeline.py                           1           0  0.34s           2026-03-27T17:37:37
/opt/airflow/dags/dag-spark-airflow-s3-ingestion.py                            1           0  0.33s           2026-03-27T17:37:37
/opt/airflow/dags/postgres-airflow-ingestion-dag.py                            1           0  0.31s           2026-03-27T17:37:38
/opt/airflow/dags/snowflake_pipeline_dag.py                                    1           0  0.30s           2026-03-27T17:37:37
================================================================================
[2026-03-27T17:38:30.346+0000] {manager.py:737} INFO - Searching for files in /opt/airflow/dags
[2026-03-27T17:38:30.553+0000] {manager.py:740} INFO - There are 5 files in /opt/airflow/dags
[2026-03-27T17:38:35.754+0000] {manager.py:878} INFO - 
================================================================================
DAG File Processing Stats

File Path                                             PID    Runtime      # DAGs    # Errors  Last Runtime    Last Run
----------------------------------------------------  -----  ---------  --------  ----------  --------------  -------------------
/opt/airflow/dags/redshift-airflow-ingestion-dag.py                            1           0  0.36s           2026-03-27T17:38:08
/opt/airflow/dags/snowflake_pipeline_dag.py                                    1           0  0.35s           2026-03-27T17:38:08
/opt/airflow/dags/dag-dbt-transformation-pipeline.py                           1           0  0.35s           2026-03-27T17:38:07
/opt/airflow/dags/dag-spark-airflow-s3-ingestion.py                            1           0  0.32s           2026-03-27T17:38:07
/opt/airflow/dags/postgres-airflow-ingestion-dag.py                            1           0  0.31s           2026-03-27T17:38:08
================================================================================
[2026-03-27T17:39:06.054+0000] {manager.py:878} INFO - 
================================================================================
DAG File Processing Stats

File Path                                             PID    Runtime      # DAGs    # Errors  Last Runtime    Last Run
----------------------------------------------------  -----  ---------  --------  ----------  --------------  -------------------
/opt/airflow/dags/snowflake_pipeline_dag.py                                    1           0  0.35s           2026-03-27T17:38:38
/opt/airflow/dags/redshift-airflow-ingestion-dag.py                            1           0  0.30s           2026-03-27T17:38:39
/opt/airflow/dags/dag-spark-airflow-s3-ingestion.py                            1           0  0.29s           2026-03-27T17:38:38
/opt/airflow/dags/dag-dbt-transformation-pipeline.py                           1           0  0.28s           2026-03-27T17:38:38
/opt/airflow/dags/postgres-airflow-ingestion-dag.py                            1           0  0.26s           2026-03-27T17:38:39
================================================================================
[2026-03-27T17:39:36.914+0000] {manager.py:878} INFO - 
================================================================================
DAG File Processing Stats

File Path                                             PID    Runtime      # DAGs    # Errors  Last Runtime    Last Run
----------------------------------------------------  -----  ---------  --------  ----------  --------------  -------------------
/opt/airflow/dags/dag-dbt-transformation-pipeline.py                           1           0  0.48s           2026-03-27T17:39:09
/opt/airflow/dags/dag-spark-airflow-s3-ingestion.py                            1           0  0.44s           2026-03-27T17:39:09
/opt/airflow/dags/redshift-airflow-ingestion-dag.py                            1           0  0.37s           2026-03-27T17:39:09
/opt/airflow/dags/snowflake_pipeline_dag.py                                    1           0  0.33s           2026-03-27T17:39:09
/opt/airflow/dags/postgres-airflow-ingestion-dag.py                            1           0  0.32s           2026-03-27T17:39:09
================================================================================
[2026-03-27T17:40:07.328+0000] {manager.py:878} INFO - 
================================================================================
DAG File Processing Stats

File Path                                             PID    Runtime      # DAGs    # Errors  Last Runtime    Last Run
----------------------------------------------------  -----  ---------  --------  ----------  --------------  -------------------
/opt/airflow/dags/redshift-airflow-ingestion-dag.py                            1           0  0.32s           2026-03-27T17:39:40
/opt/airflow/dags/snowflake_pipeline_dag.py                                    1           0  0.31s           2026-03-27T17:39:40
/opt/airflow/dags/dag-dbt-transformation-pipeline.py                           1           0  0.29s           2026-03-27T17:39:40
/opt/airflow/dags/dag-spark-airflow-s3-ingestion.py                            1           0  0.29s           2026-03-27T17:39:40
/opt/airflow/dags/postgres-airflow-ingestion-dag.py                            1           0  0.28s           2026-03-27T17:39:40
================================================================================
[2026-03-27T17:40:38.271+0000] {manager.py:878} INFO - 
================================================================================
DAG File Processing Stats

File Path                                             PID    Runtime      # DAGs    # Errors  Last Runtime    Last Run
----------------------------------------------------  -----  ---------  --------  ----------  --------------  -------------------
/opt/airflow/dags/dag-dbt-transformation-pipeline.py                           1           0  0.36s           2026-03-27T17:40:10
/opt/airflow/dags/redshift-airflow-ingestion-dag.py                            1           0  0.34s           2026-03-27T17:40:11
/opt/airflow/dags/snowflake_pipeline_dag.py                                    1           0  0.33s           2026-03-27T17:40:11
/opt/airflow/dags/dag-spark-airflow-s3-ingestion.py                            1           0  0.32s           2026-03-27T17:40:10
/opt/airflow/dags/postgres-airflow-ingestion-dag.py                            1           0  0.27s           2026-03-27T17:40:11
================================================================================
[2026-03-27T17:41:08.975+0000] {manager.py:878} INFO - 
================================================================================
DAG File Processing Stats

File Path                                             PID    Runtime      # DAGs    # Errors  Last Runtime    Last Run
----------------------------------------------------  -----  ---------  --------  ----------  --------------  -------------------
/opt/airflow/dags/dag-dbt-transformation-pipeline.py                           1           0  0.32s           2026-03-27T17:40:41
/opt/airflow/dags/dag-spark-airflow-s3-ingestion.py                            1           0  0.32s           2026-03-27T17:40:41
/opt/airflow/dags/redshift-airflow-ingestion-dag.py                            1           0  0.28s           2026-03-27T17:40:42
/opt/airflow/dags/snowflake_pipeline_dag.py                                    1           0  0.26s           2026-03-27T17:40:41
/opt/airflow/dags/postgres-airflow-ingestion-dag.py                            1           0  0.24s           2026-03-27T17:40:42
================================================================================
[2026-03-27T17:41:39.829+0000] {manager.py:878} INFO - 
================================================================================
DAG File Processing Stats

File Path                                             PID    Runtime      # DAGs    # Errors  Last Runtime    Last Run
----------------------------------------------------  -----  ---------  --------  ----------  --------------  -------------------
/opt/airflow/dags/dag-dbt-transformation-pipeline.py                           1           0  0.33s           2026-03-27T17:41:12
/opt/airflow/dags/snowflake_pipeline_dag.py                                    1           0  0.33s           2026-03-27T17:41:12
/opt/airflow/dags/dag-spark-airflow-s3-ingestion.py                            1           0  0.32s           2026-03-27T17:41:12
/opt/airflow/dags/redshift-airflow-ingestion-dag.py                            1           0  0.32s           2026-03-27T17:41:13
/opt/airflow/dags/postgres-airflow-ingestion-dag.py                            1           0  0.28s           2026-03-27T17:41:13
================================================================================
[2026-03-27T17:42:10.479+0000] {manager.py:878} INFO - 
================================================================================
DAG File Processing Stats

File Path                                             PID    Runtime      # DAGs    # Errors  Last Runtime    Last Run
----------------------------------------------------  -----  ---------  --------  ----------  --------------  -------------------
/opt/airflow/dags/snowflake_pipeline_dag.py                                    1           0  0.32s           2026-03-27T17:41:43
/opt/airflow/dags/dag-dbt-transformation-pipeline.py                           1           0  0.31s           2026-03-27T17:41:43
/opt/airflow/dags/dag-spark-airflow-s3-ingestion.py                            1           0  0.30s           2026-03-27T17:41:43
/opt/airflow/dags/redshift-airflow-ingestion-dag.py                            1           0  0.30s           2026-03-27T17:41:43
/opt/airflow/dags/postgres-airflow-ingestion-dag.py                            1           0  0.25s           2026-03-27T17:41:43
================================================================================
[2026-03-27T17:42:41.030+0000] {manager.py:878} INFO - 
================================================================================
DAG File Processing Stats

File Path                                             PID    Runtime      # DAGs    # Errors  Last Runtime    Last Run
----------------------------------------------------  -----  ---------  --------  ----------  --------------  -------------------
/opt/airflow/dags/dag-spark-airflow-s3-ingestion.py                            1           0  0.42s           2026-03-27T17:42:14
/opt/airflow/dags/dag-dbt-transformation-pipeline.py                           1           0  0.41s           2026-03-27T17:42:13
/opt/airflow/dags/redshift-airflow-ingestion-dag.py                            1           0  0.41s           2026-03-27T17:42:14
/opt/airflow/dags/postgres-airflow-ingestion-dag.py                            1           0  0.35s           2026-03-27T17:42:14
/opt/airflow/dags/snowflake_pipeline_dag.py                                    1           0  0.26s           2026-03-27T17:42:14
================================================================================
[2026-03-27T17:43:11.317+0000] {manager.py:878} INFO - 
================================================================================
DAG File Processing Stats

File Path                                             PID    Runtime      # DAGs    # Errors  Last Runtime    Last Run
----------------------------------------------------  -----  ---------  --------  ----------  --------------  -------------------
/opt/airflow/dags/redshift-airflow-ingestion-dag.py                            1           0  0.54s           2026-03-27T17:42:45
/opt/airflow/dags/dag-dbt-transformation-pipeline.py                           1           0  0.54s           2026-03-27T17:42:44
/opt/airflow/dags/dag-spark-airflow-s3-ingestion.py                            1           0  0.51s           2026-03-27T17:42:44
/opt/airflow/dags/snowflake_pipeline_dag.py                                    1           0  0.47s           2026-03-27T17:42:45
/opt/airflow/dags/postgres-airflow-ingestion-dag.py                            1           0  0.47s           2026-03-27T17:42:45
================================================================================
[2026-03-27T17:43:31.057+0000] {manager.py:737} INFO - Searching for files in /opt/airflow/dags
[2026-03-27T17:43:31.339+0000] {manager.py:740} INFO - There are 5 files in /opt/airflow/dags
[2026-03-27T17:43:41.643+0000] {manager.py:878} INFO - 
================================================================================
DAG File Processing Stats

File Path                                             PID    Runtime      # DAGs    # Errors  Last Runtime    Last Run
----------------------------------------------------  -----  ---------  --------  ----------  --------------  -------------------
/opt/airflow/dags/redshift-airflow-ingestion-dag.py                            1           0  0.35s           2026-03-27T17:43:16
/opt/airflow/dags/snowflake_pipeline_dag.py                                    1           0  0.35s           2026-03-27T17:43:15
/opt/airflow/dags/dag-dbt-transformation-pipeline.py                           1           0  0.34s           2026-03-27T17:43:15
/opt/airflow/dags/postgres-airflow-ingestion-dag.py                            1           0  0.33s           2026-03-27T17:43:16
/opt/airflow/dags/dag-spark-airflow-s3-ingestion.py                            1           0  0.31s           2026-03-27T17:43:15
================================================================================
[2026-03-27T17:44:12.125+0000] {manager.py:878} INFO - 
================================================================================
DAG File Processing Stats

File Path                                             PID    Runtime      # DAGs    # Errors  Last Runtime    Last Run
----------------------------------------------------  -----  ---------  --------  ----------  --------------  -------------------
/opt/airflow/dags/snowflake_pipeline_dag.py                                    1           0  0.39s           2026-03-27T17:43:46
/opt/airflow/dags/redshift-airflow-ingestion-dag.py                            1           0  0.35s           2026-03-27T17:43:47
/opt/airflow/dags/dag-dbt-transformation-pipeline.py                           1           0  0.31s           2026-03-27T17:43:46
/opt/airflow/dags/dag-spark-airflow-s3-ingestion.py                            1           0  0.30s           2026-03-27T17:43:46
/opt/airflow/dags/postgres-airflow-ingestion-dag.py                            1           0  0.28s           2026-03-27T17:43:47
================================================================================
[2026-03-27T17:44:42.556+0000] {manager.py:878} INFO - 
================================================================================
DAG File Processing Stats

File Path                                             PID    Runtime      # DAGs    # Errors  Last Runtime    Last Run
----------------------------------------------------  -----  ---------  --------  ----------  --------------  -------------------
/opt/airflow/dags/snowflake_pipeline_dag.py                                    1           0  0.34s           2026-03-27T17:44:17
/opt/airflow/dags/redshift-airflow-ingestion-dag.py                            1           0  0.33s           2026-03-27T17:44:18
/opt/airflow/dags/dag-dbt-transformation-pipeline.py                           1           0  0.32s           2026-03-27T17:44:16
/opt/airflow/dags/dag-spark-airflow-s3-ingestion.py                            1           0  0.31s           2026-03-27T17:44:16
/opt/airflow/dags/postgres-airflow-ingestion-dag.py                            1           0  0.29s           2026-03-27T17:44:18
================================================================================
[2026-03-27T17:45:13.028+0000] {manager.py:878} INFO - 
================================================================================
DAG File Processing Stats

File Path                                             PID    Runtime      # DAGs    # Errors  Last Runtime    Last Run
----------------------------------------------------  -----  ---------  --------  ----------  --------------  -------------------
/opt/airflow/dags/redshift-airflow-ingestion-dag.py                            1           0  0.44s           2026-03-27T17:44:48
/opt/airflow/dags/postgres-airflow-ingestion-dag.py                            1           0  0.42s           2026-03-27T17:44:48
/opt/airflow/dags/dag-dbt-transformation-pipeline.py                           1           0  0.32s           2026-03-27T17:44:47
/opt/airflow/dags/snowflake_pipeline_dag.py                                    1           0  0.29s           2026-03-27T17:44:47
/opt/airflow/dags/dag-spark-airflow-s3-ingestion.py                            1           0  0.25s           2026-03-27T17:44:47
================================================================================
[2026-03-27T17:45:43.856+0000] {manager.py:878} INFO - 
================================================================================
DAG File Processing Stats

File Path                                             PID    Runtime      # DAGs    # Errors  Last Runtime    Last Run
----------------------------------------------------  -----  ---------  --------  ----------  --------------  -------------------
/opt/airflow/dags/redshift-airflow-ingestion-dag.py                            1           0  0.35s           2026-03-27T17:45:19
/opt/airflow/dags/snowflake_pipeline_dag.py                                    1           0  0.29s           2026-03-27T17:45:17
/opt/airflow/dags/postgres-airflow-ingestion-dag.py                            1           0  0.29s           2026-03-27T17:45:19
/opt/airflow/dags/dag-spark-airflow-s3-ingestion.py                            1           0  0.29s           2026-03-27T17:45:17
/opt/airflow/dags/dag-dbt-transformation-pipeline.py                           1           0  0.28s           2026-03-27T17:45:17
================================================================================
[2026-03-27T17:46:14.027+0000] {manager.py:878} INFO - 
================================================================================
DAG File Processing Stats

File Path                                             PID    Runtime      # DAGs    # Errors  Last Runtime    Last Run
----------------------------------------------------  -----  ---------  --------  ----------  --------------  -------------------
/opt/airflow/dags/snowflake_pipeline_dag.py                                    1           0  0.38s           2026-03-27T17:45:48
/opt/airflow/dags/dag-dbt-transformation-pipeline.py                           1           0  0.32s           2026-03-27T17:45:48
/opt/airflow/dags/redshift-airflow-ingestion-dag.py                            1           0  0.30s           2026-03-27T17:45:49
/opt/airflow/dags/postgres-airflow-ingestion-dag.py                            1           0  0.28s           2026-03-27T17:45:49
/opt/airflow/dags/dag-spark-airflow-s3-ingestion.py                            1           0  0.27s           2026-03-27T17:45:48
================================================================================
[2026-03-27T17:46:44.792+0000] {manager.py:878} INFO - 
================================================================================
DAG File Processing Stats

File Path                                             PID    Runtime      # DAGs    # Errors  Last Runtime    Last Run
----------------------------------------------------  -----  ---------  --------  ----------  --------------  -------------------
/opt/airflow/dags/dag-dbt-transformation-pipeline.py                           1           0  0.31s           2026-03-27T17:46:18
/opt/airflow/dags/dag-spark-airflow-s3-ingestion.py                            1           0  0.31s           2026-03-27T17:46:18
/opt/airflow/dags/snowflake_pipeline_dag.py                                    1           0  0.30s           2026-03-27T17:46:19
/opt/airflow/dags/redshift-airflow-ingestion-dag.py                            1           0  0.29s           2026-03-27T17:46:20
/opt/airflow/dags/postgres-airflow-ingestion-dag.py                            1           0  0.25s           2026-03-27T17:46:20
================================================================================
[2026-03-27T17:47:15.333+0000] {manager.py:878} INFO - 
================================================================================
DAG File Processing Stats

File Path                                             PID    Runtime      # DAGs    # Errors  Last Runtime    Last Run
----------------------------------------------------  -----  ---------  --------  ----------  --------------  -------------------
/opt/airflow/dags/redshift-airflow-ingestion-dag.py                            1           0  0.36s           2026-03-27T17:46:50
/opt/airflow/dags/postgres-airflow-ingestion-dag.py                            1           0  0.34s           2026-03-27T17:46:50
/opt/airflow/dags/dag-dbt-transformation-pipeline.py                           1           0  0.33s           2026-03-27T17:46:49
/opt/airflow/dags/dag-spark-airflow-s3-ingestion.py                            1           0  0.31s           2026-03-27T17:46:49
/opt/airflow/dags/snowflake_pipeline_dag.py                                    1           0  0.26s           2026-03-27T17:46:49
================================================================================
[2026-03-27T17:47:46.054+0000] {manager.py:878} INFO - 
================================================================================
DAG File Processing Stats

File Path                                             PID    Runtime      # DAGs    # Errors  Last Runtime    Last Run
----------------------------------------------------  -----  ---------  --------  ----------  --------------  -------------------
/opt/airflow/dags/dag-dbt-transformation-pipeline.py                           1           0  0.38s           2026-03-27T17:47:19
/opt/airflow/dags/redshift-airflow-ingestion-dag.py                            1           0  0.36s           2026-03-27T17:47:21
/opt/airflow/dags/dag-spark-airflow-s3-ingestion.py                            1           0  0.33s           2026-03-27T17:47:19
/opt/airflow/dags/postgres-airflow-ingestion-dag.py                            1           0  0.29s           2026-03-27T17:47:21
/opt/airflow/dags/snowflake_pipeline_dag.py                                    1           0  0.25s           2026-03-27T17:47:20
================================================================================
[2026-03-27T17:48:16.533+0000] {manager.py:878} INFO - 
================================================================================
DAG File Processing Stats

File Path                                             PID    Runtime      # DAGs    # Errors  Last Runtime    Last Run
----------------------------------------------------  -----  ---------  --------  ----------  --------------  -------------------
/opt/airflow/dags/redshift-airflow-ingestion-dag.py                            1           0  0.34s           2026-03-27T17:47:51
/opt/airflow/dags/snowflake_pipeline_dag.py                                    1           0  0.33s           2026-03-27T17:47:50
/opt/airflow/dags/postgres-airflow-ingestion-dag.py                            1           0  0.26s           2026-03-27T17:47:51
/opt/airflow/dags/dag-dbt-transformation-pipeline.py                           1           0  0.25s           2026-03-27T17:47:50
/opt/airflow/dags/dag-spark-airflow-s3-ingestion.py                            1           0  0.24s           2026-03-27T17:47:50
================================================================================
[2026-03-27T17:48:31.738+0000] {manager.py:737} INFO - Searching for files in /opt/airflow/dags
[2026-03-27T17:48:32.040+0000] {manager.py:740} INFO - There are 5 files in /opt/airflow/dags
[2026-03-27T17:48:47.471+0000] {manager.py:878} INFO - 
================================================================================
DAG File Processing Stats

File Path                                             PID    Runtime      # DAGs    # Errors  Last Runtime    Last Run
----------------------------------------------------  -----  ---------  --------  ----------  --------------  -------------------
/opt/airflow/dags/dag-dbt-transformation-pipeline.py                           1           0  0.38s           2026-03-27T17:48:21
/opt/airflow/dags/dag-spark-airflow-s3-ingestion.py                            1           0  0.37s           2026-03-27T17:48:21
/opt/airflow/dags/redshift-airflow-ingestion-dag.py                            1           0  0.33s           2026-03-27T17:48:22
/opt/airflow/dags/snowflake_pipeline_dag.py                                    1           0  0.32s           2026-03-27T17:48:21
/opt/airflow/dags/postgres-airflow-ingestion-dag.py                            1           0  0.27s           2026-03-27T17:48:22
================================================================================
[2026-03-27T17:49:17.818+0000] {manager.py:878} INFO - 
================================================================================
DAG File Processing Stats

File Path                                             PID    Runtime      # DAGs    # Errors  Last Runtime    Last Run
----------------------------------------------------  -----  ---------  --------  ----------  --------------  -------------------
/opt/airflow/dags/snowflake_pipeline_dag.py                                    1           0  0.33s           2026-03-27T17:48:52
/opt/airflow/dags/redshift-airflow-ingestion-dag.py                            1           0  0.29s           2026-03-27T17:48:53
/opt/airflow/dags/dag-dbt-transformation-pipeline.py                           1           0  0.27s           2026-03-27T17:48:51
/opt/airflow/dags/dag-spark-airflow-s3-ingestion.py                            1           0  0.27s           2026-03-27T17:48:51
/opt/airflow/dags/postgres-airflow-ingestion-dag.py                            1           0  0.24s           2026-03-27T17:48:53
================================================================================
[2026-03-27T17:49:48.413+0000] {manager.py:878} INFO - 
================================================================================
DAG File Processing Stats

File Path                                             PID    Runtime      # DAGs    # Errors  Last Runtime    Last Run
----------------------------------------------------  -----  ---------  --------  ----------  --------------  -------------------
/opt/airflow/dags/redshift-airflow-ingestion-dag.py                            1           0  0.35s           2026-03-27T17:49:23
/opt/airflow/dags/dag-dbt-transformation-pipeline.py                           1           0  0.28s           2026-03-27T17:49:22
/opt/airflow/dags/dag-spark-airflow-s3-ingestion.py                            1           0  0.28s           2026-03-27T17:49:22
/opt/airflow/dags/snowflake_pipeline_dag.py                                    1           0  0.28s           2026-03-27T17:49:22
/opt/airflow/dags/postgres-airflow-ingestion-dag.py                            1           0  0.28s           2026-03-27T17:49:23
================================================================================
[2026-03-27T17:50:18.657+0000] {manager.py:878} INFO - 
================================================================================
DAG File Processing Stats

File Path                                             PID    Runtime      # DAGs    # Errors  Last Runtime    Last Run
----------------------------------------------------  -----  ---------  --------  ----------  --------------  -------------------
/opt/airflow/dags/dag-dbt-transformation-pipeline.py                           1           0  0.42s           2026-03-27T17:49:53
/opt/airflow/dags/dag-spark-airflow-s3-ingestion.py                            1           0  0.35s           2026-03-27T17:49:52
/opt/airflow/dags/snowflake_pipeline_dag.py                                    1           0  0.34s           2026-03-27T17:49:53
/opt/airflow/dags/redshift-airflow-ingestion-dag.py                            1           0  0.32s           2026-03-27T17:49:54
/opt/airflow/dags/postgres-airflow-ingestion-dag.py                            1           0  0.26s           2026-03-27T17:49:54
================================================================================
[2026-03-27T17:50:49.308+0000] {manager.py:878} INFO - 
================================================================================
DAG File Processing Stats

File Path                                             PID    Runtime      # DAGs    # Errors  Last Runtime    Last Run
----------------------------------------------------  -----  ---------  --------  ----------  --------------  -------------------
/opt/airflow/dags/redshift-airflow-ingestion-dag.py                            1           0  0.29s           2026-03-27T17:50:24
/opt/airflow/dags/snowflake_pipeline_dag.py                                    1           0  0.28s           2026-03-27T17:50:24
/opt/airflow/dags/dag-dbt-transformation-pipeline.py                           1           0  0.27s           2026-03-27T17:50:24
/opt/airflow/dags/dag-spark-airflow-s3-ingestion.py                            1           0  0.27s           2026-03-27T17:50:24
/opt/airflow/dags/postgres-airflow-ingestion-dag.py                            1           0  0.24s           2026-03-27T17:50:24
================================================================================
[2026-03-27T17:51:19.410+0000] {manager.py:878} INFO - 
================================================================================
DAG File Processing Stats

File Path                                             PID    Runtime      # DAGs    # Errors  Last Runtime    Last Run
----------------------------------------------------  -----  ---------  --------  ----------  --------------  -------------------
/opt/airflow/dags/dag-spark-airflow-s3-ingestion.py                            1           0  0.64s           2026-03-27T17:50:55
/opt/airflow/dags/redshift-airflow-ingestion-dag.py                            1           0  0.38s           2026-03-27T17:50:55
/opt/airflow/dags/snowflake_pipeline_dag.py                                    1           0  0.32s           2026-03-27T17:50:55
/opt/airflow/dags/dag-dbt-transformation-pipeline.py                           1           0  0.32s           2026-03-27T17:50:54
/opt/airflow/dags/postgres-airflow-ingestion-dag.py                            1           0  0.30s           2026-03-27T17:50:55
================================================================================
[2026-03-27T17:51:50.046+0000] {manager.py:878} INFO - 
================================================================================
DAG File Processing Stats

File Path                                             PID    Runtime      # DAGs    # Errors  Last Runtime    Last Run
----------------------------------------------------  -----  ---------  --------  ----------  --------------  -------------------
/opt/airflow/dags/dag-dbt-transformation-pipeline.py                           1           0  0.37s           2026-03-27T17:51:26
/opt/airflow/dags/snowflake_pipeline_dag.py                                    1           0  0.37s           2026-03-27T17:51:26
/opt/airflow/dags/dag-spark-airflow-s3-ingestion.py                            1           0  0.35s           2026-03-27T17:51:26
/opt/airflow/dags/postgres-airflow-ingestion-dag.py                            1           0  0.34s           2026-03-27T17:51:26
/opt/airflow/dags/redshift-airflow-ingestion-dag.py                            1           0  0.27s           2026-03-27T17:51:26
================================================================================
[2026-03-27T17:52:20.548+0000] {manager.py:878} INFO - 
================================================================================
DAG File Processing Stats

File Path                                             PID    Runtime      # DAGs    # Errors  Last Runtime    Last Run
----------------------------------------------------  -----  ---------  --------  ----------  --------------  -------------------
/opt/airflow/dags/snowflake_pipeline_dag.py                                    1           0  0.35s           2026-03-27T17:51:56
/opt/airflow/dags/dag-spark-airflow-s3-ingestion.py                            1           0  0.34s           2026-03-27T17:51:57
/opt/airflow/dags/dag-dbt-transformation-pipeline.py                           1           0  0.32s           2026-03-27T17:51:56
/opt/airflow/dags/redshift-airflow-ingestion-dag.py                            1           0  0.30s           2026-03-27T17:51:56
/opt/airflow/dags/postgres-airflow-ingestion-dag.py                            1           0  0.30s           2026-03-27T17:51:57
================================================================================
[2026-03-27T17:52:51.114+0000] {manager.py:878} INFO - 
================================================================================
DAG File Processing Stats

File Path                                             PID    Runtime      # DAGs    # Errors  Last Runtime    Last Run
----------------------------------------------------  -----  ---------  --------  ----------  --------------  -------------------
/opt/airflow/dags/redshift-airflow-ingestion-dag.py                            1           0  0.34s           2026-03-27T17:52:27
/opt/airflow/dags/dag-spark-airflow-s3-ingestion.py                            1           0  0.30s           2026-03-27T17:52:27
/opt/airflow/dags/postgres-airflow-ingestion-dag.py                            1           0  0.28s           2026-03-27T17:52:27
/opt/airflow/dags/snowflake_pipeline_dag.py                                    1           0  0.28s           2026-03-27T17:52:27
/opt/airflow/dags/dag-dbt-transformation-pipeline.py                           1           0  0.27s           2026-03-27T17:52:27
================================================================================
[2026-03-27T17:53:21.345+0000] {manager.py:878} INFO - 
================================================================================
DAG File Processing Stats

File Path                                             PID    Runtime      # DAGs    # Errors  Last Runtime    Last Run
----------------------------------------------------  -----  ---------  --------  ----------  --------------  -------------------
/opt/airflow/dags/dag-spark-airflow-s3-ingestion.py                            1           0  0.71s           2026-03-27T17:53:02
/opt/airflow/dags/dag-dbt-transformation-pipeline.py                           1           0  0.58s           2026-03-27T17:53:07
/opt/airflow/dags/snowflake_pipeline_dag.py                                    1           0  0.35s           2026-03-27T17:52:57
/opt/airflow/dags/postgres-airflow-ingestion-dag.py                            1           0  0.31s           2026-03-27T17:52:58
/opt/airflow/dags/redshift-airflow-ingestion-dag.py                            1           0  0.25s           2026-03-27T17:52:57
================================================================================
[2026-03-27T17:53:31.992+0000] {manager.py:737} INFO - Searching for files in /opt/airflow/dags
[2026-03-27T17:53:32.166+0000] {manager.py:740} INFO - There are 5 files in /opt/airflow/dags
[2026-03-27T17:53:35.952+0000] {manager.py:452} INFO - Exiting gracefully upon receiving signal 15
[2026-03-27T17:54:54.968+0000] {manager.py:470} INFO - Processing files using up to 2 processes at a time 
[2026-03-27T17:54:54.970+0000] {manager.py:471} INFO - Process each file at most once every 30 seconds
[2026-03-27T17:54:54.972+0000] {manager.py:472} INFO - Checking for new files in /opt/airflow/dags every 300 seconds
[2026-03-27T17:54:54.975+0000] {manager.py:737} INFO - Searching for files in /opt/airflow/dags
[2026-03-27T17:54:55.137+0000] {manager.py:740} INFO - There are 5 files in /opt/airflow/dags
[2026-03-27T17:54:55.515+0000] {manager.py:878} INFO - 
================================================================================
DAG File Processing Stats

File Path                                               PID  Runtime      # DAGs    # Errors  Last Runtime    Last Run
----------------------------------------------------  -----  ---------  --------  ----------  --------------  ----------
/opt/airflow/dags/dag-dbt-transformation-pipeline.py    164  0.19s             0           0
/opt/airflow/dags/dag-spark-airflow-s3-ingestion.py     167  0.11s             0           0
/opt/airflow/dags/postgres-airflow-ingestion-dag.py                            0           0
/opt/airflow/dags/redshift-airflow-ingestion-dag.py                            0           0
/opt/airflow/dags/snowflake_pipeline_dag.py                                    0           0
================================================================================
[2026-03-27T17:55:25.906+0000] {manager.py:878} INFO - 
================================================================================
DAG File Processing Stats

File Path                                             PID    Runtime      # DAGs    # Errors  Last Runtime    Last Run
----------------------------------------------------  -----  ---------  --------  ----------  --------------  -------------------
/opt/airflow/dags/dag-dbt-transformation-pipeline.py                           1           0  1.64s           2026-03-27T17:54:56
/opt/airflow/dags/dag-spark-airflow-s3-ingestion.py                            1           0  1.59s           2026-03-27T17:54:56
/opt/airflow/dags/redshift-airflow-ingestion-dag.py                            1           0  0.48s           2026-03-27T17:54:57
/opt/airflow/dags/snowflake_pipeline_dag.py                                    1           0  0.45s           2026-03-27T17:54:57
/opt/airflow/dags/postgres-airflow-ingestion-dag.py                            1           0  0.44s           2026-03-27T17:54:57
================================================================================
[2026-03-27T17:55:56.007+0000] {manager.py:878} INFO - 
================================================================================
DAG File Processing Stats

File Path                                             PID    Runtime      # DAGs    # Errors  Last Runtime    Last Run
----------------------------------------------------  -----  ---------  --------  ----------  --------------  -------------------
/opt/airflow/dags/dag-spark-airflow-s3-ingestion.py                            1           0  0.47s           2026-03-27T17:55:27
/opt/airflow/dags/dag-dbt-transformation-pipeline.py                           1           0  0.46s           2026-03-27T17:55:27
/opt/airflow/dags/redshift-airflow-ingestion-dag.py                            1           0  0.28s           2026-03-27T17:55:28
/opt/airflow/dags/snowflake_pipeline_dag.py                                    1           0  0.26s           2026-03-27T17:55:28
/opt/airflow/dags/postgres-airflow-ingestion-dag.py                            1           0  0.23s           2026-03-27T17:55:28
================================================================================
[2026-03-27T17:56:26.987+0000] {manager.py:878} INFO - 
================================================================================
DAG File Processing Stats

File Path                                             PID    Runtime      # DAGs    # Errors  Last Runtime    Last Run
----------------------------------------------------  -----  ---------  --------  ----------  --------------  -------------------
/opt/airflow/dags/dag-dbt-transformation-pipeline.py                           1           0  0.46s           2026-03-27T17:55:58
/opt/airflow/dags/dag-spark-airflow-s3-ingestion.py                            1           0  0.45s           2026-03-27T17:55:58
/opt/airflow/dags/snowflake_pipeline_dag.py                                    1           0  0.35s           2026-03-27T17:55:58
/opt/airflow/dags/redshift-airflow-ingestion-dag.py                            1           0  0.33s           2026-03-27T17:55:59
/opt/airflow/dags/postgres-airflow-ingestion-dag.py                            1           0  0.29s           2026-03-27T17:55:59
================================================================================
[2026-03-27T17:56:57.255+0000] {manager.py:878} INFO - 
================================================================================
DAG File Processing Stats

File Path                                             PID    Runtime      # DAGs    # Errors  Last Runtime    Last Run
----------------------------------------------------  -----  ---------  --------  ----------  --------------  -------------------
/opt/airflow/dags/dag-dbt-transformation-pipeline.py                           1           0  0.88s           2026-03-27T17:56:29
/opt/airflow/dags/dag-spark-airflow-s3-ingestion.py                            1           0  0.88s           2026-03-27T17:56:29
/opt/airflow/dags/redshift-airflow-ingestion-dag.py                            1           0  0.52s           2026-03-27T17:56:30
/opt/airflow/dags/snowflake_pipeline_dag.py                                    1           0  0.52s           2026-03-27T17:56:30
/opt/airflow/dags/postgres-airflow-ingestion-dag.py                            1           0  0.45s           2026-03-27T17:56:30
================================================================================
[2026-03-27T17:57:27.376+0000] {manager.py:878} INFO - 
================================================================================
DAG File Processing Stats

File Path                                             PID    Runtime      # DAGs    # Errors  Last Runtime    Last Run
----------------------------------------------------  -----  ---------  --------  ----------  --------------  -------------------
/opt/airflow/dags/dag-spark-airflow-s3-ingestion.py                            1           0  0.64s           2026-03-27T17:57:01
/opt/airflow/dags/dag-dbt-transformation-pipeline.py                           1           0  0.64s           2026-03-27T17:57:00
/opt/airflow/dags/postgres-airflow-ingestion-dag.py                            1           0  0.53s           2026-03-27T17:57:01
/opt/airflow/dags/redshift-airflow-ingestion-dag.py                            1           0  0.45s           2026-03-27T17:57:01
/opt/airflow/dags/snowflake_pipeline_dag.py                                    1           0  0.34s           2026-03-27T17:57:01
================================================================================
[2026-03-27T17:57:57.496+0000] {manager.py:878} INFO - 
================================================================================
DAG File Processing Stats

File Path                                             PID    Runtime      # DAGs    # Errors  Last Runtime    Last Run
----------------------------------------------------  -----  ---------  --------  ----------  --------------  -------------------
/opt/airflow/dags/dag-spark-airflow-s3-ingestion.py                            1           0  0.80s           2026-03-27T17:57:32
/opt/airflow/dags/dag-dbt-transformation-pipeline.py                           1           0  0.80s           2026-03-27T17:57:32
/opt/airflow/dags/snowflake_pipeline_dag.py                                    1           0  0.38s           2026-03-27T17:57:32
/opt/airflow/dags/redshift-airflow-ingestion-dag.py                            1           0  0.30s           2026-03-27T17:57:32
/opt/airflow/dags/postgres-airflow-ingestion-dag.py                            1           0  0.24s           2026-03-27T17:57:32
================================================================================
[2026-03-27T17:58:27.518+0000] {manager.py:878} INFO - 
================================================================================
DAG File Processing Stats

File Path                                             PID    Runtime      # DAGs    # Errors  Last Runtime    Last Run
----------------------------------------------------  -----  ---------  --------  ----------  --------------  -------------------
/opt/airflow/dags/dag-dbt-transformation-pipeline.py                           1           0  0.55s           2026-03-27T17:58:03
/opt/airflow/dags/dag-spark-airflow-s3-ingestion.py                            1           0  0.54s           2026-03-27T17:58:03
/opt/airflow/dags/snowflake_pipeline_dag.py                                    1           0  0.40s           2026-03-27T17:58:03
/opt/airflow/dags/redshift-airflow-ingestion-dag.py                            1           0  0.30s           2026-03-27T17:58:03
/opt/airflow/dags/postgres-airflow-ingestion-dag.py                            1           0  0.26s           2026-03-27T17:58:03
================================================================================
[2026-03-27T17:58:57.924+0000] {manager.py:878} INFO - 
================================================================================
DAG File Processing Stats

File Path                                             PID    Runtime      # DAGs    # Errors  Last Runtime    Last Run
----------------------------------------------------  -----  ---------  --------  ----------  --------------  -------------------
/opt/airflow/dags/dag-spark-airflow-s3-ingestion.py                            1           0  0.47s           2026-03-27T17:58:34
/opt/airflow/dags/dag-dbt-transformation-pipeline.py                           1           0  0.47s           2026-03-27T17:58:33
/opt/airflow/dags/snowflake_pipeline_dag.py                                    1           0  0.31s           2026-03-27T17:58:34
/opt/airflow/dags/redshift-airflow-ingestion-dag.py                            1           0  0.29s           2026-03-27T17:58:34
/opt/airflow/dags/postgres-airflow-ingestion-dag.py                            1           0  0.25s           2026-03-27T17:58:34
================================================================================
[2026-03-27T17:59:27.956+0000] {manager.py:878} INFO - 
================================================================================
DAG File Processing Stats

File Path                                             PID    Runtime      # DAGs    # Errors  Last Runtime    Last Run
----------------------------------------------------  -----  ---------  --------  ----------  --------------  -------------------
/opt/airflow/dags/dag-dbt-transformation-pipeline.py                           1           0  0.59s           2026-03-27T17:59:04
/opt/airflow/dags/dag-spark-airflow-s3-ingestion.py                            1           0  0.55s           2026-03-27T17:59:04
/opt/airflow/dags/snowflake_pipeline_dag.py                                    1           0  0.35s           2026-03-27T17:59:05
/opt/airflow/dags/redshift-airflow-ingestion-dag.py                            1           0  0.32s           2026-03-27T17:59:05
/opt/airflow/dags/postgres-airflow-ingestion-dag.py                            1           0  0.27s           2026-03-27T17:59:05
================================================================================
[2026-03-27T17:59:55.194+0000] {manager.py:737} INFO - Searching for files in /opt/airflow/dags
[2026-03-27T17:59:55.408+0000] {manager.py:740} INFO - There are 5 files in /opt/airflow/dags
[2026-03-27T17:59:58.541+0000] {manager.py:878} INFO - 
================================================================================
DAG File Processing Stats

File Path                                             PID    Runtime      # DAGs    # Errors  Last Runtime    Last Run
----------------------------------------------------  -----  ---------  --------  ----------  --------------  -------------------
/opt/airflow/dags/dag-dbt-transformation-pipeline.py                           1           0  0.58s           2026-03-27T17:59:35
/opt/airflow/dags/dag-spark-airflow-s3-ingestion.py                            1           0  0.54s           2026-03-27T17:59:35
/opt/airflow/dags/redshift-airflow-ingestion-dag.py                            1           0  0.40s           2026-03-27T17:59:36
/opt/airflow/dags/snowflake_pipeline_dag.py                                    1           0  0.37s           2026-03-27T17:59:35
/opt/airflow/dags/postgres-airflow-ingestion-dag.py                            1           0  0.30s           2026-03-27T17:59:36
================================================================================
[2026-03-27T18:00:28.634+0000] {manager.py:878} INFO - 
================================================================================
DAG File Processing Stats

File Path                                             PID    Runtime      # DAGs    # Errors  Last Runtime    Last Run
----------------------------------------------------  -----  ---------  --------  ----------  --------------  -------------------
/opt/airflow/dags/dag-dbt-transformation-pipeline.py                           1           0  0.55s           2026-03-27T18:00:06
/opt/airflow/dags/dag-spark-airflow-s3-ingestion.py                            1           0  0.53s           2026-03-27T18:00:06
/opt/airflow/dags/snowflake_pipeline_dag.py                                    1           0  0.31s           2026-03-27T18:00:06
/opt/airflow/dags/redshift-airflow-ingestion-dag.py                            1           0  0.31s           2026-03-27T18:00:06
/opt/airflow/dags/postgres-airflow-ingestion-dag.py                            1           0  0.29s           2026-03-27T18:00:07
================================================================================
[2026-03-27T18:00:58.888+0000] {manager.py:878} INFO - 
================================================================================
DAG File Processing Stats

File Path                                             PID    Runtime      # DAGs    # Errors  Last Runtime    Last Run
----------------------------------------------------  -----  ---------  --------  ----------  --------------  -------------------
/opt/airflow/dags/dag-dbt-transformation-pipeline.py                           1           0  0.55s           2026-03-27T18:00:37
/opt/airflow/dags/dag-spark-airflow-s3-ingestion.py                            1           0  0.51s           2026-03-27T18:00:37
/opt/airflow/dags/redshift-airflow-ingestion-dag.py                            1           0  0.43s           2026-03-27T18:00:38
/opt/airflow/dags/postgres-airflow-ingestion-dag.py                            1           0  0.38s           2026-03-27T18:00:38
/opt/airflow/dags/snowflake_pipeline_dag.py                                    1           0  0.37s           2026-03-27T18:00:37
================================================================================
[2026-03-27T18:01:29.352+0000] {manager.py:878} INFO - 
================================================================================
DAG File Processing Stats

File Path                                             PID    Runtime      # DAGs    # Errors  Last Runtime    Last Run
----------------------------------------------------  -----  ---------  --------  ----------  --------------  -------------------
/opt/airflow/dags/dag-dbt-transformation-pipeline.py                           1           0  0.54s           2026-03-27T18:01:08
/opt/airflow/dags/dag-spark-airflow-s3-ingestion.py                            1           0  0.51s           2026-03-27T18:01:08
/opt/airflow/dags/snowflake_pipeline_dag.py                                    1           0  0.39s           2026-03-27T18:01:08
/opt/airflow/dags/redshift-airflow-ingestion-dag.py                            1           0  0.36s           2026-03-27T18:01:09
/opt/airflow/dags/postgres-airflow-ingestion-dag.py                            1           0  0.34s           2026-03-27T18:01:09
================================================================================
[2026-03-27T18:01:59.405+0000] {manager.py:878} INFO - 
================================================================================
DAG File Processing Stats

File Path                                             PID    Runtime      # DAGs    # Errors  Last Runtime    Last Run
----------------------------------------------------  -----  ---------  --------  ----------  --------------  -------------------
/opt/airflow/dags/dag-dbt-transformation-pipeline.py                           1           0  0.56s           2026-03-27T18:01:39
/opt/airflow/dags/dag-spark-airflow-s3-ingestion.py                            1           0  0.49s           2026-03-27T18:01:39
/opt/airflow/dags/snowflake_pipeline_dag.py                                    1           0  0.33s           2026-03-27T18:01:39
/opt/airflow/dags/redshift-airflow-ingestion-dag.py                            1           0  0.33s           2026-03-27T18:01:39
/opt/airflow/dags/postgres-airflow-ingestion-dag.py                            1           0  0.28s           2026-03-27T18:01:39
================================================================================
[2026-03-27T18:02:29.543+0000] {manager.py:878} INFO - 
================================================================================
DAG File Processing Stats

File Path                                             PID    Runtime      # DAGs    # Errors  Last Runtime    Last Run
----------------------------------------------------  -----  ---------  --------  ----------  --------------  -------------------
/opt/airflow/dags/dag-dbt-transformation-pipeline.py                           1           0  0.52s           2026-03-27T18:02:10
/opt/airflow/dags/dag-spark-airflow-s3-ingestion.py                            1           0  0.50s           2026-03-27T18:02:10
/opt/airflow/dags/snowflake_pipeline_dag.py                                    1           0  0.42s           2026-03-27T18:02:10
/opt/airflow/dags/redshift-airflow-ingestion-dag.py                            1           0  0.28s           2026-03-27T18:02:11
/opt/airflow/dags/postgres-airflow-ingestion-dag.py                            1           0  0.25s           2026-03-27T18:02:11
================================================================================
[2026-03-27T18:03:00.229+0000] {manager.py:878} INFO - 
================================================================================
DAG File Processing Stats

File Path                                             PID    Runtime      # DAGs    # Errors  Last Runtime    Last Run
----------------------------------------------------  -----  ---------  --------  ----------  --------------  -------------------
/opt/airflow/dags/dag-dbt-transformation-pipeline.py                           1           0  0.54s           2026-03-27T18:02:41
/opt/airflow/dags/dag-spark-airflow-s3-ingestion.py                            1           0  0.51s           2026-03-27T18:02:41
/opt/airflow/dags/redshift-airflow-ingestion-dag.py                            1           0  0.34s           2026-03-27T18:02:41
/opt/airflow/dags/snowflake_pipeline_dag.py                                    1           0  0.32s           2026-03-27T18:02:41
/opt/airflow/dags/postgres-airflow-ingestion-dag.py                            1           0  0.30s           2026-03-27T18:02:41
================================================================================
[2026-03-27T18:03:30.287+0000] {manager.py:878} INFO - 
================================================================================
DAG File Processing Stats

File Path                                             PID    Runtime      # DAGs    # Errors  Last Runtime    Last Run
----------------------------------------------------  -----  ---------  --------  ----------  --------------  -------------------
/opt/airflow/dags/dag-dbt-transformation-pipeline.py                           1           0  0.55s           2026-03-27T18:03:12
/opt/airflow/dags/dag-spark-airflow-s3-ingestion.py                            1           0  0.51s           2026-03-27T18:03:12
/opt/airflow/dags/redshift-airflow-ingestion-dag.py                            1           0  0.32s           2026-03-27T18:03:12
/opt/airflow/dags/snowflake_pipeline_dag.py                                    1           0  0.30s           2026-03-27T18:03:12
/opt/airflow/dags/postgres-airflow-ingestion-dag.py                            1           0  0.28s           2026-03-27T18:03:12
================================================================================
[2026-03-27T18:04:00.375+0000] {manager.py:878} INFO - 
================================================================================
DAG File Processing Stats

File Path                                             PID    Runtime      # DAGs    # Errors  Last Runtime    Last Run
----------------------------------------------------  -----  ---------  --------  ----------  --------------  -------------------
/opt/airflow/dags/dag-dbt-transformation-pipeline.py                           1           0  0.61s           2026-03-27T18:03:43
/opt/airflow/dags/dag-spark-airflow-s3-ingestion.py                            1           0  0.54s           2026-03-27T18:03:43
/opt/airflow/dags/redshift-airflow-ingestion-dag.py                            1           0  0.35s           2026-03-27T18:03:44
/opt/airflow/dags/snowflake_pipeline_dag.py                                    1           0  0.30s           2026-03-27T18:03:43
/opt/airflow/dags/postgres-airflow-ingestion-dag.py                            1           0  0.29s           2026-03-27T18:03:44
================================================================================
[2026-03-27T18:04:30.469+0000] {manager.py:878} INFO - 
================================================================================
DAG File Processing Stats

File Path                                             PID    Runtime      # DAGs    # Errors  Last Runtime    Last Run
----------------------------------------------------  -----  ---------  --------  ----------  --------------  -------------------
/opt/airflow/dags/dag-dbt-transformation-pipeline.py                           1           0  0.64s           2026-03-27T18:04:14
/opt/airflow/dags/dag-spark-airflow-s3-ingestion.py                            1           0  0.62s           2026-03-27T18:04:14
/opt/airflow/dags/redshift-airflow-ingestion-dag.py                            1           0  0.35s           2026-03-27T18:04:15
/opt/airflow/dags/snowflake_pipeline_dag.py                                    1           0  0.33s           2026-03-27T18:04:14
/opt/airflow/dags/postgres-airflow-ingestion-dag.py                            1           0  0.30s           2026-03-27T18:04:15
================================================================================
[2026-03-27T18:04:55.228+0000] {manager.py:737} INFO - Searching for files in /opt/airflow/dags
[2026-03-27T18:04:55.412+0000] {manager.py:740} INFO - There are 5 files in /opt/airflow/dags
[2026-03-27T18:05:00.541+0000] {manager.py:878} INFO - 
================================================================================
DAG File Processing Stats

File Path                                             PID    Runtime      # DAGs    # Errors  Last Runtime    Last Run
----------------------------------------------------  -----  ---------  --------  ----------  --------------  -------------------
/opt/airflow/dags/dag-dbt-transformation-pipeline.py                           1           0  0.48s           2026-03-27T18:04:45
/opt/airflow/dags/dag-spark-airflow-s3-ingestion.py                            1           0  0.48s           2026-03-27T18:04:45
/opt/airflow/dags/redshift-airflow-ingestion-dag.py                            1           0  0.32s           2026-03-27T18:04:46
/opt/airflow/dags/snowflake_pipeline_dag.py                                    1           0  0.31s           2026-03-27T18:04:45
/opt/airflow/dags/postgres-airflow-ingestion-dag.py                            1           0  0.27s           2026-03-27T18:04:45
================================================================================
[2026-03-27T18:05:30.596+0000] {manager.py:878} INFO - 
================================================================================
DAG File Processing Stats

File Path                                             PID    Runtime      # DAGs    # Errors  Last Runtime    Last Run
----------------------------------------------------  -----  ---------  --------  ----------  --------------  -------------------
/opt/airflow/dags/dag-dbt-transformation-pipeline.py                           1           0  0.46s           2026-03-27T18:05:16
/opt/airflow/dags/dag-spark-airflow-s3-ingestion.py                            1           0  0.41s           2026-03-27T18:05:16
/opt/airflow/dags/postgres-airflow-ingestion-dag.py                            1           0  0.35s           2026-03-27T18:05:17
/opt/airflow/dags/snowflake_pipeline_dag.py                                    1           0  0.32s           2026-03-27T18:05:16
/opt/airflow/dags/redshift-airflow-ingestion-dag.py                            1           0  0.28s           2026-03-27T18:05:17
================================================================================
[2026-03-27T18:05:58.685+0000] {manager.py:452} INFO - Exiting gracefully upon receiving signal 15
[2026-03-27T18:14:48.537+0000] {manager.py:470} INFO - Processing files using up to 2 processes at a time 
[2026-03-27T18:14:48.541+0000] {manager.py:471} INFO - Process each file at most once every 30 seconds
[2026-03-27T18:14:48.544+0000] {manager.py:472} INFO - Checking for new files in /opt/airflow/dags every 300 seconds
[2026-03-27T18:14:48.546+0000] {manager.py:737} INFO - Searching for files in /opt/airflow/dags
[2026-03-27T18:14:48.735+0000] {manager.py:740} INFO - There are 5 files in /opt/airflow/dags
[2026-03-27T18:14:50.039+0000] {manager.py:878} INFO - 
================================================================================
DAG File Processing Stats

File Path                                               PID  Runtime      # DAGs    # Errors  Last Runtime    Last Run
----------------------------------------------------  -----  ---------  --------  ----------  --------------  ----------
/opt/airflow/dags/dag-dbt-transformation-pipeline.py    166  0.04s             0           0
/opt/airflow/dags/dag-spark-airflow-s3-ingestion.py     163  0.08s             0           0
/opt/airflow/dags/postgres-airflow-ingestion-dag.py                            0           0
/opt/airflow/dags/redshift-airflow-ingestion-dag.py                            0           0
/opt/airflow/dags/snowflake_pipeline_dag.py                                    0           0
================================================================================
[2026-03-27T18:15:20.200+0000] {manager.py:878} INFO - 
================================================================================
DAG File Processing Stats

File Path                                             PID    Runtime      # DAGs    # Errors  Last Runtime    Last Run
----------------------------------------------------  -----  ---------  --------  ----------  --------------  -------------------
/opt/airflow/dags/dag-spark-airflow-s3-ingestion.py                            1           0  0.80s           2026-03-27T18:14:50
/opt/airflow/dags/dag-dbt-transformation-pipeline.py                           1           0  0.76s           2026-03-27T18:14:50
/opt/airflow/dags/snowflake_pipeline_dag.py                                    1           0  0.56s           2026-03-27T18:14:51
/opt/airflow/dags/redshift-airflow-ingestion-dag.py                            1           0  0.56s           2026-03-27T18:14:51
/opt/airflow/dags/postgres-airflow-ingestion-dag.py                            1           0  0.44s           2026-03-27T18:14:51
================================================================================
[2026-03-27T18:15:50.264+0000] {manager.py:878} INFO - 
================================================================================
DAG File Processing Stats

File Path                                             PID    Runtime      # DAGs    # Errors  Last Runtime    Last Run
----------------------------------------------------  -----  ---------  --------  ----------  --------------  -------------------
/opt/airflow/dags/redshift-airflow-ingestion-dag.py                            1           0  0.34s           2026-03-27T18:15:22
/opt/airflow/dags/snowflake_pipeline_dag.py                                    1           0  0.34s           2026-03-27T18:15:22
/opt/airflow/dags/dag-spark-airflow-s3-ingestion.py                            1           0  0.32s           2026-03-27T18:15:21
/opt/airflow/dags/dag-dbt-transformation-pipeline.py                           1           0  0.30s           2026-03-27T18:15:21
/opt/airflow/dags/postgres-airflow-ingestion-dag.py                            1           0  0.28s           2026-03-27T18:15:22
================================================================================
[2026-03-27T18:16:20.920+0000] {manager.py:878} INFO - 
================================================================================
DAG File Processing Stats

File Path                                             PID    Runtime      # DAGs    # Errors  Last Runtime    Last Run
----------------------------------------------------  -----  ---------  --------  ----------  --------------  -------------------
/opt/airflow/dags/snowflake_pipeline_dag.py                                    1           0  0.62s           2026-03-27T18:15:53
/opt/airflow/dags/redshift-airflow-ingestion-dag.py                            1           0  0.53s           2026-03-27T18:15:53
/opt/airflow/dags/dag-spark-airflow-s3-ingestion.py                            1           0  0.32s           2026-03-27T18:15:51
/opt/airflow/dags/dag-dbt-transformation-pipeline.py                           1           0  0.30s           2026-03-27T18:15:51
/opt/airflow/dags/postgres-airflow-ingestion-dag.py                            1           0  0.24s           2026-03-27T18:15:53
================================================================================
[2026-03-27T18:16:51.418+0000] {manager.py:878} INFO - 
================================================================================
DAG File Processing Stats

File Path                                             PID    Runtime      # DAGs    # Errors  Last Runtime    Last Run
----------------------------------------------------  -----  ---------  --------  ----------  --------------  -------------------
/opt/airflow/dags/dag-dbt-transformation-pipeline.py                           1           0  0.63s           2026-03-27T18:16:22
/opt/airflow/dags/dag-spark-airflow-s3-ingestion.py                            1           0  0.62s           2026-03-27T18:16:22
/opt/airflow/dags/redshift-airflow-ingestion-dag.py                            1           0  0.58s           2026-03-27T18:16:24
/opt/airflow/dags/snowflake_pipeline_dag.py                                    1           0  0.57s           2026-03-27T18:16:24
/opt/airflow/dags/postgres-airflow-ingestion-dag.py                            1           0  0.49s           2026-03-27T18:16:24
================================================================================
[2026-03-27T18:17:21.485+0000] {manager.py:878} INFO - 
================================================================================
DAG File Processing Stats

File Path                                             PID    Runtime      # DAGs    # Errors  Last Runtime    Last Run
----------------------------------------------------  -----  ---------  --------  ----------  --------------  -------------------
/opt/airflow/dags/dag-dbt-transformation-pipeline.py                           1           0  0.67s           2026-03-27T18:16:53
/opt/airflow/dags/dag-spark-airflow-s3-ingestion.py                            1           0  0.63s           2026-03-27T18:16:53
/opt/airflow/dags/redshift-airflow-ingestion-dag.py                            1           0  0.42s           2026-03-27T18:16:55
/opt/airflow/dags/snowflake_pipeline_dag.py                                    1           0  0.41s           2026-03-27T18:16:55
/opt/airflow/dags/postgres-airflow-ingestion-dag.py                            1           0  0.32s           2026-03-27T18:16:55
================================================================================
[2026-03-27T18:17:51.602+0000] {manager.py:878} INFO - 
================================================================================
DAG File Processing Stats

File Path                                             PID    Runtime      # DAGs    # Errors  Last Runtime    Last Run
----------------------------------------------------  -----  ---------  --------  ----------  --------------  -------------------
/opt/airflow/dags/snowflake_pipeline_dag.py                                    1           0  0.37s           2026-03-27T18:17:25
/opt/airflow/dags/postgres-airflow-ingestion-dag.py                            1           0  0.33s           2026-03-27T18:17:25
/opt/airflow/dags/dag-spark-airflow-s3-ingestion.py                            1           0  0.32s           2026-03-27T18:17:24
/opt/airflow/dags/redshift-airflow-ingestion-dag.py                            1           0  0.31s           2026-03-27T18:17:25
/opt/airflow/dags/dag-dbt-transformation-pipeline.py                           1           0  0.31s           2026-03-27T18:17:24
================================================================================
[2026-03-27T18:18:21.728+0000] {manager.py:878} INFO - 
================================================================================
DAG File Processing Stats

File Path                                             PID    Runtime      # DAGs    # Errors  Last Runtime    Last Run
----------------------------------------------------  -----  ---------  --------  ----------  --------------  -------------------
/opt/airflow/dags/dag-spark-airflow-s3-ingestion.py                            1           0  0.39s           2026-03-27T18:17:54
/opt/airflow/dags/dag-dbt-transformation-pipeline.py                           1           0  0.38s           2026-03-27T18:17:54
/opt/airflow/dags/postgres-airflow-ingestion-dag.py                            1           0  0.31s           2026-03-27T18:17:56
/opt/airflow/dags/redshift-airflow-ingestion-dag.py                            1           0  0.28s           2026-03-27T18:17:56
/opt/airflow/dags/snowflake_pipeline_dag.py                                    1           0  0.28s           2026-03-27T18:17:56
================================================================================
[2026-03-27T18:18:52.144+0000] {manager.py:878} INFO - 
================================================================================
DAG File Processing Stats

File Path                                             PID    Runtime      # DAGs    # Errors  Last Runtime    Last Run
----------------------------------------------------  -----  ---------  --------  ----------  --------------  -------------------
/opt/airflow/dags/dag-spark-airflow-s3-ingestion.py                            1           0  0.39s           2026-03-27T18:18:25
/opt/airflow/dags/dag-dbt-transformation-pipeline.py                           1           0  0.36s           2026-03-27T18:18:25
/opt/airflow/dags/redshift-airflow-ingestion-dag.py                            1           0  0.36s           2026-03-27T18:18:26
/opt/airflow/dags/snowflake_pipeline_dag.py                                    1           0  0.34s           2026-03-27T18:18:26
/opt/airflow/dags/postgres-airflow-ingestion-dag.py                            1           0  0.33s           2026-03-27T18:18:26
================================================================================
[2026-03-27T18:19:22.863+0000] {manager.py:878} INFO - 
================================================================================
DAG File Processing Stats

File Path                                             PID    Runtime      # DAGs    # Errors  Last Runtime    Last Run
----------------------------------------------------  -----  ---------  --------  ----------  --------------  -------------------
/opt/airflow/dags/snowflake_pipeline_dag.py                                    1           0  0.42s           2026-03-27T18:18:57
/opt/airflow/dags/dag-spark-airflow-s3-ingestion.py                            1           0  0.37s           2026-03-27T18:18:56
/opt/airflow/dags/dag-dbt-transformation-pipeline.py                           1           0  0.34s           2026-03-27T18:18:56
/opt/airflow/dags/redshift-airflow-ingestion-dag.py                            1           0  0.33s           2026-03-27T18:18:57
/opt/airflow/dags/postgres-airflow-ingestion-dag.py                            1           0  0.27s           2026-03-27T18:18:57
================================================================================
[2026-03-27T18:19:48.549+0000] {manager.py:737} INFO - Searching for files in /opt/airflow/dags
[2026-03-27T18:19:48.857+0000] {manager.py:740} INFO - There are 5 files in /opt/airflow/dags
[2026-03-27T18:19:53.032+0000] {manager.py:878} INFO - 
================================================================================
DAG File Processing Stats

File Path                                             PID    Runtime      # DAGs    # Errors  Last Runtime    Last Run
----------------------------------------------------  -----  ---------  --------  ----------  --------------  -------------------
/opt/airflow/dags/redshift-airflow-ingestion-dag.py                            1           0  0.38s           2026-03-27T18:19:28
/opt/airflow/dags/snowflake_pipeline_dag.py                                    1           0  0.37s           2026-03-27T18:19:27
/opt/airflow/dags/postgres-airflow-ingestion-dag.py                            1           0  0.36s           2026-03-27T18:19:28
/opt/airflow/dags/dag-spark-airflow-s3-ingestion.py                            1           0  0.34s           2026-03-27T18:19:26
/opt/airflow/dags/dag-dbt-transformation-pipeline.py                           1           0  0.32s           2026-03-27T18:19:26
================================================================================
[2026-03-27T18:20:23.064+0000] {manager.py:878} INFO - 
================================================================================
DAG File Processing Stats

File Path                                             PID    Runtime      # DAGs    # Errors  Last Runtime    Last Run
----------------------------------------------------  -----  ---------  --------  ----------  --------------  -------------------
/opt/airflow/dags/snowflake_pipeline_dag.py                                    1           0  0.45s           2026-03-27T18:19:59
/opt/airflow/dags/redshift-airflow-ingestion-dag.py                            1           0  0.37s           2026-03-27T18:19:58
/opt/airflow/dags/postgres-airflow-ingestion-dag.py                            1           0  0.36s           2026-03-27T18:19:59
/opt/airflow/dags/dag-spark-airflow-s3-ingestion.py                            1           0  0.32s           2026-03-27T18:19:57
/opt/airflow/dags/dag-dbt-transformation-pipeline.py                           1           0  0.31s           2026-03-27T18:19:57
================================================================================
[2026-03-27T18:20:53.121+0000] {manager.py:878} INFO - 
================================================================================
DAG File Processing Stats

File Path                                             PID    Runtime      # DAGs    # Errors  Last Runtime    Last Run
----------------------------------------------------  -----  ---------  --------  ----------  --------------  -------------------
/opt/airflow/dags/dag-spark-airflow-s3-ingestion.py                            1           0  0.35s           2026-03-27T18:20:28
/opt/airflow/dags/dag-dbt-transformation-pipeline.py                           1           0  0.34s           2026-03-27T18:20:28
/opt/airflow/dags/redshift-airflow-ingestion-dag.py                            1           0  0.31s           2026-03-27T18:20:29
/opt/airflow/dags/snowflake_pipeline_dag.py                                    1           0  0.31s           2026-03-27T18:20:29
/opt/airflow/dags/postgres-airflow-ingestion-dag.py                            1           0  0.25s           2026-03-27T18:20:29
================================================================================
[2026-03-27T18:21:23.701+0000] {manager.py:878} INFO - 
================================================================================
DAG File Processing Stats

File Path                                             PID    Runtime      # DAGs    # Errors  Last Runtime    Last Run
----------------------------------------------------  -----  ---------  --------  ----------  --------------  -------------------
/opt/airflow/dags/redshift-airflow-ingestion-dag.py                            1           0  0.46s           2026-03-27T18:21:00
/opt/airflow/dags/snowflake_pipeline_dag.py                                    1           0  0.45s           2026-03-27T18:21:00
/opt/airflow/dags/dag-spark-airflow-s3-ingestion.py                            1           0  0.43s           2026-03-27T18:20:59
/opt/airflow/dags/dag-dbt-transformation-pipeline.py                           1           0  0.39s           2026-03-27T18:20:59
/opt/airflow/dags/postgres-airflow-ingestion-dag.py                            1           0  0.26s           2026-03-27T18:21:00
================================================================================
[2026-03-27T18:21:53.963+0000] {manager.py:878} INFO - 
================================================================================
DAG File Processing Stats

File Path                                             PID    Runtime      # DAGs    # Errors  Last Runtime    Last Run
----------------------------------------------------  -----  ---------  --------  ----------  --------------  -------------------
/opt/airflow/dags/redshift-airflow-ingestion-dag.py                            1           0  0.39s           2026-03-27T18:21:30
/opt/airflow/dags/dag-dbt-transformation-pipeline.py                           1           0  0.36s           2026-03-27T18:21:30
/opt/airflow/dags/postgres-airflow-ingestion-dag.py                            1           0  0.35s           2026-03-27T18:21:31
/opt/airflow/dags/dag-spark-airflow-s3-ingestion.py                            1           0  0.34s           2026-03-27T18:21:30
/opt/airflow/dags/snowflake_pipeline_dag.py                                    1           0  0.30s           2026-03-27T18:21:30
================================================================================
[2026-03-27T18:22:24.300+0000] {manager.py:878} INFO - 
================================================================================
DAG File Processing Stats

File Path                                             PID    Runtime      # DAGs    # Errors  Last Runtime    Last Run
----------------------------------------------------  -----  ---------  --------  ----------  --------------  -------------------
/opt/airflow/dags/redshift-airflow-ingestion-dag.py                            1           0  0.41s           2026-03-27T18:22:02
/opt/airflow/dags/dag-spark-airflow-s3-ingestion.py                            1           0  0.40s           2026-03-27T18:22:01
/opt/airflow/dags/snowflake_pipeline_dag.py                                    1           0  0.38s           2026-03-27T18:22:01
/opt/airflow/dags/postgres-airflow-ingestion-dag.py                            1           0  0.36s           2026-03-27T18:22:02
/opt/airflow/dags/dag-dbt-transformation-pipeline.py                           1           0  0.36s           2026-03-27T18:22:01
================================================================================
[2026-03-27T18:22:54.989+0000] {manager.py:878} INFO - 
================================================================================
DAG File Processing Stats

File Path                                             PID    Runtime      # DAGs    # Errors  Last Runtime    Last Run
----------------------------------------------------  -----  ---------  --------  ----------  --------------  -------------------
/opt/airflow/dags/dag-spark-airflow-s3-ingestion.py                            1           0  0.32s           2026-03-27T18:22:31
/opt/airflow/dags/snowflake_pipeline_dag.py                                    1           0  0.31s           2026-03-27T18:22:32
/opt/airflow/dags/dag-dbt-transformation-pipeline.py                           1           0  0.31s           2026-03-27T18:22:31
/opt/airflow/dags/redshift-airflow-ingestion-dag.py                            1           0  0.29s           2026-03-27T18:22:32
/opt/airflow/dags/postgres-airflow-ingestion-dag.py                            1           0  0.24s           2026-03-27T18:22:32
================================================================================
[2026-03-27T18:23:25.872+0000] {manager.py:878} INFO - 
================================================================================
DAG File Processing Stats

File Path                                             PID    Runtime      # DAGs    # Errors  Last Runtime    Last Run
----------------------------------------------------  -----  ---------  --------  ----------  --------------  -------------------
/opt/airflow/dags/redshift-airflow-ingestion-dag.py                            1           0  0.41s           2026-03-27T18:23:03
/opt/airflow/dags/postgres-airflow-ingestion-dag.py                            1           0  0.37s           2026-03-27T18:23:03
/opt/airflow/dags/snowflake_pipeline_dag.py                                    1           0  0.35s           2026-03-27T18:23:02
/opt/airflow/dags/dag-spark-airflow-s3-ingestion.py                            1           0  0.33s           2026-03-27T18:23:02
/opt/airflow/dags/dag-dbt-transformation-pipeline.py                           1           0  0.32s           2026-03-27T18:23:02
================================================================================
[2026-03-27T18:23:56.425+0000] {manager.py:878} INFO - 
================================================================================
DAG File Processing Stats

File Path                                             PID    Runtime      # DAGs    # Errors  Last Runtime    Last Run
----------------------------------------------------  -----  ---------  --------  ----------  --------------  -------------------
/opt/airflow/dags/dag-spark-airflow-s3-ingestion.py                            1           0  0.48s           2026-03-27T18:23:33
/opt/airflow/dags/dag-dbt-transformation-pipeline.py                           1           0  0.41s           2026-03-27T18:23:33
/opt/airflow/dags/redshift-airflow-ingestion-dag.py                            1           0  0.37s           2026-03-27T18:23:34
/opt/airflow/dags/snowflake_pipeline_dag.py                                    1           0  0.33s           2026-03-27T18:23:33
/opt/airflow/dags/postgres-airflow-ingestion-dag.py                            1           0  0.30s           2026-03-27T18:23:34
================================================================================
[2026-03-27T18:24:26.916+0000] {manager.py:878} INFO - 
================================================================================
DAG File Processing Stats

File Path                                             PID    Runtime      # DAGs    # Errors  Last Runtime    Last Run
----------------------------------------------------  -----  ---------  --------  ----------  --------------  -------------------
/opt/airflow/dags/snowflake_pipeline_dag.py                                    1           0  0.35s           2026-03-27T18:24:04
/opt/airflow/dags/redshift-airflow-ingestion-dag.py                            1           0  0.35s           2026-03-27T18:24:04
/opt/airflow/dags/dag-dbt-transformation-pipeline.py                           1           0  0.35s           2026-03-27T18:24:03
/opt/airflow/dags/dag-spark-airflow-s3-ingestion.py                            1           0  0.34s           2026-03-27T18:24:03
/opt/airflow/dags/postgres-airflow-ingestion-dag.py                            1           0  0.31s           2026-03-27T18:24:04
================================================================================
[2026-03-27T18:24:49.126+0000] {manager.py:737} INFO - Searching for files in /opt/airflow/dags
[2026-03-27T18:24:49.293+0000] {manager.py:740} INFO - There are 5 files in /opt/airflow/dags
[2026-03-27T18:24:57.501+0000] {manager.py:878} INFO - 
================================================================================
DAG File Processing Stats

File Path                                             PID    Runtime      # DAGs    # Errors  Last Runtime    Last Run
----------------------------------------------------  -----  ---------  --------  ----------  --------------  -------------------
/opt/airflow/dags/dag-dbt-transformation-pipeline.py                           1           0  0.33s           2026-03-27T18:24:34
/opt/airflow/dags/dag-spark-airflow-s3-ingestion.py                            1           0  0.32s           2026-03-27T18:24:34
/opt/airflow/dags/snowflake_pipeline_dag.py                                    1           0  0.32s           2026-03-27T18:24:34
/opt/airflow/dags/redshift-airflow-ingestion-dag.py                            1           0  0.31s           2026-03-27T18:24:35
/opt/airflow/dags/postgres-airflow-ingestion-dag.py                            1           0  0.27s           2026-03-27T18:24:35
================================================================================
[2026-03-27T18:25:28.129+0000] {manager.py:878} INFO - 
================================================================================
DAG File Processing Stats

File Path                                             PID    Runtime      # DAGs    # Errors  Last Runtime    Last Run
----------------------------------------------------  -----  ---------  --------  ----------  --------------  -------------------
/opt/airflow/dags/snowflake_pipeline_dag.py                                    1           0  0.36s           2026-03-27T18:25:05
/opt/airflow/dags/dag-dbt-transformation-pipeline.py                           1           0  0.32s           2026-03-27T18:25:05
/opt/airflow/dags/dag-spark-airflow-s3-ingestion.py                            1           0  0.31s           2026-03-27T18:25:05
/opt/airflow/dags/redshift-airflow-ingestion-dag.py                            1           0  0.29s           2026-03-27T18:25:05
/opt/airflow/dags/postgres-airflow-ingestion-dag.py                            1           0  0.25s           2026-03-27T18:25:05
================================================================================
[2026-03-27T18:25:58.947+0000] {manager.py:878} INFO - 
================================================================================
DAG File Processing Stats

File Path                                             PID    Runtime      # DAGs    # Errors  Last Runtime    Last Run
----------------------------------------------------  -----  ---------  --------  ----------  --------------  -------------------
/opt/airflow/dags/dag-spark-airflow-s3-ingestion.py                            1           0  0.37s           2026-03-27T18:25:35
/opt/airflow/dags/snowflake_pipeline_dag.py                                    1           0  0.34s           2026-03-27T18:25:36
/opt/airflow/dags/dag-dbt-transformation-pipeline.py                           1           0  0.34s           2026-03-27T18:25:35
/opt/airflow/dags/redshift-airflow-ingestion-dag.py                            1           0  0.29s           2026-03-27T18:25:36
/opt/airflow/dags/postgres-airflow-ingestion-dag.py                            1           0  0.25s           2026-03-27T18:25:36
================================================================================
[2026-03-27T18:26:29.696+0000] {manager.py:878} INFO - 
================================================================================
DAG File Processing Stats

File Path                                             PID    Runtime      # DAGs    # Errors  Last Runtime    Last Run
----------------------------------------------------  -----  ---------  --------  ----------  --------------  -------------------
/opt/airflow/dags/dag-spark-airflow-s3-ingestion.py                            1           0  0.33s           2026-03-27T18:26:06
/opt/airflow/dags/dag-dbt-transformation-pipeline.py                           1           0  0.33s           2026-03-27T18:26:06
/opt/airflow/dags/redshift-airflow-ingestion-dag.py                            1           0  0.30s           2026-03-27T18:26:07
/opt/airflow/dags/snowflake_pipeline_dag.py                                    1           0  0.30s           2026-03-27T18:26:06
/opt/airflow/dags/postgres-airflow-ingestion-dag.py                            1           0  0.26s           2026-03-27T18:26:07
================================================================================
[2026-03-27T18:27:00.631+0000] {manager.py:878} INFO - 
================================================================================
DAG File Processing Stats

File Path                                             PID    Runtime      # DAGs    # Errors  Last Runtime    Last Run
----------------------------------------------------  -----  ---------  --------  ----------  --------------  -------------------
/opt/airflow/dags/dag-spark-airflow-s3-ingestion.py                            1           0  0.34s           2026-03-27T18:26:37
/opt/airflow/dags/redshift-airflow-ingestion-dag.py                            1           0  0.33s           2026-03-27T18:26:37
/opt/airflow/dags/snowflake_pipeline_dag.py                                    1           0  0.31s           2026-03-27T18:26:37
/opt/airflow/dags/dag-dbt-transformation-pipeline.py                           1           0  0.29s           2026-03-27T18:26:37
/opt/airflow/dags/postgres-airflow-ingestion-dag.py                            1           0  0.28s           2026-03-27T18:26:37
================================================================================
[2026-03-27T18:27:31.264+0000] {manager.py:878} INFO - 
================================================================================
DAG File Processing Stats

File Path                                             PID    Runtime      # DAGs    # Errors  Last Runtime    Last Run
----------------------------------------------------  -----  ---------  --------  ----------  --------------  -------------------
/opt/airflow/dags/dag-spark-airflow-s3-ingestion.py                            1           0  0.41s           2026-03-27T18:27:08
/opt/airflow/dags/dag-dbt-transformation-pipeline.py                           1           0  0.40s           2026-03-27T18:27:08
/opt/airflow/dags/snowflake_pipeline_dag.py                                    1           0  0.31s           2026-03-27T18:27:08
/opt/airflow/dags/redshift-airflow-ingestion-dag.py                            1           0  0.28s           2026-03-27T18:27:08
/opt/airflow/dags/postgres-airflow-ingestion-dag.py                            1           0  0.24s           2026-03-27T18:27:08
================================================================================
[2026-03-27T18:28:01.636+0000] {manager.py:878} INFO - 
================================================================================
DAG File Processing Stats

File Path                                             PID    Runtime      # DAGs    # Errors  Last Runtime    Last Run
----------------------------------------------------  -----  ---------  --------  ----------  --------------  -------------------
/opt/airflow/dags/redshift-airflow-ingestion-dag.py                            1           0  0.43s           2026-03-27T18:27:39
/opt/airflow/dags/snowflake_pipeline_dag.py                                    1           0  0.36s           2026-03-27T18:27:39
/opt/airflow/dags/dag-spark-airflow-s3-ingestion.py                            1           0  0.36s           2026-03-27T18:27:38
/opt/airflow/dags/dag-dbt-transformation-pipeline.py                           1           0  0.36s           2026-03-27T18:27:38
/opt/airflow/dags/postgres-airflow-ingestion-dag.py                            1           0  0.26s           2026-03-27T18:27:39
================================================================================
[2026-03-27T18:28:32.429+0000] {manager.py:878} INFO - 
================================================================================
DAG File Processing Stats

File Path                                             PID    Runtime      # DAGs    # Errors  Last Runtime    Last Run
----------------------------------------------------  -----  ---------  --------  ----------  --------------  -------------------
/opt/airflow/dags/dag-spark-airflow-s3-ingestion.py                            1           0  0.34s           2026-03-27T18:28:09
/opt/airflow/dags/dag-dbt-transformation-pipeline.py                           1           0  0.34s           2026-03-27T18:28:09
/opt/airflow/dags/redshift-airflow-ingestion-dag.py                            1           0  0.30s           2026-03-27T18:28:10
/opt/airflow/dags/snowflake_pipeline_dag.py                                    1           0  0.27s           2026-03-27T18:28:09
/opt/airflow/dags/postgres-airflow-ingestion-dag.py                            1           0  0.24s           2026-03-27T18:28:09
================================================================================
[2026-03-27T18:29:02.849+0000] {manager.py:878} INFO - 
================================================================================
DAG File Processing Stats

File Path                                             PID    Runtime      # DAGs    # Errors  Last Runtime    Last Run
----------------------------------------------------  -----  ---------  --------  ----------  --------------  -------------------
/opt/airflow/dags/redshift-airflow-ingestion-dag.py                            1           0  0.30s           2026-03-27T18:28:40
/opt/airflow/dags/dag-spark-airflow-s3-ingestion.py                            1           0  0.28s           2026-03-27T18:28:39
/opt/airflow/dags/dag-dbt-transformation-pipeline.py                           1           0  0.28s           2026-03-27T18:28:39
/opt/airflow/dags/snowflake_pipeline_dag.py                                    1           0  0.26s           2026-03-27T18:28:40
/opt/airflow/dags/postgres-airflow-ingestion-dag.py                            1           0  0.25s           2026-03-27T18:28:40
================================================================================
[2026-03-27T18:29:33.478+0000] {manager.py:878} INFO - 
================================================================================
DAG File Processing Stats

File Path                                             PID    Runtime      # DAGs    # Errors  Last Runtime    Last Run
----------------------------------------------------  -----  ---------  --------  ----------  --------------  -------------------
/opt/airflow/dags/dag-spark-airflow-s3-ingestion.py                            1           0  0.40s           2026-03-27T18:29:10
/opt/airflow/dags/dag-dbt-transformation-pipeline.py                           1           0  0.37s           2026-03-27T18:29:10
/opt/airflow/dags/redshift-airflow-ingestion-dag.py                            1           0  0.30s           2026-03-27T18:29:11
/opt/airflow/dags/snowflake_pipeline_dag.py                                    1           0  0.28s           2026-03-27T18:29:10
/opt/airflow/dags/postgres-airflow-ingestion-dag.py                            1           0  0.25s           2026-03-27T18:29:11
================================================================================
[2026-03-27T18:29:49.509+0000] {manager.py:737} INFO - Searching for files in /opt/airflow/dags
[2026-03-27T18:29:49.740+0000] {manager.py:740} INFO - There are 5 files in /opt/airflow/dags
[2026-03-27T18:30:04.208+0000] {manager.py:878} INFO - 
================================================================================
DAG File Processing Stats

File Path                                             PID    Runtime      # DAGs    # Errors  Last Runtime    Last Run
----------------------------------------------------  -----  ---------  --------  ----------  --------------  -------------------
/opt/airflow/dags/dag-spark-airflow-s3-ingestion.py                            1           0  0.29s           2026-03-27T18:29:40
/opt/airflow/dags/dag-dbt-transformation-pipeline.py                           1           0  0.29s           2026-03-27T18:29:41
/opt/airflow/dags/redshift-airflow-ingestion-dag.py                            1           0  0.27s           2026-03-27T18:29:41
/opt/airflow/dags/snowflake_pipeline_dag.py                                    1           0  0.26s           2026-03-27T18:29:41
/opt/airflow/dags/postgres-airflow-ingestion-dag.py                            1           0  0.23s           2026-03-27T18:29:41
================================================================================
[2026-03-27T18:30:34.698+0000] {manager.py:878} INFO - 
================================================================================
DAG File Processing Stats

File Path                                             PID    Runtime      # DAGs    # Errors  Last Runtime    Last Run
----------------------------------------------------  -----  ---------  --------  ----------  --------------  -------------------
/opt/airflow/dags/dag-spark-airflow-s3-ingestion.py                            1           0  0.34s           2026-03-27T18:30:11
/opt/airflow/dags/redshift-airflow-ingestion-dag.py                            1           0  0.32s           2026-03-27T18:30:12
/opt/airflow/dags/snowflake_pipeline_dag.py                                    1           0  0.31s           2026-03-27T18:30:12
/opt/airflow/dags/dag-dbt-transformation-pipeline.py                           1           0  0.29s           2026-03-27T18:30:11
/opt/airflow/dags/postgres-airflow-ingestion-dag.py                            1           0  0.27s           2026-03-27T18:30:12
================================================================================
[2026-03-27T18:31:05.420+0000] {manager.py:878} INFO - 
================================================================================
DAG File Processing Stats

File Path                                             PID    Runtime      # DAGs    # Errors  Last Runtime    Last Run
----------------------------------------------------  -----  ---------  --------  ----------  --------------  -------------------
/opt/airflow/dags/dag-spark-airflow-s3-ingestion.py                            1           0  0.33s           2026-03-27T18:30:42
/opt/airflow/dags/dag-dbt-transformation-pipeline.py                           1           0  0.30s           2026-03-27T18:30:42
/opt/airflow/dags/redshift-airflow-ingestion-dag.py                            1           0  0.27s           2026-03-27T18:30:42
/opt/airflow/dags/snowflake_pipeline_dag.py                                    1           0  0.27s           2026-03-27T18:30:42
/opt/airflow/dags/postgres-airflow-ingestion-dag.py                            1           0  0.23s           2026-03-27T18:30:42
================================================================================
[2026-03-27T18:31:36.133+0000] {manager.py:878} INFO - 
================================================================================
DAG File Processing Stats

File Path                                             PID    Runtime      # DAGs    # Errors  Last Runtime    Last Run
----------------------------------------------------  -----  ---------  --------  ----------  --------------  -------------------
/opt/airflow/dags/redshift-airflow-ingestion-dag.py                            1           0  0.32s           2026-03-27T18:31:13
/opt/airflow/dags/snowflake_pipeline_dag.py                                    1           0  0.31s           2026-03-27T18:31:13
/opt/airflow/dags/postgres-airflow-ingestion-dag.py                            1           0  0.28s           2026-03-27T18:31:13
/opt/airflow/dags/dag-dbt-transformation-pipeline.py                           1           0  0.28s           2026-03-27T18:31:12
/opt/airflow/dags/dag-spark-airflow-s3-ingestion.py                            1           0  0.27s           2026-03-27T18:31:12
================================================================================
[2026-03-27T18:32:06.688+0000] {manager.py:878} INFO - 
================================================================================
DAG File Processing Stats

File Path                                             PID    Runtime      # DAGs    # Errors  Last Runtime    Last Run
----------------------------------------------------  -----  ---------  --------  ----------  --------------  -------------------
/opt/airflow/dags/dag-dbt-transformation-pipeline.py                           1           0  0.35s           2026-03-27T18:31:43
/opt/airflow/dags/dag-spark-airflow-s3-ingestion.py                            1           0  0.35s           2026-03-27T18:31:43
/opt/airflow/dags/snowflake_pipeline_dag.py                                    1           0  0.33s           2026-03-27T18:31:43
/opt/airflow/dags/redshift-airflow-ingestion-dag.py                            1           0  0.31s           2026-03-27T18:31:44
/opt/airflow/dags/postgres-airflow-ingestion-dag.py                            1           0  0.26s           2026-03-27T18:31:44
================================================================================
[2026-03-27T18:32:37.272+0000] {manager.py:878} INFO - 
================================================================================
DAG File Processing Stats

File Path                                             PID    Runtime      # DAGs    # Errors  Last Runtime    Last Run
----------------------------------------------------  -----  ---------  --------  ----------  --------------  -------------------
/opt/airflow/dags/dag-spark-airflow-s3-ingestion.py                            1           0  0.44s           2026-03-27T18:32:14
/opt/airflow/dags/snowflake_pipeline_dag.py                                    1           0  0.40s           2026-03-27T18:32:14
/opt/airflow/dags/redshift-airflow-ingestion-dag.py                            1           0  0.36s           2026-03-27T18:32:15
/opt/airflow/dags/dag-dbt-transformation-pipeline.py                           1           0  0.35s           2026-03-27T18:32:14
/opt/airflow/dags/postgres-airflow-ingestion-dag.py                            1           0  0.31s           2026-03-27T18:32:15
================================================================================
[2026-03-27T18:33:07.467+0000] {manager.py:878} INFO - 
================================================================================
DAG File Processing Stats

File Path                                             PID    Runtime      # DAGs    # Errors  Last Runtime    Last Run
----------------------------------------------------  -----  ---------  --------  ----------  --------------  -------------------
/opt/airflow/dags/snowflake_pipeline_dag.py                                    1           0  0.36s           2026-03-27T18:32:46
/opt/airflow/dags/dag-spark-airflow-s3-ingestion.py                            1           0  0.31s           2026-03-27T18:32:44
/opt/airflow/dags/redshift-airflow-ingestion-dag.py                            1           0  0.30s           2026-03-27T18:32:46
/opt/airflow/dags/dag-dbt-transformation-pipeline.py                           1           0  0.30s           2026-03-27T18:32:44
/opt/airflow/dags/postgres-airflow-ingestion-dag.py                            1           0  0.25s           2026-03-27T18:32:46
================================================================================
[2026-03-27T18:33:37.507+0000] {manager.py:878} INFO - 
================================================================================
DAG File Processing Stats

File Path                                             PID    Runtime      # DAGs    # Errors  Last Runtime    Last Run
----------------------------------------------------  -----  ---------  --------  ----------  --------------  -------------------
/opt/airflow/dags/postgres-airflow-ingestion-dag.py                            1           0  0.40s           2026-03-27T18:33:17
/opt/airflow/dags/snowflake_pipeline_dag.py                                    1           0  0.37s           2026-03-27T18:33:16
/opt/airflow/dags/dag-spark-airflow-s3-ingestion.py                            1           0  0.36s           2026-03-27T18:33:15
/opt/airflow/dags/redshift-airflow-ingestion-dag.py                            1           0  0.35s           2026-03-27T18:33:16
/opt/airflow/dags/dag-dbt-transformation-pipeline.py                           1           0  0.33s           2026-03-27T18:33:15
================================================================================
[2026-03-27T18:34:07.646+0000] {manager.py:878} INFO - 
================================================================================
DAG File Processing Stats

File Path                                             PID    Runtime      # DAGs    # Errors  Last Runtime    Last Run
----------------------------------------------------  -----  ---------  --------  ----------  --------------  -------------------
/opt/airflow/dags/postgres-airflow-ingestion-dag.py                            1           0  0.59s           2026-03-27T18:33:48
/opt/airflow/dags/dag-spark-airflow-s3-ingestion.py                            1           0  0.57s           2026-03-27T18:33:45
/opt/airflow/dags/dag-dbt-transformation-pipeline.py                           1           0  0.49s           2026-03-27T18:33:45
/opt/airflow/dags/snowflake_pipeline_dag.py                                    1           0  0.29s           2026-03-27T18:33:47
/opt/airflow/dags/redshift-airflow-ingestion-dag.py                            1           0  0.27s           2026-03-27T18:33:47
================================================================================
[2026-03-27T18:34:37.832+0000] {manager.py:878} INFO - 
================================================================================
DAG File Processing Stats

File Path                                             PID    Runtime      # DAGs    # Errors  Last Runtime    Last Run
----------------------------------------------------  -----  ---------  --------  ----------  --------------  -------------------
/opt/airflow/dags/postgres-airflow-ingestion-dag.py                            1           0  0.51s           2026-03-27T18:34:19
/opt/airflow/dags/dag-spark-airflow-s3-ingestion.py                            1           0  0.46s           2026-03-27T18:34:16
/opt/airflow/dags/dag-dbt-transformation-pipeline.py                           1           0  0.42s           2026-03-27T18:34:16
/opt/airflow/dags/snowflake_pipeline_dag.py                                    1           0  0.35s           2026-03-27T18:34:18
/opt/airflow/dags/redshift-airflow-ingestion-dag.py                            1           0  0.31s           2026-03-27T18:34:18
================================================================================
[2026-03-27T18:34:49.667+0000] {manager.py:737} INFO - Searching for files in /opt/airflow/dags
[2026-03-27T18:34:49.891+0000] {manager.py:740} INFO - There are 5 files in /opt/airflow/dags
[2026-03-27T18:35:08.496+0000] {manager.py:878} INFO - 
================================================================================
DAG File Processing Stats

File Path                                             PID    Runtime      # DAGs    # Errors  Last Runtime    Last Run
----------------------------------------------------  -----  ---------  --------  ----------  --------------  -------------------
/opt/airflow/dags/snowflake_pipeline_dag.py                                    1           0  0.44s           2026-03-27T18:34:48
/opt/airflow/dags/redshift-airflow-ingestion-dag.py                            1           0  0.41s           2026-03-27T18:34:49
/opt/airflow/dags/dag-spark-airflow-s3-ingestion.py                            1           0  0.31s           2026-03-27T18:34:47
/opt/airflow/dags/dag-dbt-transformation-pipeline.py                           1           0  0.28s           2026-03-27T18:34:47
/opt/airflow/dags/postgres-airflow-ingestion-dag.py                            1           0  0.27s           2026-03-27T18:34:50
================================================================================
[2026-03-27T18:35:38.895+0000] {manager.py:878} INFO - 
================================================================================
DAG File Processing Stats

File Path                                             PID    Runtime      # DAGs    # Errors  Last Runtime    Last Run
----------------------------------------------------  -----  ---------  --------  ----------  --------------  -------------------
/opt/airflow/dags/snowflake_pipeline_dag.py                                    1           0  0.32s           2026-03-27T18:35:19
/opt/airflow/dags/dag-spark-airflow-s3-ingestion.py                            1           0  0.32s           2026-03-27T18:35:18
/opt/airflow/dags/dag-dbt-transformation-pipeline.py                           1           0  0.30s           2026-03-27T18:35:18
/opt/airflow/dags/postgres-airflow-ingestion-dag.py                            1           0  0.28s           2026-03-27T18:35:20
/opt/airflow/dags/redshift-airflow-ingestion-dag.py                            1           0  0.28s           2026-03-27T18:35:19
================================================================================
[2026-03-27T18:36:09.472+0000] {manager.py:878} INFO - 
================================================================================
DAG File Processing Stats

File Path                                             PID    Runtime      # DAGs    # Errors  Last Runtime    Last Run
----------------------------------------------------  -----  ---------  --------  ----------  --------------  -------------------
/opt/airflow/dags/dag-spark-airflow-s3-ingestion.py                            1           0  0.44s           2026-03-27T18:35:48
/opt/airflow/dags/dag-dbt-transformation-pipeline.py                           1           0  0.40s           2026-03-27T18:35:48
/opt/airflow/dags/snowflake_pipeline_dag.py                                    1           0  0.30s           2026-03-27T18:35:49
/opt/airflow/dags/postgres-airflow-ingestion-dag.py                            1           0  0.28s           2026-03-27T18:35:51
/opt/airflow/dags/redshift-airflow-ingestion-dag.py                            1           0  0.28s           2026-03-27T18:35:49
================================================================================
[2026-03-27T18:36:39.796+0000] {manager.py:878} INFO - 
================================================================================
DAG File Processing Stats

File Path                                             PID    Runtime      # DAGs    # Errors  Last Runtime    Last Run
----------------------------------------------------  -----  ---------  --------  ----------  --------------  -------------------
/opt/airflow/dags/snowflake_pipeline_dag.py                                    1           0  0.45s           2026-03-27T18:36:20
/opt/airflow/dags/redshift-airflow-ingestion-dag.py                            1           0  0.40s           2026-03-27T18:36:20
/opt/airflow/dags/dag-spark-airflow-s3-ingestion.py                            1           0  0.35s           2026-03-27T18:36:19
/opt/airflow/dags/dag-dbt-transformation-pipeline.py                           1           0  0.34s           2026-03-27T18:36:19
/opt/airflow/dags/postgres-airflow-ingestion-dag.py                            1           0  0.27s           2026-03-27T18:36:21
================================================================================
[2026-03-27T18:37:10.377+0000] {manager.py:878} INFO - 
================================================================================
DAG File Processing Stats

File Path                                             PID    Runtime      # DAGs    # Errors  Last Runtime    Last Run
----------------------------------------------------  -----  ---------  --------  ----------  --------------  -------------------
/opt/airflow/dags/snowflake_pipeline_dag.py                                    1           0  0.45s           2026-03-27T18:36:51
/opt/airflow/dags/redshift-airflow-ingestion-dag.py                            1           0  0.41s           2026-03-27T18:36:51
/opt/airflow/dags/dag-spark-airflow-s3-ingestion.py                            1           0  0.32s           2026-03-27T18:36:49
/opt/airflow/dags/postgres-airflow-ingestion-dag.py                            1           0  0.31s           2026-03-27T18:36:52
/opt/airflow/dags/dag-dbt-transformation-pipeline.py                           1           0  0.30s           2026-03-27T18:36:49
================================================================================
[2026-03-27T18:37:41.210+0000] {manager.py:878} INFO - 
================================================================================
DAG File Processing Stats

File Path                                             PID    Runtime      # DAGs    # Errors  Last Runtime    Last Run
----------------------------------------------------  -----  ---------  --------  ----------  --------------  -------------------
/opt/airflow/dags/dag-spark-airflow-s3-ingestion.py                            1           0  0.39s           2026-03-27T18:37:20
/opt/airflow/dags/dag-dbt-transformation-pipeline.py                           1           0  0.35s           2026-03-27T18:37:20
/opt/airflow/dags/snowflake_pipeline_dag.py                                    1           0  0.28s           2026-03-27T18:37:21
/opt/airflow/dags/redshift-airflow-ingestion-dag.py                            1           0  0.26s           2026-03-27T18:37:21
/opt/airflow/dags/postgres-airflow-ingestion-dag.py                            1           0  0.23s           2026-03-27T18:37:22
================================================================================
[2026-03-27T18:38:11.366+0000] {manager.py:878} INFO - 
================================================================================
DAG File Processing Stats

File Path                                             PID    Runtime      # DAGs    # Errors  Last Runtime    Last Run
----------------------------------------------------  -----  ---------  --------  ----------  --------------  -------------------
/opt/airflow/dags/snowflake_pipeline_dag.py                                    1           0  0.37s           2026-03-27T18:37:52
/opt/airflow/dags/redshift-airflow-ingestion-dag.py                            1           0  0.34s           2026-03-27T18:37:52
/opt/airflow/dags/dag-spark-airflow-s3-ingestion.py                            1           0  0.32s           2026-03-27T18:37:50
/opt/airflow/dags/postgres-airflow-ingestion-dag.py                            1           0  0.29s           2026-03-27T18:37:53
/opt/airflow/dags/dag-dbt-transformation-pipeline.py                           1           0  0.27s           2026-03-27T18:37:50
================================================================================
[2026-03-27T18:38:41.410+0000] {manager.py:878} INFO - 
================================================================================
DAG File Processing Stats

File Path                                             PID    Runtime      # DAGs    # Errors  Last Runtime    Last Run
----------------------------------------------------  -----  ---------  --------  ----------  --------------  -------------------
/opt/airflow/dags/dag-spark-airflow-s3-ingestion.py                            1           0  0.44s           2026-03-27T18:38:21
/opt/airflow/dags/dag-dbt-transformation-pipeline.py                           1           0  0.40s           2026-03-27T18:38:21
/opt/airflow/dags/postgres-airflow-ingestion-dag.py                            1           0  0.37s           2026-03-27T18:38:23
/opt/airflow/dags/snowflake_pipeline_dag.py                                    1           0  0.31s           2026-03-27T18:38:22
/opt/airflow/dags/redshift-airflow-ingestion-dag.py                            1           0  0.26s           2026-03-27T18:38:22
================================================================================
[2026-03-27T18:39:11.465+0000] {manager.py:878} INFO - 
================================================================================
DAG File Processing Stats

File Path                                             PID    Runtime      # DAGs    # Errors  Last Runtime    Last Run
----------------------------------------------------  -----  ---------  --------  ----------  --------------  -------------------
/opt/airflow/dags/snowflake_pipeline_dag.py                                    1           0  0.41s           2026-03-27T18:38:53
/opt/airflow/dags/redshift-airflow-ingestion-dag.py                            1           0  0.36s           2026-03-27T18:38:53
/opt/airflow/dags/dag-spark-airflow-s3-ingestion.py                            1           0  0.28s           2026-03-27T18:38:51
/opt/airflow/dags/dag-dbt-transformation-pipeline.py                           1           0  0.28s           2026-03-27T18:38:51
/opt/airflow/dags/postgres-airflow-ingestion-dag.py                            1           0  0.26s           2026-03-27T18:38:54
================================================================================
[2026-03-27T18:39:42.205+0000] {manager.py:878} INFO - 
================================================================================
DAG File Processing Stats

File Path                                             PID    Runtime      # DAGs    # Errors  Last Runtime    Last Run
----------------------------------------------------  -----  ---------  --------  ----------  --------------  -------------------
/opt/airflow/dags/snowflake_pipeline_dag.py                                    1           0  0.34s           2026-03-27T18:39:23
/opt/airflow/dags/postgres-airflow-ingestion-dag.py                            1           0  0.32s           2026-03-27T18:39:24
/opt/airflow/dags/dag-spark-airflow-s3-ingestion.py                            1           0  0.30s           2026-03-27T18:39:22
/opt/airflow/dags/redshift-airflow-ingestion-dag.py                            1           0  0.29s           2026-03-27T18:39:23
/opt/airflow/dags/dag-dbt-transformation-pipeline.py                           1           0  0.29s           2026-03-27T18:39:22
================================================================================
[2026-03-27T18:39:50.363+0000] {manager.py:737} INFO - Searching for files in /opt/airflow/dags
[2026-03-27T18:39:50.547+0000] {manager.py:740} INFO - There are 5 files in /opt/airflow/dags
[2026-03-27T18:40:12.859+0000] {manager.py:878} INFO - 
================================================================================
DAG File Processing Stats

File Path                                             PID    Runtime      # DAGs    # Errors  Last Runtime    Last Run
----------------------------------------------------  -----  ---------  --------  ----------  --------------  -------------------
/opt/airflow/dags/postgres-airflow-ingestion-dag.py                            1           0  0.40s           2026-03-27T18:39:55
/opt/airflow/dags/dag-spark-airflow-s3-ingestion.py                            1           0  0.33s           2026-03-27T18:39:52
/opt/airflow/dags/dag-dbt-transformation-pipeline.py                           1           0  0.32s           2026-03-27T18:39:53
/opt/airflow/dags/snowflake_pipeline_dag.py                                    1           0  0.29s           2026-03-27T18:39:54
/opt/airflow/dags/redshift-airflow-ingestion-dag.py                            1           0  0.28s           2026-03-27T18:39:54
================================================================================
[2026-03-27T18:40:43.111+0000] {manager.py:878} INFO - 
================================================================================
DAG File Processing Stats

File Path                                             PID    Runtime      # DAGs    # Errors  Last Runtime    Last Run
----------------------------------------------------  -----  ---------  --------  ----------  --------------  -------------------
/opt/airflow/dags/snowflake_pipeline_dag.py                                    1           0  0.39s           2026-03-27T18:40:24
/opt/airflow/dags/redshift-airflow-ingestion-dag.py                            1           0  0.35s           2026-03-27T18:40:24
/opt/airflow/dags/dag-spark-airflow-s3-ingestion.py                            1           0  0.29s           2026-03-27T18:40:23
/opt/airflow/dags/postgres-airflow-ingestion-dag.py                            1           0  0.28s           2026-03-27T18:40:25
/opt/airflow/dags/dag-dbt-transformation-pipeline.py                           1           0  0.28s           2026-03-27T18:40:23
================================================================================
[2026-03-27T18:41:13.776+0000] {manager.py:878} INFO - 
================================================================================
DAG File Processing Stats

File Path                                             PID    Runtime      # DAGs    # Errors  Last Runtime    Last Run
----------------------------------------------------  -----  ---------  --------  ----------  --------------  -------------------
/opt/airflow/dags/dag-dbt-transformation-pipeline.py                           1           0  0.34s           2026-03-27T18:40:53
/opt/airflow/dags/dag-spark-airflow-s3-ingestion.py                            1           0  0.33s           2026-03-27T18:40:53
/opt/airflow/dags/snowflake_pipeline_dag.py                                    1           0  0.28s           2026-03-27T18:40:55
/opt/airflow/dags/postgres-airflow-ingestion-dag.py                            1           0  0.27s           2026-03-27T18:40:56
/opt/airflow/dags/redshift-airflow-ingestion-dag.py                            1           0  0.26s           2026-03-27T18:40:55
================================================================================
[2026-03-27T18:41:44.136+0000] {manager.py:878} INFO - 
================================================================================
DAG File Processing Stats

File Path                                             PID    Runtime      # DAGs    # Errors  Last Runtime    Last Run
----------------------------------------------------  -----  ---------  --------  ----------  --------------  -------------------
/opt/airflow/dags/snowflake_pipeline_dag.py                                    1           0  0.27s           2026-03-27T18:41:25
/opt/airflow/dags/dag-spark-airflow-s3-ingestion.py                            1           0  0.27s           2026-03-27T18:41:24
/opt/airflow/dags/dag-dbt-transformation-pipeline.py                           1           0  0.26s           2026-03-27T18:41:24
/opt/airflow/dags/redshift-airflow-ingestion-dag.py                            1           0  0.25s           2026-03-27T18:41:25
/opt/airflow/dags/postgres-airflow-ingestion-dag.py                            1           0  0.24s           2026-03-27T18:41:26
================================================================================
[2026-03-27T18:42:14.671+0000] {manager.py:878} INFO - 
================================================================================
DAG File Processing Stats

File Path                                             PID    Runtime      # DAGs    # Errors  Last Runtime    Last Run
----------------------------------------------------  -----  ---------  --------  ----------  --------------  -------------------
/opt/airflow/dags/postgres-airflow-ingestion-dag.py                            1           0  0.50s           2026-03-27T18:41:57
/opt/airflow/dags/dag-spark-airflow-s3-ingestion.py                            1           0  0.34s           2026-03-27T18:41:54
/opt/airflow/dags/dag-dbt-transformation-pipeline.py                           1           0  0.30s           2026-03-27T18:41:54
/opt/airflow/dags/snowflake_pipeline_dag.py                                    1           0  0.27s           2026-03-27T18:41:56
/opt/airflow/dags/redshift-airflow-ingestion-dag.py                            1           0  0.25s           2026-03-27T18:41:56
================================================================================
[2026-03-27T18:42:45.177+0000] {manager.py:878} INFO - 
================================================================================
DAG File Processing Stats

File Path                                             PID    Runtime      # DAGs    # Errors  Last Runtime    Last Run
----------------------------------------------------  -----  ---------  --------  ----------  --------------  -------------------
/opt/airflow/dags/postgres-airflow-ingestion-dag.py                            1           0  0.43s           2026-03-27T18:42:28
/opt/airflow/dags/dag-spark-airflow-s3-ingestion.py                            1           0  0.37s           2026-03-27T18:42:25
/opt/airflow/dags/snowflake_pipeline_dag.py                                    1           0  0.34s           2026-03-27T18:42:26
/opt/airflow/dags/dag-dbt-transformation-pipeline.py                           1           0  0.33s           2026-03-27T18:42:25
/opt/airflow/dags/redshift-airflow-ingestion-dag.py                            1           0  0.31s           2026-03-27T18:42:26
================================================================================
[2026-03-27T18:43:15.744+0000] {manager.py:878} INFO - 
================================================================================
DAG File Processing Stats

File Path                                             PID    Runtime      # DAGs    # Errors  Last Runtime    Last Run
----------------------------------------------------  -----  ---------  --------  ----------  --------------  -------------------
/opt/airflow/dags/dag-spark-airflow-s3-ingestion.py                            1           0  0.45s           2026-03-27T18:42:55
/opt/airflow/dags/dag-dbt-transformation-pipeline.py                           1           0  0.29s           2026-03-27T18:42:56
/opt/airflow/dags/snowflake_pipeline_dag.py                                    1           0  0.28s           2026-03-27T18:42:57
/opt/airflow/dags/redshift-airflow-ingestion-dag.py                            1           0  0.28s           2026-03-27T18:42:57
/opt/airflow/dags/postgres-airflow-ingestion-dag.py                            1           0  0.26s           2026-03-27T18:42:58
================================================================================
[2026-03-27T18:43:46.174+0000] {manager.py:878} INFO - 
================================================================================
DAG File Processing Stats

File Path                                             PID    Runtime      # DAGs    # Errors  Last Runtime    Last Run
----------------------------------------------------  -----  ---------  --------  ----------  --------------  -------------------
/opt/airflow/dags/dag-spark-airflow-s3-ingestion.py                            1           0  0.35s           2026-03-27T18:43:26
/opt/airflow/dags/dag-dbt-transformation-pipeline.py                           1           0  0.33s           2026-03-27T18:43:26
/opt/airflow/dags/snowflake_pipeline_dag.py                                    1           0  0.29s           2026-03-27T18:43:27
/opt/airflow/dags/redshift-airflow-ingestion-dag.py                            1           0  0.28s           2026-03-27T18:43:27
/opt/airflow/dags/postgres-airflow-ingestion-dag.py                            1           0  0.27s           2026-03-27T18:43:28
================================================================================
[2026-03-27T18:44:16.193+0000] {manager.py:878} INFO - 
================================================================================
DAG File Processing Stats

File Path                                             PID    Runtime      # DAGs    # Errors  Last Runtime    Last Run
----------------------------------------------------  -----  ---------  --------  ----------  --------------  -------------------
/opt/airflow/dags/dag-dbt-transformation-pipeline.py                           1           0  0.54s           2026-03-27T18:43:57
/opt/airflow/dags/postgres-airflow-ingestion-dag.py                            1           0  0.49s           2026-03-27T18:43:59
/opt/airflow/dags/snowflake_pipeline_dag.py                                    1           0  0.47s           2026-03-27T18:43:58
/opt/airflow/dags/redshift-airflow-ingestion-dag.py                            1           0  0.46s           2026-03-27T18:43:58
/opt/airflow/dags/dag-spark-airflow-s3-ingestion.py                            1           0  0.33s           2026-03-27T18:43:56
================================================================================
[2026-03-27T18:44:46.876+0000] {manager.py:878} INFO - 
================================================================================
DAG File Processing Stats

File Path                                             PID    Runtime      # DAGs    # Errors  Last Runtime    Last Run
----------------------------------------------------  -----  ---------  --------  ----------  --------------  -------------------
/opt/airflow/dags/redshift-airflow-ingestion-dag.py                            1           0  0.63s           2026-03-27T18:44:29
/opt/airflow/dags/snowflake_pipeline_dag.py                                    1           0  0.61s           2026-03-27T18:44:29
/opt/airflow/dags/dag-spark-airflow-s3-ingestion.py                            1           0  0.54s           2026-03-27T18:44:28
/opt/airflow/dags/postgres-airflow-ingestion-dag.py                            1           0  0.52s           2026-03-27T18:44:30
/opt/airflow/dags/dag-dbt-transformation-pipeline.py                           1           0  0.47s           2026-03-27T18:44:28
================================================================================
[2026-03-27T18:44:51.045+0000] {manager.py:737} INFO - Searching for files in /opt/airflow/dags
[2026-03-27T18:44:51.388+0000] {manager.py:740} INFO - There are 5 files in /opt/airflow/dags
[2026-03-27T18:45:16.884+0000] {manager.py:878} INFO - 
================================================================================
DAG File Processing Stats

File Path                                             PID    Runtime      # DAGs    # Errors  Last Runtime    Last Run
----------------------------------------------------  -----  ---------  --------  ----------  --------------  -------------------
/opt/airflow/dags/redshift-airflow-ingestion-dag.py                            1           0  0.62s           2026-03-27T18:45:01
/opt/airflow/dags/dag-spark-airflow-s3-ingestion.py                            1           0  0.57s           2026-03-27T18:44:59
/opt/airflow/dags/dag-dbt-transformation-pipeline.py                           1           0  0.54s           2026-03-27T18:44:59
/opt/airflow/dags/snowflake_pipeline_dag.py                                    1           0  0.48s           2026-03-27T18:45:00
/opt/airflow/dags/postgres-airflow-ingestion-dag.py                            1           0  0.44s           2026-03-27T18:45:01
================================================================================
[2026-03-27T18:45:47.189+0000] {manager.py:878} INFO - 
================================================================================
DAG File Processing Stats

File Path                                             PID    Runtime      # DAGs    # Errors  Last Runtime    Last Run
----------------------------------------------------  -----  ---------  --------  ----------  --------------  -------------------
/opt/airflow/dags/snowflake_pipeline_dag.py                                    1           0  0.57s           2026-03-27T18:45:31
/opt/airflow/dags/dag-dbt-transformation-pipeline.py                           1           0  0.57s           2026-03-27T18:45:30
/opt/airflow/dags/dag-spark-airflow-s3-ingestion.py                            1           0  0.56s           2026-03-27T18:45:30
/opt/airflow/dags/redshift-airflow-ingestion-dag.py                            1           0  0.55s           2026-03-27T18:45:31
/opt/airflow/dags/postgres-airflow-ingestion-dag.py                            1           0  0.45s           2026-03-27T18:45:32
================================================================================
[2026-03-27T18:46:17.546+0000] {manager.py:878} INFO - 
================================================================================
DAG File Processing Stats

File Path                                             PID    Runtime      # DAGs    # Errors  Last Runtime    Last Run
----------------------------------------------------  -----  ---------  --------  ----------  --------------  -------------------
/opt/airflow/dags/snowflake_pipeline_dag.py                                    1           0  0.59s           2026-03-27T18:46:02
/opt/airflow/dags/redshift-airflow-ingestion-dag.py                            1           0  0.54s           2026-03-27T18:46:02
/opt/airflow/dags/dag-spark-airflow-s3-ingestion.py                            1           0  0.39s           2026-03-27T18:46:01
/opt/airflow/dags/dag-dbt-transformation-pipeline.py                           1           0  0.35s           2026-03-27T18:46:01
/opt/airflow/dags/postgres-airflow-ingestion-dag.py                            1           0  0.33s           2026-03-27T18:46:03
================================================================================
[2026-03-27T18:46:47.598+0000] {manager.py:878} INFO - 
================================================================================
DAG File Processing Stats

File Path                                             PID    Runtime      # DAGs    # Errors  Last Runtime    Last Run
----------------------------------------------------  -----  ---------  --------  ----------  --------------  -------------------
/opt/airflow/dags/dag-spark-airflow-s3-ingestion.py                            1           0  0.54s           2026-03-27T18:46:32
/opt/airflow/dags/dag-dbt-transformation-pipeline.py                           1           0  0.51s           2026-03-27T18:46:32
/opt/airflow/dags/postgres-airflow-ingestion-dag.py                            1           0  0.45s           2026-03-27T18:46:34
/opt/airflow/dags/snowflake_pipeline_dag.py                                    1           0  0.43s           2026-03-27T18:46:33
/opt/airflow/dags/redshift-airflow-ingestion-dag.py                            1           0  0.41s           2026-03-27T18:46:33
================================================================================
[2026-03-27T18:47:17.649+0000] {manager.py:878} INFO - 
================================================================================
DAG File Processing Stats

File Path                                             PID    Runtime      # DAGs    # Errors  Last Runtime    Last Run
----------------------------------------------------  -----  ---------  --------  ----------  --------------  -------------------
/opt/airflow/dags/postgres-airflow-ingestion-dag.py                            1           0  0.51s           2026-03-27T18:47:05
/opt/airflow/dags/dag-spark-airflow-s3-ingestion.py                            1           0  0.49s           2026-03-27T18:47:03
/opt/airflow/dags/dag-dbt-transformation-pipeline.py                           1           0  0.48s           2026-03-27T18:47:03
/opt/airflow/dags/snowflake_pipeline_dag.py                                    1           0  0.41s           2026-03-27T18:47:04
/opt/airflow/dags/redshift-airflow-ingestion-dag.py                            1           0  0.35s           2026-03-27T18:47:04
================================================================================
[2026-03-27T18:47:48.056+0000] {manager.py:878} INFO - 
================================================================================
DAG File Processing Stats

File Path                                             PID    Runtime      # DAGs    # Errors  Last Runtime    Last Run
----------------------------------------------------  -----  ---------  --------  ----------  --------------  -------------------
/opt/airflow/dags/dag-spark-airflow-s3-ingestion.py                            1           0  0.62s           2026-03-27T18:47:34
/opt/airflow/dags/dag-dbt-transformation-pipeline.py                           1           0  0.59s           2026-03-27T18:47:34
/opt/airflow/dags/snowflake_pipeline_dag.py                                    1           0  0.48s           2026-03-27T18:47:35
/opt/airflow/dags/redshift-airflow-ingestion-dag.py                            1           0  0.47s           2026-03-27T18:47:35
/opt/airflow/dags/postgres-airflow-ingestion-dag.py                            1           0  0.37s           2026-03-27T18:47:36
================================================================================
[2026-03-27T18:48:18.214+0000] {manager.py:878} INFO - 
================================================================================
DAG File Processing Stats

File Path                                             PID    Runtime      # DAGs    # Errors  Last Runtime    Last Run
----------------------------------------------------  -----  ---------  --------  ----------  --------------  -------------------
/opt/airflow/dags/dag-spark-airflow-s3-ingestion.py                            1           0  0.57s           2026-03-27T18:48:05
/opt/airflow/dags/dag-dbt-transformation-pipeline.py                           1           0  0.56s           2026-03-27T18:48:05
/opt/airflow/dags/redshift-airflow-ingestion-dag.py                            1           0  0.54s           2026-03-27T18:48:06
/opt/airflow/dags/snowflake_pipeline_dag.py                                    1           0  0.54s           2026-03-27T18:48:06
/opt/airflow/dags/postgres-airflow-ingestion-dag.py                            1           0  0.49s           2026-03-27T18:48:07
================================================================================
[2026-03-27T18:48:48.730+0000] {manager.py:878} INFO - 
================================================================================
DAG File Processing Stats

File Path                                             PID    Runtime      # DAGs    # Errors  Last Runtime    Last Run
----------------------------------------------------  -----  ---------  --------  ----------  --------------  -------------------
/opt/airflow/dags/dag-spark-airflow-s3-ingestion.py                            1           0  0.56s           2026-03-27T18:48:35
/opt/airflow/dags/dag-dbt-transformation-pipeline.py                           1           0  0.55s           2026-03-27T18:48:36
/opt/airflow/dags/postgres-airflow-ingestion-dag.py                            1           0  0.50s           2026-03-27T18:48:38
/opt/airflow/dags/snowflake_pipeline_dag.py                                    1           0  0.50s           2026-03-27T18:48:37
/opt/airflow/dags/redshift-airflow-ingestion-dag.py                            1           0  0.45s           2026-03-27T18:48:37
================================================================================
[2026-03-27T18:49:19.115+0000] {manager.py:878} INFO - 
================================================================================
DAG File Processing Stats

File Path                                             PID    Runtime      # DAGs    # Errors  Last Runtime    Last Run
----------------------------------------------------  -----  ---------  --------  ----------  --------------  -------------------
/opt/airflow/dags/dag-spark-airflow-s3-ingestion.py                            1           0  0.71s           2026-03-27T18:49:07
/opt/airflow/dags/snowflake_pipeline_dag.py                                    1           0  0.63s           2026-03-27T18:49:08
/opt/airflow/dags/redshift-airflow-ingestion-dag.py                            1           0  0.62s           2026-03-27T18:49:08
/opt/airflow/dags/dag-dbt-transformation-pipeline.py                           1           0  0.55s           2026-03-27T18:49:07
/opt/airflow/dags/postgres-airflow-ingestion-dag.py                            1           0  0.52s           2026-03-27T18:49:09
================================================================================
[2026-03-27T18:49:49.316+0000] {manager.py:878} INFO - 
================================================================================
DAG File Processing Stats

File Path                                             PID    Runtime      # DAGs    # Errors  Last Runtime    Last Run
----------------------------------------------------  -----  ---------  --------  ----------  --------------  -------------------
/opt/airflow/dags/redshift-airflow-ingestion-dag.py                            1           0  0.59s           2026-03-27T18:49:39
/opt/airflow/dags/snowflake_pipeline_dag.py                                    1           0  0.55s           2026-03-27T18:49:39
/opt/airflow/dags/postgres-airflow-ingestion-dag.py                            1           0  0.51s           2026-03-27T18:49:40
/opt/airflow/dags/dag-spark-airflow-s3-ingestion.py                            1           0  0.50s           2026-03-27T18:49:37
/opt/airflow/dags/dag-dbt-transformation-pipeline.py                           1           0  0.41s           2026-03-27T18:49:38
================================================================================
[2026-03-27T18:49:51.356+0000] {manager.py:737} INFO - Searching for files in /opt/airflow/dags
[2026-03-27T18:49:51.676+0000] {manager.py:740} INFO - There are 5 files in /opt/airflow/dags
[2026-03-27T18:50:19.803+0000] {manager.py:878} INFO - 
================================================================================
DAG File Processing Stats

File Path                                             PID    Runtime      # DAGs    # Errors  Last Runtime    Last Run
----------------------------------------------------  -----  ---------  --------  ----------  --------------  -------------------
/opt/airflow/dags/dag-spark-airflow-s3-ingestion.py                            1           0  0.60s           2026-03-27T18:50:08
/opt/airflow/dags/dag-dbt-transformation-pipeline.py                           1           0  0.57s           2026-03-27T18:50:08
/opt/airflow/dags/snowflake_pipeline_dag.py                                    1           0  0.52s           2026-03-27T18:50:10
/opt/airflow/dags/redshift-airflow-ingestion-dag.py                            1           0  0.43s           2026-03-27T18:50:10
/opt/airflow/dags/postgres-airflow-ingestion-dag.py                            1           0  0.40s           2026-03-27T18:50:10
================================================================================
[2026-03-27T18:50:50.372+0000] {manager.py:878} INFO - 
================================================================================
DAG File Processing Stats

File Path                                             PID    Runtime      # DAGs    # Errors  Last Runtime    Last Run
----------------------------------------------------  -----  ---------  --------  ----------  --------------  -------------------
/opt/airflow/dags/redshift-airflow-ingestion-dag.py                            1           0  0.64s           2026-03-27T18:50:41
/opt/airflow/dags/snowflake_pipeline_dag.py                                    1           0  0.64s           2026-03-27T18:50:41
/opt/airflow/dags/dag-spark-airflow-s3-ingestion.py                            1           0  0.50s           2026-03-27T18:50:39
/opt/airflow/dags/postgres-airflow-ingestion-dag.py                            1           0  0.46s           2026-03-27T18:50:42
/opt/airflow/dags/dag-dbt-transformation-pipeline.py                           1           0  0.46s           2026-03-27T18:50:39
================================================================================
[2026-03-27T18:51:20.410+0000] {manager.py:878} INFO - 
================================================================================
DAG File Processing Stats

File Path                                             PID    Runtime      # DAGs    # Errors  Last Runtime    Last Run
----------------------------------------------------  -----  ---------  --------  ----------  --------------  -------------------
/opt/airflow/dags/dag-spark-airflow-s3-ingestion.py                            1           0  0.70s           2026-03-27T18:51:10
/opt/airflow/dags/dag-dbt-transformation-pipeline.py                           1           0  0.65s           2026-03-27T18:51:10
/opt/airflow/dags/postgres-airflow-ingestion-dag.py                            1           0  0.41s           2026-03-27T18:51:12
/opt/airflow/dags/snowflake_pipeline_dag.py                                    1           0  0.35s           2026-03-27T18:51:12
/opt/airflow/dags/redshift-airflow-ingestion-dag.py                            1           0  0.34s           2026-03-27T18:51:12
================================================================================
[2026-03-27T18:51:50.632+0000] {manager.py:878} INFO - 
================================================================================
DAG File Processing Stats

File Path                                             PID    Runtime      # DAGs    # Errors  Last Runtime    Last Run
----------------------------------------------------  -----  ---------  --------  ----------  --------------  -------------------
/opt/airflow/dags/dag-spark-airflow-s3-ingestion.py                            1           0  0.59s           2026-03-27T18:51:41
/opt/airflow/dags/dag-dbt-transformation-pipeline.py                           1           0  0.57s           2026-03-27T18:51:41
/opt/airflow/dags/snowflake_pipeline_dag.py                                    1           0  0.45s           2026-03-27T18:51:43
/opt/airflow/dags/redshift-airflow-ingestion-dag.py                            1           0  0.42s           2026-03-27T18:51:43
/opt/airflow/dags/postgres-airflow-ingestion-dag.py                            1           0  0.27s           2026-03-27T18:51:43
================================================================================
[2026-03-27T18:52:20.784+0000] {manager.py:878} INFO - 
================================================================================
DAG File Processing Stats

File Path                                             PID    Runtime      # DAGs    # Errors  Last Runtime    Last Run
----------------------------------------------------  -----  ---------  --------  ----------  --------------  -------------------
/opt/airflow/dags/redshift-airflow-ingestion-dag.py                            1           0  0.71s           2026-03-27T18:52:14
/opt/airflow/dags/snowflake_pipeline_dag.py                                    1           0  0.71s           2026-03-27T18:52:14
/opt/airflow/dags/dag-spark-airflow-s3-ingestion.py                            1           0  0.55s           2026-03-27T18:52:12
/opt/airflow/dags/dag-dbt-transformation-pipeline.py                           1           0  0.51s           2026-03-27T18:52:12
/opt/airflow/dags/postgres-airflow-ingestion-dag.py                            1           0  0.48s           2026-03-27T18:52:14
================================================================================
[2026-03-27T18:52:51.365+0000] {manager.py:878} INFO - 
================================================================================
DAG File Processing Stats

File Path                                             PID    Runtime      # DAGs    # Errors  Last Runtime    Last Run
----------------------------------------------------  -----  ---------  --------  ----------  --------------  -------------------
/opt/airflow/dags/dag-dbt-transformation-pipeline.py                           1           0  0.67s           2026-03-27T18:52:43
/opt/airflow/dags/dag-spark-airflow-s3-ingestion.py                            1           0  0.64s           2026-03-27T18:52:43
/opt/airflow/dags/redshift-airflow-ingestion-dag.py                            1           0  0.45s           2026-03-27T18:52:45
/opt/airflow/dags/postgres-airflow-ingestion-dag.py                            1           0  0.42s           2026-03-27T18:52:45
/opt/airflow/dags/snowflake_pipeline_dag.py                                    1           0  0.42s           2026-03-27T18:52:45
================================================================================
[2026-03-27T18:53:22.032+0000] {manager.py:878} INFO - 
================================================================================
DAG File Processing Stats

File Path                                             PID    Runtime      # DAGs    # Errors  Last Runtime    Last Run
----------------------------------------------------  -----  ---------  --------  ----------  --------------  -------------------
/opt/airflow/dags/redshift-airflow-ingestion-dag.py                            1           0  0.72s           2026-03-27T18:53:16
/opt/airflow/dags/snowflake_pipeline_dag.py                                    1           0  0.71s           2026-03-27T18:53:16
/opt/airflow/dags/dag-spark-airflow-s3-ingestion.py                            1           0  0.64s           2026-03-27T18:53:14
/opt/airflow/dags/dag-dbt-transformation-pipeline.py                           1           0  0.61s           2026-03-27T18:53:14
/opt/airflow/dags/postgres-airflow-ingestion-dag.py                            1           0  0.45s           2026-03-27T18:53:16
================================================================================
[2026-03-27T18:53:52.171+0000] {manager.py:878} INFO - 
================================================================================
DAG File Processing Stats

File Path                                             PID    Runtime      # DAGs    # Errors  Last Runtime    Last Run
----------------------------------------------------  -----  ---------  --------  ----------  --------------  -------------------
/opt/airflow/dags/snowflake_pipeline_dag.py                                    1           0  0.42s           2026-03-27T18:53:47
/opt/airflow/dags/postgres-airflow-ingestion-dag.py                            1           0  0.41s           2026-03-27T18:53:48
/opt/airflow/dags/redshift-airflow-ingestion-dag.py                            1           0  0.38s           2026-03-27T18:53:47
/opt/airflow/dags/dag-spark-airflow-s3-ingestion.py                            1           0  0.33s           2026-03-27T18:53:45
/opt/airflow/dags/dag-dbt-transformation-pipeline.py                           1           0  0.31s           2026-03-27T18:53:45
================================================================================
[2026-03-27T18:54:22.712+0000] {manager.py:878} INFO - 
================================================================================
DAG File Processing Stats

File Path                                             PID    Runtime      # DAGs    # Errors  Last Runtime    Last Run
----------------------------------------------------  -----  ---------  --------  ----------  --------------  -------------------
/opt/airflow/dags/dag-spark-airflow-s3-ingestion.py                            1           0  0.51s           2026-03-27T18:54:16
/opt/airflow/dags/dag-dbt-transformation-pipeline.py                           1           0  0.49s           2026-03-27T18:54:16
/opt/airflow/dags/postgres-airflow-ingestion-dag.py                            1           0  0.44s           2026-03-27T18:54:19
/opt/airflow/dags/snowflake_pipeline_dag.py                                    1           0  0.39s           2026-03-27T18:54:18
/opt/airflow/dags/redshift-airflow-ingestion-dag.py                            1           0  0.30s           2026-03-27T18:54:18
================================================================================
[2026-03-27T18:54:51.743+0000] {manager.py:737} INFO - Searching for files in /opt/airflow/dags
[2026-03-27T18:54:52.018+0000] {manager.py:740} INFO - There are 5 files in /opt/airflow/dags
[2026-03-27T18:54:53.095+0000] {manager.py:878} INFO - 
================================================================================
DAG File Processing Stats

File Path                                             PID    Runtime      # DAGs    # Errors  Last Runtime    Last Run
----------------------------------------------------  -----  ---------  --------  ----------  --------------  -------------------
/opt/airflow/dags/snowflake_pipeline_dag.py                                    1           0  0.51s           2026-03-27T18:54:49
/opt/airflow/dags/redshift-airflow-ingestion-dag.py                            1           0  0.49s           2026-03-27T18:54:49
/opt/airflow/dags/postgres-airflow-ingestion-dag.py                            1           0  0.49s           2026-03-27T18:54:49
/opt/airflow/dags/dag-spark-airflow-s3-ingestion.py                            1           0  0.35s           2026-03-27T18:54:46
/opt/airflow/dags/dag-dbt-transformation-pipeline.py                           1           0  0.31s           2026-03-27T18:54:46
================================================================================
[2026-03-27T18:55:23.603+0000] {manager.py:878} INFO - 
================================================================================
DAG File Processing Stats

File Path                                             PID    Runtime      # DAGs    # Errors  Last Runtime    Last Run
----------------------------------------------------  -----  ---------  --------  ----------  --------------  -------------------
/opt/airflow/dags/postgres-airflow-ingestion-dag.py                            1           0  0.48s           2026-03-27T18:55:20
/opt/airflow/dags/snowflake_pipeline_dag.py                                    1           0  0.46s           2026-03-27T18:55:19
/opt/airflow/dags/redshift-airflow-ingestion-dag.py                            1           0  0.44s           2026-03-27T18:55:20
/opt/airflow/dags/dag-spark-airflow-s3-ingestion.py                            1           0  0.36s           2026-03-27T18:55:17
/opt/airflow/dags/dag-dbt-transformation-pipeline.py                           1           0  0.31s           2026-03-27T18:55:17
================================================================================
[2026-03-27T18:55:53.914+0000] {manager.py:878} INFO - 
================================================================================
DAG File Processing Stats

File Path                                             PID    Runtime      # DAGs    # Errors  Last Runtime    Last Run
----------------------------------------------------  -----  ---------  --------  ----------  --------------  -------------------
/opt/airflow/dags/snowflake_pipeline_dag.py                                    1           0  0.48s           2026-03-27T18:55:50
/opt/airflow/dags/redshift-airflow-ingestion-dag.py                            1           0  0.46s           2026-03-27T18:55:50
/opt/airflow/dags/postgres-airflow-ingestion-dag.py                            1           0  0.45s           2026-03-27T18:55:51
/opt/airflow/dags/dag-spark-airflow-s3-ingestion.py                            1           0  0.45s           2026-03-27T18:55:48
/opt/airflow/dags/dag-dbt-transformation-pipeline.py                           1           0  0.42s           2026-03-27T18:55:48
================================================================================
[2026-03-27T18:56:24.097+0000] {manager.py:878} INFO - 
================================================================================
DAG File Processing Stats

File Path                                             PID    Runtime      # DAGs    # Errors  Last Runtime    Last Run
----------------------------------------------------  -----  ---------  --------  ----------  --------------  -------------------
/opt/airflow/dags/dag-spark-airflow-s3-ingestion.py                            1           0  0.62s           2026-03-27T18:56:19
/opt/airflow/dags/dag-dbt-transformation-pipeline.py                           1           0  0.60s           2026-03-27T18:56:19
/opt/airflow/dags/snowflake_pipeline_dag.py                                    1           0  0.54s           2026-03-27T18:56:21
/opt/airflow/dags/redshift-airflow-ingestion-dag.py                            1           0  0.51s           2026-03-27T18:56:22
/opt/airflow/dags/postgres-airflow-ingestion-dag.py                            1           0  0.43s           2026-03-27T18:56:22
================================================================================
[2026-03-27T18:56:54.106+0000] {manager.py:878} INFO - 
================================================================================
DAG File Processing Stats

File Path                                             PID    Runtime      # DAGs    # Errors  Last Runtime    Last Run
----------------------------------------------------  -----  ---------  --------  ----------  --------------  -------------------
/opt/airflow/dags/dag-dbt-transformation-pipeline.py                           1           0  0.61s           2026-03-27T18:56:50
/opt/airflow/dags/dag-spark-airflow-s3-ingestion.py                            1           0  0.61s           2026-03-27T18:56:50
/opt/airflow/dags/postgres-airflow-ingestion-dag.py                            1           0  0.40s           2026-03-27T18:56:53
/opt/airflow/dags/snowflake_pipeline_dag.py                                    1           0  0.34s           2026-03-27T18:56:53
/opt/airflow/dags/redshift-airflow-ingestion-dag.py                            1           0  0.29s           2026-03-27T18:56:53
================================================================================
[2026-03-27T18:57:24.199+0000] {manager.py:878} INFO - 
================================================================================
DAG File Processing Stats

File Path                                               PID  Runtime      # DAGs    # Errors  Last Runtime    Last Run
----------------------------------------------------  -----  ---------  --------  ----------  --------------  -------------------
/opt/airflow/dags/snowflake_pipeline_dag.py                                    1           0  0.59s           2026-03-27T18:57:24
/opt/airflow/dags/redshift-airflow-ingestion-dag.py                            1           0  0.58s           2026-03-27T18:57:24
/opt/airflow/dags/dag-dbt-transformation-pipeline.py                           1           0  0.47s           2026-03-27T18:57:21
/opt/airflow/dags/dag-spark-airflow-s3-ingestion.py                            1           0  0.44s           2026-03-27T18:57:21
/opt/airflow/dags/postgres-airflow-ingestion-dag.py   19819  0.01s             1           0  0.40s           2026-03-27T18:56:53
================================================================================
[2026-03-27T18:57:54.356+0000] {manager.py:878} INFO - 
================================================================================
DAG File Processing Stats

File Path                                               PID  Runtime      # DAGs    # Errors  Last Runtime    Last Run
----------------------------------------------------  -----  ---------  --------  ----------  --------------  -------------------
/opt/airflow/dags/dag-spark-airflow-s3-ingestion.py                            1           0  0.63s           2026-03-27T18:57:52
/opt/airflow/dags/snowflake_pipeline_dag.py           19834  0.07s             1           0  0.59s           2026-03-27T18:57:24
/opt/airflow/dags/redshift-airflow-ingestion-dag.py   19837  0.02s             1           0  0.58s           2026-03-27T18:57:24
/opt/airflow/dags/dag-dbt-transformation-pipeline.py                           1           0  0.54s           2026-03-27T18:57:52
/opt/airflow/dags/postgres-airflow-ingestion-dag.py                            1           0  0.51s           2026-03-27T18:57:24
================================================================================
[2026-03-27T18:58:24.561+0000] {manager.py:878} INFO - 
================================================================================
DAG File Processing Stats

File Path                                             PID    Runtime      # DAGs    # Errors  Last Runtime    Last Run
----------------------------------------------------  -----  ---------  --------  ----------  --------------  -------------------
/opt/airflow/dags/dag-spark-airflow-s3-ingestion.py                            1           0  0.64s           2026-03-27T18:58:23
/opt/airflow/dags/dag-dbt-transformation-pipeline.py                           1           0  0.59s           2026-03-27T18:58:23
/opt/airflow/dags/snowflake_pipeline_dag.py                                    1           0  0.58s           2026-03-27T18:57:54
/opt/airflow/dags/redshift-airflow-ingestion-dag.py                            1           0  0.57s           2026-03-27T18:57:54
/opt/airflow/dags/postgres-airflow-ingestion-dag.py                            1           0  0.37s           2026-03-27T18:57:55
================================================================================
[2026-03-27T18:58:55.281+0000] {manager.py:878} INFO - 
================================================================================
DAG File Processing Stats

File Path                                             PID    Runtime      # DAGs    # Errors  Last Runtime    Last Run
----------------------------------------------------  -----  ---------  --------  ----------  --------------  -------------------
/opt/airflow/dags/dag-spark-airflow-s3-ingestion.py                            1           0  0.66s           2026-03-27T18:58:54
/opt/airflow/dags/dag-dbt-transformation-pipeline.py                           1           0  0.62s           2026-03-27T18:58:54
/opt/airflow/dags/snowflake_pipeline_dag.py                                    1           0  0.61s           2026-03-27T18:58:25
/opt/airflow/dags/redshift-airflow-ingestion-dag.py                            1           0  0.58s           2026-03-27T18:58:25
/opt/airflow/dags/postgres-airflow-ingestion-dag.py                            1           0  0.47s           2026-03-27T18:58:26
================================================================================
[2026-03-27T18:59:26.097+0000] {manager.py:878} INFO - 
================================================================================
DAG File Processing Stats

File Path                                             PID    Runtime      # DAGs    # Errors  Last Runtime    Last Run
----------------------------------------------------  -----  ---------  --------  ----------  --------------  -------------------
/opt/airflow/dags/snowflake_pipeline_dag.py                                    1           0  0.58s           2026-03-27T18:58:56
/opt/airflow/dags/redshift-airflow-ingestion-dag.py                            1           0  0.58s           2026-03-27T18:58:56
/opt/airflow/dags/postgres-airflow-ingestion-dag.py                            1           0  0.35s           2026-03-27T18:58:57
/opt/airflow/dags/dag-spark-airflow-s3-ingestion.py                            1           0  0.32s           2026-03-27T18:59:25
/opt/airflow/dags/dag-dbt-transformation-pipeline.py                           1           0  0.30s           2026-03-27T18:59:25
================================================================================
[2026-03-27T18:59:51.886+0000] {manager.py:737} INFO - Searching for files in /opt/airflow/dags
[2026-03-27T18:59:52.253+0000] {manager.py:740} INFO - There are 5 files in /opt/airflow/dags
[2026-03-27T18:59:56.998+0000] {manager.py:878} INFO - 
================================================================================
DAG File Processing Stats

File Path                                             PID    Runtime      # DAGs    # Errors  Last Runtime    Last Run
----------------------------------------------------  -----  ---------  --------  ----------  --------------  -------------------
/opt/airflow/dags/postgres-airflow-ingestion-dag.py                            1           0  0.54s           2026-03-27T18:59:28
/opt/airflow/dags/dag-spark-airflow-s3-ingestion.py                            1           0  0.49s           2026-03-27T18:59:55
/opt/airflow/dags/dag-dbt-transformation-pipeline.py                           1           0  0.46s           2026-03-27T18:59:55
/opt/airflow/dags/snowflake_pipeline_dag.py                                    1           0  0.42s           2026-03-27T18:59:27
/opt/airflow/dags/redshift-airflow-ingestion-dag.py                            1           0  0.36s           2026-03-27T18:59:27
================================================================================
[2026-03-27T19:00:27.202+0000] {manager.py:878} INFO - 
================================================================================
DAG File Processing Stats

File Path                                             PID    Runtime      # DAGs    # Errors  Last Runtime    Last Run
----------------------------------------------------  -----  ---------  --------  ----------  --------------  -------------------
/opt/airflow/dags/dag-spark-airflow-s3-ingestion.py                            1           0  0.65s           2026-03-27T19:00:26
/opt/airflow/dags/redshift-airflow-ingestion-dag.py                            1           0  0.62s           2026-03-27T18:59:58
/opt/airflow/dags/snowflake_pipeline_dag.py                                    1           0  0.62s           2026-03-27T18:59:58
/opt/airflow/dags/dag-dbt-transformation-pipeline.py                           1           0  0.57s           2026-03-27T19:00:27
/opt/airflow/dags/postgres-airflow-ingestion-dag.py                            1           0  0.49s           2026-03-27T18:59:59
================================================================================
[2026-03-27T19:00:57.681+0000] {manager.py:878} INFO - 
================================================================================
DAG File Processing Stats

File Path                                               PID  Runtime      # DAGs    # Errors  Last Runtime    Last Run
----------------------------------------------------  -----  ---------  --------  ----------  --------------  -------------------
/opt/airflow/dags/dag-spark-airflow-s3-ingestion.py                            1           0  0.64s           2026-03-27T19:00:57
/opt/airflow/dags/dag-dbt-transformation-pipeline.py  21520  0.01s             1           0  0.57s           2026-03-27T19:00:27
/opt/airflow/dags/snowflake_pipeline_dag.py                                    1           0  0.52s           2026-03-27T19:00:29
/opt/airflow/dags/redshift-airflow-ingestion-dag.py                            1           0  0.45s           2026-03-27T19:00:29
/opt/airflow/dags/postgres-airflow-ingestion-dag.py                            1           0  0.36s           2026-03-27T19:00:30
================================================================================
[2026-03-27T19:01:27.886+0000] {manager.py:878} INFO - 
================================================================================
DAG File Processing Stats

File Path                                               PID  Runtime      # DAGs    # Errors  Last Runtime    Last Run
----------------------------------------------------  -----  ---------  --------  ----------  --------------  -------------------
/opt/airflow/dags/dag-spark-airflow-s3-ingestion.py   21540  0.01s             1           0  0.64s           2026-03-27T19:00:57
/opt/airflow/dags/snowflake_pipeline_dag.py                                    1           0  0.48s           2026-03-27T19:01:00
/opt/airflow/dags/postgres-airflow-ingestion-dag.py                            1           0  0.44s           2026-03-27T19:01:00
/opt/airflow/dags/dag-dbt-transformation-pipeline.py                           1           0  0.38s           2026-03-27T19:00:58
/opt/airflow/dags/redshift-airflow-ingestion-dag.py                            1           0  0.37s           2026-03-27T19:01:00
================================================================================
[2026-03-27T19:01:58.177+0000] {manager.py:878} INFO - 
================================================================================
DAG File Processing Stats

File Path                                             PID    Runtime      # DAGs    # Errors  Last Runtime    Last Run
----------------------------------------------------  -----  ---------  --------  ----------  --------------  -------------------
/opt/airflow/dags/dag-spark-airflow-s3-ingestion.py                            1           0  0.64s           2026-03-27T19:01:28
/opt/airflow/dags/redshift-airflow-ingestion-dag.py                            1           0  0.60s           2026-03-27T19:01:31
/opt/airflow/dags/snowflake_pipeline_dag.py                                    1           0  0.42s           2026-03-27T19:01:31
/opt/airflow/dags/dag-dbt-transformation-pipeline.py                           1           0  0.39s           2026-03-27T19:01:28
/opt/airflow/dags/postgres-airflow-ingestion-dag.py                            1           0  0.36s           2026-03-27T19:01:31
================================================================================
[2026-03-27T19:02:28.458+0000] {manager.py:878} INFO - 
================================================================================
DAG File Processing Stats

File Path                                             PID    Runtime      # DAGs    # Errors  Last Runtime    Last Run
----------------------------------------------------  -----  ---------  --------  ----------  --------------  -------------------
/opt/airflow/dags/dag-spark-airflow-s3-ingestion.py                            1           0  0.62s           2026-03-27T19:01:59
/opt/airflow/dags/dag-dbt-transformation-pipeline.py                           1           0  0.61s           2026-03-27T19:01:59
/opt/airflow/dags/postgres-airflow-ingestion-dag.py                            1           0  0.41s           2026-03-27T19:02:02
/opt/airflow/dags/redshift-airflow-ingestion-dag.py                            1           0  0.27s           2026-03-27T19:02:02
/opt/airflow/dags/snowflake_pipeline_dag.py                                    1           0  0.27s           2026-03-27T19:02:02
================================================================================
[2026-03-27T19:02:58.619+0000] {manager.py:878} INFO - 
================================================================================
DAG File Processing Stats

File Path                                             PID    Runtime      # DAGs    # Errors  Last Runtime    Last Run
----------------------------------------------------  -----  ---------  --------  ----------  --------------  -------------------
/opt/airflow/dags/dag-spark-airflow-s3-ingestion.py                            1           0  0.63s           2026-03-27T19:02:30
/opt/airflow/dags/dag-dbt-transformation-pipeline.py                           1           0  0.62s           2026-03-27T19:02:30
/opt/airflow/dags/snowflake_pipeline_dag.py                                    1           0  0.55s           2026-03-27T19:02:33
/opt/airflow/dags/redshift-airflow-ingestion-dag.py                            1           0  0.54s           2026-03-27T19:02:33
/opt/airflow/dags/postgres-airflow-ingestion-dag.py                            1           0  0.43s           2026-03-27T19:02:33
================================================================================
[2026-03-27T19:03:29.109+0000] {manager.py:878} INFO - 
================================================================================
DAG File Processing Stats

File Path                                             PID    Runtime      # DAGs    # Errors  Last Runtime    Last Run
----------------------------------------------------  -----  ---------  --------  ----------  --------------  -------------------
/opt/airflow/dags/dag-spark-airflow-s3-ingestion.py                            1           0  0.48s           2026-03-27T19:03:01
/opt/airflow/dags/postgres-airflow-ingestion-dag.py                            1           0  0.47s           2026-03-27T19:03:04
/opt/airflow/dags/dag-dbt-transformation-pipeline.py                           1           0  0.43s           2026-03-27T19:03:01
/opt/airflow/dags/snowflake_pipeline_dag.py                                    1           0  0.39s           2026-03-27T19:03:04
/opt/airflow/dags/redshift-airflow-ingestion-dag.py                            1           0  0.38s           2026-03-27T19:03:04
================================================================================
[2026-03-27T19:03:59.331+0000] {manager.py:878} INFO - 
================================================================================
DAG File Processing Stats

File Path                                             PID    Runtime      # DAGs    # Errors  Last Runtime    Last Run
----------------------------------------------------  -----  ---------  --------  ----------  --------------  -------------------
/opt/airflow/dags/snowflake_pipeline_dag.py                                    1           0  0.48s           2026-03-27T19:03:35
/opt/airflow/dags/postgres-airflow-ingestion-dag.py                            1           0  0.41s           2026-03-27T19:03:35
/opt/airflow/dags/redshift-airflow-ingestion-dag.py                            1           0  0.40s           2026-03-27T19:03:35
/opt/airflow/dags/dag-spark-airflow-s3-ingestion.py                            1           0  0.38s           2026-03-27T19:03:32
/opt/airflow/dags/dag-dbt-transformation-pipeline.py                           1           0  0.32s           2026-03-27T19:03:32
================================================================================
[2026-03-27T19:04:29.682+0000] {manager.py:878} INFO - 
================================================================================
DAG File Processing Stats

File Path                                             PID    Runtime      # DAGs    # Errors  Last Runtime    Last Run
----------------------------------------------------  -----  ---------  --------  ----------  --------------  -------------------
/opt/airflow/dags/dag-spark-airflow-s3-ingestion.py                            1           0  0.52s           2026-03-27T19:04:03
/opt/airflow/dags/postgres-airflow-ingestion-dag.py                            1           0  0.49s           2026-03-27T19:04:06
/opt/airflow/dags/dag-dbt-transformation-pipeline.py                           1           0  0.49s           2026-03-27T19:04:03
/opt/airflow/dags/snowflake_pipeline_dag.py                                    1           0  0.37s           2026-03-27T19:04:05
/opt/airflow/dags/redshift-airflow-ingestion-dag.py                            1           0  0.34s           2026-03-27T19:04:05
================================================================================
[2026-03-27T19:04:51.986+0000] {manager.py:737} INFO - Searching for files in /opt/airflow/dags
[2026-03-27T19:04:52.368+0000] {manager.py:740} INFO - There are 5 files in /opt/airflow/dags
[2026-03-27T19:04:59.882+0000] {manager.py:878} INFO - 
================================================================================
DAG File Processing Stats

File Path                                             PID    Runtime      # DAGs    # Errors  Last Runtime    Last Run
----------------------------------------------------  -----  ---------  --------  ----------  --------------  -------------------
/opt/airflow/dags/dag-spark-airflow-s3-ingestion.py                            1           0  0.63s           2026-03-27T19:04:34
/opt/airflow/dags/dag-dbt-transformation-pipeline.py                           1           0  0.60s           2026-03-27T19:04:34
/opt/airflow/dags/redshift-airflow-ingestion-dag.py                            1           0  0.56s           2026-03-27T19:04:37
/opt/airflow/dags/snowflake_pipeline_dag.py                                    1           0  0.56s           2026-03-27T19:04:37
/opt/airflow/dags/postgres-airflow-ingestion-dag.py                            1           0  0.36s           2026-03-27T19:04:37
================================================================================
[2026-03-27T19:05:30.394+0000] {manager.py:878} INFO - 
================================================================================
DAG File Processing Stats

File Path                                             PID    Runtime      # DAGs    # Errors  Last Runtime    Last Run
----------------------------------------------------  -----  ---------  --------  ----------  --------------  -------------------
/opt/airflow/dags/dag-spark-airflow-s3-ingestion.py                            1           0  0.45s           2026-03-27T19:05:05
/opt/airflow/dags/dag-dbt-transformation-pipeline.py                           1           0  0.41s           2026-03-27T19:05:05
/opt/airflow/dags/postgres-airflow-ingestion-dag.py                            1           0  0.30s           2026-03-27T19:05:07
/opt/airflow/dags/snowflake_pipeline_dag.py                                    1           0  0.30s           2026-03-27T19:05:07
/opt/airflow/dags/redshift-airflow-ingestion-dag.py                            1           0  0.27s           2026-03-27T19:05:07
================================================================================
[2026-03-27T19:06:00.453+0000] {manager.py:878} INFO - 
================================================================================
DAG File Processing Stats

File Path                                             PID    Runtime      # DAGs    # Errors  Last Runtime    Last Run
----------------------------------------------------  -----  ---------  --------  ----------  --------------  -------------------
/opt/airflow/dags/redshift-airflow-ingestion-dag.py                            1           0  0.67s           2026-03-27T19:05:38
/opt/airflow/dags/snowflake_pipeline_dag.py                                    1           0  0.66s           2026-03-27T19:05:38
/opt/airflow/dags/postgres-airflow-ingestion-dag.py                            1           0  0.54s           2026-03-27T19:05:39
/opt/airflow/dags/dag-spark-airflow-s3-ingestion.py                            1           0  0.38s           2026-03-27T19:05:35
/opt/airflow/dags/dag-dbt-transformation-pipeline.py                           1           0  0.33s           2026-03-27T19:05:36
================================================================================
[2026-03-27T19:06:30.857+0000] {manager.py:878} INFO - 
================================================================================
DAG File Processing Stats

File Path                                             PID    Runtime      # DAGs    # Errors  Last Runtime    Last Run
----------------------------------------------------  -----  ---------  --------  ----------  --------------  -------------------
/opt/airflow/dags/dag-spark-airflow-s3-ingestion.py                            1           0  0.14s           2026-03-27T19:06:06
/opt/airflow/dags/dag-dbt-transformation-pipeline.py                           1           0  0.14s           2026-03-27T19:06:06
/opt/airflow/dags/redshift-airflow-ingestion-dag.py                            1           0  0.14s           2026-03-27T19:06:09
/opt/airflow/dags/snowflake_pipeline_dag.py                                    1           0  0.13s           2026-03-27T19:06:09
/opt/airflow/dags/postgres-airflow-ingestion-dag.py                            1           0  0.12s           2026-03-27T19:06:09
================================================================================
[2026-03-27T19:07:01.727+0000] {manager.py:878} INFO - 
================================================================================
DAG File Processing Stats

File Path                                             PID    Runtime      # DAGs    # Errors  Last Runtime    Last Run
----------------------------------------------------  -----  ---------  --------  ----------  --------------  -------------------
/opt/airflow/dags/snowflake_pipeline_dag.py                                    1           0  0.16s           2026-03-27T19:06:40
/opt/airflow/dags/dag-dbt-transformation-pipeline.py                           1           0  0.15s           2026-03-27T19:06:37
/opt/airflow/dags/dag-spark-airflow-s3-ingestion.py                            1           0  0.15s           2026-03-27T19:06:37
/opt/airflow/dags/redshift-airflow-ingestion-dag.py                            1           0  0.13s           2026-03-27T19:06:40
/opt/airflow/dags/postgres-airflow-ingestion-dag.py                            1           0  0.12s           2026-03-27T19:06:40
================================================================================
[2026-03-27T19:07:32.391+0000] {manager.py:878} INFO - 
================================================================================
DAG File Processing Stats

File Path                                             PID    Runtime      # DAGs    # Errors  Last Runtime    Last Run
----------------------------------------------------  -----  ---------  --------  ----------  --------------  -------------------
/opt/airflow/dags/dag-spark-airflow-s3-ingestion.py                            1           0  0.13s           2026-03-27T19:07:07
/opt/airflow/dags/redshift-airflow-ingestion-dag.py                            1           0  0.13s           2026-03-27T19:07:11
/opt/airflow/dags/snowflake_pipeline_dag.py                                    1           0  0.13s           2026-03-27T19:07:11
/opt/airflow/dags/dag-dbt-transformation-pipeline.py                           1           0  0.13s           2026-03-27T19:07:07
/opt/airflow/dags/postgres-airflow-ingestion-dag.py                            1           0  0.12s           2026-03-27T19:07:11
================================================================================
[2026-03-27T19:08:03.266+0000] {manager.py:878} INFO - 
================================================================================
DAG File Processing Stats

File Path                                             PID    Runtime      # DAGs    # Errors  Last Runtime    Last Run
----------------------------------------------------  -----  ---------  --------  ----------  --------------  -------------------
/opt/airflow/dags/dag-spark-airflow-s3-ingestion.py                            1           0  0.16s           2026-03-27T19:07:38
/opt/airflow/dags/dag-dbt-transformation-pipeline.py                           1           0  0.15s           2026-03-27T19:07:38
/opt/airflow/dags/snowflake_pipeline_dag.py                                    1           0  0.15s           2026-03-27T19:07:41
/opt/airflow/dags/redshift-airflow-ingestion-dag.py                            1           0  0.12s           2026-03-27T19:07:41
/opt/airflow/dags/postgres-airflow-ingestion-dag.py                            1           0  0.12s           2026-03-27T19:07:42
================================================================================
[2026-03-27T19:08:33.981+0000] {manager.py:878} INFO - 
================================================================================
DAG File Processing Stats

File Path                                             PID    Runtime      # DAGs    # Errors  Last Runtime    Last Run
----------------------------------------------------  -----  ---------  --------  ----------  --------------  -------------------
/opt/airflow/dags/dag-spark-airflow-s3-ingestion.py                            1           0  0.14s           2026-03-27T19:08:09
/opt/airflow/dags/dag-dbt-transformation-pipeline.py                           1           0  0.14s           2026-03-27T19:08:09
/opt/airflow/dags/snowflake_pipeline_dag.py                                    1           0  0.13s           2026-03-27T19:08:12
/opt/airflow/dags/redshift-airflow-ingestion-dag.py                            1           0  0.13s           2026-03-27T19:08:12
/opt/airflow/dags/postgres-airflow-ingestion-dag.py                            1           0  0.12s           2026-03-27T19:08:12
================================================================================
[2026-03-27T19:09:04.740+0000] {manager.py:878} INFO - 
================================================================================
DAG File Processing Stats

File Path                                             PID    Runtime      # DAGs    # Errors  Last Runtime    Last Run
----------------------------------------------------  -----  ---------  --------  ----------  --------------  -------------------
/opt/airflow/dags/redshift-airflow-ingestion-dag.py                            1           0  0.15s           2026-03-27T19:08:43
/opt/airflow/dags/dag-spark-airflow-s3-ingestion.py                            1           0  0.15s           2026-03-27T19:08:40
/opt/airflow/dags/snowflake_pipeline_dag.py                                    1           0  0.14s           2026-03-27T19:08:43
/opt/airflow/dags/dag-dbt-transformation-pipeline.py                           1           0  0.13s           2026-03-27T19:08:40
/opt/airflow/dags/postgres-airflow-ingestion-dag.py                            1           0  0.12s           2026-03-27T19:08:43
================================================================================
[2026-03-27T19:09:35.562+0000] {manager.py:878} INFO - 
================================================================================
DAG File Processing Stats

File Path                                             PID    Runtime      # DAGs    # Errors  Last Runtime    Last Run
----------------------------------------------------  -----  ---------  --------  ----------  --------------  -------------------
/opt/airflow/dags/snowflake_pipeline_dag.py                                    1           0  0.15s           2026-03-27T19:09:14
/opt/airflow/dags/redshift-airflow-ingestion-dag.py                            1           0  0.14s           2026-03-27T19:09:14
/opt/airflow/dags/dag-spark-airflow-s3-ingestion.py                            1           0  0.14s           2026-03-27T19:09:11
/opt/airflow/dags/dag-dbt-transformation-pipeline.py                           1           0  0.13s           2026-03-27T19:09:11
/opt/airflow/dags/postgres-airflow-ingestion-dag.py                            1           0  0.12s           2026-03-27T19:09:14
================================================================================
[2026-03-27T19:09:52.117+0000] {manager.py:737} INFO - Searching for files in /opt/airflow/dags
[2026-03-27T19:09:52.181+0000] {manager.py:740} INFO - There are 5 files in /opt/airflow/dags
[2026-03-27T19:10:06.368+0000] {manager.py:878} INFO - 
================================================================================
DAG File Processing Stats

File Path                                             PID    Runtime      # DAGs    # Errors  Last Runtime    Last Run
----------------------------------------------------  -----  ---------  --------  ----------  --------------  -------------------
/opt/airflow/dags/snowflake_pipeline_dag.py                                    1           0  0.16s           2026-03-27T19:09:45
/opt/airflow/dags/dag-dbt-transformation-pipeline.py                           1           0  0.15s           2026-03-27T19:09:41
/opt/airflow/dags/dag-spark-airflow-s3-ingestion.py                            1           0  0.14s           2026-03-27T19:09:41
/opt/airflow/dags/redshift-airflow-ingestion-dag.py                            1           0  0.13s           2026-03-27T19:09:44
/opt/airflow/dags/postgres-airflow-ingestion-dag.py                            1           0  0.11s           2026-03-27T19:09:45
================================================================================
[2026-03-27T19:10:37.019+0000] {manager.py:878} INFO - 
================================================================================
DAG File Processing Stats

File Path                                             PID    Runtime      # DAGs    # Errors  Last Runtime    Last Run
----------------------------------------------------  -----  ---------  --------  ----------  --------------  -------------------
/opt/airflow/dags/dag-spark-airflow-s3-ingestion.py                            1           0  0.14s           2026-03-27T19:10:12
/opt/airflow/dags/redshift-airflow-ingestion-dag.py                            1           0  0.14s           2026-03-27T19:10:15
/opt/airflow/dags/snowflake_pipeline_dag.py                                    1           0  0.14s           2026-03-27T19:10:15
/opt/airflow/dags/dag-dbt-transformation-pipeline.py                           1           0  0.13s           2026-03-27T19:10:12
/opt/airflow/dags/postgres-airflow-ingestion-dag.py                            1           0  0.13s           2026-03-27T19:10:15
================================================================================
[2026-03-27T19:11:07.590+0000] {manager.py:878} INFO - 
================================================================================
DAG File Processing Stats

File Path                                             PID    Runtime      # DAGs    # Errors  Last Runtime    Last Run
----------------------------------------------------  -----  ---------  --------  ----------  --------------  -------------------
/opt/airflow/dags/redshift-airflow-ingestion-dag.py                            1           0  0.16s           2026-03-27T19:10:46
/opt/airflow/dags/snowflake_pipeline_dag.py                                    1           0  0.16s           2026-03-27T19:10:46
/opt/airflow/dags/dag-spark-airflow-s3-ingestion.py                            1           0  0.14s           2026-03-27T19:10:43
/opt/airflow/dags/dag-dbt-transformation-pipeline.py                           1           0  0.14s           2026-03-27T19:10:43
/opt/airflow/dags/postgres-airflow-ingestion-dag.py                            1           0  0.12s           2026-03-27T19:10:46
================================================================================
[2026-03-27T19:11:38.154+0000] {manager.py:878} INFO - 
================================================================================
DAG File Processing Stats

File Path                                             PID    Runtime      # DAGs    # Errors  Last Runtime    Last Run
----------------------------------------------------  -----  ---------  --------  ----------  --------------  -------------------
/opt/airflow/dags/redshift-airflow-ingestion-dag.py                            1           0  0.14s           2026-03-27T19:11:16
/opt/airflow/dags/snowflake_pipeline_dag.py                                    1           0  0.14s           2026-03-27T19:11:16
/opt/airflow/dags/postgres-airflow-ingestion-dag.py                            1           0  0.14s           2026-03-27T19:11:17
/opt/airflow/dags/dag-spark-airflow-s3-ingestion.py                            1           0  0.14s           2026-03-27T19:11:13
/opt/airflow/dags/dag-dbt-transformation-pipeline.py                           1           0  0.13s           2026-03-27T19:11:13
================================================================================
[2026-03-27T19:12:08.919+0000] {manager.py:878} INFO - 
================================================================================
DAG File Processing Stats

File Path                                             PID    Runtime      # DAGs    # Errors  Last Runtime    Last Run
----------------------------------------------------  -----  ---------  --------  ----------  --------------  -------------------
/opt/airflow/dags/dag-spark-airflow-s3-ingestion.py                            1           0  0.26s           2026-03-27T19:11:56
/opt/airflow/dags/dag-dbt-transformation-pipeline.py                           1           0  0.15s           2026-03-27T19:11:44
/opt/airflow/dags/snowflake_pipeline_dag.py                                    1           0  0.15s           2026-03-27T19:11:47
/opt/airflow/dags/redshift-airflow-ingestion-dag.py                            1           0  0.14s           2026-03-27T19:11:47
/opt/airflow/dags/postgres-airflow-ingestion-dag.py                            1           0  0.14s           2026-03-27T19:11:47
================================================================================
[2026-03-27T19:12:39.773+0000] {manager.py:878} INFO - 
================================================================================
DAG File Processing Stats

File Path                                             PID    Runtime      # DAGs    # Errors  Last Runtime    Last Run
----------------------------------------------------  -----  ---------  --------  ----------  --------------  -------------------
/opt/airflow/dags/dag-dbt-transformation-pipeline.py                           1           0  0.15s           2026-03-27T19:12:24
/opt/airflow/dags/snowflake_pipeline_dag.py                                    1           0  0.14s           2026-03-27T19:12:18
/opt/airflow/dags/redshift-airflow-ingestion-dag.py                            1           0  0.14s           2026-03-27T19:12:18
/opt/airflow/dags/dag-spark-airflow-s3-ingestion.py                            1           0  0.13s           2026-03-27T19:12:27
/opt/airflow/dags/postgres-airflow-ingestion-dag.py                            1           0  0.12s           2026-03-27T19:12:18
================================================================================
[2026-03-27T19:12:43.329+0000] {manager.py:452} INFO - Exiting gracefully upon receiving signal 15
[2026-03-27T19:13:32.149+0000] {manager.py:470} INFO - Processing files using up to 2 processes at a time 
[2026-03-27T19:13:32.151+0000] {manager.py:471} INFO - Process each file at most once every 30 seconds
[2026-03-27T19:13:32.152+0000] {manager.py:472} INFO - Checking for new files in /opt/airflow/dags every 300 seconds
[2026-03-27T19:13:32.154+0000] {manager.py:737} INFO - Searching for files in /opt/airflow/dags
[2026-03-27T19:13:32.244+0000] {manager.py:740} INFO - There are 5 files in /opt/airflow/dags
[2026-03-27T19:13:32.435+0000] {manager.py:878} INFO - 
================================================================================
DAG File Processing Stats

File Path                                               PID  Runtime      # DAGs    # Errors  Last Runtime    Last Run
----------------------------------------------------  -----  ---------  --------  ----------  --------------  ----------
/opt/airflow/dags/dag-dbt-transformation-pipeline.py    164  0.11s             0           0
/opt/airflow/dags/dag-spark-airflow-s3-ingestion.py     167  0.06s             0           0
/opt/airflow/dags/postgres-airflow-ingestion-dag.py                            0           0
/opt/airflow/dags/redshift-airflow-ingestion-dag.py                            0           0
/opt/airflow/dags/snowflake_pipeline_dag.py                                    0           0
================================================================================
[2026-03-27T19:14:03.134+0000] {manager.py:878} INFO - 
================================================================================
DAG File Processing Stats

File Path                                             PID    Runtime      # DAGs    # Errors  Last Runtime    Last Run
----------------------------------------------------  -----  ---------  --------  ----------  --------------  -------------------
/opt/airflow/dags/dag-dbt-transformation-pipeline.py                           1           0  1.05s           2026-03-27T19:13:33
/opt/airflow/dags/dag-spark-airflow-s3-ingestion.py                            1           0  0.98s           2026-03-27T19:13:33
/opt/airflow/dags/redshift-airflow-ingestion-dag.py                            1           0  0.36s           2026-03-27T19:13:33
/opt/airflow/dags/snowflake_pipeline_dag.py                                    1           0  0.36s           2026-03-27T19:13:33
/opt/airflow/dags/postgres-airflow-ingestion-dag.py                            1           0  0.31s           2026-03-27T19:13:34
================================================================================
[2026-03-27T19:14:33.154+0000] {manager.py:878} INFO - 
================================================================================
DAG File Processing Stats

File Path                                             PID    Runtime      # DAGs    # Errors  Last Runtime    Last Run
----------------------------------------------------  -----  ---------  --------  ----------  --------------  -------------------
/opt/airflow/dags/dag-dbt-transformation-pipeline.py                           1           0  0.30s           2026-03-27T19:14:03
/opt/airflow/dags/dag-spark-airflow-s3-ingestion.py                            1           0  0.28s           2026-03-27T19:14:03
/opt/airflow/dags/redshift-airflow-ingestion-dag.py                            1           0  0.14s           2026-03-27T19:14:04
/opt/airflow/dags/snowflake_pipeline_dag.py                                    1           0  0.14s           2026-03-27T19:14:04
/opt/airflow/dags/postgres-airflow-ingestion-dag.py                            1           0  0.12s           2026-03-27T19:14:04
================================================================================
[2026-03-27T19:15:03.296+0000] {manager.py:878} INFO - 
================================================================================
DAG File Processing Stats

File Path                                             PID    Runtime      # DAGs    # Errors  Last Runtime    Last Run
----------------------------------------------------  -----  ---------  --------  ----------  --------------  -------------------
/opt/airflow/dags/dag-dbt-transformation-pipeline.py                           1           0  0.26s           2026-03-27T19:14:34
/opt/airflow/dags/snowflake_pipeline_dag.py                                    1           0  0.25s           2026-03-27T19:14:35
/opt/airflow/dags/postgres-airflow-ingestion-dag.py                            1           0  0.25s           2026-03-27T19:14:35
/opt/airflow/dags/redshift-airflow-ingestion-dag.py                            1           0  0.25s           2026-03-27T19:14:35
/opt/airflow/dags/dag-spark-airflow-s3-ingestion.py                            1           0  0.23s           2026-03-27T19:14:34
================================================================================
[2026-03-27T19:15:33.383+0000] {manager.py:878} INFO - 
================================================================================
DAG File Processing Stats

File Path                                             PID    Runtime      # DAGs    # Errors  Last Runtime    Last Run
----------------------------------------------------  -----  ---------  --------  ----------  --------------  -------------------
/opt/airflow/dags/dag-dbt-transformation-pipeline.py                           1           0  0.39s           2026-03-27T19:15:05
/opt/airflow/dags/dag-spark-airflow-s3-ingestion.py                            1           0  0.37s           2026-03-27T19:15:05
/opt/airflow/dags/redshift-airflow-ingestion-dag.py                            1           0  0.33s           2026-03-27T19:15:06
/opt/airflow/dags/snowflake_pipeline_dag.py                                    1           0  0.32s           2026-03-27T19:15:06
/opt/airflow/dags/postgres-airflow-ingestion-dag.py                            1           0  0.28s           2026-03-27T19:15:06
================================================================================
[2026-03-27T19:16:04.228+0000] {manager.py:878} INFO - 
================================================================================
DAG File Processing Stats

File Path                                             PID    Runtime      # DAGs    # Errors  Last Runtime    Last Run
----------------------------------------------------  -----  ---------  --------  ----------  --------------  -------------------
/opt/airflow/dags/dag-dbt-transformation-pipeline.py                           1           0  0.51s           2026-03-27T19:15:36
/opt/airflow/dags/dag-spark-airflow-s3-ingestion.py                            1           0  0.43s           2026-03-27T19:15:36
/opt/airflow/dags/redshift-airflow-ingestion-dag.py                            1           0  0.19s           2026-03-27T19:15:37
/opt/airflow/dags/snowflake_pipeline_dag.py                                    1           0  0.18s           2026-03-27T19:15:37
/opt/airflow/dags/postgres-airflow-ingestion-dag.py                            1           0  0.18s           2026-03-27T19:15:38
================================================================================
[2026-03-27T19:16:35.041+0000] {manager.py:878} INFO - 
================================================================================
DAG File Processing Stats

File Path                                             PID    Runtime      # DAGs    # Errors  Last Runtime    Last Run
----------------------------------------------------  -----  ---------  --------  ----------  --------------  -------------------
/opt/airflow/dags/dag-dbt-transformation-pipeline.py                           1           0  0.25s           2026-03-27T19:16:07
/opt/airflow/dags/dag-spark-airflow-s3-ingestion.py                            1           0  0.23s           2026-03-27T19:16:07
/opt/airflow/dags/snowflake_pipeline_dag.py                                    1           0  0.16s           2026-03-27T19:16:08
/opt/airflow/dags/redshift-airflow-ingestion-dag.py                            1           0  0.14s           2026-03-27T19:16:08
/opt/airflow/dags/postgres-airflow-ingestion-dag.py                            1           0  0.13s           2026-03-27T19:16:08
================================================================================
[2026-03-27T19:17:05.834+0000] {manager.py:878} INFO - 
================================================================================
DAG File Processing Stats

File Path                                             PID    Runtime      # DAGs    # Errors  Last Runtime    Last Run
----------------------------------------------------  -----  ---------  --------  ----------  --------------  -------------------
/opt/airflow/dags/dag-dbt-transformation-pipeline.py                           1           0  0.24s           2026-03-27T19:16:38
/opt/airflow/dags/dag-spark-airflow-s3-ingestion.py                            1           0  0.22s           2026-03-27T19:16:38
/opt/airflow/dags/snowflake_pipeline_dag.py                                    1           0  0.15s           2026-03-27T19:16:39
/opt/airflow/dags/redshift-airflow-ingestion-dag.py                            1           0  0.15s           2026-03-27T19:16:39
/opt/airflow/dags/postgres-airflow-ingestion-dag.py                            1           0  0.13s           2026-03-27T19:16:39
================================================================================
[2026-03-27T19:17:36.488+0000] {manager.py:878} INFO - 
================================================================================
DAG File Processing Stats

File Path                                             PID    Runtime      # DAGs    # Errors  Last Runtime    Last Run
----------------------------------------------------  -----  ---------  --------  ----------  --------------  -------------------
/opt/airflow/dags/dag-dbt-transformation-pipeline.py                           1           0  0.25s           2026-03-27T19:17:09
/opt/airflow/dags/dag-spark-airflow-s3-ingestion.py                            1           0  0.23s           2026-03-27T19:17:09
/opt/airflow/dags/redshift-airflow-ingestion-dag.py                            1           0  0.16s           2026-03-27T19:17:10
/opt/airflow/dags/snowflake_pipeline_dag.py                                    1           0  0.15s           2026-03-27T19:17:10
/opt/airflow/dags/postgres-airflow-ingestion-dag.py                            1           0  0.13s           2026-03-27T19:17:10
================================================================================
[2026-03-27T19:18:07.356+0000] {manager.py:878} INFO - 
================================================================================
DAG File Processing Stats

File Path                                             PID    Runtime      # DAGs    # Errors  Last Runtime    Last Run
----------------------------------------------------  -----  ---------  --------  ----------  --------------  -------------------
/opt/airflow/dags/dag-dbt-transformation-pipeline.py                           1           0  0.24s           2026-03-27T19:17:39
/opt/airflow/dags/dag-spark-airflow-s3-ingestion.py                            1           0  0.21s           2026-03-27T19:17:39
/opt/airflow/dags/snowflake_pipeline_dag.py                                    1           0  0.15s           2026-03-27T19:17:40
/opt/airflow/dags/redshift-airflow-ingestion-dag.py                            1           0  0.14s           2026-03-27T19:17:40
/opt/airflow/dags/postgres-airflow-ingestion-dag.py                            1           0  0.13s           2026-03-27T19:17:41
================================================================================
[2026-03-27T19:18:32.167+0000] {manager.py:737} INFO - Searching for files in /opt/airflow/dags
[2026-03-27T19:18:32.227+0000] {manager.py:740} INFO - There are 5 files in /opt/airflow/dags
[2026-03-27T19:18:38.207+0000] {manager.py:878} INFO - 
================================================================================
DAG File Processing Stats

File Path                                             PID    Runtime      # DAGs    # Errors  Last Runtime    Last Run
----------------------------------------------------  -----  ---------  --------  ----------  --------------  -------------------
/opt/airflow/dags/dag-dbt-transformation-pipeline.py                           1           0  0.25s           2026-03-27T19:18:10
/opt/airflow/dags/dag-spark-airflow-s3-ingestion.py                            1           0  0.22s           2026-03-27T19:18:10
/opt/airflow/dags/snowflake_pipeline_dag.py                                    1           0  0.16s           2026-03-27T19:18:11
/opt/airflow/dags/redshift-airflow-ingestion-dag.py                            1           0  0.13s           2026-03-27T19:18:11
/opt/airflow/dags/postgres-airflow-ingestion-dag.py                            1           0  0.13s           2026-03-27T19:18:11
================================================================================
[2026-03-27T19:19:09.099+0000] {manager.py:878} INFO - 
================================================================================
DAG File Processing Stats

File Path                                             PID    Runtime      # DAGs    # Errors  Last Runtime    Last Run
----------------------------------------------------  -----  ---------  --------  ----------  --------------  -------------------
/opt/airflow/dags/dag-dbt-transformation-pipeline.py                           1           0  0.27s           2026-03-27T19:18:41
/opt/airflow/dags/dag-spark-airflow-s3-ingestion.py                            1           0  0.27s           2026-03-27T19:18:41
/opt/airflow/dags/snowflake_pipeline_dag.py                                    1           0  0.16s           2026-03-27T19:18:42
/opt/airflow/dags/redshift-airflow-ingestion-dag.py                            1           0  0.13s           2026-03-27T19:18:42
/opt/airflow/dags/postgres-airflow-ingestion-dag.py                            1           0  0.13s           2026-03-27T19:18:42
================================================================================
[2026-03-27T19:19:39.774+0000] {manager.py:878} INFO - 
================================================================================
DAG File Processing Stats

File Path                                             PID    Runtime      # DAGs    # Errors  Last Runtime    Last Run
----------------------------------------------------  -----  ---------  --------  ----------  --------------  -------------------
/opt/airflow/dags/dag-dbt-transformation-pipeline.py                           1           0  0.22s           2026-03-27T19:19:12
/opt/airflow/dags/dag-spark-airflow-s3-ingestion.py                            1           0  0.20s           2026-03-27T19:19:12
/opt/airflow/dags/redshift-airflow-ingestion-dag.py                            1           0  0.14s           2026-03-27T19:19:13
/opt/airflow/dags/snowflake_pipeline_dag.py                                    1           0  0.14s           2026-03-27T19:19:13
/opt/airflow/dags/postgres-airflow-ingestion-dag.py                            1           0  0.13s           2026-03-27T19:19:13
================================================================================
[2026-03-27T19:20:09.792+0000] {manager.py:452} INFO - Exiting gracefully upon receiving signal 15
[2026-03-27T19:32:20.442+0000] {manager.py:470} INFO - Processing files using up to 2 processes at a time 
[2026-03-27T19:32:20.443+0000] {manager.py:471} INFO - Process each file at most once every 30 seconds
[2026-03-27T19:32:20.445+0000] {manager.py:472} INFO - Checking for new files in /opt/airflow/dags every 300 seconds
[2026-03-27T19:32:20.447+0000] {manager.py:737} INFO - Searching for files in /opt/airflow/dags
[2026-03-27T19:32:20.540+0000] {manager.py:740} INFO - There are 5 files in /opt/airflow/dags
[2026-03-27T19:32:20.786+0000] {manager.py:878} INFO - 
================================================================================
DAG File Processing Stats

File Path                                               PID  Runtime      # DAGs    # Errors  Last Runtime    Last Run
----------------------------------------------------  -----  ---------  --------  ----------  --------------  ----------
/opt/airflow/dags/dag-dbt-transformation-pipeline.py    164  0.16s             0           0
/opt/airflow/dags/dag-spark-airflow-s3-ingestion.py     167  0.08s             0           0
/opt/airflow/dags/postgres-airflow-ingestion-dag.py                            0           0
/opt/airflow/dags/redshift-airflow-ingestion-dag.py                            0           0
/opt/airflow/dags/snowflake_pipeline_dag.py                                    0           0
================================================================================
[2026-03-27T19:32:51.335+0000] {manager.py:878} INFO - 
================================================================================
DAG File Processing Stats

File Path                                             PID    Runtime      # DAGs    # Errors  Last Runtime    Last Run
----------------------------------------------------  -----  ---------  --------  ----------  --------------  -------------------
/opt/airflow/dags/dag-dbt-transformation-pipeline.py                           1           0  0.73s           2026-03-27T19:32:21
/opt/airflow/dags/dag-spark-airflow-s3-ingestion.py                            1           0  0.67s           2026-03-27T19:32:21
/opt/airflow/dags/snowflake_pipeline_dag.py                                    1           0  0.47s           2026-03-27T19:32:21
/opt/airflow/dags/redshift-airflow-ingestion-dag.py                            1           0  0.37s           2026-03-27T19:32:22
/opt/airflow/dags/postgres-airflow-ingestion-dag.py                            1           0  0.31s           2026-03-27T19:32:22
================================================================================
[2026-03-27T19:33:21.686+0000] {manager.py:878} INFO - 
================================================================================
DAG File Processing Stats

File Path                                             PID    Runtime      # DAGs    # Errors  Last Runtime    Last Run
----------------------------------------------------  -----  ---------  --------  ----------  --------------  -------------------
/opt/airflow/dags/snowflake_pipeline_dag.py                                    1           0  0.18s           2026-03-27T19:32:52
/opt/airflow/dags/redshift-airflow-ingestion-dag.py                            1           0  0.17s           2026-03-27T19:32:52
/opt/airflow/dags/dag-dbt-transformation-pipeline.py                           1           0  0.16s           2026-03-27T19:32:51
/opt/airflow/dags/dag-spark-airflow-s3-ingestion.py                            1           0  0.14s           2026-03-27T19:32:51
/opt/airflow/dags/postgres-airflow-ingestion-dag.py                            1           0  0.12s           2026-03-27T19:32:53
================================================================================
[2026-03-27T19:33:51.772+0000] {manager.py:878} INFO - 
================================================================================
DAG File Processing Stats

File Path                                             PID    Runtime      # DAGs    # Errors  Last Runtime    Last Run
----------------------------------------------------  -----  ---------  --------  ----------  --------------  -------------------
/opt/airflow/dags/dag-dbt-transformation-pipeline.py                           1           0  0.15s           2026-03-27T19:33:22
/opt/airflow/dags/dag-spark-airflow-s3-ingestion.py                            1           0  0.14s           2026-03-27T19:33:22
/opt/airflow/dags/snowflake_pipeline_dag.py                                    1           0  0.13s           2026-03-27T19:33:23
/opt/airflow/dags/redshift-airflow-ingestion-dag.py                            1           0  0.13s           2026-03-27T19:33:23
/opt/airflow/dags/postgres-airflow-ingestion-dag.py                            1           0  0.12s           2026-03-27T19:33:23
================================================================================
[2026-03-27T19:34:21.822+0000] {manager.py:878} INFO - 
================================================================================
DAG File Processing Stats

File Path                                             PID    Runtime      # DAGs    # Errors  Last Runtime    Last Run
----------------------------------------------------  -----  ---------  --------  ----------  --------------  -------------------
/opt/airflow/dags/dag-dbt-transformation-pipeline.py                           1           0  0.14s           2026-03-27T19:33:53
/opt/airflow/dags/snowflake_pipeline_dag.py                                    1           0  0.14s           2026-03-27T19:33:53
/opt/airflow/dags/dag-spark-airflow-s3-ingestion.py                            1           0  0.13s           2026-03-27T19:33:53
/opt/airflow/dags/redshift-airflow-ingestion-dag.py                            1           0  0.13s           2026-03-27T19:33:53
/opt/airflow/dags/postgres-airflow-ingestion-dag.py                            1           0  0.12s           2026-03-27T19:33:53
================================================================================
[2026-03-27T19:34:52.224+0000] {manager.py:878} INFO - 
================================================================================
DAG File Processing Stats

File Path                                             PID    Runtime      # DAGs    # Errors  Last Runtime    Last Run
----------------------------------------------------  -----  ---------  --------  ----------  --------------  -------------------
/opt/airflow/dags/redshift-airflow-ingestion-dag.py                            1           0  0.38s           2026-03-27T19:34:24
/opt/airflow/dags/postgres-airflow-ingestion-dag.py                            1           0  0.31s           2026-03-27T19:34:24
/opt/airflow/dags/dag-dbt-transformation-pipeline.py                           1           0  0.30s           2026-03-27T19:34:24
/opt/airflow/dags/dag-spark-airflow-s3-ingestion.py                            1           0  0.29s           2026-03-27T19:34:24
/opt/airflow/dags/snowflake_pipeline_dag.py                                    1           0  0.28s           2026-03-27T19:34:24
================================================================================
[2026-03-27T19:35:22.682+0000] {manager.py:878} INFO - 
================================================================================
DAG File Processing Stats

File Path                                             PID    Runtime      # DAGs    # Errors  Last Runtime    Last Run
----------------------------------------------------  -----  ---------  --------  ----------  --------------  -------------------
/opt/airflow/dags/redshift-airflow-ingestion-dag.py                            1           0  0.86s           2026-03-27T19:34:56
/opt/airflow/dags/postgres-airflow-ingestion-dag.py                            1           0  0.67s           2026-03-27T19:34:56
/opt/airflow/dags/snowflake_pipeline_dag.py                                    1           0  0.25s           2026-03-27T19:34:54
/opt/airflow/dags/dag-spark-airflow-s3-ingestion.py                            1           0  0.25s           2026-03-27T19:34:54
/opt/airflow/dags/dag-dbt-transformation-pipeline.py                           1           0  0.24s           2026-03-27T19:34:54
================================================================================
[2026-03-27T19:35:53.487+0000] {manager.py:878} INFO - 
================================================================================
DAG File Processing Stats

File Path                                             PID    Runtime      # DAGs    # Errors  Last Runtime    Last Run
----------------------------------------------------  -----  ---------  --------  ----------  --------------  -------------------
/opt/airflow/dags/dag-dbt-transformation-pipeline.py                           1           0  0.17s           2026-03-27T19:35:24
/opt/airflow/dags/dag-spark-airflow-s3-ingestion.py                            1           0  0.16s           2026-03-27T19:35:24
/opt/airflow/dags/redshift-airflow-ingestion-dag.py                            1           0  0.14s           2026-03-27T19:35:27
/opt/airflow/dags/snowflake_pipeline_dag.py                                    1           0  0.13s           2026-03-27T19:35:25
/opt/airflow/dags/postgres-airflow-ingestion-dag.py                            1           0  0.12s           2026-03-27T19:35:27
================================================================================
[2026-03-27T19:36:24.350+0000] {manager.py:878} INFO - 
================================================================================
DAG File Processing Stats

File Path                                             PID    Runtime      # DAGs    # Errors  Last Runtime    Last Run
----------------------------------------------------  -----  ---------  --------  ----------  --------------  -------------------
/opt/airflow/dags/redshift-airflow-ingestion-dag.py                            1           0  0.15s           2026-03-27T19:35:57
/opt/airflow/dags/snowflake_pipeline_dag.py                                    1           0  0.14s           2026-03-27T19:35:55
/opt/airflow/dags/dag-dbt-transformation-pipeline.py                           1           0  0.14s           2026-03-27T19:35:55
/opt/airflow/dags/dag-spark-airflow-s3-ingestion.py                            1           0  0.14s           2026-03-27T19:35:55
/opt/airflow/dags/postgres-airflow-ingestion-dag.py                            1           0  0.13s           2026-03-27T19:35:57
================================================================================
[2026-03-27T19:36:55.175+0000] {manager.py:878} INFO - 
================================================================================
DAG File Processing Stats

File Path                                             PID    Runtime      # DAGs    # Errors  Last Runtime    Last Run
----------------------------------------------------  -----  ---------  --------  ----------  --------------  -------------------
/opt/airflow/dags/redshift-airflow-ingestion-dag.py                            1           0  0.14s           2026-03-27T19:36:28
/opt/airflow/dags/snowflake_pipeline_dag.py                                    1           0  0.13s           2026-03-27T19:36:26
/opt/airflow/dags/dag-dbt-transformation-pipeline.py                           1           0  0.13s           2026-03-27T19:36:26
/opt/airflow/dags/dag-spark-airflow-s3-ingestion.py                            1           0  0.13s           2026-03-27T19:36:26
/opt/airflow/dags/postgres-airflow-ingestion-dag.py                            1           0  0.12s           2026-03-27T19:36:28
================================================================================
[2026-03-27T19:37:20.889+0000] {manager.py:737} INFO - Searching for files in /opt/airflow/dags
[2026-03-27T19:37:20.954+0000] {manager.py:740} INFO - There are 5 files in /opt/airflow/dags
[2026-03-27T19:37:26.064+0000] {manager.py:878} INFO - 
================================================================================
DAG File Processing Stats

File Path                                             PID    Runtime      # DAGs    # Errors  Last Runtime    Last Run
----------------------------------------------------  -----  ---------  --------  ----------  --------------  -------------------
/opt/airflow/dags/dag-dbt-transformation-pipeline.py                           1           0  0.16s           2026-03-27T19:36:57
/opt/airflow/dags/dag-spark-airflow-s3-ingestion.py                            1           0  0.16s           2026-03-27T19:36:57
/opt/airflow/dags/snowflake_pipeline_dag.py                                    1           0  0.14s           2026-03-27T19:36:57
/opt/airflow/dags/redshift-airflow-ingestion-dag.py                            1           0  0.14s           2026-03-27T19:36:59
/opt/airflow/dags/postgres-airflow-ingestion-dag.py                            1           0  0.12s           2026-03-27T19:36:59
================================================================================
[2026-03-27T19:37:56.857+0000] {manager.py:878} INFO - 
================================================================================
DAG File Processing Stats

File Path                                             PID    Runtime      # DAGs    # Errors  Last Runtime    Last Run
----------------------------------------------------  -----  ---------  --------  ----------  --------------  -------------------
/opt/airflow/dags/dag-dbt-transformation-pipeline.py                           1           0  0.15s           2026-03-27T19:37:28
/opt/airflow/dags/redshift-airflow-ingestion-dag.py                            1           0  0.14s           2026-03-27T19:37:30
/opt/airflow/dags/snowflake_pipeline_dag.py                                    1           0  0.14s           2026-03-27T19:37:28
/opt/airflow/dags/dag-spark-airflow-s3-ingestion.py                            1           0  0.12s           2026-03-27T19:37:28
/opt/airflow/dags/postgres-airflow-ingestion-dag.py                            1           0  0.12s           2026-03-27T19:37:30
================================================================================
[2026-03-27T19:38:27.674+0000] {manager.py:878} INFO - 
================================================================================
DAG File Processing Stats

File Path                                             PID    Runtime      # DAGs    # Errors  Last Runtime    Last Run
----------------------------------------------------  -----  ---------  --------  ----------  --------------  -------------------
/opt/airflow/dags/redshift-airflow-ingestion-dag.py                            1           0  0.15s           2026-03-27T19:38:01
/opt/airflow/dags/snowflake_pipeline_dag.py                                    1           0  0.13s           2026-03-27T19:37:59
/opt/airflow/dags/dag-dbt-transformation-pipeline.py                           1           0  0.13s           2026-03-27T19:37:59
/opt/airflow/dags/dag-spark-airflow-s3-ingestion.py                            1           0  0.13s           2026-03-27T19:37:59
/opt/airflow/dags/postgres-airflow-ingestion-dag.py                            1           0  0.13s           2026-03-27T19:38:01
================================================================================
[2026-03-27T19:38:58.455+0000] {manager.py:878} INFO - 
================================================================================
DAG File Processing Stats

File Path                                             PID    Runtime      # DAGs    # Errors  Last Runtime    Last Run
----------------------------------------------------  -----  ---------  --------  ----------  --------------  -------------------
/opt/airflow/dags/redshift-airflow-ingestion-dag.py                            1           0  0.14s           2026-03-27T19:38:32
/opt/airflow/dags/snowflake_pipeline_dag.py                                    1           0  0.13s           2026-03-27T19:38:29
/opt/airflow/dags/dag-dbt-transformation-pipeline.py                           1           0  0.13s           2026-03-27T19:38:29
/opt/airflow/dags/dag-spark-airflow-s3-ingestion.py                            1           0  0.12s           2026-03-27T19:38:29
/opt/airflow/dags/postgres-airflow-ingestion-dag.py                            1           0  0.12s           2026-03-27T19:38:32
================================================================================
[2026-03-27T19:39:29.284+0000] {manager.py:878} INFO - 
================================================================================
DAG File Processing Stats

File Path                                             PID    Runtime      # DAGs    # Errors  Last Runtime    Last Run
----------------------------------------------------  -----  ---------  --------  ----------  --------------  -------------------
/opt/airflow/dags/redshift-airflow-ingestion-dag.py                            1           0  0.14s           2026-03-27T19:39:02
/opt/airflow/dags/snowflake_pipeline_dag.py                                    1           0  0.14s           2026-03-27T19:39:00
/opt/airflow/dags/dag-spark-airflow-s3-ingestion.py                            1           0  0.13s           2026-03-27T19:39:00
/opt/airflow/dags/dag-dbt-transformation-pipeline.py                           1           0  0.12s           2026-03-27T19:39:00
/opt/airflow/dags/postgres-airflow-ingestion-dag.py                            1           0  0.11s           2026-03-27T19:39:02
================================================================================
[2026-03-27T19:40:00.091+0000] {manager.py:878} INFO - 
================================================================================
DAG File Processing Stats

File Path                                             PID    Runtime      # DAGs    # Errors  Last Runtime    Last Run
----------------------------------------------------  -----  ---------  --------  ----------  --------------  -------------------
/opt/airflow/dags/dag-dbt-transformation-pipeline.py                           1           0  0.14s           2026-03-27T19:39:31
/opt/airflow/dags/dag-spark-airflow-s3-ingestion.py                            1           0  0.14s           2026-03-27T19:39:31
/opt/airflow/dags/redshift-airflow-ingestion-dag.py                            1           0  0.13s           2026-03-27T19:39:33
/opt/airflow/dags/snowflake_pipeline_dag.py                                    1           0  0.13s           2026-03-27T19:39:31
/opt/airflow/dags/postgres-airflow-ingestion-dag.py                            1           0  0.11s           2026-03-27T19:39:33
================================================================================
[2026-03-27T19:40:30.982+0000] {manager.py:878} INFO - 
================================================================================
DAG File Processing Stats

File Path                                             PID    Runtime      # DAGs    # Errors  Last Runtime    Last Run
----------------------------------------------------  -----  ---------  --------  ----------  --------------  -------------------
/opt/airflow/dags/redshift-airflow-ingestion-dag.py                            1           0  0.14s           2026-03-27T19:40:04
/opt/airflow/dags/dag-dbt-transformation-pipeline.py                           1           0  0.13s           2026-03-27T19:40:02
/opt/airflow/dags/dag-spark-airflow-s3-ingestion.py                            1           0  0.13s           2026-03-27T19:40:02
/opt/airflow/dags/snowflake_pipeline_dag.py                                    1           0  0.13s           2026-03-27T19:40:02
/opt/airflow/dags/postgres-airflow-ingestion-dag.py                            1           0  0.12s           2026-03-27T19:40:04
================================================================================
[2026-03-27T19:41:01.847+0000] {manager.py:878} INFO - 
================================================================================
DAG File Processing Stats

File Path                                             PID    Runtime      # DAGs    # Errors  Last Runtime    Last Run
----------------------------------------------------  -----  ---------  --------  ----------  --------------  -------------------
/opt/airflow/dags/snowflake_pipeline_dag.py                                    1           0  0.16s           2026-03-27T19:40:33
/opt/airflow/dags/redshift-airflow-ingestion-dag.py                            1           0  0.15s           2026-03-27T19:40:35
/opt/airflow/dags/dag-dbt-transformation-pipeline.py                           1           0  0.14s           2026-03-27T19:40:33
/opt/airflow/dags/dag-spark-airflow-s3-ingestion.py                            1           0  0.14s           2026-03-27T19:40:33
/opt/airflow/dags/postgres-airflow-ingestion-dag.py                            1           0  0.12s           2026-03-27T19:40:35
================================================================================
[2026-03-27T19:41:32.626+0000] {manager.py:878} INFO - 
================================================================================
DAG File Processing Stats

File Path                                             PID    Runtime      # DAGs    # Errors  Last Runtime    Last Run
----------------------------------------------------  -----  ---------  --------  ----------  --------------  -------------------
/opt/airflow/dags/dag-dbt-transformation-pipeline.py                           1           0  0.15s           2026-03-27T19:41:04
/opt/airflow/dags/redshift-airflow-ingestion-dag.py                            1           0  0.14s           2026-03-27T19:41:06
/opt/airflow/dags/dag-spark-airflow-s3-ingestion.py                            1           0  0.14s           2026-03-27T19:41:04
/opt/airflow/dags/snowflake_pipeline_dag.py                                    1           0  0.13s           2026-03-27T19:41:04
/opt/airflow/dags/postgres-airflow-ingestion-dag.py                            1           0  0.12s           2026-03-27T19:41:06
================================================================================
[2026-03-27T19:42:03.401+0000] {manager.py:878} INFO - 
================================================================================
DAG File Processing Stats

File Path                                             PID    Runtime      # DAGs    # Errors  Last Runtime    Last Run
----------------------------------------------------  -----  ---------  --------  ----------  --------------  -------------------
/opt/airflow/dags/redshift-airflow-ingestion-dag.py                            1           0  0.19s           2026-03-27T19:41:37
/opt/airflow/dags/postgres-airflow-ingestion-dag.py                            1           0  0.15s           2026-03-27T19:41:37
/opt/airflow/dags/snowflake_pipeline_dag.py                                    1           0  0.14s           2026-03-27T19:41:34
/opt/airflow/dags/dag-spark-airflow-s3-ingestion.py                            1           0  0.14s           2026-03-27T19:41:34
/opt/airflow/dags/dag-dbt-transformation-pipeline.py                           1           0  0.14s           2026-03-27T19:41:34
================================================================================
[2026-03-27T19:42:20.985+0000] {manager.py:737} INFO - Searching for files in /opt/airflow/dags
[2026-03-27T19:42:21.050+0000] {manager.py:740} INFO - There are 5 files in /opt/airflow/dags
[2026-03-27T19:42:34.229+0000] {manager.py:878} INFO - 
================================================================================
DAG File Processing Stats

File Path                                             PID    Runtime      # DAGs    # Errors  Last Runtime    Last Run
----------------------------------------------------  -----  ---------  --------  ----------  --------------  -------------------
/opt/airflow/dags/redshift-airflow-ingestion-dag.py                            1           0  0.15s           2026-03-27T19:42:07
/opt/airflow/dags/snowflake_pipeline_dag.py                                    1           0  0.13s           2026-03-27T19:42:05
/opt/airflow/dags/dag-dbt-transformation-pipeline.py                           1           0  0.13s           2026-03-27T19:42:05
/opt/airflow/dags/dag-spark-airflow-s3-ingestion.py                            1           0  0.12s           2026-03-27T19:42:05
/opt/airflow/dags/postgres-airflow-ingestion-dag.py                            1           0  0.12s           2026-03-27T19:42:07
================================================================================
[2026-03-27T19:43:05.068+0000] {manager.py:878} INFO - 
================================================================================
DAG File Processing Stats

File Path                                             PID    Runtime      # DAGs    # Errors  Last Runtime    Last Run
----------------------------------------------------  -----  ---------  --------  ----------  --------------  -------------------
/opt/airflow/dags/redshift-airflow-ingestion-dag.py                            1           0  0.14s           2026-03-27T19:42:38
/opt/airflow/dags/snowflake_pipeline_dag.py                                    1           0  0.13s           2026-03-27T19:42:36
/opt/airflow/dags/dag-spark-airflow-s3-ingestion.py                            1           0  0.12s           2026-03-27T19:42:36
/opt/airflow/dags/dag-dbt-transformation-pipeline.py                           1           0  0.12s           2026-03-27T19:42:36
/opt/airflow/dags/postgres-airflow-ingestion-dag.py                            1           0  0.11s           2026-03-27T19:42:38
================================================================================
[2026-03-27T19:43:35.875+0000] {manager.py:878} INFO - 
================================================================================
DAG File Processing Stats

File Path                                             PID    Runtime      # DAGs    # Errors  Last Runtime    Last Run
----------------------------------------------------  -----  ---------  --------  ----------  --------------  -------------------
/opt/airflow/dags/redshift-airflow-ingestion-dag.py                            1           0  0.16s           2026-03-27T19:43:09
/opt/airflow/dags/dag-dbt-transformation-pipeline.py                           1           0  0.15s           2026-03-27T19:43:07
/opt/airflow/dags/snowflake_pipeline_dag.py                                    1           0  0.13s           2026-03-27T19:43:07
/opt/airflow/dags/postgres-airflow-ingestion-dag.py                            1           0  0.13s           2026-03-27T19:43:09
/opt/airflow/dags/dag-spark-airflow-s3-ingestion.py                            1           0  0.13s           2026-03-27T19:43:07
================================================================================
[2026-03-27T19:44:06.649+0000] {manager.py:878} INFO - 
================================================================================
DAG File Processing Stats

File Path                                             PID    Runtime      # DAGs    # Errors  Last Runtime    Last Run
----------------------------------------------------  -----  ---------  --------  ----------  --------------  -------------------
/opt/airflow/dags/redshift-airflow-ingestion-dag.py                            1           0  0.15s           2026-03-27T19:43:40
/opt/airflow/dags/snowflake_pipeline_dag.py                                    1           0  0.14s           2026-03-27T19:43:38
/opt/airflow/dags/postgres-airflow-ingestion-dag.py                            1           0  0.13s           2026-03-27T19:43:40
/opt/airflow/dags/dag-spark-airflow-s3-ingestion.py                            1           0  0.13s           2026-03-27T19:43:38
/opt/airflow/dags/dag-dbt-transformation-pipeline.py                           1           0  0.13s           2026-03-27T19:43:38
================================================================================
[2026-03-27T19:44:37.469+0000] {manager.py:878} INFO - 
================================================================================
DAG File Processing Stats

File Path                                             PID    Runtime      # DAGs    # Errors  Last Runtime    Last Run
----------------------------------------------------  -----  ---------  --------  ----------  --------------  -------------------
/opt/airflow/dags/redshift-airflow-ingestion-dag.py                            1           0  0.15s           2026-03-27T19:44:11
/opt/airflow/dags/dag-spark-airflow-s3-ingestion.py                            1           0  0.14s           2026-03-27T19:44:08
/opt/airflow/dags/dag-dbt-transformation-pipeline.py                           1           0  0.14s           2026-03-27T19:44:08
/opt/airflow/dags/snowflake_pipeline_dag.py                                    1           0  0.13s           2026-03-27T19:44:08
/opt/airflow/dags/postgres-airflow-ingestion-dag.py                            1           0  0.13s           2026-03-27T19:44:11
================================================================================
[2026-03-27T19:45:08.315+0000] {manager.py:878} INFO - 
================================================================================
DAG File Processing Stats

File Path                                             PID    Runtime      # DAGs    # Errors  Last Runtime    Last Run
----------------------------------------------------  -----  ---------  --------  ----------  --------------  -------------------
/opt/airflow/dags/dag-dbt-transformation-pipeline.py                           1           0  0.15s           2026-03-27T19:44:39
/opt/airflow/dags/redshift-airflow-ingestion-dag.py                            1           0  0.14s           2026-03-27T19:44:41
/opt/airflow/dags/snowflake_pipeline_dag.py                                    1           0  0.13s           2026-03-27T19:44:39
/opt/airflow/dags/postgres-airflow-ingestion-dag.py                            1           0  0.13s           2026-03-27T19:44:41
/opt/airflow/dags/dag-spark-airflow-s3-ingestion.py                            1           0  0.12s           2026-03-27T19:44:39
================================================================================
[2026-03-27T19:45:39.088+0000] {manager.py:878} INFO - 
================================================================================
DAG File Processing Stats

File Path                                             PID    Runtime      # DAGs    # Errors  Last Runtime    Last Run
----------------------------------------------------  -----  ---------  --------  ----------  --------------  -------------------
/opt/airflow/dags/dag-dbt-transformation-pipeline.py                           1           0  0.14s           2026-03-27T19:45:10
/opt/airflow/dags/redshift-airflow-ingestion-dag.py                            1           0  0.14s           2026-03-27T19:45:12
/opt/airflow/dags/dag-spark-airflow-s3-ingestion.py                            1           0  0.14s           2026-03-27T19:45:10
/opt/airflow/dags/snowflake_pipeline_dag.py                                    1           0  0.13s           2026-03-27T19:45:10
/opt/airflow/dags/postgres-airflow-ingestion-dag.py                            1           0  0.11s           2026-03-27T19:45:12
================================================================================
[2026-03-27T19:46:09.844+0000] {manager.py:878} INFO - 
================================================================================
DAG File Processing Stats

File Path                                             PID    Runtime      # DAGs    # Errors  Last Runtime    Last Run
----------------------------------------------------  -----  ---------  --------  ----------  --------------  -------------------
/opt/airflow/dags/redshift-airflow-ingestion-dag.py                            1           0  0.16s           2026-03-27T19:45:43
/opt/airflow/dags/dag-dbt-transformation-pipeline.py                           1           0  0.14s           2026-03-27T19:45:41
/opt/airflow/dags/snowflake_pipeline_dag.py                                    1           0  0.13s           2026-03-27T19:45:41
/opt/airflow/dags/postgres-airflow-ingestion-dag.py                            1           0  0.13s           2026-03-27T19:45:43
/opt/airflow/dags/dag-spark-airflow-s3-ingestion.py                            1           0  0.13s           2026-03-27T19:45:41
================================================================================
[2026-03-27T19:46:40.551+0000] {manager.py:878} INFO - 
================================================================================
DAG File Processing Stats

File Path                                             PID    Runtime      # DAGs    # Errors  Last Runtime    Last Run
----------------------------------------------------  -----  ---------  --------  ----------  --------------  -------------------
/opt/airflow/dags/redshift-airflow-ingestion-dag.py                            1           0  0.16s           2026-03-27T19:46:14
/opt/airflow/dags/postgres-airflow-ingestion-dag.py                            1           0  0.15s           2026-03-27T19:46:14
/opt/airflow/dags/dag-spark-airflow-s3-ingestion.py                            1           0  0.14s           2026-03-27T19:46:12
/opt/airflow/dags/dag-dbt-transformation-pipeline.py                           1           0  0.14s           2026-03-27T19:46:12
/opt/airflow/dags/snowflake_pipeline_dag.py                                    1           0  0.13s           2026-03-27T19:46:12
================================================================================
[2026-03-27T19:47:11.279+0000] {manager.py:878} INFO - 
================================================================================
DAG File Processing Stats

File Path                                             PID    Runtime      # DAGs    # Errors  Last Runtime    Last Run
----------------------------------------------------  -----  ---------  --------  ----------  --------------  -------------------
/opt/airflow/dags/dag-dbt-transformation-pipeline.py                           1           0  0.16s           2026-03-27T19:46:42
/opt/airflow/dags/dag-spark-airflow-s3-ingestion.py                            1           0  0.15s           2026-03-27T19:46:42
/opt/airflow/dags/redshift-airflow-ingestion-dag.py                            1           0  0.15s           2026-03-27T19:46:44
/opt/airflow/dags/snowflake_pipeline_dag.py                                    1           0  0.14s           2026-03-27T19:46:42
/opt/airflow/dags/postgres-airflow-ingestion-dag.py                            1           0  0.13s           2026-03-27T19:46:44
================================================================================
[2026-03-27T19:47:21.690+0000] {manager.py:737} INFO - Searching for files in /opt/airflow/dags
[2026-03-27T19:47:21.742+0000] {manager.py:740} INFO - There are 5 files in /opt/airflow/dags
[2026-03-27T19:47:42.089+0000] {manager.py:878} INFO - 
================================================================================
DAG File Processing Stats

File Path                                             PID    Runtime      # DAGs    # Errors  Last Runtime    Last Run
----------------------------------------------------  -----  ---------  --------  ----------  --------------  -------------------
/opt/airflow/dags/redshift-airflow-ingestion-dag.py                            1           0  0.15s           2026-03-27T19:47:15
/opt/airflow/dags/dag-spark-airflow-s3-ingestion.py                            1           0  0.14s           2026-03-27T19:47:13
/opt/airflow/dags/dag-dbt-transformation-pipeline.py                           1           0  0.14s           2026-03-27T19:47:13
/opt/airflow/dags/snowflake_pipeline_dag.py                                    1           0  0.13s           2026-03-27T19:47:13
/opt/airflow/dags/postgres-airflow-ingestion-dag.py                            1           0  0.13s           2026-03-27T19:47:15
================================================================================
[2026-03-27T19:48:12.908+0000] {manager.py:878} INFO - 
================================================================================
DAG File Processing Stats

File Path                                             PID    Runtime      # DAGs    # Errors  Last Runtime    Last Run
----------------------------------------------------  -----  ---------  --------  ----------  --------------  -------------------
/opt/airflow/dags/dag-dbt-transformation-pipeline.py                           1           0  0.14s           2026-03-27T19:47:44
/opt/airflow/dags/redshift-airflow-ingestion-dag.py                            1           0  0.13s           2026-03-27T19:47:46
/opt/airflow/dags/snowflake_pipeline_dag.py                                    1           0  0.13s           2026-03-27T19:47:44
/opt/airflow/dags/dag-spark-airflow-s3-ingestion.py                            1           0  0.13s           2026-03-27T19:47:44
/opt/airflow/dags/postgres-airflow-ingestion-dag.py                            1           0  0.11s           2026-03-27T19:47:46
================================================================================
[2026-03-27T19:48:43.685+0000] {manager.py:878} INFO - 
================================================================================
DAG File Processing Stats

File Path                                             PID    Runtime      # DAGs    # Errors  Last Runtime    Last Run
----------------------------------------------------  -----  ---------  --------  ----------  --------------  -------------------
/opt/airflow/dags/redshift-airflow-ingestion-dag.py                            1           0  0.16s           2026-03-27T19:48:17
/opt/airflow/dags/snowflake_pipeline_dag.py                                    1           0  0.13s           2026-03-27T19:48:15
/opt/airflow/dags/postgres-airflow-ingestion-dag.py                            1           0  0.13s           2026-03-27T19:48:17
/opt/airflow/dags/dag-spark-airflow-s3-ingestion.py                            1           0  0.12s           2026-03-27T19:48:15
/opt/airflow/dags/dag-dbt-transformation-pipeline.py                           1           0  0.12s           2026-03-27T19:48:15
================================================================================
[2026-03-27T19:49:14.369+0000] {manager.py:878} INFO - 
================================================================================
DAG File Processing Stats

File Path                                             PID    Runtime      # DAGs    # Errors  Last Runtime    Last Run
----------------------------------------------------  -----  ---------  --------  ----------  --------------  -------------------
/opt/airflow/dags/redshift-airflow-ingestion-dag.py                            1           0  0.20s           2026-03-27T19:48:48
/opt/airflow/dags/postgres-airflow-ingestion-dag.py                            1           0  0.15s           2026-03-27T19:48:48
/opt/airflow/dags/snowflake_pipeline_dag.py                                    1           0  0.13s           2026-03-27T19:48:45
/opt/airflow/dags/dag-dbt-transformation-pipeline.py                           1           0  0.13s           2026-03-27T19:48:45
/opt/airflow/dags/dag-spark-airflow-s3-ingestion.py                            1           0  0.13s           2026-03-27T19:48:45
================================================================================
[2026-03-27T19:49:45.243+0000] {manager.py:878} INFO - 
================================================================================
DAG File Processing Stats

File Path                                             PID    Runtime      # DAGs    # Errors  Last Runtime    Last Run
----------------------------------------------------  -----  ---------  --------  ----------  --------------  -------------------
/opt/airflow/dags/dag-dbt-transformation-pipeline.py                           1           0  0.15s           2026-03-27T19:49:16
/opt/airflow/dags/redshift-airflow-ingestion-dag.py                            1           0  0.14s           2026-03-27T19:49:18
/opt/airflow/dags/dag-spark-airflow-s3-ingestion.py                            1           0  0.14s           2026-03-27T19:49:16
/opt/airflow/dags/snowflake_pipeline_dag.py                                    1           0  0.13s           2026-03-27T19:49:16
/opt/airflow/dags/postgres-airflow-ingestion-dag.py                            1           0  0.11s           2026-03-27T19:49:18
================================================================================
[2026-03-27T19:50:16.095+0000] {manager.py:878} INFO - 
================================================================================
DAG File Processing Stats

File Path                                             PID    Runtime      # DAGs    # Errors  Last Runtime    Last Run
----------------------------------------------------  -----  ---------  --------  ----------  --------------  -------------------
/opt/airflow/dags/dag-spark-airflow-s3-ingestion.py                            1           0  0.15s           2026-03-27T19:49:47
/opt/airflow/dags/dag-dbt-transformation-pipeline.py                           1           0  0.15s           2026-03-27T19:49:47
/opt/airflow/dags/redshift-airflow-ingestion-dag.py                            1           0  0.14s           2026-03-27T19:49:49
/opt/airflow/dags/snowflake_pipeline_dag.py                                    1           0  0.13s           2026-03-27T19:49:47
/opt/airflow/dags/postgres-airflow-ingestion-dag.py                            1           0  0.12s           2026-03-27T19:49:49
================================================================================
[2026-03-27T19:50:46.934+0000] {manager.py:878} INFO - 
================================================================================
DAG File Processing Stats

File Path                                             PID    Runtime      # DAGs    # Errors  Last Runtime    Last Run
----------------------------------------------------  -----  ---------  --------  ----------  --------------  -------------------
/opt/airflow/dags/snowflake_pipeline_dag.py                                    1           0  0.14s           2026-03-27T19:50:18
/opt/airflow/dags/redshift-airflow-ingestion-dag.py                            1           0  0.14s           2026-03-27T19:50:20
/opt/airflow/dags/dag-dbt-transformation-pipeline.py                           1           0  0.12s           2026-03-27T19:50:18
/opt/airflow/dags/dag-spark-airflow-s3-ingestion.py                            1           0  0.12s           2026-03-27T19:50:18
/opt/airflow/dags/postgres-airflow-ingestion-dag.py                            1           0  0.11s           2026-03-27T19:50:20
================================================================================
[2026-03-27T19:51:17.760+0000] {manager.py:878} INFO - 
================================================================================
DAG File Processing Stats

File Path                                             PID    Runtime      # DAGs    # Errors  Last Runtime    Last Run
----------------------------------------------------  -----  ---------  --------  ----------  --------------  -------------------
/opt/airflow/dags/redshift-airflow-ingestion-dag.py                            1           0  0.14s           2026-03-27T19:50:51
/opt/airflow/dags/snowflake_pipeline_dag.py                                    1           0  0.14s           2026-03-27T19:50:49
/opt/airflow/dags/dag-spark-airflow-s3-ingestion.py                            1           0  0.12s           2026-03-27T19:50:49
/opt/airflow/dags/dag-dbt-transformation-pipeline.py                           1           0  0.12s           2026-03-27T19:50:49
/opt/airflow/dags/postgres-airflow-ingestion-dag.py                            1           0  0.11s           2026-03-27T19:50:51
================================================================================
[2026-03-27T19:51:48.602+0000] {manager.py:878} INFO - 
================================================================================
DAG File Processing Stats

File Path                                             PID    Runtime      # DAGs    # Errors  Last Runtime    Last Run
----------------------------------------------------  -----  ---------  --------  ----------  --------------  -------------------
/opt/airflow/dags/snowflake_pipeline_dag.py                                    1           0  0.13s           2026-03-27T19:51:20
/opt/airflow/dags/redshift-airflow-ingestion-dag.py                            1           0  0.13s           2026-03-27T19:51:22
/opt/airflow/dags/dag-dbt-transformation-pipeline.py                           1           0  0.12s           2026-03-27T19:51:19
/opt/airflow/dags/dag-spark-airflow-s3-ingestion.py                            1           0  0.12s           2026-03-27T19:51:19
/opt/airflow/dags/postgres-airflow-ingestion-dag.py                            1           0  0.11s           2026-03-27T19:51:22
================================================================================
[2026-03-27T19:52:02.686+0000] {manager.py:452} INFO - Exiting gracefully upon receiving signal 15
[2026-04-01T07:35:47.395+0000] {manager.py:470} INFO - Processing files using up to 2 processes at a time 
[2026-04-01T07:35:47.397+0000] {manager.py:471} INFO - Process each file at most once every 30 seconds
[2026-04-01T07:35:47.399+0000] {manager.py:472} INFO - Checking for new files in /opt/airflow/dags every 300 seconds
[2026-04-01T07:35:47.401+0000] {manager.py:737} INFO - Searching for files in /opt/airflow/dags
[2026-04-01T07:35:47.815+0000] {manager.py:740} INFO - There are 5 files in /opt/airflow/dags
[2026-04-01T07:35:48.182+0000] {manager.py:878} INFO - 
================================================================================
DAG File Processing Stats

File Path                                               PID  Runtime      # DAGs    # Errors  Last Runtime    Last Run
----------------------------------------------------  -----  ---------  --------  ----------  --------------  ----------
/opt/airflow/dags/dag-dbt-transformation-pipeline.py    163  0.23s             0           0
/opt/airflow/dags/dag-spark-airflow-s3-ingestion.py     166  0.13s             0           0
/opt/airflow/dags/postgres-airflow-ingestion-dag.py                            0           0
/opt/airflow/dags/redshift-airflow-ingestion-dag.py                            0           0
/opt/airflow/dags/snowflake_pipeline_dag.py                                    0           0
================================================================================
[2026-04-01T07:36:18.839+0000] {manager.py:878} INFO - 
================================================================================
DAG File Processing Stats

File Path                                             PID    Runtime      # DAGs    # Errors  Last Runtime    Last Run
----------------------------------------------------  -----  ---------  --------  ----------  --------------  -------------------
/opt/airflow/dags/dag-dbt-transformation-pipeline.py                           1           0  1.41s           2026-04-01T07:35:49
/opt/airflow/dags/dag-spark-airflow-s3-ingestion.py                            1           0  1.27s           2026-04-01T07:35:49
/opt/airflow/dags/redshift-airflow-ingestion-dag.py                            1           0  0.57s           2026-04-01T07:35:50
/opt/airflow/dags/snowflake_pipeline_dag.py                                    1           0  0.55s           2026-04-01T07:35:49
/opt/airflow/dags/postgres-airflow-ingestion-dag.py                            1           0  0.53s           2026-04-01T07:35:50
================================================================================
[2026-04-01T07:36:49.195+0000] {manager.py:878} INFO - 
================================================================================
DAG File Processing Stats

File Path                                             PID    Runtime      # DAGs    # Errors  Last Runtime    Last Run
----------------------------------------------------  -----  ---------  --------  ----------  --------------  -------------------
/opt/airflow/dags/redshift-airflow-ingestion-dag.py                            1           0  0.33s           2026-04-01T07:36:21
/opt/airflow/dags/postgres-airflow-ingestion-dag.py                            1           0  0.32s           2026-04-01T07:36:21
/opt/airflow/dags/dag-dbt-transformation-pipeline.py                           1           0  0.31s           2026-04-01T07:36:20
/opt/airflow/dags/snowflake_pipeline_dag.py                                    1           0  0.26s           2026-04-01T07:36:20
/opt/airflow/dags/dag-spark-airflow-s3-ingestion.py                            1           0  0.26s           2026-04-01T07:36:20
================================================================================
[2026-04-01T07:37:19.684+0000] {manager.py:878} INFO - 
================================================================================
DAG File Processing Stats

File Path                                             PID    Runtime      # DAGs    # Errors  Last Runtime    Last Run
----------------------------------------------------  -----  ---------  --------  ----------  --------------  -------------------
/opt/airflow/dags/snowflake_pipeline_dag.py                                    1           0  0.30s           2026-04-01T07:36:50
/opt/airflow/dags/redshift-airflow-ingestion-dag.py                            1           0  0.30s           2026-04-01T07:36:51
/opt/airflow/dags/dag-spark-airflow-s3-ingestion.py                            1           0  0.27s           2026-04-01T07:36:50
/opt/airflow/dags/dag-dbt-transformation-pipeline.py                           1           0  0.26s           2026-04-01T07:36:50
/opt/airflow/dags/postgres-airflow-ingestion-dag.py                            1           0  0.24s           2026-04-01T07:36:51
================================================================================
[2026-04-01T07:37:50.382+0000] {manager.py:878} INFO - 
================================================================================
DAG File Processing Stats

File Path                                             PID    Runtime      # DAGs    # Errors  Last Runtime    Last Run
----------------------------------------------------  -----  ---------  --------  ----------  --------------  -------------------
/opt/airflow/dags/dag-dbt-transformation-pipeline.py                           1           0  0.37s           2026-04-01T07:37:21
/opt/airflow/dags/dag-spark-airflow-s3-ingestion.py                            1           0  0.35s           2026-04-01T07:37:21
/opt/airflow/dags/redshift-airflow-ingestion-dag.py                            1           0  0.35s           2026-04-01T07:37:22
/opt/airflow/dags/snowflake_pipeline_dag.py                                    1           0  0.34s           2026-04-01T07:37:21
/opt/airflow/dags/postgres-airflow-ingestion-dag.py                            1           0  0.31s           2026-04-01T07:37:22
================================================================================
[2026-04-01T07:38:20.610+0000] {manager.py:878} INFO - 
================================================================================
DAG File Processing Stats

File Path                                             PID    Runtime      # DAGs    # Errors  Last Runtime    Last Run
----------------------------------------------------  -----  ---------  --------  ----------  --------------  -------------------
/opt/airflow/dags/snowflake_pipeline_dag.py                                    1           0  0.30s           2026-04-01T07:37:52
/opt/airflow/dags/dag-dbt-transformation-pipeline.py                           1           0  0.29s           2026-04-01T07:37:51
/opt/airflow/dags/redshift-airflow-ingestion-dag.py                            1           0  0.27s           2026-04-01T07:37:53
/opt/airflow/dags/dag-spark-airflow-s3-ingestion.py                            1           0  0.26s           2026-04-01T07:37:51
/opt/airflow/dags/postgres-airflow-ingestion-dag.py                            1           0  0.25s           2026-04-01T07:37:53
================================================================================
[2026-04-01T07:38:51.123+0000] {manager.py:878} INFO - 
================================================================================
DAG File Processing Stats

File Path                                             PID    Runtime      # DAGs    # Errors  Last Runtime    Last Run
----------------------------------------------------  -----  ---------  --------  ----------  --------------  -------------------
/opt/airflow/dags/snowflake_pipeline_dag.py                                    1           0  0.32s           2026-04-01T07:38:22
/opt/airflow/dags/redshift-airflow-ingestion-dag.py                            1           0  0.26s           2026-04-01T07:38:23
/opt/airflow/dags/dag-spark-airflow-s3-ingestion.py                            1           0  0.25s           2026-04-01T07:38:22
/opt/airflow/dags/dag-dbt-transformation-pipeline.py                           1           0  0.25s           2026-04-01T07:38:22
/opt/airflow/dags/postgres-airflow-ingestion-dag.py                            1           0  0.24s           2026-04-01T07:38:23
================================================================================
[2026-04-01T07:39:21.788+0000] {manager.py:878} INFO - 
================================================================================
DAG File Processing Stats

File Path                                             PID    Runtime      # DAGs    # Errors  Last Runtime    Last Run
----------------------------------------------------  -----  ---------  --------  ----------  --------------  -------------------
/opt/airflow/dags/redshift-airflow-ingestion-dag.py                            1           0  0.33s           2026-04-01T07:38:54
/opt/airflow/dags/postgres-airflow-ingestion-dag.py                            1           0  0.29s           2026-04-01T07:38:53
/opt/airflow/dags/snowflake_pipeline_dag.py                                    1           0  0.28s           2026-04-01T07:38:52
/opt/airflow/dags/dag-dbt-transformation-pipeline.py                           1           0  0.26s           2026-04-01T07:38:52
/opt/airflow/dags/dag-spark-airflow-s3-ingestion.py                            1           0  0.23s           2026-04-01T07:38:52
================================================================================
[2026-04-01T07:39:52.210+0000] {manager.py:878} INFO - 
================================================================================
DAG File Processing Stats

File Path                                             PID    Runtime      # DAGs    # Errors  Last Runtime    Last Run
----------------------------------------------------  -----  ---------  --------  ----------  --------------  -------------------
/opt/airflow/dags/redshift-airflow-ingestion-dag.py                            1           0  0.28s           2026-04-01T07:39:24
/opt/airflow/dags/snowflake_pipeline_dag.py                                    1           0  0.26s           2026-04-01T07:39:23
/opt/airflow/dags/dag-spark-airflow-s3-ingestion.py                            1           0  0.25s           2026-04-01T07:39:23
/opt/airflow/dags/dag-dbt-transformation-pipeline.py                           1           0  0.25s           2026-04-01T07:39:23
/opt/airflow/dags/postgres-airflow-ingestion-dag.py                            1           0  0.24s           2026-04-01T07:39:24
================================================================================
[2026-04-01T07:40:22.759+0000] {manager.py:878} INFO - 
================================================================================
DAG File Processing Stats

File Path                                             PID    Runtime      # DAGs    # Errors  Last Runtime    Last Run
----------------------------------------------------  -----  ---------  --------  ----------  --------------  -------------------
/opt/airflow/dags/dag-dbt-transformation-pipeline.py                           1           0  0.32s           2026-04-01T07:39:53
/opt/airflow/dags/redshift-airflow-ingestion-dag.py                            1           0  0.29s           2026-04-01T07:39:54
/opt/airflow/dags/snowflake_pipeline_dag.py                                    1           0  0.29s           2026-04-01T07:39:53
/opt/airflow/dags/dag-spark-airflow-s3-ingestion.py                            1           0  0.29s           2026-04-01T07:39:53
/opt/airflow/dags/postgres-airflow-ingestion-dag.py                            1           0  0.25s           2026-04-01T07:39:54
================================================================================
[2026-04-01T07:40:48.024+0000] {manager.py:737} INFO - Searching for files in /opt/airflow/dags
[2026-04-01T07:40:48.227+0000] {manager.py:740} INFO - There are 5 files in /opt/airflow/dags
[2026-04-01T07:40:53.391+0000] {manager.py:878} INFO - 
================================================================================
DAG File Processing Stats

File Path                                             PID    Runtime      # DAGs    # Errors  Last Runtime    Last Run
----------------------------------------------------  -----  ---------  --------  ----------  --------------  -------------------
/opt/airflow/dags/dag-spark-airflow-s3-ingestion.py                            1           0  0.31s           2026-04-01T07:40:24
/opt/airflow/dags/dag-dbt-transformation-pipeline.py                           1           0  0.31s           2026-04-01T07:40:24
/opt/airflow/dags/redshift-airflow-ingestion-dag.py                            1           0  0.31s           2026-04-01T07:40:25
/opt/airflow/dags/postgres-airflow-ingestion-dag.py                            1           0  0.30s           2026-04-01T07:40:25
/opt/airflow/dags/snowflake_pipeline_dag.py                                    1           0  0.27s           2026-04-01T07:40:24
================================================================================
[2026-04-01T07:41:23.857+0000] {manager.py:878} INFO - 
================================================================================
DAG File Processing Stats

File Path                                             PID    Runtime      # DAGs    # Errors  Last Runtime    Last Run
----------------------------------------------------  -----  ---------  --------  ----------  --------------  -------------------
/opt/airflow/dags/dag-dbt-transformation-pipeline.py                           1           0  0.33s           2026-04-01T07:40:54
/opt/airflow/dags/snowflake_pipeline_dag.py                                    1           0  0.29s           2026-04-01T07:40:55
/opt/airflow/dags/dag-spark-airflow-s3-ingestion.py                            1           0  0.27s           2026-04-01T07:40:54
/opt/airflow/dags/redshift-airflow-ingestion-dag.py                            1           0  0.27s           2026-04-01T07:40:56
/opt/airflow/dags/postgres-airflow-ingestion-dag.py                            1           0  0.22s           2026-04-01T07:40:56
================================================================================
[2026-04-01T07:41:54.316+0000] {manager.py:878} INFO - 
================================================================================
DAG File Processing Stats

File Path                                             PID    Runtime      # DAGs    # Errors  Last Runtime    Last Run
----------------------------------------------------  -----  ---------  --------  ----------  --------------  -------------------
/opt/airflow/dags/dag-spark-airflow-s3-ingestion.py                            1           0  0.29s           2026-04-01T07:41:25
/opt/airflow/dags/dag-dbt-transformation-pipeline.py                           1           0  0.28s           2026-04-01T07:41:25
/opt/airflow/dags/snowflake_pipeline_dag.py                                    1           0  0.27s           2026-04-01T07:41:25
/opt/airflow/dags/redshift-airflow-ingestion-dag.py                            1           0  0.26s           2026-04-01T07:41:26
/opt/airflow/dags/postgres-airflow-ingestion-dag.py                            1           0  0.22s           2026-04-01T07:41:26
================================================================================
[2026-04-01T07:42:24.807+0000] {manager.py:878} INFO - 
================================================================================
DAG File Processing Stats

File Path                                             PID    Runtime      # DAGs    # Errors  Last Runtime    Last Run
----------------------------------------------------  -----  ---------  --------  ----------  --------------  -------------------
/opt/airflow/dags/snowflake_pipeline_dag.py                                    1           0  0.31s           2026-04-01T07:41:56
/opt/airflow/dags/dag-spark-airflow-s3-ingestion.py                            1           0  0.29s           2026-04-01T07:41:55
/opt/airflow/dags/dag-dbt-transformation-pipeline.py                           1           0  0.27s           2026-04-01T07:41:55
/opt/airflow/dags/redshift-airflow-ingestion-dag.py                            1           0  0.27s           2026-04-01T07:41:57
/opt/airflow/dags/postgres-airflow-ingestion-dag.py                            1           0  0.23s           2026-04-01T07:41:57
================================================================================
[2026-04-01T07:42:55.122+0000] {manager.py:878} INFO - 
================================================================================
DAG File Processing Stats

File Path                                             PID    Runtime      # DAGs    # Errors  Last Runtime    Last Run
----------------------------------------------------  -----  ---------  --------  ----------  --------------  -------------------
/opt/airflow/dags/snowflake_pipeline_dag.py                                    1           0  0.35s           2026-04-01T07:42:26
/opt/airflow/dags/redshift-airflow-ingestion-dag.py                            1           0  0.30s           2026-04-01T07:42:27
/opt/airflow/dags/dag-spark-airflow-s3-ingestion.py                            1           0  0.29s           2026-04-01T07:42:26
/opt/airflow/dags/dag-dbt-transformation-pipeline.py                           1           0  0.28s           2026-04-01T07:42:26
/opt/airflow/dags/postgres-airflow-ingestion-dag.py                            1           0  0.28s           2026-04-01T07:42:27
================================================================================
[2026-04-01T07:43:25.702+0000] {manager.py:878} INFO - 
================================================================================
DAG File Processing Stats

File Path                                             PID    Runtime      # DAGs    # Errors  Last Runtime    Last Run
----------------------------------------------------  -----  ---------  --------  ----------  --------------  -------------------
/opt/airflow/dags/snowflake_pipeline_dag.py                                    1           0  0.30s           2026-04-01T07:42:57
/opt/airflow/dags/redshift-airflow-ingestion-dag.py                            1           0  0.28s           2026-04-01T07:42:58
/opt/airflow/dags/dag-dbt-transformation-pipeline.py                           1           0  0.26s           2026-04-01T07:42:56
/opt/airflow/dags/postgres-airflow-ingestion-dag.py                            1           0  0.23s           2026-04-01T07:42:58
/opt/airflow/dags/dag-spark-airflow-s3-ingestion.py                            1           0  0.23s           2026-04-01T07:42:56
================================================================================
[2026-04-01T07:43:56.110+0000] {manager.py:878} INFO - 
================================================================================
DAG File Processing Stats

File Path                                             PID    Runtime      # DAGs    # Errors  Last Runtime    Last Run
----------------------------------------------------  -----  ---------  --------  ----------  --------------  -------------------
/opt/airflow/dags/dag-spark-airflow-s3-ingestion.py                            1           0  0.37s           2026-04-01T07:43:27
/opt/airflow/dags/dag-dbt-transformation-pipeline.py                           1           0  0.36s           2026-04-01T07:43:27
/opt/airflow/dags/snowflake_pipeline_dag.py                                    1           0  0.35s           2026-04-01T07:43:27
/opt/airflow/dags/redshift-airflow-ingestion-dag.py                            1           0  0.29s           2026-04-01T07:43:28
/opt/airflow/dags/postgres-airflow-ingestion-dag.py                            1           0  0.25s           2026-04-01T07:43:28
================================================================================
[2026-04-01T07:44:26.148+0000] {manager.py:878} INFO - 
================================================================================
DAG File Processing Stats

File Path                                             PID    Runtime      # DAGs    # Errors  Last Runtime    Last Run
----------------------------------------------------  -----  ---------  --------  ----------  --------------  -------------------
/opt/airflow/dags/dag-dbt-transformation-pipeline.py                           1           0  0.48s           2026-04-01T07:43:57
/opt/airflow/dags/dag-spark-airflow-s3-ingestion.py                            1           0  0.48s           2026-04-01T07:43:57
/opt/airflow/dags/snowflake_pipeline_dag.py                                    1           0  0.40s           2026-04-01T07:43:58
/opt/airflow/dags/redshift-airflow-ingestion-dag.py                            1           0  0.29s           2026-04-01T07:43:59
/opt/airflow/dags/postgres-airflow-ingestion-dag.py                            1           0  0.25s           2026-04-01T07:43:59
================================================================================
[2026-04-01T07:44:56.557+0000] {manager.py:878} INFO - 
================================================================================
DAG File Processing Stats

File Path                                             PID    Runtime      # DAGs    # Errors  Last Runtime    Last Run
----------------------------------------------------  -----  ---------  --------  ----------  --------------  -------------------
/opt/airflow/dags/redshift-airflow-ingestion-dag.py                            1           0  0.31s           2026-04-01T07:44:29
/opt/airflow/dags/snowflake_pipeline_dag.py                                    1           0  0.29s           2026-04-01T07:44:28
/opt/airflow/dags/dag-dbt-transformation-pipeline.py                           1           0  0.27s           2026-04-01T07:44:28
/opt/airflow/dags/postgres-airflow-ingestion-dag.py                            1           0  0.26s           2026-04-01T07:44:29
/opt/airflow/dags/dag-spark-airflow-s3-ingestion.py                            1           0  0.25s           2026-04-01T07:44:28
================================================================================
[2026-04-01T07:45:26.977+0000] {manager.py:878} INFO - 
================================================================================
DAG File Processing Stats

File Path                                             PID    Runtime      # DAGs    # Errors  Last Runtime    Last Run
----------------------------------------------------  -----  ---------  --------  ----------  --------------  -------------------
/opt/airflow/dags/redshift-airflow-ingestion-dag.py                            1           0  0.28s           2026-04-01T07:45:00
/opt/airflow/dags/snowflake_pipeline_dag.py                                    1           0  0.28s           2026-04-01T07:44:59
/opt/airflow/dags/dag-dbt-transformation-pipeline.py                           1           0  0.26s           2026-04-01T07:44:58
/opt/airflow/dags/postgres-airflow-ingestion-dag.py                            1           0  0.25s           2026-04-01T07:45:00
/opt/airflow/dags/dag-spark-airflow-s3-ingestion.py                            1           0  0.25s           2026-04-01T07:44:58
================================================================================
[2026-04-01T07:45:48.025+0000] {manager.py:737} INFO - Searching for files in /opt/airflow/dags
[2026-04-01T07:45:48.300+0000] {manager.py:740} INFO - There are 5 files in /opt/airflow/dags
[2026-04-01T07:45:57.627+0000] {manager.py:878} INFO - 
================================================================================
DAG File Processing Stats

File Path                                             PID    Runtime      # DAGs    # Errors  Last Runtime    Last Run
----------------------------------------------------  -----  ---------  --------  ----------  --------------  -------------------
/opt/airflow/dags/dag-dbt-transformation-pipeline.py                           1           0  0.35s           2026-04-01T07:45:29
/opt/airflow/dags/dag-spark-airflow-s3-ingestion.py                            1           0  0.35s           2026-04-01T07:45:29
/opt/airflow/dags/snowflake_pipeline_dag.py                                    1           0  0.34s           2026-04-01T07:45:29
/opt/airflow/dags/redshift-airflow-ingestion-dag.py                            1           0  0.29s           2026-04-01T07:45:30
/opt/airflow/dags/postgres-airflow-ingestion-dag.py                            1           0  0.24s           2026-04-01T07:45:30
================================================================================
[2026-04-01T07:46:28.186+0000] {manager.py:878} INFO - 
================================================================================
DAG File Processing Stats

File Path                                             PID    Runtime      # DAGs    # Errors  Last Runtime    Last Run
----------------------------------------------------  -----  ---------  --------  ----------  --------------  -------------------
/opt/airflow/dags/redshift-airflow-ingestion-dag.py                            1           0  0.37s           2026-04-01T07:46:01
/opt/airflow/dags/snowflake_pipeline_dag.py                                    1           0  0.35s           2026-04-01T07:46:00
/opt/airflow/dags/postgres-airflow-ingestion-dag.py                            1           0  0.33s           2026-04-01T07:46:01
/opt/airflow/dags/dag-spark-airflow-s3-ingestion.py                            1           0  0.30s           2026-04-01T07:46:00
/opt/airflow/dags/dag-dbt-transformation-pipeline.py                           1           0  0.29s           2026-04-01T07:45:59
================================================================================
[2026-04-01T07:46:58.784+0000] {manager.py:878} INFO - 
================================================================================
DAG File Processing Stats

File Path                                             PID    Runtime      # DAGs    # Errors  Last Runtime    Last Run
----------------------------------------------------  -----  ---------  --------  ----------  --------------  -------------------
/opt/airflow/dags/snowflake_pipeline_dag.py                                    1           0  0.35s           2026-04-01T07:46:30
/opt/airflow/dags/dag-spark-airflow-s3-ingestion.py                            1           0  0.33s           2026-04-01T07:46:30
/opt/airflow/dags/redshift-airflow-ingestion-dag.py                            1           0  0.31s           2026-04-01T07:46:32
/opt/airflow/dags/dag-dbt-transformation-pipeline.py                           1           0  0.31s           2026-04-01T07:46:30
/opt/airflow/dags/postgres-airflow-ingestion-dag.py                            1           0  0.28s           2026-04-01T07:46:32
================================================================================
[2026-04-01T07:47:28.864+0000] {manager.py:878} INFO - 
================================================================================
DAG File Processing Stats

File Path                                             PID    Runtime      # DAGs    # Errors  Last Runtime    Last Run
----------------------------------------------------  -----  ---------  --------  ----------  --------------  -------------------
/opt/airflow/dags/snowflake_pipeline_dag.py                                    1           0  0.37s           2026-04-01T07:47:01
/opt/airflow/dags/redshift-airflow-ingestion-dag.py                            1           0  0.28s           2026-04-01T07:47:02
/opt/airflow/dags/dag-spark-airflow-s3-ingestion.py                            1           0  0.27s           2026-04-01T07:47:01
/opt/airflow/dags/dag-dbt-transformation-pipeline.py                           1           0  0.27s           2026-04-01T07:47:01
/opt/airflow/dags/postgres-airflow-ingestion-dag.py                            1           0  0.24s           2026-04-01T07:47:02
================================================================================
[2026-04-01T07:47:59.612+0000] {manager.py:878} INFO - 
================================================================================
DAG File Processing Stats

File Path                                             PID    Runtime      # DAGs    # Errors  Last Runtime    Last Run
----------------------------------------------------  -----  ---------  --------  ----------  --------------  -------------------
/opt/airflow/dags/dag-dbt-transformation-pipeline.py                           1           0  0.30s           2026-04-01T07:47:32
/opt/airflow/dags/redshift-airflow-ingestion-dag.py                            1           0  0.28s           2026-04-01T07:47:32
/opt/airflow/dags/snowflake_pipeline_dag.py                                    1           0  0.28s           2026-04-01T07:47:32
/opt/airflow/dags/dag-spark-airflow-s3-ingestion.py                            1           0  0.25s           2026-04-01T07:47:32
/opt/airflow/dags/postgres-airflow-ingestion-dag.py                            1           0  0.24s           2026-04-01T07:47:32
================================================================================
[2026-04-01T07:48:29.615+0000] {manager.py:878} INFO - 
================================================================================
DAG File Processing Stats

File Path                                             PID    Runtime      # DAGs    # Errors  Last Runtime    Last Run
----------------------------------------------------  -----  ---------  --------  ----------  --------------  -------------------
/opt/airflow/dags/redshift-airflow-ingestion-dag.py                            1           0  0.36s           2026-04-01T07:48:03
/opt/airflow/dags/snowflake_pipeline_dag.py                                    1           0  0.34s           2026-04-01T07:48:03
/opt/airflow/dags/postgres-airflow-ingestion-dag.py                            1           0  0.31s           2026-04-01T07:48:03
/opt/airflow/dags/dag-spark-airflow-s3-ingestion.py                            1           0  0.30s           2026-04-01T07:48:03
/opt/airflow/dags/dag-dbt-transformation-pipeline.py                           1           0  0.30s           2026-04-01T07:48:03
================================================================================
[2026-04-01T07:48:59.912+0000] {manager.py:878} INFO - 
================================================================================
DAG File Processing Stats

File Path                                             PID    Runtime      # DAGs    # Errors  Last Runtime    Last Run
----------------------------------------------------  -----  ---------  --------  ----------  --------------  -------------------
/opt/airflow/dags/snowflake_pipeline_dag.py                                    1           0  0.30s           2026-04-01T07:48:33
/opt/airflow/dags/dag-dbt-transformation-pipeline.py                           1           0  0.29s           2026-04-01T07:48:33
/opt/airflow/dags/redshift-airflow-ingestion-dag.py                            1           0  0.26s           2026-04-01T07:48:34
/opt/airflow/dags/dag-spark-airflow-s3-ingestion.py                            1           0  0.23s           2026-04-01T07:48:33
/opt/airflow/dags/postgres-airflow-ingestion-dag.py                            1           0  0.22s           2026-04-01T07:48:34
================================================================================
[2026-04-01T07:49:30.064+0000] {manager.py:878} INFO - 
================================================================================
DAG File Processing Stats

File Path                                             PID    Runtime      # DAGs    # Errors  Last Runtime    Last Run
----------------------------------------------------  -----  ---------  --------  ----------  --------------  -------------------
/opt/airflow/dags/dag-dbt-transformation-pipeline.py                           1           0  0.38s           2026-04-01T07:49:04
/opt/airflow/dags/dag-spark-airflow-s3-ingestion.py                            1           0  0.35s           2026-04-01T07:49:04
/opt/airflow/dags/redshift-airflow-ingestion-dag.py                            1           0  0.32s           2026-04-01T07:49:05
/opt/airflow/dags/snowflake_pipeline_dag.py                                    1           0  0.32s           2026-04-01T07:49:04
/opt/airflow/dags/postgres-airflow-ingestion-dag.py                            1           0  0.27s           2026-04-01T07:49:05
================================================================================
[2026-04-01T07:50:00.652+0000] {manager.py:878} INFO - 
================================================================================
DAG File Processing Stats

File Path                                             PID    Runtime      # DAGs    # Errors  Last Runtime    Last Run
----------------------------------------------------  -----  ---------  --------  ----------  --------------  -------------------
/opt/airflow/dags/dag-dbt-transformation-pipeline.py                           1           0  0.42s           2026-04-01T07:49:35
/opt/airflow/dags/dag-spark-airflow-s3-ingestion.py                            1           0  0.39s           2026-04-01T07:49:35
/opt/airflow/dags/snowflake_pipeline_dag.py                                    1           0  0.37s           2026-04-01T07:49:36
/opt/airflow/dags/redshift-airflow-ingestion-dag.py                            1           0  0.37s           2026-04-01T07:49:36
/opt/airflow/dags/postgres-airflow-ingestion-dag.py                            1           0  0.31s           2026-04-01T07:49:36
================================================================================
[2026-04-01T07:50:31.185+0000] {manager.py:878} INFO - 
================================================================================
DAG File Processing Stats

File Path                                             PID    Runtime      # DAGs    # Errors  Last Runtime    Last Run
----------------------------------------------------  -----  ---------  --------  ----------  --------------  -------------------
/opt/airflow/dags/snowflake_pipeline_dag.py                                    1           0  0.31s           2026-04-01T07:50:06
/opt/airflow/dags/redshift-airflow-ingestion-dag.py                            1           0  0.30s           2026-04-01T07:50:07
/opt/airflow/dags/dag-dbt-transformation-pipeline.py                           1           0  0.26s           2026-04-01T07:50:06
/opt/airflow/dags/postgres-airflow-ingestion-dag.py                            1           0  0.26s           2026-04-01T07:50:07
/opt/airflow/dags/dag-spark-airflow-s3-ingestion.py                            1           0  0.24s           2026-04-01T07:50:06
================================================================================
[2026-04-01T07:50:48.182+0000] {manager.py:737} INFO - Searching for files in /opt/airflow/dags
[2026-04-01T07:50:48.395+0000] {manager.py:740} INFO - There are 5 files in /opt/airflow/dags
[2026-04-01T07:51:01.306+0000] {manager.py:878} INFO - 
================================================================================
DAG File Processing Stats

File Path                                             PID    Runtime      # DAGs    # Errors  Last Runtime    Last Run
----------------------------------------------------  -----  ---------  --------  ----------  --------------  -------------------
/opt/airflow/dags/snowflake_pipeline_dag.py                                    1           0  0.33s           2026-04-01T07:50:36
/opt/airflow/dags/dag-spark-airflow-s3-ingestion.py                            1           0  0.30s           2026-04-01T07:50:36
/opt/airflow/dags/dag-dbt-transformation-pipeline.py                           1           0  0.28s           2026-04-01T07:50:36
/opt/airflow/dags/redshift-airflow-ingestion-dag.py                            1           0  0.27s           2026-04-01T07:50:37
/opt/airflow/dags/postgres-airflow-ingestion-dag.py                            1           0  0.23s           2026-04-01T07:50:37
================================================================================
[2026-04-01T07:51:31.474+0000] {manager.py:878} INFO - 
================================================================================
DAG File Processing Stats

File Path                                             PID    Runtime      # DAGs    # Errors  Last Runtime    Last Run
----------------------------------------------------  -----  ---------  --------  ----------  --------------  -------------------
/opt/airflow/dags/dag-dbt-transformation-pipeline.py                           1           0  0.44s           2026-04-01T07:51:07
/opt/airflow/dags/dag-spark-airflow-s3-ingestion.py                            1           0  0.41s           2026-04-01T07:51:07
/opt/airflow/dags/redshift-airflow-ingestion-dag.py                            1           0  0.35s           2026-04-01T07:51:08
/opt/airflow/dags/postgres-airflow-ingestion-dag.py                            1           0  0.26s           2026-04-01T07:51:08
/opt/airflow/dags/snowflake_pipeline_dag.py                                    1           0  0.24s           2026-04-01T07:51:07
================================================================================
[2026-04-01T07:52:02.078+0000] {manager.py:878} INFO - 
================================================================================
DAG File Processing Stats

File Path                                             PID    Runtime      # DAGs    # Errors  Last Runtime    Last Run
----------------------------------------------------  -----  ---------  --------  ----------  --------------  -------------------
/opt/airflow/dags/dag-spark-airflow-s3-ingestion.py                            1           0  0.31s           2026-04-01T07:51:37
/opt/airflow/dags/redshift-airflow-ingestion-dag.py                            1           0  0.31s           2026-04-01T07:51:39
/opt/airflow/dags/snowflake_pipeline_dag.py                                    1           0  0.31s           2026-04-01T07:51:38
/opt/airflow/dags/dag-dbt-transformation-pipeline.py                           1           0  0.30s           2026-04-01T07:51:37
/opt/airflow/dags/postgres-airflow-ingestion-dag.py                            1           0  0.26s           2026-04-01T07:51:39
================================================================================
[2026-04-01T07:52:32.628+0000] {manager.py:878} INFO - 
================================================================================
DAG File Processing Stats

File Path                                             PID    Runtime      # DAGs    # Errors  Last Runtime    Last Run
----------------------------------------------------  -----  ---------  --------  ----------  --------------  -------------------
/opt/airflow/dags/redshift-airflow-ingestion-dag.py                            1           0  0.30s           2026-04-01T07:52:09
/opt/airflow/dags/dag-dbt-transformation-pipeline.py                           1           0  0.29s           2026-04-01T07:52:08
/opt/airflow/dags/snowflake_pipeline_dag.py                                    1           0  0.28s           2026-04-01T07:52:08
/opt/airflow/dags/postgres-airflow-ingestion-dag.py                            1           0  0.26s           2026-04-01T07:52:09
/opt/airflow/dags/dag-spark-airflow-s3-ingestion.py                            1           0  0.25s           2026-04-01T07:52:08
================================================================================
[2026-04-01T07:53:02.935+0000] {manager.py:878} INFO - 
================================================================================
DAG File Processing Stats

File Path                                             PID    Runtime      # DAGs    # Errors  Last Runtime    Last Run
----------------------------------------------------  -----  ---------  --------  ----------  --------------  -------------------
/opt/airflow/dags/snowflake_pipeline_dag.py                                    1           0  0.30s           2026-04-01T07:52:39
/opt/airflow/dags/redshift-airflow-ingestion-dag.py                            1           0  0.28s           2026-04-01T07:52:40
/opt/airflow/dags/dag-dbt-transformation-pipeline.py                           1           0  0.27s           2026-04-01T07:52:39
/opt/airflow/dags/dag-spark-airflow-s3-ingestion.py                            1           0  0.25s           2026-04-01T07:52:39
/opt/airflow/dags/postgres-airflow-ingestion-dag.py                            1           0  0.24s           2026-04-01T07:52:40
================================================================================
[2026-04-01T07:53:33.632+0000] {manager.py:878} INFO - 
================================================================================
DAG File Processing Stats

File Path                                             PID    Runtime      # DAGs    # Errors  Last Runtime    Last Run
----------------------------------------------------  -----  ---------  --------  ----------  --------------  -------------------
/opt/airflow/dags/redshift-airflow-ingestion-dag.py                            1           0  0.27s           2026-04-01T07:53:11
/opt/airflow/dags/snowflake_pipeline_dag.py                                    1           0  0.26s           2026-04-01T07:53:09
/opt/airflow/dags/dag-dbt-transformation-pipeline.py                           1           0  0.25s           2026-04-01T07:53:09
/opt/airflow/dags/dag-spark-airflow-s3-ingestion.py                            1           0  0.25s           2026-04-01T07:53:09
/opt/airflow/dags/postgres-airflow-ingestion-dag.py                            1           0  0.23s           2026-04-01T07:53:10
================================================================================
[2026-04-01T07:54:04.162+0000] {manager.py:878} INFO - 
================================================================================
DAG File Processing Stats

File Path                                             PID    Runtime      # DAGs    # Errors  Last Runtime    Last Run
----------------------------------------------------  -----  ---------  --------  ----------  --------------  -------------------
/opt/airflow/dags/dag-dbt-transformation-pipeline.py                           1           0  0.32s           2026-04-01T07:53:40
/opt/airflow/dags/snowflake_pipeline_dag.py                                    1           0  0.30s           2026-04-01T07:53:40
/opt/airflow/dags/redshift-airflow-ingestion-dag.py                            1           0  0.29s           2026-04-01T07:53:41
/opt/airflow/dags/dag-spark-airflow-s3-ingestion.py                            1           0  0.28s           2026-04-01T07:53:40
/opt/airflow/dags/postgres-airflow-ingestion-dag.py                            1           0  0.24s           2026-04-01T07:53:41
================================================================================
[2026-04-01T07:54:34.526+0000] {manager.py:878} INFO - 
================================================================================
DAG File Processing Stats

File Path                                             PID    Runtime      # DAGs    # Errors  Last Runtime    Last Run
----------------------------------------------------  -----  ---------  --------  ----------  --------------  -------------------
/opt/airflow/dags/snowflake_pipeline_dag.py                                    1           0  0.30s           2026-04-01T07:54:11
/opt/airflow/dags/redshift-airflow-ingestion-dag.py                            1           0  0.28s           2026-04-01T07:54:12
/opt/airflow/dags/dag-dbt-transformation-pipeline.py                           1           0  0.27s           2026-04-01T07:54:10
/opt/airflow/dags/postgres-airflow-ingestion-dag.py                            1           0  0.25s           2026-04-01T07:54:12
/opt/airflow/dags/dag-spark-airflow-s3-ingestion.py                            1           0  0.25s           2026-04-01T07:54:10
================================================================================
[2026-04-01T07:55:05.101+0000] {manager.py:878} INFO - 
================================================================================
DAG File Processing Stats

File Path                                             PID    Runtime      # DAGs    # Errors  Last Runtime    Last Run
----------------------------------------------------  -----  ---------  --------  ----------  --------------  -------------------
/opt/airflow/dags/snowflake_pipeline_dag.py                                    1           0  0.37s           2026-04-01T07:54:42
/opt/airflow/dags/redshift-airflow-ingestion-dag.py                            1           0  0.37s           2026-04-01T07:54:42
/opt/airflow/dags/postgres-airflow-ingestion-dag.py                            1           0  0.29s           2026-04-01T07:54:42
/opt/airflow/dags/dag-dbt-transformation-pipeline.py                           1           0  0.25s           2026-04-01T07:54:40
/opt/airflow/dags/dag-spark-airflow-s3-ingestion.py                            1           0  0.24s           2026-04-01T07:54:40
================================================================================
[2026-04-01T07:55:35.627+0000] {manager.py:878} INFO - 
================================================================================
DAG File Processing Stats

File Path                                             PID    Runtime      # DAGs    # Errors  Last Runtime    Last Run
----------------------------------------------------  -----  ---------  --------  ----------  --------------  -------------------
/opt/airflow/dags/snowflake_pipeline_dag.py                                    1           0  0.30s           2026-04-01T07:55:12
/opt/airflow/dags/redshift-airflow-ingestion-dag.py                            1           0  0.29s           2026-04-01T07:55:12
/opt/airflow/dags/dag-dbt-transformation-pipeline.py                           1           0  0.25s           2026-04-01T07:55:11
/opt/airflow/dags/dag-spark-airflow-s3-ingestion.py                            1           0  0.23s           2026-04-01T07:55:11
/opt/airflow/dags/postgres-airflow-ingestion-dag.py                            1           0  0.22s           2026-04-01T07:55:12
================================================================================
[2026-04-01T07:55:48.471+0000] {manager.py:737} INFO - Searching for files in /opt/airflow/dags
[2026-04-01T07:55:48.690+0000] {manager.py:740} INFO - There are 5 files in /opt/airflow/dags
[2026-04-01T07:56:06.269+0000] {manager.py:878} INFO - 
================================================================================
DAG File Processing Stats

File Path                                             PID    Runtime      # DAGs    # Errors  Last Runtime    Last Run
----------------------------------------------------  -----  ---------  --------  ----------  --------------  -------------------
/opt/airflow/dags/snowflake_pipeline_dag.py                                    1           0  0.37s           2026-04-01T07:55:43
/opt/airflow/dags/dag-dbt-transformation-pipeline.py                           1           0  0.37s           2026-04-01T07:55:42
/opt/airflow/dags/dag-spark-airflow-s3-ingestion.py                            1           0  0.35s           2026-04-01T07:55:42
/opt/airflow/dags/redshift-airflow-ingestion-dag.py                            1           0  0.34s           2026-04-01T07:55:43
/opt/airflow/dags/postgres-airflow-ingestion-dag.py                            1           0  0.27s           2026-04-01T07:55:43
================================================================================
[2026-04-01T07:56:36.610+0000] {manager.py:878} INFO - 
================================================================================
DAG File Processing Stats

File Path                                             PID    Runtime      # DAGs    # Errors  Last Runtime    Last Run
----------------------------------------------------  -----  ---------  --------  ----------  --------------  -------------------
/opt/airflow/dags/dag-dbt-transformation-pipeline.py                           1           0  0.42s           2026-04-01T07:56:12
/opt/airflow/dags/dag-spark-airflow-s3-ingestion.py                            1           0  0.40s           2026-04-01T07:56:12
/opt/airflow/dags/snowflake_pipeline_dag.py                                    1           0  0.39s           2026-04-01T07:56:14
/opt/airflow/dags/redshift-airflow-ingestion-dag.py                            1           0  0.37s           2026-04-01T07:56:14
/opt/airflow/dags/postgres-airflow-ingestion-dag.py                            1           0  0.30s           2026-04-01T07:56:14
================================================================================
[2026-04-01T07:57:06.704+0000] {manager.py:878} INFO - 
================================================================================
DAG File Processing Stats

File Path                                             PID    Runtime      # DAGs    # Errors  Last Runtime    Last Run
----------------------------------------------------  -----  ---------  --------  ----------  --------------  -------------------
/opt/airflow/dags/snowflake_pipeline_dag.py                                    1           0  0.48s           2026-04-01T07:56:44
/opt/airflow/dags/redshift-airflow-ingestion-dag.py                            1           0  0.46s           2026-04-01T07:56:44
/opt/airflow/dags/postgres-airflow-ingestion-dag.py                            1           0  0.35s           2026-04-01T07:56:45
/opt/airflow/dags/dag-dbt-transformation-pipeline.py                           1           0  0.25s           2026-04-01T07:56:43
/opt/airflow/dags/dag-spark-airflow-s3-ingestion.py                            1           0  0.24s           2026-04-01T07:56:43
================================================================================
[2026-04-01T07:57:36.820+0000] {manager.py:878} INFO - 
================================================================================
DAG File Processing Stats

File Path                                             PID    Runtime      # DAGs    # Errors  Last Runtime    Last Run
----------------------------------------------------  -----  ---------  --------  ----------  --------------  -------------------
/opt/airflow/dags/redshift-airflow-ingestion-dag.py                            1           0  0.36s           2026-04-01T07:57:15
/opt/airflow/dags/snowflake_pipeline_dag.py                                    1           0  0.35s           2026-04-01T07:57:15
/opt/airflow/dags/dag-dbt-transformation-pipeline.py                           1           0  0.29s           2026-04-01T07:57:13
/opt/airflow/dags/dag-spark-airflow-s3-ingestion.py                            1           0  0.27s           2026-04-01T07:57:13
/opt/airflow/dags/postgres-airflow-ingestion-dag.py                            1           0  0.24s           2026-04-01T07:57:15
================================================================================
[2026-04-01T07:58:07.248+0000] {manager.py:878} INFO - 
================================================================================
DAG File Processing Stats

File Path                                             PID    Runtime      # DAGs    # Errors  Last Runtime    Last Run
----------------------------------------------------  -----  ---------  --------  ----------  --------------  -------------------
/opt/airflow/dags/snowflake_pipeline_dag.py                                    1           0  0.28s           2026-04-01T07:57:45
/opt/airflow/dags/dag-dbt-transformation-pipeline.py                           1           0  0.27s           2026-04-01T07:57:44
/opt/airflow/dags/postgres-airflow-ingestion-dag.py                            1           0  0.26s           2026-04-01T07:57:45
/opt/airflow/dags/redshift-airflow-ingestion-dag.py                            1           0  0.25s           2026-04-01T07:57:45
/opt/airflow/dags/dag-spark-airflow-s3-ingestion.py                            1           0  0.24s           2026-04-01T07:57:44
================================================================================
[2026-04-01T07:58:37.737+0000] {manager.py:878} INFO - 
================================================================================
DAG File Processing Stats

File Path                                             PID    Runtime      # DAGs    # Errors  Last Runtime    Last Run
----------------------------------------------------  -----  ---------  --------  ----------  --------------  -------------------
/opt/airflow/dags/snowflake_pipeline_dag.py                                    1           0  0.34s           2026-04-01T07:58:16
/opt/airflow/dags/redshift-airflow-ingestion-dag.py                            1           0  0.32s           2026-04-01T07:58:16
/opt/airflow/dags/dag-dbt-transformation-pipeline.py                           1           0  0.27s           2026-04-01T07:58:14
/opt/airflow/dags/postgres-airflow-ingestion-dag.py                            1           0  0.25s           2026-04-01T07:58:16
/opt/airflow/dags/dag-spark-airflow-s3-ingestion.py                            1           0  0.23s           2026-04-01T07:58:14
================================================================================
[2026-04-01T07:59:08.223+0000] {manager.py:878} INFO - 
================================================================================
DAG File Processing Stats

File Path                                             PID    Runtime      # DAGs    # Errors  Last Runtime    Last Run
----------------------------------------------------  -----  ---------  --------  ----------  --------------  -------------------
/opt/airflow/dags/postgres-airflow-ingestion-dag.py                            1           0  0.35s           2026-04-01T07:58:47
/opt/airflow/dags/redshift-airflow-ingestion-dag.py                            1           0  0.34s           2026-04-01T07:58:46
/opt/airflow/dags/snowflake_pipeline_dag.py                                    1           0  0.33s           2026-04-01T07:58:46
/opt/airflow/dags/dag-dbt-transformation-pipeline.py                           1           0  0.27s           2026-04-01T07:58:45
/opt/airflow/dags/dag-spark-airflow-s3-ingestion.py                            1           0  0.24s           2026-04-01T07:58:45
================================================================================
[2026-04-01T07:59:38.968+0000] {manager.py:878} INFO - 
================================================================================
DAG File Processing Stats

File Path                                             PID    Runtime      # DAGs    # Errors  Last Runtime    Last Run
----------------------------------------------------  -----  ---------  --------  ----------  --------------  -------------------
/opt/airflow/dags/snowflake_pipeline_dag.py                                    1           0  0.44s           2026-04-01T07:59:17
/opt/airflow/dags/dag-dbt-transformation-pipeline.py                           1           0  0.44s           2026-04-01T07:59:15
/opt/airflow/dags/redshift-airflow-ingestion-dag.py                            1           0  0.43s           2026-04-01T07:59:17
/opt/airflow/dags/dag-spark-airflow-s3-ingestion.py                            1           0  0.39s           2026-04-01T07:59:15
/opt/airflow/dags/postgres-airflow-ingestion-dag.py                            1           0  0.27s           2026-04-01T07:59:17
================================================================================
[2026-04-01T08:00:09.376+0000] {manager.py:878} INFO - 
================================================================================
DAG File Processing Stats

File Path                                             PID    Runtime      # DAGs    # Errors  Last Runtime    Last Run
----------------------------------------------------  -----  ---------  --------  ----------  --------------  -------------------
/opt/airflow/dags/dag-dbt-transformation-pipeline.py                           1           0  0.29s           2026-04-01T07:59:46
/opt/airflow/dags/dag-spark-airflow-s3-ingestion.py                            1           0  0.27s           2026-04-01T07:59:46
/opt/airflow/dags/snowflake_pipeline_dag.py                                    1           0  0.26s           2026-04-01T07:59:47
/opt/airflow/dags/postgres-airflow-ingestion-dag.py                            1           0  0.24s           2026-04-01T07:59:48
/opt/airflow/dags/redshift-airflow-ingestion-dag.py                            1           0  0.23s           2026-04-01T07:59:47
================================================================================
[2026-04-01T08:00:39.892+0000] {manager.py:878} INFO - 
================================================================================
DAG File Processing Stats

File Path                                             PID    Runtime      # DAGs    # Errors  Last Runtime    Last Run
----------------------------------------------------  -----  ---------  --------  ----------  --------------  -------------------
/opt/airflow/dags/snowflake_pipeline_dag.py                                    1           0  0.39s           2026-04-01T08:00:18
/opt/airflow/dags/dag-dbt-transformation-pipeline.py                           1           0  0.36s           2026-04-01T08:00:16
/opt/airflow/dags/redshift-airflow-ingestion-dag.py                            1           0  0.35s           2026-04-01T08:00:18
/opt/airflow/dags/dag-spark-airflow-s3-ingestion.py                            1           0  0.35s           2026-04-01T08:00:16
/opt/airflow/dags/postgres-airflow-ingestion-dag.py                            1           0  0.31s           2026-04-01T08:00:18
================================================================================
[2026-04-01T08:00:48.544+0000] {manager.py:737} INFO - Searching for files in /opt/airflow/dags
[2026-04-01T08:00:48.743+0000] {manager.py:740} INFO - There are 5 files in /opt/airflow/dags
[2026-04-01T08:01:09.937+0000] {manager.py:878} INFO - 
================================================================================
DAG File Processing Stats

File Path                                             PID    Runtime      # DAGs    # Errors  Last Runtime    Last Run
----------------------------------------------------  -----  ---------  --------  ----------  --------------  -------------------
/opt/airflow/dags/postgres-airflow-ingestion-dag.py                            1           0  0.48s           2026-04-01T08:00:49
/opt/airflow/dags/snowflake_pipeline_dag.py                                    1           0  0.42s           2026-04-01T08:00:48
/opt/airflow/dags/redshift-airflow-ingestion-dag.py                            1           0  0.36s           2026-04-01T08:00:48
/opt/airflow/dags/dag-spark-airflow-s3-ingestion.py                            1           0  0.34s           2026-04-01T08:00:47
/opt/airflow/dags/dag-dbt-transformation-pipeline.py                           1           0  0.34s           2026-04-01T08:00:47
================================================================================
[2026-04-01T08:01:40.003+0000] {manager.py:878} INFO - 
================================================================================
DAG File Processing Stats

File Path                                             PID    Runtime      # DAGs    # Errors  Last Runtime    Last Run
----------------------------------------------------  -----  ---------  --------  ----------  --------------  -------------------
/opt/airflow/dags/dag-dbt-transformation-pipeline.py                           1           0  0.37s           2026-04-01T08:01:18
/opt/airflow/dags/redshift-airflow-ingestion-dag.py                            1           0  0.34s           2026-04-01T08:01:19
/opt/airflow/dags/snowflake_pipeline_dag.py                                    1           0  0.34s           2026-04-01T08:01:19
/opt/airflow/dags/dag-spark-airflow-s3-ingestion.py                            1           0  0.34s           2026-04-01T08:01:18
/opt/airflow/dags/postgres-airflow-ingestion-dag.py                            1           0  0.28s           2026-04-01T08:01:19
================================================================================
[2026-04-01T08:02:10.553+0000] {manager.py:878} INFO - 
================================================================================
DAG File Processing Stats

File Path                                             PID    Runtime      # DAGs    # Errors  Last Runtime    Last Run
----------------------------------------------------  -----  ---------  --------  ----------  --------------  -------------------
/opt/airflow/dags/snowflake_pipeline_dag.py                                    1           0  0.39s           2026-04-01T08:01:49
/opt/airflow/dags/postgres-airflow-ingestion-dag.py                            1           0  0.37s           2026-04-01T08:01:50
/opt/airflow/dags/redshift-airflow-ingestion-dag.py                            1           0  0.35s           2026-04-01T08:01:49
/opt/airflow/dags/dag-dbt-transformation-pipeline.py                           1           0  0.30s           2026-04-01T08:01:48
/opt/airflow/dags/dag-spark-airflow-s3-ingestion.py                            1           0  0.28s           2026-04-01T08:01:48
================================================================================
[2026-04-01T08:02:41.038+0000] {manager.py:878} INFO - 
================================================================================
DAG File Processing Stats

File Path                                             PID    Runtime      # DAGs    # Errors  Last Runtime    Last Run
----------------------------------------------------  -----  ---------  --------  ----------  --------------  -------------------
/opt/airflow/dags/dag-dbt-transformation-pipeline.py                           1           0  0.42s           2026-04-01T08:02:19
/opt/airflow/dags/dag-spark-airflow-s3-ingestion.py                            1           0  0.38s           2026-04-01T08:02:19
/opt/airflow/dags/redshift-airflow-ingestion-dag.py                            1           0  0.32s           2026-04-01T08:02:20
/opt/airflow/dags/snowflake_pipeline_dag.py                                    1           0  0.31s           2026-04-01T08:02:20
/opt/airflow/dags/postgres-airflow-ingestion-dag.py                            1           0  0.26s           2026-04-01T08:02:20
================================================================================
[2026-04-01T08:03:11.522+0000] {manager.py:878} INFO - 
================================================================================
DAG File Processing Stats

File Path                                             PID    Runtime      # DAGs    # Errors  Last Runtime    Last Run
----------------------------------------------------  -----  ---------  --------  ----------  --------------  -------------------
/opt/airflow/dags/redshift-airflow-ingestion-dag.py                            1           0  0.37s           2026-04-01T08:02:51
/opt/airflow/dags/snowflake_pipeline_dag.py                                    1           0  0.36s           2026-04-01T08:02:51
/opt/airflow/dags/postgres-airflow-ingestion-dag.py                            1           0  0.35s           2026-04-01T08:02:51
/opt/airflow/dags/dag-dbt-transformation-pipeline.py                           1           0  0.24s           2026-04-01T08:02:49
/opt/airflow/dags/dag-spark-airflow-s3-ingestion.py                            1           0  0.23s           2026-04-01T08:02:49
================================================================================
[2026-04-01T08:03:41.768+0000] {manager.py:878} INFO - 
================================================================================
DAG File Processing Stats

File Path                                             PID    Runtime      # DAGs    # Errors  Last Runtime    Last Run
----------------------------------------------------  -----  ---------  --------  ----------  --------------  -------------------
/opt/airflow/dags/postgres-airflow-ingestion-dag.py                            1           0  0.33s           2026-04-01T08:03:22
/opt/airflow/dags/snowflake_pipeline_dag.py                                    1           0  0.32s           2026-04-01T08:03:22
/opt/airflow/dags/redshift-airflow-ingestion-dag.py                            1           0  0.31s           2026-04-01T08:03:22
/opt/airflow/dags/dag-dbt-transformation-pipeline.py                           1           0  0.29s           2026-04-01T08:03:19
/opt/airflow/dags/dag-spark-airflow-s3-ingestion.py                            1           0  0.28s           2026-04-01T08:03:19
================================================================================
[2026-04-01T08:04:12.266+0000] {manager.py:878} INFO - 
================================================================================
DAG File Processing Stats

File Path                                             PID    Runtime      # DAGs    # Errors  Last Runtime    Last Run
----------------------------------------------------  -----  ---------  --------  ----------  --------------  -------------------
/opt/airflow/dags/snowflake_pipeline_dag.py                                    1           0  0.31s           2026-04-01T08:03:52
/opt/airflow/dags/redshift-airflow-ingestion-dag.py                            1           0  0.30s           2026-04-01T08:03:52
/opt/airflow/dags/postgres-airflow-ingestion-dag.py                            1           0  0.29s           2026-04-01T08:03:53
/opt/airflow/dags/dag-spark-airflow-s3-ingestion.py                            1           0  0.28s           2026-04-01T08:03:50
/opt/airflow/dags/dag-dbt-transformation-pipeline.py                           1           0  0.27s           2026-04-01T08:03:50
================================================================================
[2026-04-01T08:04:42.908+0000] {manager.py:878} INFO - 
================================================================================
DAG File Processing Stats

File Path                                             PID    Runtime      # DAGs    # Errors  Last Runtime    Last Run
----------------------------------------------------  -----  ---------  --------  ----------  --------------  -------------------
/opt/airflow/dags/redshift-airflow-ingestion-dag.py                            1           0  0.36s           2026-04-01T08:04:23
/opt/airflow/dags/snowflake_pipeline_dag.py                                    1           0  0.35s           2026-04-01T08:04:23
/opt/airflow/dags/postgres-airflow-ingestion-dag.py                            1           0  0.32s           2026-04-01T08:04:23
/opt/airflow/dags/dag-dbt-transformation-pipeline.py                           1           0  0.30s           2026-04-01T08:04:20
/opt/airflow/dags/dag-spark-airflow-s3-ingestion.py                            1           0  0.25s           2026-04-01T08:04:21
================================================================================
[2026-04-01T08:05:13.428+0000] {manager.py:878} INFO - 
================================================================================
DAG File Processing Stats

File Path                                             PID    Runtime      # DAGs    # Errors  Last Runtime    Last Run
----------------------------------------------------  -----  ---------  --------  ----------  --------------  -------------------
/opt/airflow/dags/snowflake_pipeline_dag.py                                    1           0  0.31s           2026-04-01T08:04:53
/opt/airflow/dags/dag-dbt-transformation-pipeline.py                           1           0  0.30s           2026-04-01T08:04:51
/opt/airflow/dags/redshift-airflow-ingestion-dag.py                            1           0  0.28s           2026-04-01T08:04:53
/opt/airflow/dags/postgres-airflow-ingestion-dag.py                            1           0  0.28s           2026-04-01T08:04:54
/opt/airflow/dags/dag-spark-airflow-s3-ingestion.py                            1           0  0.27s           2026-04-01T08:04:51
================================================================================
[2026-04-01T08:05:43.733+0000] {manager.py:878} INFO - 
================================================================================
DAG File Processing Stats

File Path                                             PID    Runtime      # DAGs    # Errors  Last Runtime    Last Run
----------------------------------------------------  -----  ---------  --------  ----------  --------------  -------------------
/opt/airflow/dags/snowflake_pipeline_dag.py                                    1           0  0.34s           2026-04-01T08:05:24
/opt/airflow/dags/postgres-airflow-ingestion-dag.py                            1           0  0.30s           2026-04-01T08:05:24
/opt/airflow/dags/redshift-airflow-ingestion-dag.py                            1           0  0.28s           2026-04-01T08:05:24
/opt/airflow/dags/dag-spark-airflow-s3-ingestion.py                            1           0  0.28s           2026-04-01T08:05:22
/opt/airflow/dags/dag-dbt-transformation-pipeline.py                           1           0  0.24s           2026-04-01T08:05:21
================================================================================
[2026-04-01T08:05:48.865+0000] {manager.py:737} INFO - Searching for files in /opt/airflow/dags
[2026-04-01T08:05:49.313+0000] {manager.py:740} INFO - There are 5 files in /opt/airflow/dags
[2026-04-01T08:06:13.770+0000] {manager.py:878} INFO - 
================================================================================
DAG File Processing Stats

File Path                                             PID    Runtime      # DAGs    # Errors  Last Runtime    Last Run
----------------------------------------------------  -----  ---------  --------  ----------  --------------  -------------------
/opt/airflow/dags/dag-dbt-transformation-pipeline.py                           1           0  0.33s           2026-04-01T08:05:52
/opt/airflow/dags/dag-spark-airflow-s3-ingestion.py                            1           0  0.32s           2026-04-01T08:05:52
/opt/airflow/dags/postgres-airflow-ingestion-dag.py                            1           0  0.31s           2026-04-01T08:05:55
/opt/airflow/dags/snowflake_pipeline_dag.py                                    1           0  0.29s           2026-04-01T08:05:54
/opt/airflow/dags/redshift-airflow-ingestion-dag.py                            1           0  0.29s           2026-04-01T08:05:54
================================================================================
[2026-04-01T08:06:44.105+0000] {manager.py:878} INFO - 
================================================================================
DAG File Processing Stats

File Path                                             PID    Runtime      # DAGs    # Errors  Last Runtime    Last Run
----------------------------------------------------  -----  ---------  --------  ----------  --------------  -------------------
/opt/airflow/dags/redshift-airflow-ingestion-dag.py                            1           0  0.35s           2026-04-01T08:06:25
/opt/airflow/dags/postgres-airflow-ingestion-dag.py                            1           0  0.35s           2026-04-01T08:06:25
/opt/airflow/dags/snowflake_pipeline_dag.py                                    1           0  0.34s           2026-04-01T08:06:25
/opt/airflow/dags/dag-dbt-transformation-pipeline.py                           1           0  0.28s           2026-04-01T08:06:23
/opt/airflow/dags/dag-spark-airflow-s3-ingestion.py                            1           0  0.27s           2026-04-01T08:06:23
================================================================================
[2026-04-01T08:07:14.619+0000] {manager.py:878} INFO - 
================================================================================
DAG File Processing Stats

File Path                                             PID    Runtime      # DAGs    # Errors  Last Runtime    Last Run
----------------------------------------------------  -----  ---------  --------  ----------  --------------  -------------------
/opt/airflow/dags/redshift-airflow-ingestion-dag.py                            1           0  0.38s           2026-04-01T08:06:56
/opt/airflow/dags/snowflake_pipeline_dag.py                                    1           0  0.36s           2026-04-01T08:06:56
/opt/airflow/dags/dag-dbt-transformation-pipeline.py                           1           0  0.30s           2026-04-01T08:06:54
/opt/airflow/dags/dag-spark-airflow-s3-ingestion.py                            1           0  0.28s           2026-04-01T08:06:54
/opt/airflow/dags/postgres-airflow-ingestion-dag.py                            1           0  0.27s           2026-04-01T08:06:56
================================================================================
[2026-04-01T08:07:45.054+0000] {manager.py:878} INFO - 
================================================================================
DAG File Processing Stats

File Path                                             PID    Runtime      # DAGs    # Errors  Last Runtime    Last Run
----------------------------------------------------  -----  ---------  --------  ----------  --------------  -------------------
/opt/airflow/dags/postgres-airflow-ingestion-dag.py                            1           0  0.34s           2026-04-01T08:07:27
/opt/airflow/dags/dag-dbt-transformation-pipeline.py                           1           0  0.32s           2026-04-01T08:07:25
/opt/airflow/dags/redshift-airflow-ingestion-dag.py                            1           0  0.31s           2026-04-01T08:07:27
/opt/airflow/dags/dag-spark-airflow-s3-ingestion.py                            1           0  0.30s           2026-04-01T08:07:25
/opt/airflow/dags/snowflake_pipeline_dag.py                                    1           0  0.30s           2026-04-01T08:07:27
================================================================================
[2026-04-01T08:08:15.605+0000] {manager.py:878} INFO - 
================================================================================
DAG File Processing Stats

File Path                                             PID    Runtime      # DAGs    # Errors  Last Runtime    Last Run
----------------------------------------------------  -----  ---------  --------  ----------  --------------  -------------------
/opt/airflow/dags/snowflake_pipeline_dag.py                                    1           0  0.33s           2026-04-01T08:07:58
/opt/airflow/dags/dag-dbt-transformation-pipeline.py                           1           0  0.29s           2026-04-01T08:07:55
/opt/airflow/dags/dag-spark-airflow-s3-ingestion.py                            1           0  0.29s           2026-04-01T08:07:55
/opt/airflow/dags/postgres-airflow-ingestion-dag.py                            1           0  0.29s           2026-04-01T08:07:58
/opt/airflow/dags/redshift-airflow-ingestion-dag.py                            1           0  0.28s           2026-04-01T08:07:58
================================================================================
[2026-04-01T08:08:46.182+0000] {manager.py:878} INFO - 
================================================================================
DAG File Processing Stats

File Path                                             PID    Runtime      # DAGs    # Errors  Last Runtime    Last Run
----------------------------------------------------  -----  ---------  --------  ----------  --------------  -------------------
/opt/airflow/dags/redshift-airflow-ingestion-dag.py                            1           0  0.43s           2026-04-01T08:08:28
/opt/airflow/dags/snowflake_pipeline_dag.py                                    1           0  0.42s           2026-04-01T08:08:28
/opt/airflow/dags/postgres-airflow-ingestion-dag.py                            1           0  0.36s           2026-04-01T08:08:29
/opt/airflow/dags/dag-dbt-transformation-pipeline.py                           1           0  0.25s           2026-04-01T08:08:26
/opt/airflow/dags/dag-spark-airflow-s3-ingestion.py                            1           0  0.25s           2026-04-01T08:08:26
================================================================================
[2026-04-01T08:09:16.601+0000] {manager.py:878} INFO - 
================================================================================
DAG File Processing Stats

File Path                                             PID    Runtime      # DAGs    # Errors  Last Runtime    Last Run
----------------------------------------------------  -----  ---------  --------  ----------  --------------  -------------------
/opt/airflow/dags/snowflake_pipeline_dag.py                                    1           0  0.30s           2026-04-01T08:08:59
/opt/airflow/dags/postgres-airflow-ingestion-dag.py                            1           0  0.30s           2026-04-01T08:09:00
/opt/airflow/dags/redshift-airflow-ingestion-dag.py                            1           0  0.29s           2026-04-01T08:08:59
/opt/airflow/dags/dag-dbt-transformation-pipeline.py                           1           0  0.26s           2026-04-01T08:08:56
/opt/airflow/dags/dag-spark-airflow-s3-ingestion.py                            1           0  0.25s           2026-04-01T08:08:56
================================================================================
[2026-04-01T08:09:47.282+0000] {manager.py:878} INFO - 
================================================================================
DAG File Processing Stats

File Path                                             PID    Runtime      # DAGs    # Errors  Last Runtime    Last Run
----------------------------------------------------  -----  ---------  --------  ----------  --------------  -------------------
/opt/airflow/dags/dag-dbt-transformation-pipeline.py                           1           0  0.42s           2026-04-01T08:09:27
/opt/airflow/dags/dag-spark-airflow-s3-ingestion.py                            1           0  0.40s           2026-04-01T08:09:27
/opt/airflow/dags/snowflake_pipeline_dag.py                                    1           0  0.32s           2026-04-01T08:09:29
/opt/airflow/dags/redshift-airflow-ingestion-dag.py                            1           0  0.31s           2026-04-01T08:09:29
/opt/airflow/dags/postgres-airflow-ingestion-dag.py                            1           0  0.28s           2026-04-01T08:09:31
================================================================================
[2026-04-01T08:10:17.748+0000] {manager.py:878} INFO - 
================================================================================
DAG File Processing Stats

File Path                                             PID    Runtime      # DAGs    # Errors  Last Runtime    Last Run
----------------------------------------------------  -----  ---------  --------  ----------  --------------  -------------------
/opt/airflow/dags/snowflake_pipeline_dag.py                                    1           0  0.45s           2026-04-01T08:10:00
/opt/airflow/dags/redshift-airflow-ingestion-dag.py                            1           0  0.45s           2026-04-01T08:10:00
/opt/airflow/dags/dag-dbt-transformation-pipeline.py                           1           0  0.31s           2026-04-01T08:09:57
/opt/airflow/dags/dag-spark-airflow-s3-ingestion.py                            1           0  0.29s           2026-04-01T08:09:57
/opt/airflow/dags/postgres-airflow-ingestion-dag.py                            1           0  0.25s           2026-04-01T08:10:01
================================================================================
[2026-04-01T08:10:47.989+0000] {manager.py:878} INFO - 
================================================================================
DAG File Processing Stats

File Path                                             PID    Runtime      # DAGs    # Errors  Last Runtime    Last Run
----------------------------------------------------  -----  ---------  --------  ----------  --------------  -------------------
/opt/airflow/dags/snowflake_pipeline_dag.py                                    1           0  0.33s           2026-04-01T08:10:31
/opt/airflow/dags/redshift-airflow-ingestion-dag.py                            1           0  0.30s           2026-04-01T08:10:31
/opt/airflow/dags/dag-dbt-transformation-pipeline.py                           1           0  0.28s           2026-04-01T08:10:28
/opt/airflow/dags/postgres-airflow-ingestion-dag.py                            1           0  0.25s           2026-04-01T08:10:32
/opt/airflow/dags/dag-spark-airflow-s3-ingestion.py                            1           0  0.25s           2026-04-01T08:10:28
================================================================================
[2026-04-01T08:10:48.998+0000] {manager.py:737} INFO - Searching for files in /opt/airflow/dags
[2026-04-01T08:10:49.364+0000] {manager.py:740} INFO - There are 5 files in /opt/airflow/dags
[2026-04-01T08:11:18.545+0000] {manager.py:878} INFO - 
================================================================================
DAG File Processing Stats

File Path                                             PID    Runtime      # DAGs    # Errors  Last Runtime    Last Run
----------------------------------------------------  -----  ---------  --------  ----------  --------------  -------------------
/opt/airflow/dags/postgres-airflow-ingestion-dag.py                            1           0  0.39s           2026-04-01T08:11:03
/opt/airflow/dags/snowflake_pipeline_dag.py                                    1           0  0.28s           2026-04-01T08:11:02
/opt/airflow/dags/dag-dbt-transformation-pipeline.py                           1           0  0.27s           2026-04-01T08:10:58
/opt/airflow/dags/redshift-airflow-ingestion-dag.py                            1           0  0.27s           2026-04-01T08:11:02
/opt/airflow/dags/dag-spark-airflow-s3-ingestion.py                            1           0  0.25s           2026-04-01T08:10:58
================================================================================
[2026-04-01T08:11:48.720+0000] {manager.py:878} INFO - 
================================================================================
DAG File Processing Stats

File Path                                             PID    Runtime      # DAGs    # Errors  Last Runtime    Last Run
----------------------------------------------------  -----  ---------  --------  ----------  --------------  -------------------
/opt/airflow/dags/postgres-airflow-ingestion-dag.py                            1           0  0.60s           2026-04-01T08:11:34
/opt/airflow/dags/snowflake_pipeline_dag.py                                    1           0  0.33s           2026-04-01T08:11:32
/opt/airflow/dags/redshift-airflow-ingestion-dag.py                            1           0  0.29s           2026-04-01T08:11:32
/opt/airflow/dags/dag-dbt-transformation-pipeline.py                           1           0  0.28s           2026-04-01T08:11:29
/opt/airflow/dags/dag-spark-airflow-s3-ingestion.py                            1           0  0.27s           2026-04-01T08:11:29
================================================================================
[2026-04-01T08:12:19.160+0000] {manager.py:878} INFO - 
================================================================================
DAG File Processing Stats

File Path                                             PID    Runtime      # DAGs    # Errors  Last Runtime    Last Run
----------------------------------------------------  -----  ---------  --------  ----------  --------------  -------------------
/opt/airflow/dags/snowflake_pipeline_dag.py                                    1           0  0.53s           2026-04-01T08:12:03
/opt/airflow/dags/redshift-airflow-ingestion-dag.py                            1           0  0.48s           2026-04-01T08:12:03
/opt/airflow/dags/postgres-airflow-ingestion-dag.py                            1           0  0.29s           2026-04-01T08:12:05
/opt/airflow/dags/dag-dbt-transformation-pipeline.py                           1           0  0.28s           2026-04-01T08:11:59
/opt/airflow/dags/dag-spark-airflow-s3-ingestion.py                            1           0  0.26s           2026-04-01T08:11:59
================================================================================
[2026-04-01T08:12:49.798+0000] {manager.py:878} INFO - 
================================================================================
DAG File Processing Stats

File Path                                             PID    Runtime      # DAGs    # Errors  Last Runtime    Last Run
----------------------------------------------------  -----  ---------  --------  ----------  --------------  -------------------
/opt/airflow/dags/dag-dbt-transformation-pipeline.py                           1           0  0.37s           2026-04-01T08:12:30
/opt/airflow/dags/dag-spark-airflow-s3-ingestion.py                            1           0  0.32s           2026-04-01T08:12:30
/opt/airflow/dags/snowflake_pipeline_dag.py                                    1           0  0.31s           2026-04-01T08:12:34
/opt/airflow/dags/redshift-airflow-ingestion-dag.py                            1           0  0.29s           2026-04-01T08:12:34
/opt/airflow/dags/postgres-airflow-ingestion-dag.py                            1           0  0.27s           2026-04-01T08:12:35
================================================================================
[2026-04-01T08:13:20.158+0000] {manager.py:878} INFO - 
================================================================================
DAG File Processing Stats

File Path                                             PID    Runtime      # DAGs    # Errors  Last Runtime    Last Run
----------------------------------------------------  -----  ---------  --------  ----------  --------------  -------------------
/opt/airflow/dags/postgres-airflow-ingestion-dag.py                            1           0  0.34s           2026-04-01T08:13:05
/opt/airflow/dags/snowflake_pipeline_dag.py                                    1           0  0.30s           2026-04-01T08:13:04
/opt/airflow/dags/redshift-airflow-ingestion-dag.py                            1           0  0.29s           2026-04-01T08:13:04
/opt/airflow/dags/dag-dbt-transformation-pipeline.py                           1           0  0.27s           2026-04-01T08:13:01
/opt/airflow/dags/dag-spark-airflow-s3-ingestion.py                            1           0  0.25s           2026-04-01T08:13:01
================================================================================
[2026-04-01T08:13:50.636+0000] {manager.py:878} INFO - 
================================================================================
DAG File Processing Stats

File Path                                             PID    Runtime      # DAGs    # Errors  Last Runtime    Last Run
----------------------------------------------------  -----  ---------  --------  ----------  --------------  -------------------
/opt/airflow/dags/dag-dbt-transformation-pipeline.py                           1           0  0.39s           2026-04-01T08:13:31
/opt/airflow/dags/dag-spark-airflow-s3-ingestion.py                            1           0  0.36s           2026-04-01T08:13:31
/opt/airflow/dags/snowflake_pipeline_dag.py                                    1           0  0.29s           2026-04-01T08:13:35
/opt/airflow/dags/redshift-airflow-ingestion-dag.py                            1           0  0.28s           2026-04-01T08:13:35
/opt/airflow/dags/postgres-airflow-ingestion-dag.py                            1           0  0.22s           2026-04-01T08:13:36
================================================================================
[2026-04-01T08:14:21.070+0000] {manager.py:878} INFO - 
================================================================================
DAG File Processing Stats

File Path                                             PID    Runtime      # DAGs    # Errors  Last Runtime    Last Run
----------------------------------------------------  -----  ---------  --------  ----------  --------------  -------------------
/opt/airflow/dags/snowflake_pipeline_dag.py                                    1           0  0.31s           2026-04-01T08:14:05
/opt/airflow/dags/redshift-airflow-ingestion-dag.py                            1           0  0.29s           2026-04-01T08:14:05
/opt/airflow/dags/dag-dbt-transformation-pipeline.py                           1           0  0.26s           2026-04-01T08:14:02
/opt/airflow/dags/dag-spark-airflow-s3-ingestion.py                            1           0  0.26s           2026-04-01T08:14:02
/opt/airflow/dags/postgres-airflow-ingestion-dag.py                            1           0  0.26s           2026-04-01T08:14:07
================================================================================
[2026-04-01T08:14:51.708+0000] {manager.py:878} INFO - 
================================================================================
DAG File Processing Stats

File Path                                             PID    Runtime      # DAGs    # Errors  Last Runtime    Last Run
----------------------------------------------------  -----  ---------  --------  ----------  --------------  -------------------
/opt/airflow/dags/dag-dbt-transformation-pipeline.py                           1           0  0.31s           2026-04-01T08:14:32
/opt/airflow/dags/snowflake_pipeline_dag.py                                    1           0  0.30s           2026-04-01T08:14:36
/opt/airflow/dags/redshift-airflow-ingestion-dag.py                            1           0  0.30s           2026-04-01T08:14:36
/opt/airflow/dags/dag-spark-airflow-s3-ingestion.py                            1           0  0.29s           2026-04-01T08:14:32
/opt/airflow/dags/postgres-airflow-ingestion-dag.py                            1           0  0.26s           2026-04-01T08:14:37
================================================================================
[2026-04-01T08:15:22.327+0000] {manager.py:878} INFO - 
================================================================================
DAG File Processing Stats

File Path                                             PID    Runtime      # DAGs    # Errors  Last Runtime    Last Run
----------------------------------------------------  -----  ---------  --------  ----------  --------------  -------------------
/opt/airflow/dags/dag-dbt-transformation-pipeline.py                           1           0  0.35s           2026-04-01T08:15:03
/opt/airflow/dags/dag-spark-airflow-s3-ingestion.py                            1           0  0.33s           2026-04-01T08:15:03
/opt/airflow/dags/snowflake_pipeline_dag.py                                    1           0  0.31s           2026-04-01T08:15:06
/opt/airflow/dags/redshift-airflow-ingestion-dag.py                            1           0  0.29s           2026-04-01T08:15:06
/opt/airflow/dags/postgres-airflow-ingestion-dag.py                            1           0  0.26s           2026-04-01T08:15:07
================================================================================
[2026-04-01T08:15:49.642+0000] {manager.py:737} INFO - Searching for files in /opt/airflow/dags
[2026-04-01T08:15:49.860+0000] {manager.py:740} INFO - There are 5 files in /opt/airflow/dags
[2026-04-01T08:15:53.004+0000] {manager.py:878} INFO - 
================================================================================
DAG File Processing Stats

File Path                                             PID    Runtime      # DAGs    # Errors  Last Runtime    Last Run
----------------------------------------------------  -----  ---------  --------  ----------  --------------  -------------------
/opt/airflow/dags/postgres-airflow-ingestion-dag.py                            1           0  0.58s           2026-04-01T08:15:38
/opt/airflow/dags/dag-dbt-transformation-pipeline.py                           1           0  0.32s           2026-04-01T08:15:33
/opt/airflow/dags/snowflake_pipeline_dag.py                                    1           0  0.31s           2026-04-01T08:15:37
/opt/airflow/dags/redshift-airflow-ingestion-dag.py                            1           0  0.31s           2026-04-01T08:15:37
/opt/airflow/dags/dag-spark-airflow-s3-ingestion.py                            1           0  0.27s           2026-04-01T08:15:33
================================================================================
[2026-04-01T08:16:23.236+0000] {manager.py:878} INFO - 
================================================================================
DAG File Processing Stats

File Path                                             PID    Runtime      # DAGs    # Errors  Last Runtime    Last Run
----------------------------------------------------  -----  ---------  --------  ----------  --------------  -------------------
/opt/airflow/dags/dag-dbt-transformation-pipeline.py                           1           0  0.29s           2026-04-01T08:16:04
/opt/airflow/dags/snowflake_pipeline_dag.py                                    1           0  0.29s           2026-04-01T08:16:07
/opt/airflow/dags/dag-spark-airflow-s3-ingestion.py                            1           0  0.28s           2026-04-01T08:16:04
/opt/airflow/dags/redshift-airflow-ingestion-dag.py                            1           0  0.28s           2026-04-01T08:16:07
/opt/airflow/dags/postgres-airflow-ingestion-dag.py                            1           0  0.25s           2026-04-01T08:16:09
================================================================================
[2026-04-01T08:16:53.728+0000] {manager.py:878} INFO - 
================================================================================
DAG File Processing Stats

File Path                                             PID    Runtime      # DAGs    # Errors  Last Runtime    Last Run
----------------------------------------------------  -----  ---------  --------  ----------  --------------  -------------------
/opt/airflow/dags/dag-dbt-transformation-pipeline.py                           1           0  0.34s           2026-04-01T08:16:35
/opt/airflow/dags/postgres-airflow-ingestion-dag.py                            1           0  0.29s           2026-04-01T08:16:39
/opt/airflow/dags/snowflake_pipeline_dag.py                                    1           0  0.29s           2026-04-01T08:16:38
/opt/airflow/dags/dag-spark-airflow-s3-ingestion.py                            1           0  0.29s           2026-04-01T08:16:35
/opt/airflow/dags/redshift-airflow-ingestion-dag.py                            1           0  0.26s           2026-04-01T08:16:38
================================================================================
[2026-04-01T08:17:24.140+0000] {manager.py:878} INFO - 
================================================================================
DAG File Processing Stats

File Path                                             PID    Runtime      # DAGs    # Errors  Last Runtime    Last Run
----------------------------------------------------  -----  ---------  --------  ----------  --------------  -------------------
/opt/airflow/dags/snowflake_pipeline_dag.py                                    1           0  0.35s           2026-04-01T08:17:08
/opt/airflow/dags/redshift-airflow-ingestion-dag.py                            1           0  0.34s           2026-04-01T08:17:08
/opt/airflow/dags/postgres-airflow-ingestion-dag.py                            1           0  0.30s           2026-04-01T08:17:10
/opt/airflow/dags/dag-dbt-transformation-pipeline.py                           1           0  0.29s           2026-04-01T08:17:06
/opt/airflow/dags/dag-spark-airflow-s3-ingestion.py                            1           0  0.27s           2026-04-01T08:17:06
================================================================================
[2026-04-01T08:17:54.626+0000] {manager.py:878} INFO - 
================================================================================
DAG File Processing Stats

File Path                                             PID    Runtime      # DAGs    # Errors  Last Runtime    Last Run
----------------------------------------------------  -----  ---------  --------  ----------  --------------  -------------------
/opt/airflow/dags/snowflake_pipeline_dag.py                                    1           0  0.40s           2026-04-01T08:17:39
/opt/airflow/dags/redshift-airflow-ingestion-dag.py                            1           0  0.36s           2026-04-01T08:17:39
/opt/airflow/dags/dag-dbt-transformation-pipeline.py                           1           0  0.30s           2026-04-01T08:17:37
/opt/airflow/dags/dag-spark-airflow-s3-ingestion.py                            1           0  0.28s           2026-04-01T08:17:37
/opt/airflow/dags/postgres-airflow-ingestion-dag.py                            1           0  0.23s           2026-04-01T08:17:40
================================================================================
[2026-04-01T08:18:25.328+0000] {manager.py:878} INFO - 
================================================================================
DAG File Processing Stats

File Path                                             PID    Runtime      # DAGs    # Errors  Last Runtime    Last Run
----------------------------------------------------  -----  ---------  --------  ----------  --------------  -------------------
/opt/airflow/dags/dag-dbt-transformation-pipeline.py                           1           0  0.49s           2026-04-01T08:18:08
/opt/airflow/dags/dag-spark-airflow-s3-ingestion.py                            1           0  0.45s           2026-04-01T08:18:08
/opt/airflow/dags/snowflake_pipeline_dag.py                                    1           0  0.30s           2026-04-01T08:18:09
/opt/airflow/dags/redshift-airflow-ingestion-dag.py                            1           0  0.28s           2026-04-01T08:18:09
/opt/airflow/dags/postgres-airflow-ingestion-dag.py                            1           0  0.28s           2026-04-01T08:18:10
================================================================================
[2026-04-01T08:18:55.759+0000] {manager.py:878} INFO - 
================================================================================
DAG File Processing Stats

File Path                                             PID    Runtime      # DAGs    # Errors  Last Runtime    Last Run
----------------------------------------------------  -----  ---------  --------  ----------  --------------  -------------------
/opt/airflow/dags/postgres-airflow-ingestion-dag.py                            1           0  0.30s           2026-04-01T08:18:41
/opt/airflow/dags/dag-dbt-transformation-pipeline.py                           1           0  0.29s           2026-04-01T08:18:39
/opt/airflow/dags/dag-spark-airflow-s3-ingestion.py                            1           0  0.28s           2026-04-01T08:18:39
/opt/airflow/dags/snowflake_pipeline_dag.py                                    1           0  0.24s           2026-04-01T08:18:40
/opt/airflow/dags/redshift-airflow-ingestion-dag.py                            1           0  0.24s           2026-04-01T08:18:40
================================================================================
[2026-04-01T08:19:26.196+0000] {manager.py:878} INFO - 
================================================================================
DAG File Processing Stats

File Path                                             PID    Runtime      # DAGs    # Errors  Last Runtime    Last Run
----------------------------------------------------  -----  ---------  --------  ----------  --------------  -------------------
/opt/airflow/dags/postgres-airflow-ingestion-dag.py                            1           0  0.32s           2026-04-01T08:19:12
/opt/airflow/dags/snowflake_pipeline_dag.py                                    1           0  0.29s           2026-04-01T08:19:10
/opt/airflow/dags/redshift-airflow-ingestion-dag.py                            1           0  0.28s           2026-04-01T08:19:10
/opt/airflow/dags/dag-dbt-transformation-pipeline.py                           1           0  0.25s           2026-04-01T08:19:09
/opt/airflow/dags/dag-spark-airflow-s3-ingestion.py                            1           0  0.24s           2026-04-01T08:19:09
================================================================================
[2026-04-01T08:19:56.468+0000] {manager.py:878} INFO - 
================================================================================
DAG File Processing Stats

File Path                                             PID    Runtime      # DAGs    # Errors  Last Runtime    Last Run
----------------------------------------------------  -----  ---------  --------  ----------  --------------  -------------------
/opt/airflow/dags/snowflake_pipeline_dag.py                                    1           0  0.28s           2026-04-01T08:19:40
/opt/airflow/dags/redshift-airflow-ingestion-dag.py                            1           0  0.27s           2026-04-01T08:19:41
/opt/airflow/dags/dag-dbt-transformation-pipeline.py                           1           0  0.26s           2026-04-01T08:19:39
/opt/airflow/dags/dag-spark-airflow-s3-ingestion.py                            1           0  0.26s           2026-04-01T08:19:39
/opt/airflow/dags/postgres-airflow-ingestion-dag.py                            1           0  0.24s           2026-04-01T08:19:43
================================================================================
[2026-04-01T08:20:26.921+0000] {manager.py:878} INFO - 
================================================================================
DAG File Processing Stats

File Path                                             PID    Runtime      # DAGs    # Errors  Last Runtime    Last Run
----------------------------------------------------  -----  ---------  --------  ----------  --------------  -------------------
/opt/airflow/dags/postgres-airflow-ingestion-dag.py                            1           0  0.45s           2026-04-01T08:20:14
/opt/airflow/dags/snowflake_pipeline_dag.py                                    1           0  0.33s           2026-04-01T08:20:11
/opt/airflow/dags/redshift-airflow-ingestion-dag.py                            1           0  0.32s           2026-04-01T08:20:11
/opt/airflow/dags/dag-dbt-transformation-pipeline.py                           1           0  0.27s           2026-04-01T08:20:10
/opt/airflow/dags/dag-spark-airflow-s3-ingestion.py                            1           0  0.24s           2026-04-01T08:20:10
================================================================================
[2026-04-01T08:20:49.848+0000] {manager.py:737} INFO - Searching for files in /opt/airflow/dags
[2026-04-01T08:20:50.032+0000] {manager.py:740} INFO - There are 5 files in /opt/airflow/dags
[2026-04-01T08:20:57.267+0000] {manager.py:878} INFO - 
================================================================================
DAG File Processing Stats

File Path                                             PID    Runtime      # DAGs    # Errors  Last Runtime    Last Run
----------------------------------------------------  -----  ---------  --------  ----------  --------------  -------------------
/opt/airflow/dags/snowflake_pipeline_dag.py                                    1           0  0.31s           2026-04-01T08:20:41
/opt/airflow/dags/redshift-airflow-ingestion-dag.py                            1           0  0.29s           2026-04-01T08:20:41
/opt/airflow/dags/dag-dbt-transformation-pipeline.py                           1           0  0.26s           2026-04-01T08:20:40
/opt/airflow/dags/dag-spark-airflow-s3-ingestion.py                            1           0  0.25s           2026-04-01T08:20:40
/opt/airflow/dags/postgres-airflow-ingestion-dag.py                            1           0  0.22s           2026-04-01T08:20:44
================================================================================
[2026-04-01T08:21:27.745+0000] {manager.py:878} INFO - 
================================================================================
DAG File Processing Stats

File Path                                             PID    Runtime      # DAGs    # Errors  Last Runtime    Last Run
----------------------------------------------------  -----  ---------  --------  ----------  --------------  -------------------
/opt/airflow/dags/postgres-airflow-ingestion-dag.py                            1           0  0.36s           2026-04-01T08:21:15
/opt/airflow/dags/snowflake_pipeline_dag.py                                    1           0  0.36s           2026-04-01T08:21:12
/opt/airflow/dags/redshift-airflow-ingestion-dag.py                            1           0  0.34s           2026-04-01T08:21:12
/opt/airflow/dags/dag-dbt-transformation-pipeline.py                           1           0  0.30s           2026-04-01T08:21:10
/opt/airflow/dags/dag-spark-airflow-s3-ingestion.py                            1           0  0.27s           2026-04-01T08:21:10
================================================================================
[2026-04-01T08:21:57.798+0000] {manager.py:878} INFO - 
================================================================================
DAG File Processing Stats

File Path                                             PID    Runtime      # DAGs    # Errors  Last Runtime    Last Run
----------------------------------------------------  -----  ---------  --------  ----------  --------------  -------------------
/opt/airflow/dags/snowflake_pipeline_dag.py                                    1           0  0.29s           2026-04-01T08:21:43
/opt/airflow/dags/postgres-airflow-ingestion-dag.py                            1           0  0.28s           2026-04-01T08:21:45
/opt/airflow/dags/dag-dbt-transformation-pipeline.py                           1           0  0.27s           2026-04-01T08:21:41
/opt/airflow/dags/dag-spark-airflow-s3-ingestion.py                            1           0  0.26s           2026-04-01T08:21:41
/opt/airflow/dags/redshift-airflow-ingestion-dag.py                            1           0  0.24s           2026-04-01T08:21:43
================================================================================
[2026-04-01T08:22:28.250+0000] {manager.py:878} INFO - 
================================================================================
DAG File Processing Stats

File Path                                             PID    Runtime      # DAGs    # Errors  Last Runtime    Last Run
----------------------------------------------------  -----  ---------  --------  ----------  --------------  -------------------
/opt/airflow/dags/snowflake_pipeline_dag.py                                    1           0  0.31s           2026-04-01T08:22:13
/opt/airflow/dags/redshift-airflow-ingestion-dag.py                            1           0  0.29s           2026-04-01T08:22:13
/opt/airflow/dags/dag-dbt-transformation-pipeline.py                           1           0  0.26s           2026-04-01T08:22:11
/opt/airflow/dags/dag-spark-airflow-s3-ingestion.py                            1           0  0.25s           2026-04-01T08:22:11
/opt/airflow/dags/postgres-airflow-ingestion-dag.py                            1           0  0.24s           2026-04-01T08:22:16
================================================================================
[2026-04-01T08:22:58.417+0000] {manager.py:878} INFO - 
================================================================================
DAG File Processing Stats

File Path                                             PID    Runtime      # DAGs    # Errors  Last Runtime    Last Run
----------------------------------------------------  -----  ---------  --------  ----------  --------------  -------------------
/opt/airflow/dags/snowflake_pipeline_dag.py                                    1           0  0.35s           2026-04-01T08:22:45
/opt/airflow/dags/postgres-airflow-ingestion-dag.py                            1           0  0.34s           2026-04-01T08:22:47
/opt/airflow/dags/redshift-airflow-ingestion-dag.py                            1           0  0.34s           2026-04-01T08:22:45
/opt/airflow/dags/dag-dbt-transformation-pipeline.py                           1           0  0.29s           2026-04-01T08:22:42
/opt/airflow/dags/dag-spark-airflow-s3-ingestion.py                            1           0  0.25s           2026-04-01T08:22:42
================================================================================
[2026-04-01T08:23:28.980+0000] {manager.py:878} INFO - 
================================================================================
DAG File Processing Stats

File Path                                             PID    Runtime      # DAGs    # Errors  Last Runtime    Last Run
----------------------------------------------------  -----  ---------  --------  ----------  --------------  -------------------
/opt/airflow/dags/dag-dbt-transformation-pipeline.py                           1           0  0.38s           2026-04-01T08:23:13
/opt/airflow/dags/dag-spark-airflow-s3-ingestion.py                            1           0  0.36s           2026-04-01T08:23:13
/opt/airflow/dags/redshift-airflow-ingestion-dag.py                            1           0  0.27s           2026-04-01T08:23:15
/opt/airflow/dags/postgres-airflow-ingestion-dag.py                            1           0  0.26s           2026-04-01T08:23:17
/opt/airflow/dags/snowflake_pipeline_dag.py                                    1           0  0.26s           2026-04-01T08:23:15
================================================================================
[2026-04-01T08:23:59.426+0000] {manager.py:878} INFO - 
================================================================================
DAG File Processing Stats

File Path                                             PID    Runtime      # DAGs    # Errors  Last Runtime    Last Run
----------------------------------------------------  -----  ---------  --------  ----------  --------------  -------------------
/opt/airflow/dags/dag-dbt-transformation-pipeline.py                           1           0  0.28s           2026-04-01T08:23:43
/opt/airflow/dags/snowflake_pipeline_dag.py                                    1           0  0.27s           2026-04-01T08:23:45
/opt/airflow/dags/dag-spark-airflow-s3-ingestion.py                            1           0  0.26s           2026-04-01T08:23:43
/opt/airflow/dags/redshift-airflow-ingestion-dag.py                            1           0  0.25s           2026-04-01T08:23:46
/opt/airflow/dags/postgres-airflow-ingestion-dag.py                            1           0  0.24s           2026-04-01T08:23:48
================================================================================
[2026-04-01T08:24:29.910+0000] {manager.py:878} INFO - 
================================================================================
DAG File Processing Stats

File Path                                             PID    Runtime      # DAGs    # Errors  Last Runtime    Last Run
----------------------------------------------------  -----  ---------  --------  ----------  --------------  -------------------
/opt/airflow/dags/postgres-airflow-ingestion-dag.py                            1           0  0.50s           2026-04-01T08:24:18
/opt/airflow/dags/dag-dbt-transformation-pipeline.py                           1           0  0.37s           2026-04-01T08:24:14
/opt/airflow/dags/dag-spark-airflow-s3-ingestion.py                            1           0  0.36s           2026-04-01T08:24:14
/opt/airflow/dags/redshift-airflow-ingestion-dag.py                            1           0  0.33s           2026-04-01T08:24:16
/opt/airflow/dags/snowflake_pipeline_dag.py                                    1           0  0.26s           2026-04-01T08:24:16
================================================================================
[2026-04-01T08:25:00.164+0000] {manager.py:878} INFO - 
================================================================================
DAG File Processing Stats

File Path                                             PID    Runtime      # DAGs    # Errors  Last Runtime    Last Run
----------------------------------------------------  -----  ---------  --------  ----------  --------------  -------------------
/opt/airflow/dags/dag-dbt-transformation-pipeline.py                           1           0  0.34s           2026-04-01T08:24:44
/opt/airflow/dags/snowflake_pipeline_dag.py                                    1           0  0.30s           2026-04-01T08:24:46
/opt/airflow/dags/dag-spark-airflow-s3-ingestion.py                            1           0  0.29s           2026-04-01T08:24:44
/opt/airflow/dags/redshift-airflow-ingestion-dag.py                            1           0  0.29s           2026-04-01T08:24:46
/opt/airflow/dags/postgres-airflow-ingestion-dag.py                            1           0  0.23s           2026-04-01T08:24:49
================================================================================
[2026-04-01T08:25:30.657+0000] {manager.py:878} INFO - 
================================================================================
DAG File Processing Stats

File Path                                             PID    Runtime      # DAGs    # Errors  Last Runtime    Last Run
----------------------------------------------------  -----  ---------  --------  ----------  --------------  -------------------
/opt/airflow/dags/snowflake_pipeline_dag.py                                    1           0  0.34s           2026-04-01T08:25:17
/opt/airflow/dags/postgres-airflow-ingestion-dag.py                            1           0  0.32s           2026-04-01T08:25:19
/opt/airflow/dags/redshift-airflow-ingestion-dag.py                            1           0  0.30s           2026-04-01T08:25:17
/opt/airflow/dags/dag-dbt-transformation-pipeline.py                           1           0  0.28s           2026-04-01T08:25:14
/opt/airflow/dags/dag-spark-airflow-s3-ingestion.py                            1           0  0.28s           2026-04-01T08:25:14
================================================================================
[2026-04-01T08:25:50.439+0000] {manager.py:737} INFO - Searching for files in /opt/airflow/dags
[2026-04-01T08:25:50.673+0000] {manager.py:740} INFO - There are 5 files in /opt/airflow/dags
[2026-04-01T08:26:01.062+0000] {manager.py:878} INFO - 
================================================================================
DAG File Processing Stats

File Path                                             PID    Runtime      # DAGs    # Errors  Last Runtime    Last Run
----------------------------------------------------  -----  ---------  --------  ----------  --------------  -------------------
/opt/airflow/dags/dag-dbt-transformation-pipeline.py                           1           0  0.28s           2026-04-01T08:25:45
/opt/airflow/dags/postgres-airflow-ingestion-dag.py                            1           0  0.28s           2026-04-01T08:25:51
/opt/airflow/dags/snowflake_pipeline_dag.py                                    1           0  0.26s           2026-04-01T08:25:47
/opt/airflow/dags/redshift-airflow-ingestion-dag.py                            1           0  0.26s           2026-04-01T08:25:47
/opt/airflow/dags/dag-spark-airflow-s3-ingestion.py                            1           0  0.24s           2026-04-01T08:25:45
================================================================================
[2026-04-01T08:26:31.232+0000] {manager.py:878} INFO - 
================================================================================
DAG File Processing Stats

File Path                                             PID    Runtime      # DAGs    # Errors  Last Runtime    Last Run
----------------------------------------------------  -----  ---------  --------  ----------  --------------  -------------------
/opt/airflow/dags/snowflake_pipeline_dag.py                                    1           0  0.34s           2026-04-01T08:26:18
/opt/airflow/dags/redshift-airflow-ingestion-dag.py                            1           0  0.33s           2026-04-01T08:26:18
/opt/airflow/dags/dag-dbt-transformation-pipeline.py                           1           0  0.31s           2026-04-01T08:26:15
/opt/airflow/dags/dag-spark-airflow-s3-ingestion.py                            1           0  0.30s           2026-04-01T08:26:15
/opt/airflow/dags/postgres-airflow-ingestion-dag.py                            1           0  0.25s           2026-04-01T08:26:21
================================================================================
[2026-04-01T08:27:01.961+0000] {manager.py:878} INFO - 
================================================================================
DAG File Processing Stats

File Path                                             PID    Runtime      # DAGs    # Errors  Last Runtime    Last Run
----------------------------------------------------  -----  ---------  --------  ----------  --------------  -------------------
/opt/airflow/dags/dag-dbt-transformation-pipeline.py                           1           0  0.38s           2026-04-01T08:26:46
/opt/airflow/dags/snowflake_pipeline_dag.py                                    1           0  0.33s           2026-04-01T08:26:48
/opt/airflow/dags/postgres-airflow-ingestion-dag.py                            1           0  0.33s           2026-04-01T08:26:51
/opt/airflow/dags/dag-spark-airflow-s3-ingestion.py                            1           0  0.33s           2026-04-01T08:26:46
/opt/airflow/dags/redshift-airflow-ingestion-dag.py                            1           0  0.30s           2026-04-01T08:26:48
================================================================================
[2026-04-01T08:27:32.250+0000] {manager.py:878} INFO - 
================================================================================
DAG File Processing Stats

File Path                                             PID    Runtime      # DAGs    # Errors  Last Runtime    Last Run
----------------------------------------------------  -----  ---------  --------  ----------  --------------  -------------------
/opt/airflow/dags/snowflake_pipeline_dag.py                                    1           0  0.38s           2026-04-01T08:27:19
/opt/airflow/dags/redshift-airflow-ingestion-dag.py                            1           0  0.34s           2026-04-01T08:27:19
/opt/airflow/dags/dag-dbt-transformation-pipeline.py                           1           0  0.27s           2026-04-01T08:27:17
/opt/airflow/dags/postgres-airflow-ingestion-dag.py                            1           0  0.27s           2026-04-01T08:27:22
/opt/airflow/dags/dag-spark-airflow-s3-ingestion.py                            1           0  0.25s           2026-04-01T08:27:17
================================================================================
[2026-04-01T08:28:02.923+0000] {manager.py:878} INFO - 
================================================================================
DAG File Processing Stats

File Path                                             PID    Runtime      # DAGs    # Errors  Last Runtime    Last Run
----------------------------------------------------  -----  ---------  --------  ----------  --------------  -------------------
/opt/airflow/dags/redshift-airflow-ingestion-dag.py                            1           0  0.40s           2026-04-01T08:27:49
/opt/airflow/dags/snowflake_pipeline_dag.py                                    1           0  0.37s           2026-04-01T08:27:49
/opt/airflow/dags/dag-dbt-transformation-pipeline.py                           1           0  0.28s           2026-04-01T08:27:48
/opt/airflow/dags/postgres-airflow-ingestion-dag.py                            1           0  0.27s           2026-04-01T08:27:52
/opt/airflow/dags/dag-spark-airflow-s3-ingestion.py                            1           0  0.25s           2026-04-01T08:27:48
================================================================================
[2026-04-01T08:28:33.443+0000] {manager.py:878} INFO - 
================================================================================
DAG File Processing Stats

File Path                                             PID    Runtime      # DAGs    # Errors  Last Runtime    Last Run
----------------------------------------------------  -----  ---------  --------  ----------  --------------  -------------------
/opt/airflow/dags/snowflake_pipeline_dag.py                                    1           0  0.34s           2026-04-01T08:28:21
/opt/airflow/dags/redshift-airflow-ingestion-dag.py                            1           0  0.33s           2026-04-01T08:28:21
/opt/airflow/dags/dag-dbt-transformation-pipeline.py                           1           0  0.26s           2026-04-01T08:28:18
/opt/airflow/dags/postgres-airflow-ingestion-dag.py                            1           0  0.25s           2026-04-01T08:28:23
/opt/airflow/dags/dag-spark-airflow-s3-ingestion.py                            1           0  0.25s           2026-04-01T08:28:18
================================================================================
[2026-04-01T08:29:03.846+0000] {manager.py:878} INFO - 
================================================================================
DAG File Processing Stats

File Path                                             PID    Runtime      # DAGs    # Errors  Last Runtime    Last Run
----------------------------------------------------  -----  ---------  --------  ----------  --------------  -------------------
/opt/airflow/dags/postgres-airflow-ingestion-dag.py                            1           0  0.35s           2026-04-01T08:28:53
/opt/airflow/dags/snowflake_pipeline_dag.py                                    1           0  0.27s           2026-04-01T08:28:51
/opt/airflow/dags/redshift-airflow-ingestion-dag.py                            1           0  0.27s           2026-04-01T08:28:51
/opt/airflow/dags/dag-dbt-transformation-pipeline.py                           1           0  0.26s           2026-04-01T08:28:49
/opt/airflow/dags/dag-spark-airflow-s3-ingestion.py                            1           0  0.24s           2026-04-01T08:28:49
================================================================================
[2026-04-01T08:29:34.334+0000] {manager.py:878} INFO - 
================================================================================
DAG File Processing Stats

File Path                                             PID    Runtime      # DAGs    # Errors  Last Runtime    Last Run
----------------------------------------------------  -----  ---------  --------  ----------  --------------  -------------------
/opt/airflow/dags/postgres-airflow-ingestion-dag.py                            1           0  0.30s           2026-04-01T08:29:24
/opt/airflow/dags/snowflake_pipeline_dag.py                                    1           0  0.28s           2026-04-01T08:29:21
/opt/airflow/dags/dag-dbt-transformation-pipeline.py                           1           0  0.27s           2026-04-01T08:29:19
/opt/airflow/dags/redshift-airflow-ingestion-dag.py                            1           0  0.26s           2026-04-01T08:29:21
/opt/airflow/dags/dag-spark-airflow-s3-ingestion.py                            1           0  0.25s           2026-04-01T08:29:19
================================================================================
[2026-04-01T08:30:04.770+0000] {manager.py:878} INFO - 
================================================================================
DAG File Processing Stats

File Path                                             PID    Runtime      # DAGs    # Errors  Last Runtime    Last Run
----------------------------------------------------  -----  ---------  --------  ----------  --------------  -------------------
/opt/airflow/dags/snowflake_pipeline_dag.py                                    1           0  0.40s           2026-04-01T08:29:52
/opt/airflow/dags/redshift-airflow-ingestion-dag.py                            1           0  0.29s           2026-04-01T08:29:52
/opt/airflow/dags/dag-dbt-transformation-pipeline.py                           1           0  0.28s           2026-04-01T08:29:50
/opt/airflow/dags/dag-spark-airflow-s3-ingestion.py                            1           0  0.27s           2026-04-01T08:29:50
/opt/airflow/dags/postgres-airflow-ingestion-dag.py                            1           0  0.22s           2026-04-01T08:29:54
================================================================================
[2026-04-01T08:30:35.245+0000] {manager.py:878} INFO - 
================================================================================
DAG File Processing Stats

File Path                                             PID    Runtime      # DAGs    # Errors  Last Runtime    Last Run
----------------------------------------------------  -----  ---------  --------  ----------  --------------  -------------------
/opt/airflow/dags/snowflake_pipeline_dag.py                                    1           0  0.34s           2026-04-01T08:30:23
/opt/airflow/dags/redshift-airflow-ingestion-dag.py                            1           0  0.32s           2026-04-01T08:30:23
/opt/airflow/dags/dag-dbt-transformation-pipeline.py                           1           0  0.26s           2026-04-01T08:30:20
/opt/airflow/dags/postgres-airflow-ingestion-dag.py                            1           0  0.24s           2026-04-01T08:30:25
/opt/airflow/dags/dag-spark-airflow-s3-ingestion.py                            1           0  0.24s           2026-04-01T08:30:20
================================================================================
[2026-04-01T08:30:50.655+0000] {manager.py:737} INFO - Searching for files in /opt/airflow/dags
[2026-04-01T08:30:50.956+0000] {manager.py:740} INFO - There are 5 files in /opt/airflow/dags
[2026-04-01T08:31:05.707+0000] {manager.py:878} INFO - 
================================================================================
DAG File Processing Stats

File Path                                             PID    Runtime      # DAGs    # Errors  Last Runtime    Last Run
----------------------------------------------------  -----  ---------  --------  ----------  --------------  -------------------
/opt/airflow/dags/snowflake_pipeline_dag.py                                    1           0  0.29s           2026-04-01T08:30:54
/opt/airflow/dags/dag-dbt-transformation-pipeline.py                           1           0  0.28s           2026-04-01T08:30:51
/opt/airflow/dags/postgres-airflow-ingestion-dag.py                            1           0  0.27s           2026-04-01T08:30:55
/opt/airflow/dags/dag-spark-airflow-s3-ingestion.py                            1           0  0.26s           2026-04-01T08:30:51
/opt/airflow/dags/redshift-airflow-ingestion-dag.py                            1           0  0.26s           2026-04-01T08:30:54
================================================================================
[2026-04-01T08:31:36.134+0000] {manager.py:878} INFO - 
================================================================================
DAG File Processing Stats

File Path                                             PID    Runtime      # DAGs    # Errors  Last Runtime    Last Run
----------------------------------------------------  -----  ---------  --------  ----------  --------------  -------------------
/opt/airflow/dags/snowflake_pipeline_dag.py                                    1           0  0.28s           2026-04-01T08:31:24
/opt/airflow/dags/dag-dbt-transformation-pipeline.py                           1           0  0.27s           2026-04-01T08:31:21
/opt/airflow/dags/redshift-airflow-ingestion-dag.py                            1           0  0.27s           2026-04-01T08:31:24
/opt/airflow/dags/postgres-airflow-ingestion-dag.py                            1           0  0.26s           2026-04-01T08:31:26
/opt/airflow/dags/dag-spark-airflow-s3-ingestion.py                            1           0  0.25s           2026-04-01T08:31:21
================================================================================
[2026-04-01T08:32:06.563+0000] {manager.py:878} INFO - 
================================================================================
DAG File Processing Stats

File Path                                             PID    Runtime      # DAGs    # Errors  Last Runtime    Last Run
----------------------------------------------------  -----  ---------  --------  ----------  --------------  -------------------
/opt/airflow/dags/snowflake_pipeline_dag.py                                    1           0  0.30s           2026-04-01T08:31:55
/opt/airflow/dags/redshift-airflow-ingestion-dag.py                            1           0  0.29s           2026-04-01T08:31:55
/opt/airflow/dags/dag-dbt-transformation-pipeline.py                           1           0  0.28s           2026-04-01T08:31:52
/opt/airflow/dags/dag-spark-airflow-s3-ingestion.py                            1           0  0.24s           2026-04-01T08:31:52
/opt/airflow/dags/postgres-airflow-ingestion-dag.py                            1           0  0.23s           2026-04-01T08:31:56
================================================================================
[2026-04-01T08:32:37.145+0000] {manager.py:878} INFO - 
================================================================================
DAG File Processing Stats

File Path                                             PID    Runtime      # DAGs    # Errors  Last Runtime    Last Run
----------------------------------------------------  -----  ---------  --------  ----------  --------------  -------------------
/opt/airflow/dags/postgres-airflow-ingestion-dag.py                            1           0  0.31s           2026-04-01T08:32:26
/opt/airflow/dags/snowflake_pipeline_dag.py                                    1           0  0.30s           2026-04-01T08:32:25
/opt/airflow/dags/redshift-airflow-ingestion-dag.py                            1           0  0.28s           2026-04-01T08:32:25
/opt/airflow/dags/dag-dbt-transformation-pipeline.py                           1           0  0.27s           2026-04-01T08:32:22
/opt/airflow/dags/dag-spark-airflow-s3-ingestion.py                            1           0  0.24s           2026-04-01T08:32:22
================================================================================
[2026-04-01T08:33:07.528+0000] {manager.py:878} INFO - 
================================================================================
DAG File Processing Stats

File Path                                             PID    Runtime      # DAGs    # Errors  Last Runtime    Last Run
----------------------------------------------------  -----  ---------  --------  ----------  --------------  -------------------
/opt/airflow/dags/postgres-airflow-ingestion-dag.py                            1           0  0.31s           2026-04-01T08:32:57
/opt/airflow/dags/snowflake_pipeline_dag.py                                    1           0  0.27s           2026-04-01T08:32:56
/opt/airflow/dags/dag-dbt-transformation-pipeline.py                           1           0  0.27s           2026-04-01T08:32:52
/opt/airflow/dags/redshift-airflow-ingestion-dag.py                            1           0  0.26s           2026-04-01T08:32:56
/opt/airflow/dags/dag-spark-airflow-s3-ingestion.py                            1           0  0.24s           2026-04-01T08:32:52
================================================================================
[2026-04-01T08:33:38.250+0000] {manager.py:878} INFO - 
================================================================================
DAG File Processing Stats

File Path                                             PID    Runtime      # DAGs    # Errors  Last Runtime    Last Run
----------------------------------------------------  -----  ---------  --------  ----------  --------------  -------------------
/opt/airflow/dags/postgres-airflow-ingestion-dag.py                            1           0  0.32s           2026-04-01T08:33:27
/opt/airflow/dags/snowflake_pipeline_dag.py                                    1           0  0.30s           2026-04-01T08:33:26
/opt/airflow/dags/redshift-airflow-ingestion-dag.py                            1           0  0.29s           2026-04-01T08:33:26
/opt/airflow/dags/dag-dbt-transformation-pipeline.py                           1           0  0.27s           2026-04-01T08:33:23
/opt/airflow/dags/dag-spark-airflow-s3-ingestion.py                            1           0  0.26s           2026-04-01T08:33:23
================================================================================
[2026-04-01T08:34:08.878+0000] {manager.py:878} INFO - 
================================================================================
DAG File Processing Stats

File Path                                             PID    Runtime      # DAGs    # Errors  Last Runtime    Last Run
----------------------------------------------------  -----  ---------  --------  ----------  --------------  -------------------
/opt/airflow/dags/snowflake_pipeline_dag.py                                    1           0  0.31s           2026-04-01T08:33:57
/opt/airflow/dags/postgres-airflow-ingestion-dag.py                            1           0  0.29s           2026-04-01T08:33:58
/opt/airflow/dags/redshift-airflow-ingestion-dag.py                            1           0  0.29s           2026-04-01T08:33:57
/opt/airflow/dags/dag-dbt-transformation-pipeline.py                           1           0  0.26s           2026-04-01T08:33:54
/opt/airflow/dags/dag-spark-airflow-s3-ingestion.py                            1           0  0.25s           2026-04-01T08:33:54
================================================================================
[2026-04-01T08:34:39.230+0000] {manager.py:878} INFO - 
================================================================================
DAG File Processing Stats

File Path                                             PID    Runtime      # DAGs    # Errors  Last Runtime    Last Run
----------------------------------------------------  -----  ---------  --------  ----------  --------------  -------------------
/opt/airflow/dags/snowflake_pipeline_dag.py                                    1           0  0.30s           2026-04-01T08:34:27
/opt/airflow/dags/dag-dbt-transformation-pipeline.py                           1           0  0.28s           2026-04-01T08:34:24
/opt/airflow/dags/redshift-airflow-ingestion-dag.py                            1           0  0.28s           2026-04-01T08:34:27
/opt/airflow/dags/dag-spark-airflow-s3-ingestion.py                            1           0  0.26s           2026-04-01T08:34:24
/opt/airflow/dags/postgres-airflow-ingestion-dag.py                            1           0  0.24s           2026-04-01T08:34:29
================================================================================
[2026-04-01T08:35:09.541+0000] {manager.py:878} INFO - 
================================================================================
DAG File Processing Stats

File Path                                             PID    Runtime      # DAGs    # Errors  Last Runtime    Last Run
----------------------------------------------------  -----  ---------  --------  ----------  --------------  -------------------
/opt/airflow/dags/snowflake_pipeline_dag.py                                    1           0  0.28s           2026-04-01T08:34:58
/opt/airflow/dags/redshift-airflow-ingestion-dag.py                            1           0  0.27s           2026-04-01T08:34:58
/opt/airflow/dags/dag-dbt-transformation-pipeline.py                           1           0  0.26s           2026-04-01T08:34:54
/opt/airflow/dags/postgres-airflow-ingestion-dag.py                            1           0  0.26s           2026-04-01T08:34:59
/opt/airflow/dags/dag-spark-airflow-s3-ingestion.py                            1           0  0.25s           2026-04-01T08:34:54
================================================================================
[2026-04-01T08:35:40.001+0000] {manager.py:878} INFO - 
================================================================================
DAG File Processing Stats

File Path                                             PID    Runtime      # DAGs    # Errors  Last Runtime    Last Run
----------------------------------------------------  -----  ---------  --------  ----------  --------------  -------------------
/opt/airflow/dags/postgres-airflow-ingestion-dag.py                            1           0  0.28s           2026-04-01T08:35:29
/opt/airflow/dags/snowflake_pipeline_dag.py                                    1           0  0.27s           2026-04-01T08:35:28
/opt/airflow/dags/dag-dbt-transformation-pipeline.py                           1           0  0.27s           2026-04-01T08:35:25
/opt/airflow/dags/redshift-airflow-ingestion-dag.py                            1           0  0.25s           2026-04-01T08:35:28
/opt/airflow/dags/dag-spark-airflow-s3-ingestion.py                            1           0  0.23s           2026-04-01T08:35:25
================================================================================
[2026-04-01T08:35:51.161+0000] {manager.py:737} INFO - Searching for files in /opt/airflow/dags
[2026-04-01T08:35:51.345+0000] {manager.py:740} INFO - There are 5 files in /opt/airflow/dags
[2026-04-01T08:36:10.332+0000] {manager.py:878} INFO - 
================================================================================
DAG File Processing Stats

File Path                                             PID    Runtime      # DAGs    # Errors  Last Runtime    Last Run
----------------------------------------------------  -----  ---------  --------  ----------  --------------  -------------------
/opt/airflow/dags/snowflake_pipeline_dag.py                                    1           0  0.46s           2026-04-01T08:35:59
/opt/airflow/dags/redshift-airflow-ingestion-dag.py                            1           0  0.39s           2026-04-01T08:35:59
/opt/airflow/dags/postgres-airflow-ingestion-dag.py                            1           0  0.35s           2026-04-01T08:36:00
/opt/airflow/dags/dag-dbt-transformation-pipeline.py                           1           0  0.26s           2026-04-01T08:35:55
/opt/airflow/dags/dag-spark-airflow-s3-ingestion.py                            1           0  0.25s           2026-04-01T08:35:55
================================================================================
[2026-04-01T08:36:40.336+0000] {manager.py:878} INFO - 
================================================================================
DAG File Processing Stats

File Path                                             PID    Runtime      # DAGs    # Errors  Last Runtime    Last Run
----------------------------------------------------  -----  ---------  --------  ----------  --------------  -------------------
/opt/airflow/dags/dag-dbt-transformation-pipeline.py                           1           0  0.32s           2026-04-01T08:36:26
/opt/airflow/dags/snowflake_pipeline_dag.py                                    1           0  0.28s           2026-04-01T08:36:29
/opt/airflow/dags/dag-spark-airflow-s3-ingestion.py                            1           0  0.28s           2026-04-01T08:36:26
/opt/airflow/dags/redshift-airflow-ingestion-dag.py                            1           0  0.28s           2026-04-01T08:36:29
/opt/airflow/dags/postgres-airflow-ingestion-dag.py                            1           0  0.21s           2026-04-01T08:36:30
================================================================================
[2026-04-01T08:37:10.394+0000] {manager.py:878} INFO - 
================================================================================
DAG File Processing Stats

File Path                                             PID    Runtime      # DAGs    # Errors  Last Runtime    Last Run
----------------------------------------------------  -----  ---------  --------  ----------  --------------  -------------------
/opt/airflow/dags/dag-dbt-transformation-pipeline.py                           1           0  0.34s           2026-04-01T08:36:56
/opt/airflow/dags/dag-spark-airflow-s3-ingestion.py                            1           0  0.33s           2026-04-01T08:36:56
/opt/airflow/dags/snowflake_pipeline_dag.py                                    1           0  0.32s           2026-04-01T08:37:00
/opt/airflow/dags/redshift-airflow-ingestion-dag.py                            1           0  0.31s           2026-04-01T08:37:00
/opt/airflow/dags/postgres-airflow-ingestion-dag.py                            1           0  0.29s           2026-04-01T08:37:01
================================================================================
[2026-04-01T08:37:40.957+0000] {manager.py:878} INFO - 
================================================================================
DAG File Processing Stats

File Path                                             PID    Runtime      # DAGs    # Errors  Last Runtime    Last Run
----------------------------------------------------  -----  ---------  --------  ----------  --------------  -------------------
/opt/airflow/dags/dag-dbt-transformation-pipeline.py                           1           0  0.32s           2026-04-01T08:37:28
/opt/airflow/dags/dag-spark-airflow-s3-ingestion.py                            1           0  0.31s           2026-04-01T08:37:28
/opt/airflow/dags/snowflake_pipeline_dag.py                                    1           0  0.29s           2026-04-01T08:37:30
/opt/airflow/dags/postgres-airflow-ingestion-dag.py                            1           0  0.27s           2026-04-01T08:37:31
/opt/airflow/dags/redshift-airflow-ingestion-dag.py                            1           0  0.26s           2026-04-01T08:37:30
================================================================================
[2026-04-01T08:38:11.507+0000] {manager.py:878} INFO - 
================================================================================
DAG File Processing Stats

File Path                                             PID    Runtime      # DAGs    # Errors  Last Runtime    Last Run
----------------------------------------------------  -----  ---------  --------  ----------  --------------  -------------------
/opt/airflow/dags/snowflake_pipeline_dag.py                                    1           0  0.45s           2026-04-01T08:38:01
/opt/airflow/dags/redshift-airflow-ingestion-dag.py                            1           0  0.37s           2026-04-01T08:38:01
/opt/airflow/dags/dag-dbt-transformation-pipeline.py                           1           0  0.27s           2026-04-01T08:37:58
/opt/airflow/dags/dag-spark-airflow-s3-ingestion.py                            1           0  0.25s           2026-04-01T08:37:58
/opt/airflow/dags/postgres-airflow-ingestion-dag.py                            1           0  0.24s           2026-04-01T08:38:02
================================================================================
[2026-04-01T08:38:41.897+0000] {manager.py:878} INFO - 
================================================================================
DAG File Processing Stats

File Path                                             PID    Runtime      # DAGs    # Errors  Last Runtime    Last Run
----------------------------------------------------  -----  ---------  --------  ----------  --------------  -------------------
/opt/airflow/dags/postgres-airflow-ingestion-dag.py                            1           0  0.28s           2026-04-01T08:38:32
/opt/airflow/dags/snowflake_pipeline_dag.py                                    1           0  0.27s           2026-04-01T08:38:31
/opt/airflow/dags/redshift-airflow-ingestion-dag.py                            1           0  0.24s           2026-04-01T08:38:31
/opt/airflow/dags/dag-dbt-transformation-pipeline.py                           1           0  0.24s           2026-04-01T08:38:29
/opt/airflow/dags/dag-spark-airflow-s3-ingestion.py                            1           0  0.23s           2026-04-01T08:38:29
================================================================================
[2026-04-01T08:39:12.288+0000] {manager.py:878} INFO - 
================================================================================
DAG File Processing Stats

File Path                                             PID    Runtime      # DAGs    # Errors  Last Runtime    Last Run
----------------------------------------------------  -----  ---------  --------  ----------  --------------  -------------------
/opt/airflow/dags/snowflake_pipeline_dag.py                                    1           0  0.32s           2026-04-01T08:39:02
/opt/airflow/dags/dag-dbt-transformation-pipeline.py                           1           0  0.28s           2026-04-01T08:38:59
/opt/airflow/dags/redshift-airflow-ingestion-dag.py                            1           0  0.27s           2026-04-01T08:39:02
/opt/airflow/dags/dag-spark-airflow-s3-ingestion.py                            1           0  0.24s           2026-04-01T08:38:59
/opt/airflow/dags/postgres-airflow-ingestion-dag.py                            1           0  0.23s           2026-04-01T08:39:03
================================================================================
[2026-04-01T08:39:42.827+0000] {manager.py:878} INFO - 
================================================================================
DAG File Processing Stats

File Path                                             PID    Runtime      # DAGs    # Errors  Last Runtime    Last Run
----------------------------------------------------  -----  ---------  --------  ----------  --------------  -------------------
/opt/airflow/dags/snowflake_pipeline_dag.py                                    1           0  0.33s           2026-04-01T08:39:32
/opt/airflow/dags/redshift-airflow-ingestion-dag.py                            1           0  0.29s           2026-04-01T08:39:32
/opt/airflow/dags/postgres-airflow-ingestion-dag.py                            1           0  0.28s           2026-04-01T08:39:33
/opt/airflow/dags/dag-dbt-transformation-pipeline.py                           1           0  0.25s           2026-04-01T08:39:30
/opt/airflow/dags/dag-spark-airflow-s3-ingestion.py                            1           0  0.24s           2026-04-01T08:39:30
================================================================================
[2026-04-01T08:40:13.069+0000] {manager.py:878} INFO - 
================================================================================
DAG File Processing Stats

File Path                                             PID    Runtime      # DAGs    # Errors  Last Runtime    Last Run
----------------------------------------------------  -----  ---------  --------  ----------  --------------  -------------------
/opt/airflow/dags/snowflake_pipeline_dag.py                                    1           0  0.36s           2026-04-01T08:40:02
/opt/airflow/dags/redshift-airflow-ingestion-dag.py                            1           0  0.33s           2026-04-01T08:40:02
/opt/airflow/dags/dag-dbt-transformation-pipeline.py                           1           0  0.32s           2026-04-01T08:40:00
/opt/airflow/dags/dag-spark-airflow-s3-ingestion.py                            1           0  0.30s           2026-04-01T08:40:00
/opt/airflow/dags/postgres-airflow-ingestion-dag.py                            1           0  0.23s           2026-04-01T08:40:04
================================================================================
[2026-04-01T08:40:43.672+0000] {manager.py:878} INFO - 
================================================================================
DAG File Processing Stats

File Path                                             PID    Runtime      # DAGs    # Errors  Last Runtime    Last Run
----------------------------------------------------  -----  ---------  --------  ----------  --------------  -------------------
/opt/airflow/dags/snowflake_pipeline_dag.py                                    1           0  0.33s           2026-04-01T08:40:33
/opt/airflow/dags/redshift-airflow-ingestion-dag.py                            1           0  0.27s           2026-04-01T08:40:33
/opt/airflow/dags/dag-dbt-transformation-pipeline.py                           1           0  0.26s           2026-04-01T08:40:31
/opt/airflow/dags/dag-spark-airflow-s3-ingestion.py                            1           0  0.24s           2026-04-01T08:40:31
/opt/airflow/dags/postgres-airflow-ingestion-dag.py                            1           0  0.22s           2026-04-01T08:40:34
================================================================================
[2026-04-01T08:40:51.879+0000] {manager.py:737} INFO - Searching for files in /opt/airflow/dags
[2026-04-01T08:40:52.206+0000] {manager.py:740} INFO - There are 5 files in /opt/airflow/dags
[2026-04-01T08:41:14.278+0000] {manager.py:878} INFO - 
================================================================================
DAG File Processing Stats

File Path                                             PID    Runtime      # DAGs    # Errors  Last Runtime    Last Run
----------------------------------------------------  -----  ---------  --------  ----------  --------------  -------------------
/opt/airflow/dags/dag-dbt-transformation-pipeline.py                           1           0  0.38s           2026-04-01T08:41:01
/opt/airflow/dags/dag-spark-airflow-s3-ingestion.py                            1           0  0.37s           2026-04-01T08:41:01
/opt/airflow/dags/snowflake_pipeline_dag.py                                    1           0  0.29s           2026-04-01T08:41:03
/opt/airflow/dags/redshift-airflow-ingestion-dag.py                            1           0  0.25s           2026-04-01T08:41:04
/opt/airflow/dags/postgres-airflow-ingestion-dag.py                            1           0  0.23s           2026-04-01T08:41:05
================================================================================
[2026-04-01T08:41:44.892+0000] {manager.py:878} INFO - 
================================================================================
DAG File Processing Stats

File Path                                             PID    Runtime      # DAGs    # Errors  Last Runtime    Last Run
----------------------------------------------------  -----  ---------  --------  ----------  --------------  -------------------
/opt/airflow/dags/snowflake_pipeline_dag.py                                    1           0  0.30s           2026-04-01T08:41:34
/opt/airflow/dags/dag-dbt-transformation-pipeline.py                           1           0  0.28s           2026-04-01T08:41:32
/opt/airflow/dags/redshift-airflow-ingestion-dag.py                            1           0  0.27s           2026-04-01T08:41:34
/opt/airflow/dags/postgres-airflow-ingestion-dag.py                            1           0  0.27s           2026-04-01T08:41:35
/opt/airflow/dags/dag-spark-airflow-s3-ingestion.py                            1           0  0.25s           2026-04-01T08:41:32
================================================================================
[2026-04-01T08:42:14.962+0000] {manager.py:878} INFO - 
================================================================================
DAG File Processing Stats

File Path                                             PID    Runtime      # DAGs    # Errors  Last Runtime    Last Run
----------------------------------------------------  -----  ---------  --------  ----------  --------------  -------------------
/opt/airflow/dags/snowflake_pipeline_dag.py                                    1           0  0.29s           2026-04-01T08:42:05
/opt/airflow/dags/redshift-airflow-ingestion-dag.py                            1           0  0.28s           2026-04-01T08:42:05
/opt/airflow/dags/dag-dbt-transformation-pipeline.py                           1           0  0.27s           2026-04-01T08:42:02
/opt/airflow/dags/postgres-airflow-ingestion-dag.py                            1           0  0.26s           2026-04-01T08:42:06
/opt/airflow/dags/dag-spark-airflow-s3-ingestion.py                            1           0  0.24s           2026-04-01T08:42:02
================================================================================
[2026-04-01T08:42:45.570+0000] {manager.py:878} INFO - 
================================================================================
DAG File Processing Stats

File Path                                             PID    Runtime      # DAGs    # Errors  Last Runtime    Last Run
----------------------------------------------------  -----  ---------  --------  ----------  --------------  -------------------
/opt/airflow/dags/snowflake_pipeline_dag.py                                    1           0  0.30s           2026-04-01T08:42:35
/opt/airflow/dags/redshift-airflow-ingestion-dag.py                            1           0  0.28s           2026-04-01T08:42:35
/opt/airflow/dags/dag-dbt-transformation-pipeline.py                           1           0  0.26s           2026-04-01T08:42:33
/opt/airflow/dags/dag-spark-airflow-s3-ingestion.py                            1           0  0.25s           2026-04-01T08:42:33
/opt/airflow/dags/postgres-airflow-ingestion-dag.py                            1           0  0.24s           2026-04-01T08:42:36
================================================================================
[2026-04-01T08:43:15.644+0000] {manager.py:878} INFO - 
================================================================================
DAG File Processing Stats

File Path                                             PID    Runtime      # DAGs    # Errors  Last Runtime    Last Run
----------------------------------------------------  -----  ---------  --------  ----------  --------------  -------------------
/opt/airflow/dags/postgres-airflow-ingestion-dag.py                            1           0  0.29s           2026-04-01T08:43:07
/opt/airflow/dags/snowflake_pipeline_dag.py                                    1           0  0.29s           2026-04-01T08:43:06
/opt/airflow/dags/redshift-airflow-ingestion-dag.py                            1           0  0.26s           2026-04-01T08:43:06
/opt/airflow/dags/dag-dbt-transformation-pipeline.py                           1           0  0.25s           2026-04-01T08:43:04
/opt/airflow/dags/dag-spark-airflow-s3-ingestion.py                            1           0  0.24s           2026-04-01T08:43:04
================================================================================
[2026-04-01T08:43:46.069+0000] {manager.py:878} INFO - 
================================================================================
DAG File Processing Stats

File Path                                             PID    Runtime      # DAGs    # Errors  Last Runtime    Last Run
----------------------------------------------------  -----  ---------  --------  ----------  --------------  -------------------
/opt/airflow/dags/dag-spark-airflow-s3-ingestion.py                            1           0  0.38s           2026-04-01T08:43:34
/opt/airflow/dags/dag-dbt-transformation-pipeline.py                           1           0  0.38s           2026-04-01T08:43:34
/opt/airflow/dags/snowflake_pipeline_dag.py                                    1           0  0.33s           2026-04-01T08:43:37
/opt/airflow/dags/redshift-airflow-ingestion-dag.py                            1           0  0.32s           2026-04-01T08:43:37
/opt/airflow/dags/postgres-airflow-ingestion-dag.py                            1           0  0.29s           2026-04-01T08:43:38
================================================================================
[2026-04-01T08:44:17.034+0000] {manager.py:878} INFO - 
================================================================================
DAG File Processing Stats

File Path                                             PID    Runtime      # DAGs    # Errors  Last Runtime    Last Run
----------------------------------------------------  -----  ---------  --------  ----------  --------------  -------------------
/opt/airflow/dags/redshift-airflow-ingestion-dag.py                            1           0  0.42s           2026-04-01T08:44:07
/opt/airflow/dags/postgres-airflow-ingestion-dag.py                            1           0  0.42s           2026-04-01T08:44:08
/opt/airflow/dags/snowflake_pipeline_dag.py                                    1           0  0.34s           2026-04-01T08:44:07
/opt/airflow/dags/dag-dbt-transformation-pipeline.py                           1           0  0.32s           2026-04-01T08:44:05
/opt/airflow/dags/dag-spark-airflow-s3-ingestion.py                            1           0  0.31s           2026-04-01T08:44:05
================================================================================
[2026-04-01T08:44:47.484+0000] {manager.py:878} INFO - 
================================================================================
DAG File Processing Stats

File Path                                             PID    Runtime      # DAGs    # Errors  Last Runtime    Last Run
----------------------------------------------------  -----  ---------  --------  ----------  --------------  -------------------
/opt/airflow/dags/dag-dbt-transformation-pipeline.py                           1           0  0.31s           2026-04-01T08:44:35
/opt/airflow/dags/dag-spark-airflow-s3-ingestion.py                            1           0  0.30s           2026-04-01T08:44:35
/opt/airflow/dags/snowflake_pipeline_dag.py                                    1           0  0.29s           2026-04-01T08:44:38
/opt/airflow/dags/postgres-airflow-ingestion-dag.py                            1           0  0.28s           2026-04-01T08:44:39
/opt/airflow/dags/redshift-airflow-ingestion-dag.py                            1           0  0.27s           2026-04-01T08:44:38
================================================================================
[2026-04-01T08:45:17.915+0000] {manager.py:878} INFO - 
================================================================================
DAG File Processing Stats

File Path                                             PID    Runtime      # DAGs    # Errors  Last Runtime    Last Run
----------------------------------------------------  -----  ---------  --------  ----------  --------------  -------------------
/opt/airflow/dags/dag-dbt-transformation-pipeline.py                           1           0  0.29s           2026-04-01T08:45:06
/opt/airflow/dags/snowflake_pipeline_dag.py                                    1           0  0.28s           2026-04-01T08:45:08
/opt/airflow/dags/dag-spark-airflow-s3-ingestion.py                            1           0  0.27s           2026-04-01T08:45:06
/opt/airflow/dags/redshift-airflow-ingestion-dag.py                            1           0  0.26s           2026-04-01T08:45:08
/opt/airflow/dags/postgres-airflow-ingestion-dag.py                            1           0  0.26s           2026-04-01T08:45:09
================================================================================
[2026-04-01T08:45:48.444+0000] {manager.py:878} INFO - 
================================================================================
DAG File Processing Stats

File Path                                             PID    Runtime      # DAGs    # Errors  Last Runtime    Last Run
----------------------------------------------------  -----  ---------  --------  ----------  --------------  -------------------
/opt/airflow/dags/snowflake_pipeline_dag.py                                    1           0  0.31s           2026-04-01T08:45:39
/opt/airflow/dags/dag-dbt-transformation-pipeline.py                           1           0  0.29s           2026-04-01T08:45:36
/opt/airflow/dags/redshift-airflow-ingestion-dag.py                            1           0  0.26s           2026-04-01T08:45:39
/opt/airflow/dags/postgres-airflow-ingestion-dag.py                            1           0  0.25s           2026-04-01T08:45:40
/opt/airflow/dags/dag-spark-airflow-s3-ingestion.py                            1           0  0.24s           2026-04-01T08:45:36
================================================================================
[2026-04-01T08:45:52.544+0000] {manager.py:737} INFO - Searching for files in /opt/airflow/dags
[2026-04-01T08:45:52.749+0000] {manager.py:740} INFO - There are 5 files in /opt/airflow/dags
[2026-04-01T08:46:18.913+0000] {manager.py:878} INFO - 
================================================================================
DAG File Processing Stats

File Path                                             PID    Runtime      # DAGs    # Errors  Last Runtime    Last Run
----------------------------------------------------  -----  ---------  --------  ----------  --------------  -------------------
/opt/airflow/dags/snowflake_pipeline_dag.py                                    1           0  0.38s           2026-04-01T08:46:09
/opt/airflow/dags/redshift-airflow-ingestion-dag.py                            1           0  0.37s           2026-04-01T08:46:09
/opt/airflow/dags/postgres-airflow-ingestion-dag.py                            1           0  0.25s           2026-04-01T08:46:10
/opt/airflow/dags/dag-dbt-transformation-pipeline.py                           1           0  0.25s           2026-04-01T08:46:07
/opt/airflow/dags/dag-spark-airflow-s3-ingestion.py                            1           0  0.23s           2026-04-01T08:46:07
================================================================================
[2026-04-01T08:46:49.851+0000] {manager.py:878} INFO - 
================================================================================
DAG File Processing Stats

File Path                                             PID    Runtime      # DAGs    # Errors  Last Runtime    Last Run
----------------------------------------------------  -----  ---------  --------  ----------  --------------  -------------------
/opt/airflow/dags/dag-dbt-transformation-pipeline.py                           1           0  0.43s           2026-04-01T08:46:38
/opt/airflow/dags/dag-spark-airflow-s3-ingestion.py                            1           0  0.39s           2026-04-01T08:46:38
/opt/airflow/dags/snowflake_pipeline_dag.py                                    1           0  0.36s           2026-04-01T08:46:40
/opt/airflow/dags/postgres-airflow-ingestion-dag.py                            1           0  0.36s           2026-04-01T08:46:41
/opt/airflow/dags/redshift-airflow-ingestion-dag.py                            1           0  0.36s           2026-04-01T08:46:40
================================================================================
[2026-04-01T08:47:20.599+0000] {manager.py:878} INFO - 
================================================================================
DAG File Processing Stats

File Path                                             PID    Runtime      # DAGs    # Errors  Last Runtime    Last Run
----------------------------------------------------  -----  ---------  --------  ----------  --------------  -------------------
/opt/airflow/dags/postgres-airflow-ingestion-dag.py                            1           0  0.55s           2026-04-01T08:47:12
/opt/airflow/dags/snowflake_pipeline_dag.py                                    1           0  0.43s           2026-04-01T08:47:11
/opt/airflow/dags/redshift-airflow-ingestion-dag.py                            1           0  0.42s           2026-04-01T08:47:11
/opt/airflow/dags/dag-dbt-transformation-pipeline.py                           1           0  0.39s           2026-04-01T08:47:08
/opt/airflow/dags/dag-spark-airflow-s3-ingestion.py                            1           0  0.37s           2026-04-01T08:47:08
================================================================================
[2026-04-01T08:47:51.055+0000] {manager.py:878} INFO - 
================================================================================
DAG File Processing Stats

File Path                                             PID    Runtime      # DAGs    # Errors  Last Runtime    Last Run
----------------------------------------------------  -----  ---------  --------  ----------  --------------  -------------------
/opt/airflow/dags/postgres-airflow-ingestion-dag.py                            1           0  0.37s           2026-04-01T08:47:43
/opt/airflow/dags/redshift-airflow-ingestion-dag.py                            1           0  0.34s           2026-04-01T08:47:41
/opt/airflow/dags/dag-dbt-transformation-pipeline.py                           1           0  0.32s           2026-04-01T08:47:39
/opt/airflow/dags/dag-spark-airflow-s3-ingestion.py                            1           0  0.30s           2026-04-01T08:47:39
/opt/airflow/dags/snowflake_pipeline_dag.py                                    1           0  0.28s           2026-04-01T08:47:41
================================================================================
[2026-04-01T08:48:21.658+0000] {manager.py:878} INFO - 
================================================================================
DAG File Processing Stats

File Path                                             PID    Runtime      # DAGs    # Errors  Last Runtime    Last Run
----------------------------------------------------  -----  ---------  --------  ----------  --------------  -------------------
/opt/airflow/dags/postgres-airflow-ingestion-dag.py                            1           0  0.37s           2026-04-01T08:48:13
/opt/airflow/dags/snowflake_pipeline_dag.py                                    1           0  0.34s           2026-04-01T08:48:12
/opt/airflow/dags/redshift-airflow-ingestion-dag.py                            1           0  0.34s           2026-04-01T08:48:12
/opt/airflow/dags/dag-dbt-transformation-pipeline.py                           1           0  0.27s           2026-04-01T08:48:10
/opt/airflow/dags/dag-spark-airflow-s3-ingestion.py                            1           0  0.25s           2026-04-01T08:48:10
================================================================================
[2026-04-01T08:48:52.097+0000] {manager.py:878} INFO - 
================================================================================
DAG File Processing Stats

File Path                                             PID    Runtime      # DAGs    # Errors  Last Runtime    Last Run
----------------------------------------------------  -----  ---------  --------  ----------  --------------  -------------------
/opt/airflow/dags/snowflake_pipeline_dag.py                                    1           0  0.34s           2026-04-01T08:48:42
/opt/airflow/dags/redshift-airflow-ingestion-dag.py                            1           0  0.34s           2026-04-01T08:48:42
/opt/airflow/dags/postgres-airflow-ingestion-dag.py                            1           0  0.33s           2026-04-01T08:48:44
/opt/airflow/dags/dag-dbt-transformation-pipeline.py                           1           0  0.25s           2026-04-01T08:48:40
/opt/airflow/dags/dag-spark-airflow-s3-ingestion.py                            1           0  0.25s           2026-04-01T08:48:40
================================================================================
[2026-04-01T08:49:22.720+0000] {manager.py:878} INFO - 
================================================================================
DAG File Processing Stats

File Path                                             PID    Runtime      # DAGs    # Errors  Last Runtime    Last Run
----------------------------------------------------  -----  ---------  --------  ----------  --------------  -------------------
/opt/airflow/dags/dag-dbt-transformation-pipeline.py                           1           0  0.34s           2026-04-01T08:49:10
/opt/airflow/dags/dag-spark-airflow-s3-ingestion.py                            1           0  0.32s           2026-04-01T08:49:10
/opt/airflow/dags/snowflake_pipeline_dag.py                                    1           0  0.30s           2026-04-01T08:49:13
/opt/airflow/dags/redshift-airflow-ingestion-dag.py                            1           0  0.27s           2026-04-01T08:49:13
/opt/airflow/dags/postgres-airflow-ingestion-dag.py                            1           0  0.24s           2026-04-01T08:49:14
================================================================================
[2026-04-01T08:49:53.086+0000] {manager.py:878} INFO - 
================================================================================
DAG File Processing Stats

File Path                                             PID    Runtime      # DAGs    # Errors  Last Runtime    Last Run
----------------------------------------------------  -----  ---------  --------  ----------  --------------  -------------------
/opt/airflow/dags/redshift-airflow-ingestion-dag.py                            1           0  0.36s           2026-04-01T08:49:43
/opt/airflow/dags/snowflake_pipeline_dag.py                                    1           0  0.33s           2026-04-01T08:49:43
/opt/airflow/dags/postgres-airflow-ingestion-dag.py                            1           0  0.28s           2026-04-01T08:49:45
/opt/airflow/dags/dag-dbt-transformation-pipeline.py                           1           0  0.26s           2026-04-01T08:49:41
/opt/airflow/dags/dag-spark-airflow-s3-ingestion.py                            1           0  0.24s           2026-04-01T08:49:41
================================================================================
[2026-04-01T08:50:23.666+0000] {manager.py:878} INFO - 
================================================================================
DAG File Processing Stats

File Path                                             PID    Runtime      # DAGs    # Errors  Last Runtime    Last Run
----------------------------------------------------  -----  ---------  --------  ----------  --------------  -------------------
/opt/airflow/dags/snowflake_pipeline_dag.py                                    1           0  0.31s           2026-04-01T08:50:14
/opt/airflow/dags/redshift-airflow-ingestion-dag.py                            1           0  0.31s           2026-04-01T08:50:14
/opt/airflow/dags/dag-dbt-transformation-pipeline.py                           1           0  0.29s           2026-04-01T08:50:12
/opt/airflow/dags/dag-spark-airflow-s3-ingestion.py                            1           0  0.28s           2026-04-01T08:50:12
/opt/airflow/dags/postgres-airflow-ingestion-dag.py                            1           0  0.23s           2026-04-01T08:50:15
================================================================================
[2026-04-01T08:50:52.954+0000] {manager.py:737} INFO - Searching for files in /opt/airflow/dags
[2026-04-01T08:50:53.192+0000] {manager.py:740} INFO - There are 5 files in /opt/airflow/dags
[2026-04-01T08:50:54.262+0000] {manager.py:878} INFO - 
================================================================================
DAG File Processing Stats

File Path                                             PID    Runtime      # DAGs    # Errors  Last Runtime    Last Run
----------------------------------------------------  -----  ---------  --------  ----------  --------------  -------------------
/opt/airflow/dags/snowflake_pipeline_dag.py                                    1           0  0.40s           2026-04-01T08:50:45
/opt/airflow/dags/redshift-airflow-ingestion-dag.py                            1           0  0.39s           2026-04-01T08:50:45
/opt/airflow/dags/postgres-airflow-ingestion-dag.py                            1           0  0.31s           2026-04-01T08:50:46
/opt/airflow/dags/dag-dbt-transformation-pipeline.py                           1           0  0.26s           2026-04-01T08:50:42
/opt/airflow/dags/dag-spark-airflow-s3-ingestion.py                            1           0  0.25s           2026-04-01T08:50:42
================================================================================
[2026-04-01T08:51:24.950+0000] {manager.py:878} INFO - 
================================================================================
DAG File Processing Stats

File Path                                             PID    Runtime      # DAGs    # Errors  Last Runtime    Last Run
----------------------------------------------------  -----  ---------  --------  ----------  --------------  -------------------
/opt/airflow/dags/postgres-airflow-ingestion-dag.py                            1           0  0.43s           2026-04-01T08:51:16
/opt/airflow/dags/snowflake_pipeline_dag.py                                    1           0  0.36s           2026-04-01T08:51:15
/opt/airflow/dags/redshift-airflow-ingestion-dag.py                            1           0  0.35s           2026-04-01T08:51:15
/opt/airflow/dags/dag-dbt-transformation-pipeline.py                           1           0  0.34s           2026-04-01T08:51:13
/opt/airflow/dags/dag-spark-airflow-s3-ingestion.py                            1           0  0.30s           2026-04-01T08:51:13
================================================================================
[2026-04-01T08:51:55.674+0000] {manager.py:878} INFO - 
================================================================================
DAG File Processing Stats

File Path                                             PID    Runtime      # DAGs    # Errors  Last Runtime    Last Run
----------------------------------------------------  -----  ---------  --------  ----------  --------------  -------------------
/opt/airflow/dags/snowflake_pipeline_dag.py                                    1           0  0.38s           2026-04-01T08:51:46
/opt/airflow/dags/dag-dbt-transformation-pipeline.py                           1           0  0.38s           2026-04-01T08:51:43
/opt/airflow/dags/redshift-airflow-ingestion-dag.py                            1           0  0.38s           2026-04-01T08:51:46
/opt/airflow/dags/dag-spark-airflow-s3-ingestion.py                            1           0  0.36s           2026-04-01T08:51:43
/opt/airflow/dags/postgres-airflow-ingestion-dag.py                            1           0  0.22s           2026-04-01T08:51:47
================================================================================
[2026-04-01T08:52:26.073+0000] {manager.py:878} INFO - 
================================================================================
DAG File Processing Stats

File Path                                             PID    Runtime      # DAGs    # Errors  Last Runtime    Last Run
----------------------------------------------------  -----  ---------  --------  ----------  --------------  -------------------
/opt/airflow/dags/dag-dbt-transformation-pipeline.py                           1           0  0.30s           2026-04-01T08:52:14
/opt/airflow/dags/snowflake_pipeline_dag.py                                    1           0  0.29s           2026-04-01T08:52:16
/opt/airflow/dags/dag-spark-airflow-s3-ingestion.py                            1           0  0.29s           2026-04-01T08:52:14
/opt/airflow/dags/postgres-airflow-ingestion-dag.py                            1           0  0.28s           2026-04-01T08:52:18
/opt/airflow/dags/redshift-airflow-ingestion-dag.py                            1           0  0.27s           2026-04-01T08:52:16
================================================================================
[2026-04-01T08:52:56.406+0000] {manager.py:878} INFO - 
================================================================================
DAG File Processing Stats

File Path                                             PID    Runtime      # DAGs    # Errors  Last Runtime    Last Run
----------------------------------------------------  -----  ---------  --------  ----------  --------------  -------------------
/opt/airflow/dags/snowflake_pipeline_dag.py                                    1           0  0.38s           2026-04-01T08:52:47
/opt/airflow/dags/dag-dbt-transformation-pipeline.py                           1           0  0.37s           2026-04-01T08:52:44
/opt/airflow/dags/dag-spark-airflow-s3-ingestion.py                            1           0  0.36s           2026-04-01T08:52:45
/opt/airflow/dags/redshift-airflow-ingestion-dag.py                            1           0  0.31s           2026-04-01T08:52:47
/opt/airflow/dags/postgres-airflow-ingestion-dag.py                            1           0  0.24s           2026-04-01T08:52:48
================================================================================
[2026-04-01T08:53:27.166+0000] {manager.py:878} INFO - 
================================================================================
DAG File Processing Stats

File Path                                             PID    Runtime      # DAGs    # Errors  Last Runtime    Last Run
----------------------------------------------------  -----  ---------  --------  ----------  --------------  -------------------
/opt/airflow/dags/postgres-airflow-ingestion-dag.py                            1           0  0.30s           2026-04-01T08:53:19
/opt/airflow/dags/snowflake_pipeline_dag.py                                    1           0  0.29s           2026-04-01T08:53:17
/opt/airflow/dags/dag-dbt-transformation-pipeline.py                           1           0  0.26s           2026-04-01T08:53:15
/opt/airflow/dags/dag-spark-airflow-s3-ingestion.py                            1           0  0.25s           2026-04-01T08:53:15
/opt/airflow/dags/redshift-airflow-ingestion-dag.py                            1           0  0.25s           2026-04-01T08:53:17
================================================================================
[2026-04-01T08:53:57.435+0000] {manager.py:878} INFO - 
================================================================================
DAG File Processing Stats

File Path                                             PID    Runtime      # DAGs    # Errors  Last Runtime    Last Run
----------------------------------------------------  -----  ---------  --------  ----------  --------------  -------------------
/opt/airflow/dags/snowflake_pipeline_dag.py                                    1           0  0.40s           2026-04-01T08:53:48
/opt/airflow/dags/redshift-airflow-ingestion-dag.py                            1           0  0.38s           2026-04-01T08:53:48
/opt/airflow/dags/postgres-airflow-ingestion-dag.py                            1           0  0.34s           2026-04-01T08:53:49
/opt/airflow/dags/dag-dbt-transformation-pipeline.py                           1           0  0.26s           2026-04-01T08:53:45
/opt/airflow/dags/dag-spark-airflow-s3-ingestion.py                            1           0  0.25s           2026-04-01T08:53:46
================================================================================
[2026-04-01T08:54:27.466+0000] {manager.py:878} INFO - 
================================================================================
DAG File Processing Stats

File Path                                             PID    Runtime      # DAGs    # Errors  Last Runtime    Last Run
----------------------------------------------------  -----  ---------  --------  ----------  --------------  -------------------
/opt/airflow/dags/postgres-airflow-ingestion-dag.py                            1           0  0.53s           2026-04-01T08:54:20
/opt/airflow/dags/snowflake_pipeline_dag.py                                    1           0  0.37s           2026-04-01T08:54:19
/opt/airflow/dags/redshift-airflow-ingestion-dag.py                            1           0  0.36s           2026-04-01T08:54:19
/opt/airflow/dags/dag-dbt-transformation-pipeline.py                           1           0  0.27s           2026-04-01T08:54:16
/opt/airflow/dags/dag-spark-airflow-s3-ingestion.py                            1           0  0.26s           2026-04-01T08:54:16
================================================================================
[2026-04-01T08:54:57.739+0000] {manager.py:878} INFO - 
================================================================================
DAG File Processing Stats

File Path                                             PID    Runtime      # DAGs    # Errors  Last Runtime    Last Run
----------------------------------------------------  -----  ---------  --------  ----------  --------------  -------------------
/opt/airflow/dags/snowflake_pipeline_dag.py                                    1           0  0.38s           2026-04-01T08:54:49
/opt/airflow/dags/redshift-airflow-ingestion-dag.py                            1           0  0.37s           2026-04-01T08:54:49
/opt/airflow/dags/postgres-airflow-ingestion-dag.py                            1           0  0.28s           2026-04-01T08:54:50
/opt/airflow/dags/dag-dbt-transformation-pipeline.py                           1           0  0.25s           2026-04-01T08:54:47
/opt/airflow/dags/dag-spark-airflow-s3-ingestion.py                            1           0  0.24s           2026-04-01T08:54:47
================================================================================
[2026-04-01T08:55:28.112+0000] {manager.py:878} INFO - 
================================================================================
DAG File Processing Stats

File Path                                             PID    Runtime      # DAGs    # Errors  Last Runtime    Last Run
----------------------------------------------------  -----  ---------  --------  ----------  --------------  -------------------
/opt/airflow/dags/dag-dbt-transformation-pipeline.py                           1           0  0.28s           2026-04-01T08:55:17
/opt/airflow/dags/snowflake_pipeline_dag.py                                    1           0  0.26s           2026-04-01T08:55:19
/opt/airflow/dags/dag-spark-airflow-s3-ingestion.py                            1           0  0.26s           2026-04-01T08:55:17
/opt/airflow/dags/postgres-airflow-ingestion-dag.py                            1           0  0.26s           2026-04-01T08:55:21
/opt/airflow/dags/redshift-airflow-ingestion-dag.py                            1           0  0.25s           2026-04-01T08:55:19
================================================================================
[2026-04-01T08:55:53.303+0000] {manager.py:737} INFO - Searching for files in /opt/airflow/dags
[2026-04-01T08:55:53.577+0000] {manager.py:740} INFO - There are 5 files in /opt/airflow/dags
[2026-04-01T08:55:58.744+0000] {manager.py:878} INFO - 
================================================================================
DAG File Processing Stats

File Path                                             PID    Runtime      # DAGs    # Errors  Last Runtime    Last Run
----------------------------------------------------  -----  ---------  --------  ----------  --------------  -------------------
/opt/airflow/dags/snowflake_pipeline_dag.py                                    1           0  0.36s           2026-04-01T08:55:50
/opt/airflow/dags/redshift-airflow-ingestion-dag.py                            1           0  0.34s           2026-04-01T08:55:50
/opt/airflow/dags/dag-dbt-transformation-pipeline.py                           1           0  0.26s           2026-04-01T08:55:48
/opt/airflow/dags/postgres-airflow-ingestion-dag.py                            1           0  0.25s           2026-04-01T08:55:51
/opt/airflow/dags/dag-spark-airflow-s3-ingestion.py                            1           0  0.24s           2026-04-01T08:55:48
================================================================================
[2026-04-01T08:56:29.211+0000] {manager.py:878} INFO - 
================================================================================
DAG File Processing Stats

File Path                                             PID    Runtime      # DAGs    # Errors  Last Runtime    Last Run
----------------------------------------------------  -----  ---------  --------  ----------  --------------  -------------------
/opt/airflow/dags/dag-dbt-transformation-pipeline.py                           1           0  0.29s           2026-04-01T08:56:18
/opt/airflow/dags/dag-spark-airflow-s3-ingestion.py                            1           0  0.29s           2026-04-01T08:56:18
/opt/airflow/dags/snowflake_pipeline_dag.py                                    1           0  0.28s           2026-04-01T08:56:20
/opt/airflow/dags/postgres-airflow-ingestion-dag.py                            1           0  0.26s           2026-04-01T08:56:22
/opt/airflow/dags/redshift-airflow-ingestion-dag.py                            1           0  0.26s           2026-04-01T08:56:20
================================================================================
[2026-04-01T08:56:59.623+0000] {manager.py:878} INFO - 
================================================================================
DAG File Processing Stats

File Path                                             PID    Runtime      # DAGs    # Errors  Last Runtime    Last Run
----------------------------------------------------  -----  ---------  --------  ----------  --------------  -------------------
/opt/airflow/dags/postgres-airflow-ingestion-dag.py                            1           0  0.27s           2026-04-01T08:56:52
/opt/airflow/dags/snowflake_pipeline_dag.py                                    1           0  0.27s           2026-04-01T08:56:51
/opt/airflow/dags/dag-dbt-transformation-pipeline.py                           1           0  0.26s           2026-04-01T08:56:49
/opt/airflow/dags/redshift-airflow-ingestion-dag.py                            1           0  0.25s           2026-04-01T08:56:51
/opt/airflow/dags/dag-spark-airflow-s3-ingestion.py                            1           0  0.24s           2026-04-01T08:56:49
================================================================================
[2026-04-01T08:57:30.054+0000] {manager.py:878} INFO - 
================================================================================
DAG File Processing Stats

File Path                                             PID    Runtime      # DAGs    # Errors  Last Runtime    Last Run
----------------------------------------------------  -----  ---------  --------  ----------  --------------  -------------------
/opt/airflow/dags/snowflake_pipeline_dag.py                                    1           0  0.32s           2026-04-01T08:57:21
/opt/airflow/dags/postgres-airflow-ingestion-dag.py                            1           0  0.27s           2026-04-01T08:57:22
/opt/airflow/dags/redshift-airflow-ingestion-dag.py                            1           0  0.27s           2026-04-01T08:57:21
/opt/airflow/dags/dag-dbt-transformation-pipeline.py                           1           0  0.25s           2026-04-01T08:57:19
/opt/airflow/dags/dag-spark-airflow-s3-ingestion.py                            1           0  0.23s           2026-04-01T08:57:19
================================================================================
[2026-04-01T08:58:00.571+0000] {manager.py:878} INFO - 
================================================================================
DAG File Processing Stats

File Path                                             PID    Runtime      # DAGs    # Errors  Last Runtime    Last Run
----------------------------------------------------  -----  ---------  --------  ----------  --------------  -------------------
/opt/airflow/dags/snowflake_pipeline_dag.py                                    1           0  0.37s           2026-04-01T08:57:52
/opt/airflow/dags/postgres-airflow-ingestion-dag.py                            1           0  0.29s           2026-04-01T08:57:53
/opt/airflow/dags/redshift-airflow-ingestion-dag.py                            1           0  0.28s           2026-04-01T08:57:52
/opt/airflow/dags/dag-dbt-transformation-pipeline.py                           1           0  0.25s           2026-04-01T08:57:49
/opt/airflow/dags/dag-spark-airflow-s3-ingestion.py                            1           0  0.23s           2026-04-01T08:57:49
================================================================================
[2026-04-01T08:58:30.770+0000] {manager.py:878} INFO - 
================================================================================
DAG File Processing Stats

File Path                                             PID    Runtime      # DAGs    # Errors  Last Runtime    Last Run
----------------------------------------------------  -----  ---------  --------  ----------  --------------  -------------------
/opt/airflow/dags/snowflake_pipeline_dag.py                                    1           0  0.35s           2026-04-01T08:58:22
/opt/airflow/dags/redshift-airflow-ingestion-dag.py                            1           0  0.33s           2026-04-01T08:58:22
/opt/airflow/dags/postgres-airflow-ingestion-dag.py                            1           0  0.27s           2026-04-01T08:58:23
/opt/airflow/dags/dag-dbt-transformation-pipeline.py                           1           0  0.27s           2026-04-01T08:58:20
/opt/airflow/dags/dag-spark-airflow-s3-ingestion.py                            1           0  0.25s           2026-04-01T08:58:20
================================================================================
[2026-04-01T08:59:01.424+0000] {manager.py:878} INFO - 
================================================================================
DAG File Processing Stats

File Path                                             PID    Runtime      # DAGs    # Errors  Last Runtime    Last Run
----------------------------------------------------  -----  ---------  --------  ----------  --------------  -------------------
/opt/airflow/dags/postgres-airflow-ingestion-dag.py                            1           0  0.39s           2026-04-01T08:58:54
/opt/airflow/dags/snowflake_pipeline_dag.py                                    1           0  0.33s           2026-04-01T08:58:53
/opt/airflow/dags/dag-dbt-transformation-pipeline.py                           1           0  0.30s           2026-04-01T08:58:50
/opt/airflow/dags/redshift-airflow-ingestion-dag.py                            1           0  0.29s           2026-04-01T08:58:53
/opt/airflow/dags/dag-spark-airflow-s3-ingestion.py                            1           0  0.29s           2026-04-01T08:58:50
================================================================================
[2026-04-01T08:59:31.929+0000] {manager.py:878} INFO - 
================================================================================
DAG File Processing Stats

File Path                                             PID    Runtime      # DAGs    # Errors  Last Runtime    Last Run
----------------------------------------------------  -----  ---------  --------  ----------  --------------  -------------------
/opt/airflow/dags/redshift-airflow-ingestion-dag.py                            1           0  0.31s           2026-04-01T08:59:23
/opt/airflow/dags/snowflake_pipeline_dag.py                                    1           0  0.29s           2026-04-01T08:59:23
/opt/airflow/dags/dag-dbt-transformation-pipeline.py                           1           0  0.28s           2026-04-01T08:59:21
/opt/airflow/dags/postgres-airflow-ingestion-dag.py                            1           0  0.26s           2026-04-01T08:59:24
/opt/airflow/dags/dag-spark-airflow-s3-ingestion.py                            1           0  0.26s           2026-04-01T08:59:21
================================================================================
[2026-04-01T09:00:02.145+0000] {manager.py:878} INFO - 
================================================================================
DAG File Processing Stats

File Path                                             PID    Runtime      # DAGs    # Errors  Last Runtime    Last Run
----------------------------------------------------  -----  ---------  --------  ----------  --------------  -------------------
/opt/airflow/dags/snowflake_pipeline_dag.py                                    1           0  0.29s           2026-04-01T08:59:54
/opt/airflow/dags/redshift-airflow-ingestion-dag.py                            1           0  0.28s           2026-04-01T08:59:54
/opt/airflow/dags/dag-dbt-transformation-pipeline.py                           1           0  0.28s           2026-04-01T08:59:51
/opt/airflow/dags/postgres-airflow-ingestion-dag.py                            1           0  0.25s           2026-04-01T08:59:55
/opt/airflow/dags/dag-spark-airflow-s3-ingestion.py                            1           0  0.25s           2026-04-01T08:59:51
================================================================================
[2026-04-01T09:00:32.727+0000] {manager.py:878} INFO - 
================================================================================
DAG File Processing Stats

File Path                                             PID    Runtime      # DAGs    # Errors  Last Runtime    Last Run
----------------------------------------------------  -----  ---------  --------  ----------  --------------  -------------------
/opt/airflow/dags/snowflake_pipeline_dag.py                                    1           0  0.30s           2026-04-01T09:00:25
/opt/airflow/dags/redshift-airflow-ingestion-dag.py                            1           0  0.29s           2026-04-01T09:00:25
/opt/airflow/dags/dag-dbt-transformation-pipeline.py                           1           0  0.27s           2026-04-01T09:00:22
/opt/airflow/dags/dag-spark-airflow-s3-ingestion.py                            1           0  0.26s           2026-04-01T09:00:22
/opt/airflow/dags/postgres-airflow-ingestion-dag.py                            1           0  0.24s           2026-04-01T09:00:26
================================================================================
[2026-04-01T09:00:53.308+0000] {manager.py:737} INFO - Searching for files in /opt/airflow/dags
[2026-04-01T09:00:53.487+0000] {manager.py:740} INFO - There are 5 files in /opt/airflow/dags
[2026-04-01T09:01:03.012+0000] {manager.py:878} INFO - 
================================================================================
DAG File Processing Stats

File Path                                             PID    Runtime      # DAGs    # Errors  Last Runtime    Last Run
----------------------------------------------------  -----  ---------  --------  ----------  --------------  -------------------
/opt/airflow/dags/snowflake_pipeline_dag.py                                    1           0  0.31s           2026-04-01T09:00:55
/opt/airflow/dags/redshift-airflow-ingestion-dag.py                            1           0  0.27s           2026-04-01T09:00:55
/opt/airflow/dags/dag-dbt-transformation-pipeline.py                           1           0  0.25s           2026-04-01T09:00:53
/opt/airflow/dags/dag-spark-airflow-s3-ingestion.py                            1           0  0.24s           2026-04-01T09:00:53
/opt/airflow/dags/postgres-airflow-ingestion-dag.py                            1           0  0.22s           2026-04-01T09:00:57
================================================================================
[2026-04-01T09:01:33.169+0000] {manager.py:878} INFO - 
================================================================================
DAG File Processing Stats

File Path                                             PID    Runtime      # DAGs    # Errors  Last Runtime    Last Run
----------------------------------------------------  -----  ---------  --------  ----------  --------------  -------------------
/opt/airflow/dags/dag-dbt-transformation-pipeline.py                           1           0  0.30s           2026-04-01T09:01:23
/opt/airflow/dags/snowflake_pipeline_dag.py                                    1           0  0.29s           2026-04-01T09:01:26
/opt/airflow/dags/postgres-airflow-ingestion-dag.py                            1           0  0.29s           2026-04-01T09:01:28
/opt/airflow/dags/dag-spark-airflow-s3-ingestion.py                            1           0  0.29s           2026-04-01T09:01:23
/opt/airflow/dags/redshift-airflow-ingestion-dag.py                            1           0  0.29s           2026-04-01T09:01:26
================================================================================
[2026-04-01T09:02:03.759+0000] {manager.py:878} INFO - 
================================================================================
DAG File Processing Stats

File Path                                             PID    Runtime      # DAGs    # Errors  Last Runtime    Last Run
----------------------------------------------------  -----  ---------  --------  ----------  --------------  -------------------
/opt/airflow/dags/dag-dbt-transformation-pipeline.py                           1           0  0.36s           2026-04-01T09:01:54
/opt/airflow/dags/dag-spark-airflow-s3-ingestion.py                            1           0  0.31s           2026-04-01T09:01:54
/opt/airflow/dags/snowflake_pipeline_dag.py                                    1           0  0.31s           2026-04-01T09:01:57
/opt/airflow/dags/redshift-airflow-ingestion-dag.py                            1           0  0.30s           2026-04-01T09:01:57
/opt/airflow/dags/postgres-airflow-ingestion-dag.py                            1           0  0.29s           2026-04-01T09:01:58
================================================================================
[2026-04-01T09:02:34.163+0000] {manager.py:878} INFO - 
================================================================================
DAG File Processing Stats

File Path                                             PID    Runtime      # DAGs    # Errors  Last Runtime    Last Run
----------------------------------------------------  -----  ---------  --------  ----------  --------------  -------------------
/opt/airflow/dags/postgres-airflow-ingestion-dag.py                            1           0  0.30s           2026-04-01T09:02:29
/opt/airflow/dags/snowflake_pipeline_dag.py                                    1           0  0.28s           2026-04-01T09:02:27
/opt/airflow/dags/redshift-airflow-ingestion-dag.py                            1           0  0.26s           2026-04-01T09:02:27
/opt/airflow/dags/dag-dbt-transformation-pipeline.py                           1           0  0.25s           2026-04-01T09:02:24
/opt/airflow/dags/dag-spark-airflow-s3-ingestion.py                            1           0  0.24s           2026-04-01T09:02:24
================================================================================
[2026-04-01T09:03:04.800+0000] {manager.py:878} INFO - 
================================================================================
DAG File Processing Stats

File Path                                             PID    Runtime      # DAGs    # Errors  Last Runtime    Last Run
----------------------------------------------------  -----  ---------  --------  ----------  --------------  -------------------
/opt/airflow/dags/snowflake_pipeline_dag.py                                    1           0  0.29s           2026-04-01T09:02:58
/opt/airflow/dags/redshift-airflow-ingestion-dag.py                            1           0  0.28s           2026-04-01T09:02:58
/opt/airflow/dags/postgres-airflow-ingestion-dag.py                            1           0  0.27s           2026-04-01T09:02:59
/opt/airflow/dags/dag-dbt-transformation-pipeline.py                           1           0  0.26s           2026-04-01T09:02:55
/opt/airflow/dags/dag-spark-airflow-s3-ingestion.py                            1           0  0.25s           2026-04-01T09:02:55
================================================================================
[2026-04-01T09:03:35.064+0000] {manager.py:878} INFO - 
================================================================================
DAG File Processing Stats

File Path                                             PID    Runtime      # DAGs    # Errors  Last Runtime    Last Run
----------------------------------------------------  -----  ---------  --------  ----------  --------------  -------------------
/opt/airflow/dags/snowflake_pipeline_dag.py                                    1           0  0.42s           2026-04-01T09:03:29
/opt/airflow/dags/redshift-airflow-ingestion-dag.py                            1           0  0.40s           2026-04-01T09:03:29
/opt/airflow/dags/dag-dbt-transformation-pipeline.py                           1           0  0.32s           2026-04-01T09:03:25
/opt/airflow/dags/dag-spark-airflow-s3-ingestion.py                            1           0  0.27s           2026-04-01T09:03:25
/opt/airflow/dags/postgres-airflow-ingestion-dag.py                            1           0  0.25s           2026-04-01T09:03:30
================================================================================
